collateral_id,loan_id,collateral_type,collateral_value,valuation_date
7000001,502632,Vehicle,10700.53,2026-07-25
7000002,504771,Vehicle,78246.12,2026-04-30
7000003,500008,Real Estate,420129.86,2024-10-09
7000004,503357,Vehicle,117526.99,2026-03-19
7000005,501604,Commercial Property,359066.65,2024-05-31
7000006,503229,Real Estate,53458.16,2024-04-10
7000007,501220,Vehicle,43794.19,2023-08-01
7000008,503746,Vehicle,7863.77,2023-06-08
7000009,502581,Other,36641.21,2024-09-07
7000010,501504,Real Estate,60325.96,2024-02-06
7000011,504944,Commercial Property,214521.87,2024-06-13
7000012,503799,Equipment,319379.9,2025-02-20
7000013,501102,Other,17508.27,2025-12-09
7000014,500930,Equipment,33719.97,2024-12-31
7000015,500207,Vehicle,13830.75,2025-10-19
7000016,504307,Other,34623.94,2023-02-22
7000017,502590,Real Estate,470010.31,2025-12-16
7000018,502631,Real Estate,32394.78,2025-02-18
7000019,502333,Vehicle,6086.32,2023-05-07
7000020,502261,Real Estate,54957.44,2026-04-04
7000021,501113,Real Estate,405040.81,2023-03-21
7000022,504336,Real Estate,41534.51,2024-10-24
7000023,500230,Real Estate,719874.5,2024-12-27
7000024,502341,Vehicle,549856.2,2023-04-10
7000025,500322,Real Estate,313702.71,2023-03-21
7000026,500206,Real Estate,934800.56,2023-06-10
7000027,502298,Real Estate,556696.42,2024-01-02
7000028,502343,Real Estate,63261.43,2025-12-18
7000029,504475,Commercial Property,259523.05,2026-01-30
7000030,503538,Equipment,246719.36,2025-09-18
7000031,502234,Real Estate,17082.21,2023-11-02
7000032,504290,Other,157487.2,2023-01-18
7000033,503793,Commercial Property,196957.68,2023-12-12
7000034,502841,Vehicle,24176.13,2026-01-28
7000035,500103,Vehicle,10294.62,2023-03-13
7000036,500759,Vehicle,12320.34,2023-01-28
7000037,502854,Real Estate,5023.75,2023-07-16
7000038,503768,Vehicle,92103.33,2025-10-07
7000039,501109,Equipment,11094.04,2026-06-22
7000040,501872,Real Estate,189413.67,2023-06-11
7000041,500352,Commercial Property,415707.98,2025-06-05
7000042,504347,Real Estate,218070.32,2025-06-22
7000043,502901,Real Estate,103009.48,2024-06-14
7000044,502355,Real Estate,115350.3,2025-05-08
7000045,502527,Commercial Property,46799.36,2024-07-25
7000046,502668,Real Estate,380729.03,2023-06-06
7000047,501135,Real Estate,627620.49,2026-05-31
7000048,502396,Commercial Property,41470.13,2024-11-14
7000049,501458,Equipment,378392.53,2023-09-16
7000050,503552,Vehicle,24945.46,2023-11-02
7000051,503048,Vehicle,508171.2,2025-01-30
7000052,502400,Real Estate,196396.01,2026-07-07
7000053,501743,Real Estate,245300.05,2025-02-03
7000054,503609,Vehicle,126504.45,2024-01-10
7000055,503325,Equipment,38333.33,2024-09-02
7000056,500920,Vehicle,31415.89,2025-05-24
7000057,502759,Real Estate,44886.23,2025-12-25
7000058,500366,Real Estate,397372.59,2024-12-14
7000059,502156,Commercial Property,10767.59,2023-06-25
7000060,502835,Vehicle,210981.16,2025-02-25
7000061,500435,Real Estate,36085.2,2026-07-19
7000062,500303,Real Estate,22966.36,2024-05-21
7000063,504737,Vehicle,56823.92,2024-12-18
7000064,501723,Other,33374.23,2024-03-15
7000065,504116,Equipment,229842.91,2023-12-05
7000066,504310,Vehicle,12768.07,2025-12-12
7000067,504113,Real Estate,23174.33,2023-09-14
7000068,504150,Real Estate,30176.45,2023-07-03
7000069,502356,Commercial Property,9335.32,2025-06-30
7000070,500588,Vehicle,327756.27,2023-04-15
7000071,503055,Real Estate,47119.67,2023-06-16
7000072,504023,Real Estate,537090.73,2026-01-29
7000073,500796,Commercial Property,26952.0,2023-11-09
7000074,504244,Vehicle,41854.71,2025-10-05
7000075,501548,Equipment,310186.59,2026-02-23
7000076,504972,Real Estate,65780.98,2023-10-19
7000077,503646,Vehicle,48956.43,2023-05-16
7000078,503705,Commercial Property,71884.71,2023-06-10
7000079,504663,Real Estate,5597.56,2024-02-24
7000080,502852,Vehicle,19571.12,2023-11-28
7000081,501043,Real Estate,467155.32,2026-03-04
7000082,504110,Vehicle,36683.68,2025-12-17
7000083,503399,Commercial Property,53503.21,2026-08-10
7000084,502573,Vehicle,6333.84,2026-06-18
7000085,504312,Equipment,14587.1,2026-01-10
7000086,504031,Real Estate,249271.62,2023-06-18
7000087,502381,Real Estate,322888.92,2024-05-03
7000088,501183,Real Estate,40043.76,2024-06-11
7000089,502542,Other,34002.71,2023-11-22
7000090,501816,Other,65692.54,2026-04-24
7000091,500092,Equipment,10173.0,2024-06-07
7000092,501785,Real Estate,47629.41,2023-04-14
7000093,504313,Equipment,128514.57,2026-01-04
7000094,501333,Vehicle,1121.14,2024-07-22
7000095,502712,Vehicle,169343.44,2026-03-28
7000096,501076,Commercial Property,38901.27,2024-01-20
7000097,502260,Vehicle,48099.55,2023-12-29
7000098,503560,Commercial Property,175568.33,2025-11-05
7000099,504779,Real Estate,15276.59,2024-03-09
7000100,500339,Vehicle,362893.15,2024-09-17
7000101,502091,Real Estate,10145.73,2024-12-19
7000102,503582,Vehicle,24260.94,2024-04-10
7000103,503175,Vehicle,23242.42,2023-12-01
7000104,501314,Real Estate,85371.52,2023-10-30
7000105,501192,Equipment,118609.18,2025-06-18
7000106,500704,Other,10522.88,2023-09-16
7000107,500131,Real Estate,11890.76,2024-05-05
7000108,502407,Vehicle,97308.48,2025-12-25
7000109,501789,Real Estate,659375.88,2025-04-07
7000110,504974,Real Estate,394882.91,2026-02-09
7000111,500912,Vehicle,12988.89,2023-02-21
7000112,501303,Vehicle,63144.38,2023-06-22
7000113,500836,Real Estate,9890.25,2025-02-21
7000114,502489,Equipment,97163.25,2025-01-13
7000115,501433,Real Estate,46800.42,2023-09-21
7000116,504213,Vehicle,47596.53,2024-11-11
7000117,503059,Real Estate,13140.89,2026-04-14
7000118,500947,Commercial Property,27736.55,2026-06-01
7000119,502799,Commercial Property,70273.85,2024-11-11
7000120,501306,Vehicle,5112.01,2024-05-21
7000121,503555,Vehicle,16311.02,2024-05-27
7000122,504057,Vehicle,29414.22,2026-05-19
7000123,501488,Vehicle,64812.07,2023-10-07
7000124,500845,Real Estate,36423.68,2023-04-24
7000125,501393,Real Estate,680651.16,2026-07-25
7000126,504372,Vehicle,142188.43,2023-06-13
7000127,501570,Real Estate,51730.16,2023-07-26
7000128,504905,Real Estate,21110.19,2024-03-19
7000129,500393,Real Estate,32487.58,2026-07-23
7000130,501415,Commercial Property,250120.33,2023-03-06
7000131,500098,Vehicle,36406.97,2026-06-14
7000132,504287,Real Estate,23825.69,2024-08-20
7000133,503294,Vehicle,190254.65,2025-05-06
7000134,501325,Real Estate,175684.25,2023-04-11
7000135,501867,Real Estate,202617.28,2026-01-30
7000136,500069,Equipment,485382.71,2024-06-08
7000137,504692,Real Estate,11588.62,2025-11-05
7000138,501413,Vehicle,21108.13,2025-06-15
7000139,500280,Other,294211.66,2023-12-12
7000140,501138,Real Estate,105736.77,2024-11-21
7000141,500746,Commercial Property,59568.6,2024-03-01
7000142,502271,Equipment,68993.98,2026-04-20
7000143,504914,Commercial Property,191518.87,2026-08-13
7000144,502917,Real Estate,177054.35,2025-02-19
7000145,501238,Other,89038.23,2026-08-19
7000146,502000,Vehicle,208398.64,2026-07-24
7000147,501730,Real Estate,16260.04,2024-01-27
7000148,504084,Vehicle,70132.53,2025-07-18
7000149,504457,Vehicle,13544.06,2024-09-03
7000150,504831,Vehicle,91985.28,2023-07-24
7000151,504704,Real Estate,6269.03,2024-08-13
7000152,503527,Vehicle,212266.91,2026-07-12
7000153,500942,Vehicle,227171.36,2023-09-25
7000154,502294,Equipment,27260.06,2024-04-05
7000155,501411,Vehicle,59771.42,2025-05-07
7000156,500837,Vehicle,53831.36,2025-05-09
7000157,501982,Real Estate,188987.69,2025-05-02
7000158,500105,Equipment,46879.28,2026-05-09
7000159,503161,Commercial Property,318196.24,2023-01-06
7000160,500901,Vehicle,190214.72,2025-12-15
7000161,502710,Vehicle,104535.52,2025-11-28
7000162,501746,Equipment,321442.66,2026-06-12
7000163,503902,Vehicle,557601.18,2023-12-09
7000164,501031,Real Estate,36358.2,2024-04-26
7000165,502291,Equipment,51761.31,2024-01-04
7000166,502105,Vehicle,127154.52,2023-01-31
7000167,502223,Real Estate,113650.83,2025-02-06
7000168,502790,Other,222623.7,2023-09-08
7000169,500385,Commercial Property,352262.69,2023-04-25
7000170,500350,Vehicle,66102.47,2025-10-13
7000171,503200,Commercial Property,520788.84,2025-03-31
7000172,500970,Real Estate,186732.73,2023-08-09
7000173,503858,Commercial Property,8822.19,2025-12-27
7000174,500227,Vehicle,452233.47,2024-08-12
7000175,501815,Equipment,150009.6,2026-04-08
7000176,500670,Vehicle,5621.48,2023-02-09
7000177,504728,Real Estate,243209.8,2024-11-28
7000178,504025,Real Estate,129476.63,2025-10-30
7000179,500685,Vehicle,81269.15,2025-03-16
7000180,501800,Vehicle,32205.02,2024-08-31
7000181,501559,Other,130509.08,2025-06-08
7000182,502299,Real Estate,6109.46,2026-06-11
7000183,502287,Equipment,31616.96,2026-03-18
7000184,504490,Equipment,167284.29,2024-04-16
7000185,500679,Vehicle,453953.84,2024-05-11
7000186,501426,Equipment,359472.53,2026-06-26
7000187,500009,Real Estate,45021.07,2025-06-11
7000188,502985,Real Estate,31675.9,2023-09-13
7000189,500439,Real Estate,23857.47,2023-06-20
7000190,504903,Equipment,7857.17,2024-05-23
7000191,500085,Real Estate,32920.5,2026-06-20
7000192,501813,Real Estate,279328.06,2025-01-01
7000193,502690,Real Estate,3937.77,2026-08-05
7000194,502128,Real Estate,40727.6,2024-09-16
7000195,502851,Equipment,100910.59,2023-03-26
7000196,500778,Equipment,15926.36,2025-06-08
7000197,500264,Vehicle,112642.84,2023-04-01
7000198,501024,Real Estate,5546.26,2026-08-14
7000199,503525,Vehicle,14300.69,2023-03-31
7000200,504571,Real Estate,63021.67,2024-01-31
7000201,502822,Real Estate,235660.0,2023-11-24
7000202,500616,Real Estate,67609.69,2026-07-22
7000203,501590,Equipment,14242.34,2023-07-17
7000204,504642,Equipment,287680.87,2024-02-01
7000205,501088,Equipment,558452.8,2026-04-11
7000206,501178,Real Estate,153991.77,2025-07-04
7000207,502888,Equipment,78529.5,2023-02-08
7000208,503289,Other,41887.43,2025-06-17
7000209,504260,Real Estate,23299.18,2026-08-05
7000210,501914,Real Estate,200179.88,2026-03-16
7000211,503598,Equipment,174565.24,2025-04-12
7000212,501758,Real Estate,19999.13,2024-01-30
7000213,501271,Real Estate,98559.01,2024-06-23
7000214,501551,Commercial Property,90642.71,2023-04-12
7000215,501009,Real Estate,34682.32,2024-08-13
7000216,503652,Real Estate,387164.68,2026-06-30
7000217,504348,Vehicle,6881.3,2025-02-15
7000218,500281,Vehicle,8472.67,2024-09-10
7000219,500379,Commercial Property,36685.82,2026-02-14
7000220,502181,Equipment,257936.78,2023-12-02
7000221,501928,Real Estate,21377.46,2024-10-13
7000222,503299,Equipment,16481.89,2025-01-21
7000223,504453,Real Estate,110150.68,2026-02-17
7000224,502139,Equipment,22655.17,2025-02-12
7000225,503210,Vehicle,22652.47,2024-12-02
7000226,503130,Equipment,42075.15,2026-06-13
7000227,502879,Commercial Property,18534.4,2023-11-25
7000228,501788,Vehicle,25058.02,2025-11-28
7000229,500096,Equipment,414955.53,2024-05-26
7000230,503542,Real Estate,145922.89,2023-10-09
7000231,504400,Equipment,92385.73,2025-12-09
7000232,502683,Real Estate,187516.37,2024-03-16
7000233,501332,Other,267872.88,2023-05-11
7000234,504631,Real Estate,64146.11,2023-10-10
7000235,502862,Equipment,275962.61,2023-03-19
7000236,502350,Real Estate,12690.42,2024-01-03
7000237,503283,Real Estate,16324.71,2026-02-06
7000238,504723,Other,6933.05,2023-02-04
7000239,501064,Equipment,62905.94,2026-01-19
7000240,504607,Real Estate,466449.56,2025-08-26
7000241,501919,Vehicle,54232.76,2023-07-08
7000242,501625,Other,31293.96,2023-12-01
7000243,504790,Real Estate,41587.31,2023-09-27
7000244,500513,Vehicle,209425.71,2023-01-18
7000245,502685,Real Estate,246288.25,2024-06-17
7000246,504118,Vehicle,8069.25,2024-04-17
7000247,504450,Real Estate,7656.24,2025-05-11
7000248,500951,Real Estate,276645.91,2026-02-22
7000249,500041,Vehicle,14769.81,2025-03-22
7000250,502015,Commercial Property,574400.06,2023-12-30
7000251,500963,Equipment,55303.85,2023-06-19
7000252,501301,Real Estate,26607.89,2023-02-24
7000253,502427,Real Estate,231506.6,2026-02-28
7000254,503160,Vehicle,250401.76,2024-01-28
7000255,501924,Real Estate,441613.19,2026-01-07
7000256,501565,Real Estate,23939.25,2025-03-02
7000257,503392,Real Estate,90728.0,2025-06-29
7000258,501541,Equipment,17678.62,2026-06-02
7000259,503133,Real Estate,455827.53,2023-10-15
7000260,500680,Vehicle,381424.67,2024-12-06
7000261,504366,Real Estate,268269.07,2025-07-14
7000262,503062,Equipment,237391.27,2024-08-18
7000263,500717,Vehicle,429494.31,2025-02-08
7000264,500343,Equipment,14889.49,2024-04-09
7000265,500813,Vehicle,20696.14,2026-04-29
7000266,502481,Other,150380.3,2023-10-28
7000267,503745,Vehicle,4198.75,2025-04-04
7000268,502382,Vehicle,37657.72,2023-01-26
7000269,500586,Commercial Property,17968.2,2023-02-17
7000270,501965,Vehicle,47343.28,2024-07-22
7000271,502736,Real Estate,662632.76,2023-04-28
7000272,504999,Vehicle,59064.51,2023-06-21
7000273,504865,Equipment,84680.97,2026-07-28
7000274,503251,Equipment,161385.18,2023-06-02
7000275,504125,Other,22107.51,2023-02-13
7000276,501151,Equipment,288055.51,2025-07-28
7000277,504379,Real Estate,136237.11,2026-06-07
7000278,501356,Equipment,7386.43,2026-01-18
7000279,503687,Vehicle,40470.52,2023-05-17
7000280,504186,Commercial Property,23737.17,2024-05-10
7000281,501267,Other,331953.22,2024-03-05
7000282,502644,Real Estate,426048.47,2025-07-11
7000283,503827,Commercial Property,8102.48,2025-02-05
7000284,504007,Commercial Property,110371.47,2024-05-13
7000285,501600,Vehicle,35185.62,2023-12-12
7000286,501482,Commercial Property,4767.1,2023-11-08
7000287,501674,Real Estate,9658.13,2024-12-09
7000288,502111,Equipment,7780.04,2024-08-12
7000289,501457,Real Estate,21056.8,2025-09-02
7000290,502629,Real Estate,37733.09,2026-07-11
7000291,500667,Real Estate,22786.68,2024-06-27
7000292,500277,Equipment,24009.89,2023-01-11
7000293,500991,Real Estate,318235.78,2023-07-20
7000294,501640,Equipment,110540.71,2026-06-15
7000295,501409,Equipment,1617.96,2025-08-12
7000296,501330,Real Estate,10372.8,2024-12-11
7000297,501270,Other,224563.2,2025-05-18
7000298,500905,Real Estate,14179.3,2023-10-26
7000299,501231,Real Estate,437991.69,2025-03-19
7000300,502804,Real Estate,396036.07,2023-02-22
7000301,504159,Vehicle,11561.51,2025-12-22
7000302,502676,Vehicle,9741.58,2025-03-10
7000303,504558,Vehicle,148386.79,2024-02-09
7000304,501564,Vehicle,18038.07,2025-11-04
7000305,502896,Real Estate,51494.2,2025-03-13
7000306,504531,Real Estate,164503.98,2023-09-03
7000307,500420,Real Estate,34100.58,2023-07-01
7000308,500414,Vehicle,12842.19,2026-04-03
7000309,504857,Real Estate,71917.04,2023-04-14
7000310,501535,Real Estate,33515.28,2025-04-12
7000311,500199,Real Estate,166384.65,2024-09-12
7000312,504246,Vehicle,29019.44,2023-07-14
7000313,502017,Vehicle,139385.03,2026-07-30
7000314,504695,Equipment,476795.56,2024-06-09
7000315,502101,Real Estate,473658.33,2025-07-13
7000316,501970,Equipment,559511.43,2024-02-08
7000317,500116,Other,207260.97,2025-09-27
7000318,504826,Real Estate,355327.87,2024-01-24
7000319,500416,Real Estate,4731.14,2025-04-03
7000320,504686,Real Estate,32792.1,2023-10-08
7000321,502687,Equipment,6287.63,2026-03-28
7000322,502895,Real Estate,939768.41,2023-01-22
7000323,501693,Vehicle,49471.49,2024-12-08
7000324,501771,Other,168594.82,2025-03-01
7000325,504672,Real Estate,15546.33,2023-12-04
7000326,504051,Equipment,706204.56,2023-01-04
7000327,501732,Equipment,32196.97,2023-02-10
7000328,501360,Vehicle,40855.37,2024-07-25
7000329,502748,Real Estate,128572.37,2025-12-05
7000330,504947,Vehicle,162235.28,2023-06-12
7000331,502192,Real Estate,37731.91,2024-02-17
7000332,502445,Real Estate,49039.4,2024-05-16
7000333,502335,Equipment,34284.04,2023-11-13
7000334,501078,Vehicle,77602.55,2023-05-22
7000335,501378,Real Estate,453426.76,2023-10-15
7000336,502449,Vehicle,20894.08,2024-04-07
7000337,500873,Vehicle,49343.63,2023-10-30
7000338,503484,Real Estate,22625.37,2024-07-15
7000339,500018,Equipment,31263.36,2024-12-20
7000340,501187,Equipment,8539.03,2025-04-14
7000341,504586,Vehicle,14298.76,2025-05-28
7000342,502195,Vehicle,175252.72,2026-05-26
7000343,503835,Real Estate,8523.89,2024-04-30
7000344,503730,Real Estate,245628.09,2025-11-27
7000345,500423,Vehicle,23175.46,2024-12-14
7000346,501843,Commercial Property,19532.7,2024-10-30
7000347,500683,Vehicle,20689.42,2025-11-20
7000348,501989,Real Estate,652132.79,2025-04-02
7000349,504746,Commercial Property,90818.78,2024-09-19
7000350,502362,Equipment,48360.76,2024-05-17
7000351,504533,Real Estate,14407.92,2025-10-18
7000352,500134,Real Estate,10797.37,2023-06-12
7000353,500240,Real Estate,108832.15,2026-03-26
7000354,500595,Other,158087.08,2024-01-27
7000355,501259,Other,126406.5,2026-06-20
7000356,504548,Vehicle,10061.7,2025-11-21
7000357,500693,Vehicle,43311.14,2025-08-20
7000358,504555,Real Estate,159255.36,2025-11-06
7000359,503291,Equipment,826030.84,2023-11-26
7000360,503782,Equipment,468265.02,2023-05-05
7000361,502608,Vehicle,22285.29,2024-08-24
7000362,503787,Real Estate,120873.07,2025-12-19
7000363,504459,Vehicle,80698.06,2024-12-25
7000364,500467,Equipment,538855.09,2026-05-08
7000365,500017,Commercial Property,7305.89,2024-11-02
7000366,500561,Commercial Property,114674.06,2023-04-02
7000367,502600,Real Estate,15737.32,2023-06-11
7000368,501603,Vehicle,56926.54,2024-02-15
7000369,504569,Real Estate,254820.71,2026-05-29
7000370,504053,Real Estate,37326.26,2025-06-05
7000371,503913,Equipment,55164.96,2023-11-04
7000372,502462,Real Estate,5584.39,2025-07-22
7000373,502972,Real Estate,45999.52,2025-09-03
7000374,501011,Equipment,230116.55,2024-02-28
7000375,503508,Real Estate,20426.64,2023-07-10
7000376,503794,Real Estate,59213.38,2023-12-28
7000377,500494,Vehicle,16124.73,2025-11-06
7000378,500749,Equipment,541038.52,2026-04-17
7000379,500575,Real Estate,13495.69,2023-09-02
7000380,500941,Real Estate,15519.51,2023-06-06
7000381,503491,Real Estate,313351.61,2023-06-05
7000382,502072,Other,183405.29,2026-03-06
7000383,501754,Vehicle,306272.91,2026-04-27
7000384,500772,Vehicle,20377.83,2025-07-20
7000385,504278,Equipment,436289.05,2023-08-06
7000386,500928,Equipment,10446.86,2023-01-26
7000387,504498,Real Estate,280457.62,2025-09-30
7000388,502272,Other,11541.78,2026-01-12
7000389,501468,Equipment,271126.29,2025-08-08
7000390,503935,Equipment,28235.78,2024-10-28
7000391,502899,Other,5727.65,2024-09-13
7000392,501926,Commercial Property,14978.03,2025-06-09
7000393,500865,Real Estate,119144.67,2024-04-25
7000394,504636,Real Estate,37103.37,2025-03-29
7000395,501483,Commercial Property,150852.18,2026-07-15
7000396,504411,Real Estate,38245.88,2025-07-04
7000397,501673,Vehicle,87328.88,2024-06-26
7000398,503990,Vehicle,12043.66,2025-03-24
7000399,502738,Vehicle,77219.22,2023-12-27
7000400,504714,Real Estate,378859.58,2023-04-23
7000401,501080,Real Estate,122542.8,2026-05-17
7000402,501994,Equipment,221336.91,2025-05-29
7000403,502043,Vehicle,291772.62,2023-09-24
7000404,503110,Real Estate,24806.12,2026-08-07
7000405,504189,Equipment,47695.02,2023-08-10
7000406,503731,Real Estate,49149.76,2025-08-08
7000407,503403,Vehicle,8323.79,2025-06-29
7000408,503851,Equipment,3935.08,2025-02-26
7000409,500514,Equipment,576972.2,2024-04-23
7000410,504877,Real Estate,120215.09,2023-04-28
7000411,500392,Vehicle,93404.3,2026-05-09
7000412,502859,Equipment,15171.4,2023-12-17
7000413,501268,Vehicle,75129.85,2024-11-04
7000414,504319,Real Estate,57515.53,2026-05-04
7000415,501214,Real Estate,11559.85,2026-02-21
7000416,500074,Other,379367.93,2025-10-09
7000417,502725,Real Estate,66070.13,2025-02-05
7000418,502934,Real Estate,251806.72,2023-08-08
7000419,504815,Vehicle,279990.67,2024-03-04
7000420,501181,Vehicle,95686.41,2025-08-18
7000421,503693,Vehicle,5191.54,2025-11-04
7000422,503344,Vehicle,307016.63,2024-01-02
7000423,502580,Real Estate,227920.51,2025-03-22
7000424,500319,Real Estate,69137.85,2025-09-23
7000425,503018,Real Estate,139959.27,2025-04-09
7000426,501868,Equipment,28750.96,2024-01-12
7000427,503153,Equipment,58527.74,2025-10-12
7000428,501349,Real Estate,12026.23,2023-10-09
7000429,501719,Real Estate,149155.06,2023-02-04
7000430,503088,Equipment,1559.77,2024-10-05
7000431,500998,Real Estate,22595.14,2025-05-01
7000432,502198,Vehicle,221858.86,2025-01-26
7000433,500314,Other,253192.62,2025-10-27
7000434,503983,Vehicle,51760.32,2025-07-03
7000435,504609,Real Estate,51691.84,2023-11-12
7000436,500067,Real Estate,23830.89,2024-11-25
7000437,502583,Real Estate,97835.31,2024-08-01
7000438,503644,Real Estate,5998.79,2025-08-09
7000439,502937,Real Estate,27582.54,2026-07-07
7000440,502473,Commercial Property,18795.89,2023-05-30
7000441,501398,Equipment,12129.66,2025-01-15
7000442,504200,Real Estate,38477.05,2025-09-25
7000443,503764,Real Estate,13592.23,2024-07-03
7000444,502131,Equipment,137064.51,2026-06-28
7000445,502671,Vehicle,17749.26,2024-11-01
7000446,500536,Real Estate,8597.76,2024-12-26
7000447,503302,Vehicle,11937.82,2026-08-18
7000448,501553,Other,4453.64,2025-08-06
7000449,500130,Equipment,95356.34,2023-02-11
7000450,500137,Equipment,29474.59,2023-05-15
7000451,500354,Equipment,370124.85,2026-04-07
7000452,501675,Real Estate,11229.74,2024-11-06
7000453,503984,Other,91900.76,2023-10-30
7000454,503821,Vehicle,77477.71,2024-11-03
7000455,500189,Real Estate,463714.72,2023-11-19
7000456,502369,Other,93015.24,2024-12-24
7000457,502740,Commercial Property,268838.42,2023-05-14
7000458,500597,Equipment,96632.38,2026-02-03
7000459,503310,Real Estate,343955.31,2023-01-04
7000460,501799,Real Estate,73097.3,2025-03-11
7000461,500617,Vehicle,455158.06,2025-01-29
7000462,504067,Real Estate,438120.65,2023-03-31
7000463,501168,Real Estate,247101.06,2024-01-18
7000464,500208,Commercial Property,8997.9,2023-12-02
7000465,501552,Other,114686.57,2026-08-11
7000466,502228,Vehicle,165334.67,2026-03-29
7000467,500805,Real Estate,260900.57,2024-06-17
7000468,503571,Real Estate,20798.46,2024-07-26
7000469,503360,Vehicle,17482.08,2026-08-30
7000470,500371,Real Estate,5815.82,2023-09-06
7000471,504950,Other,183063.11,2024-09-17
7000472,502858,Vehicle,14179.67,2026-03-04
7000473,504245,Real Estate,22289.4,2024-12-17
7000474,500568,Vehicle,3864.29,2023-01-20
7000475,503466,Real Estate,309792.11,2024-02-27
7000476,500456,Vehicle,427132.69,2024-01-22
7000477,503135,Real Estate,173760.51,2026-03-28
7000478,503030,Real Estate,26318.62,2025-05-26
7000479,503348,Commercial Property,118993.65,2024-06-20
7000480,501250,Vehicle,3313.1,2025-02-26
7000481,501899,Real Estate,333596.81,2025-07-21
7000482,504561,Vehicle,171325.79,2024-12-12
7000483,501805,Equipment,27380.44,2026-07-09
7000484,502373,Real Estate,9375.27,2024-05-07
7000485,503023,Vehicle,8857.54,2024-03-21
7000486,502376,Vehicle,53190.82,2023-02-14
7000487,502792,Real Estate,24005.07,2024-09-09
7000488,503196,Vehicle,348272.94,2026-08-14
7000489,500468,Real Estate,14230.82,2025-12-26
7000490,504904,Real Estate,33061.79,2023-11-20
7000491,504153,Other,378225.9,2025-07-03
7000492,502926,Real Estate,585884.45,2025-08-14
7000493,504171,Real Estate,561924.24,2026-06-30
7000494,501352,Real Estate,34648.61,2023-09-30
7000495,500429,Commercial Property,38404.1,2025-08-28
7000496,500504,Real Estate,77333.77,2026-02-01
7000497,504579,Real Estate,445814.36,2024-03-14
7000498,504930,Real Estate,172163.11,2025-06-02
7000499,501882,Real Estate,20957.26,2023-07-08
7000500,503482,Vehicle,73200.63,2025-02-07
7000501,503140,Equipment,256212.94,2024-07-04
7000502,503036,Real Estate,48169.34,2026-02-24
7000503,504765,Equipment,32399.68,2025-04-20
7000504,501505,Vehicle,372274.35,2026-02-26
7000505,501073,Commercial Property,12495.63,2023-11-22
7000506,504149,Commercial Property,6364.33,2023-01-02
7000507,504874,Commercial Property,384087.01,2026-01-28
7000508,503060,Vehicle,26025.5,2023-06-19
7000509,501418,Real Estate,105619.86,2024-01-31
7000510,504006,Real Estate,19122.22,2026-04-15
7000511,502657,Real Estate,21617.03,2023-03-09
7000512,504108,Real Estate,156398.43,2023-05-17
7000513,502507,Commercial Property,70341.88,2023-03-28
7000514,500721,Equipment,120687.39,2024-12-10
7000515,500021,Commercial Property,7820.01,2023-04-26
7000516,502866,Equipment,536636.6,2025-01-16
7000517,502009,Other,134654.27,2025-02-19
7000518,500985,Equipment,179705.42,2025-09-02
7000519,503897,Real Estate,65237.08,2025-12-26
7000520,502047,Real Estate,235106.32,2024-10-25
7000521,501372,Vehicle,177495.36,2024-11-20
7000522,501379,Real Estate,65489.16,2025-09-27
7000523,503891,Other,199687.39,2023-02-02
7000524,500295,Vehicle,96174.42,2025-08-07
7000525,503750,Real Estate,310613.47,2024-01-21
7000526,500243,Equipment,198626.79,2026-02-27
7000527,501534,Real Estate,80800.85,2023-03-31
7000528,501977,Vehicle,20850.5,2023-05-31
7000529,503957,Real Estate,14586.31,2026-02-06
7000530,504922,Vehicle,210550.36,2026-01-27
7000531,503774,Vehicle,129271.55,2026-08-11
7000532,501344,Vehicle,247297.65,2026-01-31
7000533,503556,Equipment,28249.56,2024-06-05
7000534,500529,Vehicle,15575.47,2024-12-22
7000535,500806,Real Estate,19471.12,2026-02-03
7000536,503336,Vehicle,16882.91,2023-03-28
7000537,502510,Vehicle,21391.03,2023-03-18
7000538,502615,Equipment,275506.03,2024-07-18
7000539,502056,Real Estate,4093.22,2024-03-18
7000540,504889,Real Estate,686075.14,2023-01-08
7000541,504818,Equipment,492261.33,2024-08-28
7000542,503141,Equipment,10714.27,2023-11-21
7000543,501354,Vehicle,41004.19,2025-09-05
7000544,503352,Real Estate,35574.65,2024-04-03
7000545,502274,Vehicle,8370.34,2024-06-07
7000546,503999,Real Estate,120643.28,2023-01-24
7000547,503180,Vehicle,251070.5,2024-01-30
7000548,502987,Real Estate,66243.02,2023-11-22
7000549,501937,Real Estate,707395.29,2023-01-06
7000550,502651,Vehicle,2048.23,2024-06-29
7000551,501351,Real Estate,147233.99,2025-02-23
7000552,503230,Vehicle,15500.09,2025-06-18
7000553,504285,Other,10916.89,2026-05-15
7000554,503631,Real Estate,538266.65,2023-07-07
7000555,503034,Vehicle,64486.5,2023-02-10
7000556,502308,Commercial Property,35329.32,2023-03-27
7000557,501766,Real Estate,73794.88,2025-11-24
7000558,504259,Real Estate,49708.56,2025-09-03
7000559,501126,Real Estate,13218.19,2025-04-13
7000560,501734,Other,303322.67,2025-01-30
7000561,502310,Real Estate,85957.24,2023-12-26
7000562,501335,Commercial Property,132254.13,2023-09-22
7000563,503103,Real Estate,40004.61,2025-06-04
7000564,503195,Real Estate,33869.74,2023-07-21
7000565,504709,Real Estate,322778.47,2025-09-03
7000566,500482,Vehicle,72431.36,2026-05-18
7000567,503672,Commercial Property,21851.88,2023-01-27
7000568,500975,Real Estate,48858.93,2025-05-22
7000569,504419,Real Estate,467893.81,2023-04-25
7000570,501412,Vehicle,118644.84,2024-08-11
7000571,504964,Real Estate,246409.09,2026-05-17
7000572,503211,Real Estate,111586.84,2023-09-19
7000573,501175,Vehicle,401136.45,2023-01-09
7000574,503516,Vehicle,29687.43,2025-02-02
7000575,500518,Real Estate,51377.39,2026-01-05
7000576,500834,Other,96693.58,2023-02-11
7000577,500787,Commercial Property,307515.43,2025-07-03
7000578,504674,Equipment,77358.92,2023-02-28
7000579,500357,Commercial Property,253371.27,2023-08-29
7000580,502642,Commercial Property,313139.15,2024-09-27
7000581,503659,Other,44384.95,2026-01-24
7000582,502595,Real Estate,331864.06,2025-03-08
7000583,501546,Real Estate,259416.1,2023-01-06
7000584,501012,Real Estate,20903.89,2025-11-23
7000585,503955,Vehicle,66895.11,2025-08-11
7000586,500063,Real Estate,516729.47,2023-05-30
7000587,501448,Vehicle,583103.3,2024-02-25
7000588,501066,Commercial Property,70537.13,2024-07-13
7000589,500321,Real Estate,3861.67,2026-08-20
7000590,502169,Other,16579.55,2023-06-17
7000591,502821,Vehicle,13736.36,2025-01-07
7000592,504078,Vehicle,3106.39,2025-03-13
7000593,503498,Other,20772.15,2024-03-20
7000594,503852,Commercial Property,62346.32,2025-03-15
7000595,500644,Commercial Property,21954.23,2023-06-11
7000596,501921,Real Estate,59551.61,2024-07-05
7000597,501705,Vehicle,346381.81,2025-11-04
7000598,503761,Equipment,24235.11,2025-10-14
7000599,501558,Vehicle,584481.49,2023-05-18
7000600,504303,Real Estate,355217.56,2025-08-01
7000601,502096,Commercial Property,38470.44,2023-12-25
7000602,502211,Vehicle,20649.78,2023-05-18
7000603,500274,Equipment,789582.64,2026-04-04
7000604,501359,Real Estate,509245.64,2024-11-18
7000605,504172,Vehicle,393306.44,2024-12-18
7000606,503314,Equipment,543565.93,2025-11-05
7000607,503958,Real Estate,23306.4,2024-10-08
7000608,500762,Other,85243.13,2023-01-14
7000609,502875,Vehicle,6180.5,2025-07-26
7000610,504199,Equipment,20141.05,2026-08-20
7000611,504595,Vehicle,5765.84,2026-06-08
7000612,500242,Commercial Property,21322.0,2024-03-25
7000613,504679,Real Estate,44252.27,2026-03-10
7000614,501697,Other,75472.29,2023-07-11
7000615,503264,Vehicle,28128.96,2024-09-06
7000616,503231,Vehicle,404752.11,2025-03-25
7000617,504085,Real Estate,18524.35,2025-11-29
7000618,501053,Vehicle,285937.76,2024-02-17
7000619,503252,Real Estate,32316.35,2025-11-17
7000620,501986,Real Estate,58862.58,2025-01-03
7000621,503783,Equipment,544497.84,2025-01-08
7000622,501329,Vehicle,194888.62,2025-07-15
7000623,501711,Real Estate,3993.05,2025-12-20
7000624,504169,Vehicle,244914.32,2025-12-23
7000625,502426,Real Estate,2729.23,2025-02-02
7000626,500851,Real Estate,16901.1,2025-01-26
7000627,503905,Equipment,185435.72,2023-05-20
7000628,503564,Equipment,115258.3,2024-11-03
7000629,504646,Commercial Property,20266.37,2023-04-25
7000630,502331,Real Estate,63246.49,2023-04-02
7000631,502466,Real Estate,66582.39,2025-12-03
7000632,500010,Real Estate,22477.86,2025-01-10
7000633,500252,Real Estate,1354.1,2023-02-28
7000634,502199,Real Estate,422944.58,2024-06-25
7000635,502347,Real Estate,18111.95,2023-07-20
7000636,504876,Real Estate,212230.13,2023-05-19
7000637,504161,Real Estate,213783.66,2024-04-13
7000638,503636,Vehicle,63283.47,2026-06-19
7000639,500089,Equipment,13196.93,2024-10-24
7000640,504965,Real Estate,68202.37,2023-10-25
7000641,500353,Other,8651.71,2024-03-08
7000642,503132,Equipment,321470.71,2025-09-03
7000643,504724,Other,168440.48,2025-09-17
7000644,500180,Commercial Property,16510.99,2026-04-29
7000645,501427,Vehicle,25943.73,2025-09-22
7000646,501139,Vehicle,562971.66,2024-08-07
7000647,502946,Vehicle,17793.2,2024-08-03
7000648,503432,Real Estate,376952.71,2023-10-22
7000649,500169,Equipment,241935.05,2024-01-27
7000650,504437,Real Estate,6269.33,2024-09-04
7000651,505000,Equipment,29044.06,2024-09-11
7000652,501897,Real Estate,21322.0,2024-05-07
7000653,503914,Commercial Property,34113.84,2024-09-29
7000654,500138,Commercial Property,519798.02,2024-04-02
7000655,503171,Real Estate,261793.92,2025-07-20
7000656,503398,Real Estate,131496.68,2025-10-15
7000657,500476,Commercial Property,10873.16,2024-11-23
7000658,501424,Commercial Property,312971.84,2023-05-14
7000659,502678,Real Estate,117690.03,2025-10-06
7000660,504497,Commercial Property,16197.01,2026-01-01
7000661,500391,Vehicle,12676.8,2024-06-23
7000662,504267,Vehicle,391629.73,2025-09-17
7000663,501733,Real Estate,8613.63,2023-07-22
7000664,502945,Vehicle,193747.83,2026-06-20
7000665,502650,Real Estate,6275.15,2026-01-30
7000666,503615,Real Estate,548958.0,2025-11-14
7000667,504736,Real Estate,645863.64,2025-03-30
7000668,503312,Equipment,68006.0,2024-11-02
7000669,500650,Real Estate,41156.47,2026-06-21
7000670,502268,Commercial Property,11531.37,2024-07-07
7000671,501099,Equipment,72737.37,2023-10-14
7000672,500946,Commercial Property,21282.55,2026-04-25
7000673,504841,Commercial Property,291523.1,2023-06-13
7000674,504042,Commercial Property,20111.48,2025-05-27
7000675,503331,Commercial Property,14003.95,2025-03-19
7000676,500544,Real Estate,277805.99,2026-02-25
7000677,500847,Vehicle,3864.53,2025-01-28
7000678,500341,Equipment,34667.56,2025-09-04
7000679,500962,Other,13487.22,2025-02-14
7000680,502584,Real Estate,339627.64,2024-04-20
7000681,502020,Vehicle,107468.81,2025-01-26
7000682,500593,Real Estate,64488.34,2024-01-16
7000683,503766,Equipment,485649.8,2025-07-08
7000684,501591,Equipment,47324.72,2026-02-10
7000685,502325,Real Estate,82039.73,2025-07-20
7000686,504268,Real Estate,464207.74,2024-09-11
7000687,502150,Equipment,24844.4,2026-01-31
7000688,502279,Equipment,79460.71,2026-05-19
7000689,503349,Equipment,21222.76,2025-05-15
7000690,503868,Real Estate,311633.64,2025-07-28
7000691,500362,Real Estate,60663.5,2025-10-13
7000692,503266,Real Estate,55124.43,2023-04-29
7000693,504743,Vehicle,12510.15,2026-05-06
7000694,503800,Real Estate,173188.91,2026-05-11
7000695,500015,Vehicle,11535.05,2025-06-15
7000696,504122,Real Estate,208763.78,2024-11-13
7000697,504592,Equipment,395307.31,2023-12-16
7000698,500584,Vehicle,63744.67,2023-11-20
7000699,501216,Real Estate,290370.11,2024-07-17
7000700,503260,Commercial Property,41313.59,2024-02-26
7000701,503245,Real Estate,267337.89,2024-03-08
7000702,501972,Real Estate,448285.42,2024-10-05
7000703,504522,Real Estate,16319.19,2025-10-14
7000704,504316,Real Estate,166234.5,2025-04-22
7000705,503053,Commercial Property,314209.95,2025-08-27
7000706,503007,Vehicle,237887.19,2023-03-08
7000707,504624,Real Estate,206584.05,2024-01-13
7000708,501633,Equipment,58201.34,2024-10-02
7000709,501149,Vehicle,74726.39,2026-07-26
7000710,501431,Equipment,6376.95,2024-04-02
7000711,504264,Other,125608.74,2025-01-06
7000712,503487,Commercial Property,64782.79,2024-02-26
7000713,502916,Commercial Property,474989.45,2024-06-20
7000714,502245,Equipment,27301.9,2023-04-07
7000715,503818,Other,118681.07,2024-05-16
7000716,502811,Real Estate,195992.41,2024-01-03
7000717,503303,Real Estate,410182.99,2025-02-17
7000718,503350,Equipment,143305.44,2024-09-19
7000719,502883,Real Estate,70046.16,2023-05-12
7000720,501289,Vehicle,23659.21,2024-07-05
7000721,500449,Vehicle,240470.59,2025-09-14
7000722,500149,Real Estate,78372.31,2024-05-17
7000723,502364,Real Estate,387891.24,2024-12-21
7000724,501874,Vehicle,275641.71,2024-02-06
7000725,504591,Vehicle,107195.18,2025-04-26
7000726,502496,Equipment,13834.15,2024-10-15
7000727,503043,Vehicle,322533.2,2026-06-05
7000728,503346,Vehicle,433179.23,2023-06-28
7000729,500751,Vehicle,376183.6,2024-04-13
7000730,504681,Equipment,445059.47,2025-09-19
7000731,501284,Commercial Property,580430.23,2025-01-25
7000732,504978,Equipment,60571.52,2025-07-24
7000733,500981,Vehicle,137165.41,2025-01-13
7000734,502185,Vehicle,178221.21,2023-05-27
7000735,502435,Vehicle,6768.39,2024-06-26
7000736,504221,Real Estate,90583.01,2024-09-21
7000737,503849,Real Estate,33618.37,2024-05-28
7000738,500665,Real Estate,56881.11,2023-06-27
7000739,504598,Real Estate,27359.86,2024-04-23
7000740,504241,Other,14459.89,2026-06-18
7000741,503371,Commercial Property,120023.47,2023-12-09
7000742,503246,Real Estate,134240.39,2023-04-25
7000743,504488,Vehicle,8598.56,2023-12-09
7000744,502442,Vehicle,54900.78,2026-08-21
7000745,501940,Vehicle,133717.74,2026-03-09
7000746,501067,Vehicle,1019.62,2023-06-26
7000747,503453,Vehicle,24688.89,2024-02-06
7000748,504981,Vehicle,68233.06,2026-01-10
7000749,504133,Commercial Property,279407.78,2023-10-10
7000750,500443,Vehicle,138823.64,2026-05-14
7000751,502939,Vehicle,52421.02,2023-02-21
7000752,504408,Equipment,30487.98,2024-08-29
7000753,503421,Real Estate,228176.15,2023-01-13
7000754,501249,Real Estate,251216.87,2025-11-05
7000755,500653,Real Estate,60421.93,2024-01-28
7000756,500340,Vehicle,9671.76,2026-07-17
7000757,501781,Vehicle,122825.07,2025-08-12
7000758,502829,Real Estate,234751.47,2025-11-14
7000759,503633,Vehicle,305107.47,2026-04-11
7000760,500768,Commercial Property,53820.18,2024-02-14
7000761,502528,Real Estate,814149.86,2025-02-25
7000762,503599,Vehicle,11219.02,2023-02-07
7000763,504217,Vehicle,15865.72,2026-01-26
7000764,500743,Equipment,70323.56,2023-11-23
7000765,503186,Real Estate,163943.69,2024-03-20
7000766,501812,Other,17245.3,2025-09-22
7000767,503649,Real Estate,38843.85,2024-02-23
7000768,501647,Real Estate,38298.07,2026-02-23
7000769,502461,Vehicle,7112.93,2025-11-05
7000770,502297,Equipment,26213.32,2025-11-07
7000771,504470,Equipment,458540.97,2025-02-05
7000772,501462,Vehicle,411677.31,2023-01-05
7000773,503151,Other,40281.56,2025-06-27
7000774,503956,Real Estate,34179.96,2024-02-12
7000775,502023,Commercial Property,618615.85,2023-01-11
7000776,501071,Real Estate,81945.1,2023-07-08
7000777,501873,Real Estate,8643.13,2024-07-12
7000778,503181,Real Estate,18450.61,2025-02-15
7000779,504635,Equipment,68026.59,2023-05-31
7000780,500795,Vehicle,26095.49,2023-09-16
7000781,501663,Real Estate,567739.3,2024-08-08
7000782,500992,Real Estate,282672.03,2023-10-21
7000783,501790,Equipment,31780.72,2024-03-12
7000784,503496,Other,7709.95,2025-09-12
7000785,501014,Equipment,35639.94,2024-03-12
7000786,501400,Real Estate,413380.1,2025-05-03
7000787,501561,Vehicle,19902.51,2023-08-28
7000788,503274,Real Estate,28140.29,2023-11-17
7000789,501609,Real Estate,7051.38,2024-12-27
7000790,503397,Vehicle,246526.53,2024-07-19
7000791,500551,Vehicle,8336.96,2024-06-30
7000792,504062,Other,147189.6,2024-11-20
7000793,502953,Commercial Property,87549.3,2023-05-21
7000794,502244,Commercial Property,229563.18,2025-04-17
7000795,503081,Real Estate,147777.81,2025-02-13
7000796,503458,Other,151221.27,2023-10-05
7000797,500318,Vehicle,12941.21,2023-06-20
7000798,503017,Vehicle,8964.22,2025-08-17
7000799,501034,Real Estate,24118.78,2025-04-25
7000800,504258,Real Estate,10173.54,2023-06-20
7000801,502282,Real Estate,89781.66,2026-04-03
7000802,504921,Other,12826.86,2026-01-30
7000803,501582,Commercial Property,9335.45,2025-10-22
7000804,502718,Commercial Property,371222.24,2024-04-16
7000805,504684,Real Estate,6374.94,2026-05-30
7000806,502344,Vehicle,355405.85,2026-02-10
7000807,500583,Commercial Property,42610.19,2024-02-27
7000808,502243,Equipment,18351.3,2024-07-26
7000809,502950,Commercial Property,17851.76,2024-01-29
7000810,504594,Vehicle,213504.36,2026-01-04
7000811,504995,Other,13025.52,2023-10-05
7000812,502840,Real Estate,181179.14,2024-09-09
7000813,500724,Equipment,22079.36,2023-12-15
7000814,501500,Real Estate,60714.69,2026-06-26
7000815,502920,Other,633751.07,2024-04-12
7000816,500549,Equipment,137382.55,2023-11-30
7000817,503520,Real Estate,25784.31,2024-04-09
7000818,502780,Commercial Property,19670.53,2023-04-07
7000819,504253,Vehicle,14166.31,2025-10-22
7000820,504910,Commercial Property,9353.02,2025-11-30
7000821,503820,Other,7513.03,2026-05-25
7000822,503002,Real Estate,55964.46,2025-08-21
7000823,501205,Real Estate,115579.23,2024-01-07
7000824,500933,Commercial Property,209976.19,2024-08-25
7000825,502392,Equipment,168168.32,2025-03-11
7000826,500676,Equipment,39913.37,2025-09-26
7000827,504354,Equipment,19826.74,2023-04-26
7000828,503112,Vehicle,73504.9,2024-08-09
7000829,500233,Vehicle,86613.94,2025-07-31
7000830,500441,Real Estate,467700.94,2025-01-02
7000831,500968,Vehicle,37643.95,2025-10-03
7000832,503650,Real Estate,15797.72,2025-11-01
7000833,502553,Real Estate,6563.06,2026-06-13
7000834,503744,Equipment,14938.61,2025-12-29
7000835,503729,Vehicle,9369.15,2024-04-12
7000836,500802,Commercial Property,11244.33,2023-11-10
7000837,500784,Commercial Property,223430.59,2023-04-23
7000838,504549,Real Estate,117054.32,2025-12-03
7000839,500830,Vehicle,20162.55,2025-05-21
7000840,502976,Equipment,51839.87,2025-04-27
7000841,500605,Real Estate,310057.05,2025-01-19
7000842,503544,Real Estate,14485.8,2026-02-26
7000843,502251,Equipment,38085.69,2024-02-21
7000844,504507,Vehicle,138477.68,2026-06-14
7000845,501002,Equipment,216202.7,2023-10-03
7000846,501438,Real Estate,24081.38,2023-09-15
7000847,501341,Vehicle,46478.5,2025-08-20
7000848,504112,Commercial Property,23631.59,2024-09-27
7000849,501082,Vehicle,159399.33,2023-06-16
7000850,503278,Vehicle,22438.97,2024-09-16
7000851,504277,Vehicle,132013.23,2024-09-03
7000852,503992,Vehicle,105132.56,2023-02-24
7000853,504160,Vehicle,148370.06,2023-10-03
7000854,502876,Commercial Property,69621.93,2023-09-01
7000855,502929,Equipment,17273.89,2023-08-12
7000856,504881,Equipment,91099.56,2023-01-26
7000857,501316,Vehicle,6326.85,2025-06-16
7000858,501317,Vehicle,108668.19,2026-08-24
7000859,504726,Real Estate,61886.67,2026-07-09
7000860,503085,Vehicle,169053.79,2024-01-17
7000861,503621,Vehicle,81170.55,2024-02-02
7000862,501013,Real Estate,20582.23,2023-11-11
7000863,504971,Equipment,172676.53,2024-03-06
7000864,500903,Equipment,86857.6,2024-12-26
7000865,503226,Equipment,433832.31,2023-03-20
7000866,504302,Commercial Property,73434.97,2023-01-10
7000867,500552,Equipment,140974.74,2023-05-29
7000868,500984,Vehicle,64727.62,2025-02-17
7000869,502210,Vehicle,108859.68,2025-12-15
7000870,504739,Equipment,35933.4,2023-05-16
7000871,503685,Vehicle,515892.39,2026-01-07
7000872,502403,Real Estate,86071.28,2025-06-25
7000873,502765,Vehicle,111592.63,2025-07-13
7000874,504932,Vehicle,125668.83,2025-08-08
7000875,504474,Vehicle,140688.22,2025-02-05
7000876,501272,Real Estate,487408.3,2025-06-06
7000877,500158,Vehicle,30923.38,2026-07-29
7000878,502233,Equipment,28717.72,2023-11-16
7000879,504129,Real Estate,316288.65,2024-03-11
7000880,503489,Real Estate,12336.31,2025-10-15
7000881,503974,Real Estate,17210.16,2023-04-09
7000882,500678,Real Estate,28445.3,2024-07-22
7000883,502891,Equipment,37192.0,2025-12-08
7000884,503120,Equipment,18559.12,2025-02-21
7000885,501639,Vehicle,26740.23,2024-11-15
7000886,501554,Equipment,38950.0,2024-01-29
7000887,503297,Real Estate,11514.32,2024-09-05
7000888,501471,Vehicle,15927.11,2026-07-16
7000889,502577,Equipment,11836.5,2025-01-09
7000890,503015,Real Estate,105410.83,2026-07-27
7000891,501859,Real Estate,332030.53,2024-02-27
7000892,503770,Real Estate,27874.43,2023-05-01
7000893,504342,Real Estate,12851.66,2025-07-18
7000894,504715,Real Estate,10151.43,2023-07-09
7000895,500589,Equipment,13725.76,2023-05-19
7000896,501844,Vehicle,4456.87,2026-06-04
7000897,501849,Real Estate,206379.17,2023-06-30
7000898,504481,Vehicle,98745.43,2024-05-08
7000899,502077,Commercial Property,392808.27,2024-04-26
7000900,503298,Equipment,92327.81,2026-06-08
7000901,504824,Real Estate,13890.2,2024-05-05
7000902,501863,Vehicle,21972.68,2023-11-21
7000903,500835,Vehicle,239096.69,2024-07-28
7000904,501246,Equipment,257325.62,2025-05-01
7000905,501472,Real Estate,33138.22,2025-05-28
7000906,503108,Commercial Property,21401.33,2025-01-05
7000907,503378,Commercial Property,22528.48,2026-02-10
7000908,504529,Vehicle,187574.48,2025-08-08
7000909,500050,Vehicle,89407.82,2024-10-04
7000910,503595,Vehicle,3470.09,2024-02-18
7000911,500006,Commercial Property,101602.44,2024-11-14
7000912,500852,Equipment,98652.93,2023-08-11
7000913,504578,Real Estate,21907.98,2025-11-19
7000914,500857,Other,71415.85,2023-10-02
7000915,504345,Vehicle,1527.23,2026-01-14
7000916,501384,Vehicle,80683.69,2024-05-31
7000917,500655,Commercial Property,8837.11,2025-03-13
7000918,502224,Real Estate,22107.53,2024-05-10
7000919,502187,Equipment,287812.48,2023-12-24
7000920,501638,Equipment,306880.45,2024-11-04
7000921,502257,Real Estate,623678.8,2025-05-06
7000922,500936,Equipment,573999.94,2026-04-13
7000923,501315,Commercial Property,20646.03,2025-04-29
7000924,501318,Real Estate,23458.97,2024-06-11
7000925,503715,Vehicle,34733.03,2024-09-18
7000926,503124,Vehicle,20916.37,2024-09-10
7000927,504735,Equipment,49922.75,2025-11-04
7000928,503597,Commercial Property,26129.03,2026-06-23
7000929,502174,Real Estate,12054.29,2026-07-11
7000930,503643,Real Estate,353601.19,2023-06-08
7000931,504096,Equipment,123774.56,2025-01-03
7000932,501608,Real Estate,329935.09,2025-04-10
7000933,503706,Real Estate,13335.4,2023-12-06
7000934,503762,Real Estate,633088.77,2026-08-27
7000935,501952,Real Estate,11925.69,2025-03-28
7000936,502788,Equipment,255922.97,2024-03-29
7000937,500822,Vehicle,241207.05,2025-08-10
7000938,500260,Real Estate,313188.47,2023-02-24
7000939,500282,Other,50654.8,2024-10-16
7000940,501038,Vehicle,39812.36,2026-04-02
7000941,500424,Real Estate,51300.73,2025-02-11
7000942,504573,Vehicle,129667.12,2025-05-11
7000943,502182,Real Estate,26136.66,2024-12-26
7000944,503092,Real Estate,224304.68,2023-02-09
7000945,502982,Vehicle,144509.23,2023-04-02
7000946,502490,Equipment,64758.88,2025-06-12
7000947,504992,Equipment,373170.18,2024-08-05
7000948,502141,Real Estate,128699.78,2024-10-21
7000949,504849,Vehicle,40836.66,2026-03-15
7000950,502928,Other,18581.96,2023-02-09
7000951,501769,Vehicle,109797.61,2023-08-13
7000952,504185,Real Estate,513904.35,2023-09-24
7000953,502097,Equipment,30927.55,2024-03-06
7000954,504799,Vehicle,1799.81,2024-01-19
7000955,501834,Vehicle,101622.92,2023-03-14
7000956,503546,Equipment,173116.97,2024-09-15
7000957,503156,Vehicle,261209.76,2023-09-14
7000958,502053,Real Estate,36460.25,2025-04-12
7000959,501991,Real Estate,612748.54,2026-04-21
7000960,503645,Real Estate,359749.79,2024-09-02
7000961,503367,Real Estate,227295.95,2026-04-14
7000962,500285,Equipment,20848.74,2025-11-17
7000963,504353,Commercial Property,384365.21,2025-02-18
7000964,502320,Equipment,16369.32,2025-07-08
7000965,500712,Equipment,30104.45,2026-02-11
7000966,502458,Vehicle,13833.17,2023-09-16
7000967,502743,Real Estate,10485.1,2023-12-07
7000968,504605,Equipment,137483.32,2025-03-28
7000969,502801,Other,25472.59,2024-01-06
7000970,504628,Equipment,41715.94,2024-05-30
7000971,501981,Real Estate,10514.89,2023-01-30
7000972,504537,Commercial Property,18821.21,2026-05-15
7000973,503202,Real Estate,134335.3,2025-10-22
7000974,502509,Real Estate,39559.4,2024-04-19
7000975,502817,Real Estate,482500.43,2024-04-22
7000976,503920,Real Estate,682869.92,2025-01-08
7000977,502266,Real Estate,156661.46,2025-10-29
7000978,500921,Real Estate,23705.76,2024-04-03
7000979,502024,Vehicle,48549.68,2024-12-20
7000980,503001,Real Estate,77858.58,2026-04-08
7000981,502498,Real Estate,368694.26,2025-10-06
7000982,500163,Commercial Property,29294.26,2026-02-19
7000983,503339,Commercial Property,18915.05,2025-01-09
7000984,501091,Real Estate,112428.62,2023-11-30
7000985,501296,Commercial Property,97431.91,2026-07-16
7000986,503428,Commercial Property,42471.97,2026-07-20
7000987,500714,Real Estate,27210.02,2023-01-07
7000988,500500,Vehicle,201890.28,2023-12-22
7000989,502201,Real Estate,220415.04,2024-04-25
7000990,500272,Vehicle,220380.52,2025-08-18
7000991,501453,Vehicle,282855.76,2026-05-13
7000992,500960,Commercial Property,291276.51,2025-09-26
7000993,502626,Equipment,15506.41,2024-08-18
7000994,500648,Vehicle,102470.52,2024-07-01
7000995,501666,Real Estate,52602.94,2025-01-05
7000996,503315,Real Estate,400797.15,2025-01-06
7000997,502789,Other,143542.79,2026-06-02
7000998,500469,Commercial Property,3427.87,2023-09-22
7000999,501350,Vehicle,2143.01,2025-12-12
7001000,501383,Real Estate,95537.37,2024-01-26
7001001,501251,Real Estate,90679.71,2023-07-22
7001002,503606,Vehicle,165037.38,2026-05-03
7001003,502026,Real Estate,10118.43,2023-10-31
7001004,501485,Vehicle,150829.65,2024-11-22
7001005,501547,Vehicle,59299.7,2025-05-18
7001006,502063,Real Estate,487325.13,2023-02-13
7001007,504878,Equipment,111959.91,2023-08-20
7001008,502660,Commercial Property,143603.04,2024-09-06
7001009,503277,Real Estate,41973.69,2023-09-08
7001010,504427,Real Estate,43230.02,2023-02-28
7001011,500955,Commercial Property,13248.5,2025-05-09
7001012,504710,Equipment,50506.12,2025-04-21
7001013,503881,Commercial Property,183473.78,2026-07-28
7001014,504026,Equipment,173121.68,2025-10-26
7001015,504792,Other,23007.8,2023-03-07
7001016,500036,Real Estate,53171.19,2023-09-17
7001017,502656,Real Estate,38336.44,2024-02-23
7001018,504654,Vehicle,23117.38,2023-10-03
7001019,504027,Real Estate,58946.29,2025-08-23
7001020,504866,Vehicle,17195.74,2026-02-10
7001021,500093,Vehicle,19348.53,2023-07-31
7001022,503638,Real Estate,22857.52,2025-03-07
7001023,500118,Vehicle,74946.43,2023-02-01
7001024,504346,Vehicle,167979.83,2024-05-03
7001025,504469,Commercial Property,41124.8,2025-08-09
7001026,500896,Commercial Property,553878.19,2023-03-30
7001027,503375,Equipment,10531.76,2025-07-21
7001028,500659,Vehicle,21912.06,2025-06-21
7001029,504588,Real Estate,206286.42,2026-01-24
7001030,504970,Equipment,18138.55,2023-09-20
7001031,501010,Real Estate,48097.74,2026-05-28
7001032,504935,Commercial Property,25534.31,2024-01-29
7001033,504495,Real Estate,387920.75,2024-05-14
7001034,501033,Real Estate,186470.42,2025-03-08
7001035,504734,Equipment,33546.63,2024-03-09
7001036,502084,Real Estate,56933.43,2023-04-06
7001037,501072,Vehicle,144683.63,2023-12-07
7001038,500755,Real Estate,53813.68,2024-12-24
7001039,502506,Vehicle,114216.94,2024-09-21
7001040,504148,Real Estate,152733.94,2026-02-15
7001041,503162,Real Estate,40774.73,2023-10-23
7001042,502809,Real Estate,343652.03,2024-08-04
7001043,503304,Equipment,9144.18,2026-07-18
7001044,502220,Real Estate,192179.15,2026-02-09
7001045,500239,Real Estate,383252.86,2024-08-11
7001046,500148,Equipment,3066.63,2024-05-31
7001047,500550,Vehicle,15431.93,2025-06-14
7001048,501791,Other,30070.19,2023-12-30
7001049,504070,Real Estate,77685.98,2026-04-28
7001050,504166,Equipment,11753.46,2024-05-03
7001051,502275,Vehicle,212949.75,2025-11-16
7001052,504126,Vehicle,16025.17,2025-09-10
7001053,501421,Real Estate,25931.65,2024-05-26
7001054,502231,Real Estate,614010.48,2026-05-08
7001055,501704,Equipment,56643.5,2026-05-18
7001056,500625,Vehicle,12755.38,2023-12-01
7001057,502375,Equipment,279745.48,2026-03-15
7001058,501108,Real Estate,627982.98,2025-03-10
7001059,503755,Equipment,220823.68,2026-06-08
7001060,501996,Real Estate,51031.28,2025-07-01
7001061,503250,Commercial Property,110703.94,2024-02-16
7001062,504966,Real Estate,27932.76,2026-02-08
7001063,504720,Equipment,216319.93,2026-08-07
7001064,500426,Vehicle,8803.89,2023-05-26
7001065,504377,Real Estate,301563.12,2023-11-25
7001066,501759,Other,11904.15,2025-01-07
7001067,502207,Equipment,125811.56,2024-04-26
7001068,503114,Equipment,34908.5,2026-08-28
7001069,502025,Real Estate,23297.92,2024-10-09
7001070,502688,Vehicle,20948.53,2023-07-09
7001071,501422,Commercial Property,19956.6,2025-03-25
7001072,502259,Equipment,184947.88,2025-09-08
7001073,504398,Commercial Property,55590.47,2024-07-04
7001074,504564,Equipment,227699.02,2024-04-09
7001075,500388,Real Estate,591720.67,2023-11-29
7001076,501755,Real Estate,53776.33,2024-06-20
7001077,503642,Vehicle,27011.01,2024-02-20
7001078,500192,Commercial Property,32171.63,2024-02-02
7001079,502800,Equipment,8189.37,2026-05-26
7001080,502966,Real Estate,50847.72,2023-05-16
7001081,502512,Real Estate,151538.13,2024-06-05
7001082,500983,Equipment,89808.22,2025-08-25
7001083,502389,Real Estate,16361.85,2024-04-07
7001084,502014,Real Estate,73400.86,2024-11-10
7001085,502215,Real Estate,129716.17,2025-08-14
7001086,503747,Commercial Property,86006.7,2023-07-18
7001087,503863,Other,132608.29,2025-03-31
7001088,503939,Equipment,69317.88,2024-03-24
7001089,504055,Equipment,191137.14,2024-11-04
7001090,504378,Real Estate,31837.45,2024-02-18
7001091,501997,Other,13670.75,2023-06-12
7001092,502447,Real Estate,184014.12,2023-05-12
7001093,503467,Real Estate,365025.82,2025-06-04
7001094,502531,Equipment,228138.53,2024-01-24
7001095,503694,Vehicle,89548.22,2025-01-25
7001096,503064,Real Estate,230747.29,2024-03-31
7001097,500623,Vehicle,399780.36,2025-09-03
7001098,502296,Real Estate,2698.43,2025-12-23
7001099,500669,Equipment,99145.92,2025-11-16
7001100,500872,Real Estate,60305.78,2024-04-01
7001101,502705,Vehicle,54543.77,2026-05-06
7001102,503203,Equipment,13823.19,2025-08-29
7001103,504622,Vehicle,8774.37,2023-01-17
7001104,501881,Other,499792.03,2026-06-29
7001105,502300,Real Estate,16766.77,2024-05-22
7001106,501841,Commercial Property,183362.96,2024-07-29
7001107,502754,Equipment,80753.25,2025-07-17
7001108,503363,Real Estate,12389.29,2024-07-17
7001109,501186,Commercial Property,244571.69,2024-03-16
7001110,504658,Commercial Property,97108.11,2023-12-07
7001111,503503,Real Estate,41369.91,2024-07-09
7001112,504943,Equipment,25300.07,2026-02-06
7001113,503836,Commercial Property,331166.52,2024-03-25
7001114,503168,Equipment,26086.29,2026-06-18
7001115,504895,Commercial Property,35841.54,2024-09-24
7001116,501947,Equipment,95260.61,2024-10-03
7001117,500824,Equipment,21139.94,2026-02-02
7001118,501887,Real Estate,9091.3,2024-01-26
7001119,501388,Vehicle,63762.84,2025-02-19
7001120,503068,Other,176488.84,2026-02-05
7001121,501990,Equipment,41347.46,2023-06-09
7001122,502774,Commercial Property,274319.04,2023-10-04
7001123,503763,Real Estate,330842.53,2024-09-23
7001124,502082,Real Estate,51267.58,2025-08-14
7001125,500311,Equipment,164009.55,2025-10-06
7001126,502336,Real Estate,18027.51,2024-12-10
7001127,502384,Real Estate,18235.47,2026-08-21
7001128,502872,Equipment,5945.4,2023-10-11
7001129,503743,Vehicle,19853.7,2026-04-28
7001130,503012,Real Estate,21525.24,2024-04-20
7001131,504044,Commercial Property,258761.72,2026-01-21
7001132,500629,Vehicle,25828.77,2024-04-23
7001133,504517,Real Estate,27239.78,2025-05-03
7001134,500628,Vehicle,8388.82,2024-01-10
7001135,500117,Vehicle,40778.89,2025-05-17
7001136,503255,Real Estate,54781.45,2024-09-13
7001137,502312,Real Estate,24611.89,2025-02-06
7001138,503978,Vehicle,18292.15,2023-08-03
7001139,500265,Real Estate,122684.84,2025-09-07
7001140,504297,Equipment,29931.64,2023-01-06
7001141,503227,Vehicle,19400.21,2023-07-06
7001142,504967,Real Estate,40045.16,2023-09-01
7001143,504294,Vehicle,23066.45,2025-10-11
7001144,502452,Real Estate,451338.82,2024-05-12
7001145,502750,Vehicle,85350.31,2023-12-25
7001146,502327,Equipment,10664.09,2024-04-30
7001147,502501,Commercial Property,32258.42,2023-08-31
7001148,502853,Vehicle,39309.54,2023-11-28
7001149,501118,Vehicle,23161.93,2023-12-30
7001150,504527,Equipment,3987.98,2025-04-02
7001151,504304,Other,136118.86,2024-01-16
7001152,504019,Commercial Property,13506.74,2025-04-10
7001153,500140,Real Estate,86204.89,2023-05-12
7001154,501028,Real Estate,34922.49,2026-07-09
7001155,501617,Real Estate,162512.63,2023-08-06
7001156,500959,Vehicle,52992.22,2023-01-13
7001157,502943,Equipment,407956.28,2023-02-10
7001158,500347,Equipment,40260.67,2024-02-10
7001159,504543,Equipment,115144.52,2024-11-13
7001160,500850,Real Estate,37466.11,2024-08-20
7001161,501995,Real Estate,396137.69,2023-03-04
7001162,502217,Real Estate,23958.31,2024-02-08
7001163,500736,Vehicle,49791.06,2023-07-16
7001164,504284,Real Estate,197626.38,2025-11-21
7001165,503347,Vehicle,94376.11,2026-05-30
7001166,500493,Real Estate,230008.87,2023-12-19
7001167,502669,Real Estate,13573.37,2026-05-13
7001168,503342,Real Estate,74202.03,2023-05-18
7001169,501019,Vehicle,13491.87,2023-01-10
7001170,501346,Commercial Property,12817.79,2025-11-24
7001171,500821,Equipment,26144.97,2023-06-18
7001172,500474,Other,2847.65,2023-03-27
7001173,500624,Real Estate,4755.46,2024-11-02
7001174,501861,Vehicle,9581.34,2023-01-22
7001175,501613,Equipment,4817.27,2025-10-29
7001176,501960,Real Estate,898972.63,2026-07-31
7001177,500632,Vehicle,14603.61,2026-04-16
7001178,501305,Equipment,5034.65,2026-07-22
7001179,500993,Commercial Property,16397.61,2025-05-27
7001180,504505,Real Estate,145768.06,2023-07-27
7001181,504299,Real Estate,17193.22,2023-09-06
7001182,503010,Equipment,87959.64,2023-08-27
7001183,501902,Real Estate,396008.8,2023-08-07
7001184,503682,Vehicle,380400.19,2024-05-22
7001185,503356,Real Estate,88269.22,2024-12-23
7001186,504526,Real Estate,27490.96,2025-06-25
7001187,500183,Vehicle,231582.9,2023-05-15
7001188,503975,Vehicle,6062.94,2024-06-13
7001189,503442,Vehicle,530812.45,2023-08-15
7001190,501117,Real Estate,163905.09,2026-04-25
7001191,501811,Real Estate,40620.89,2025-02-05
7001192,502550,Vehicle,331024.68,2023-10-13
7001193,503400,Real Estate,18439.3,2025-01-31
7001194,501242,Vehicle,144158.46,2024-04-02
7001195,504566,Real Estate,122978.99,2025-05-15
7001196,503075,Real Estate,6961.11,2026-01-22
7001197,502973,Commercial Property,269297.17,2026-02-26
7001198,504138,Real Estate,37147.98,2024-05-30
7001199,502753,Vehicle,239995.98,2024-08-29
7001200,501520,Vehicle,92308.78,2023-10-15
7001201,504094,Equipment,35867.48,2024-06-21
7001202,504819,Real Estate,160782.96,2026-02-15
7001203,501120,Equipment,185844.34,2023-06-24
7001204,501583,Vehicle,3214.5,2024-03-14
7001205,500922,Real Estate,147831.88,2024-07-30
7001206,502776,Equipment,281464.67,2023-08-07
7001207,502351,Real Estate,821319.96,2026-07-30
7001208,501593,Real Estate,23105.11,2025-05-25
7001209,501501,Real Estate,69953.93,2026-03-02
7001210,501852,Commercial Property,104708.21,2024-01-20
7001211,502797,Vehicle,241481.19,2023-11-24
7001212,503143,Equipment,15564.51,2024-02-23
7001213,500753,Vehicle,38013.94,2023-06-10
7001214,502714,Equipment,14158.74,2023-03-27
7001215,501736,Vehicle,18726.84,2025-10-26
7001216,501532,Real Estate,58833.91,2024-09-07
7001217,503282,Equipment,62628.36,2025-06-14
7001218,502163,Commercial Property,282251.83,2025-08-08
7001219,500554,Equipment,504637.11,2025-07-13
7001220,504938,Vehicle,145783.53,2024-08-23
7001221,504596,Real Estate,305387.76,2026-06-18
7001222,502292,Equipment,204802.11,2024-01-17
7001223,504367,Real Estate,17454.27,2024-04-12
7001224,501338,Real Estate,13488.31,2025-05-29
7001225,503566,Vehicle,105633.68,2024-08-28
7001226,501087,Real Estate,14975.33,2026-05-01
7001227,503240,Vehicle,92338.52,2024-03-07
7001228,500407,Vehicle,531783.36,2024-08-17
7001229,500327,Equipment,66123.16,2024-12-07
7001230,501696,Real Estate,45033.21,2023-06-21
7001231,502179,Real Estate,33217.97,2024-08-01
7001232,500157,Equipment,466013.95,2024-04-11
7001233,502607,Other,94360.54,2024-08-25
7001234,501365,Real Estate,245584.96,2026-07-23
7001235,503083,Real Estate,68889.57,2023-04-11
7001236,503888,Equipment,57935.19,2023-03-19
7001237,503844,Real Estate,248946.42,2025-02-26
7001238,500739,Vehicle,18893.23,2023-04-30
7001239,502940,Real Estate,6175.85,2026-02-05
7001240,501381,Vehicle,5396.05,2024-03-24
7001241,504850,Vehicle,6727.0,2025-03-01
7001242,504823,Real Estate,163393.61,2023-10-24
7001243,503854,Real Estate,38422.23,2024-05-16
7001244,502367,Real Estate,134258.95,2024-01-03
7001245,502921,Other,58232.21,2025-03-02
7001246,501423,Equipment,52251.13,2024-09-05
7001247,501006,Equipment,24935.81,2024-01-24
7001248,501917,Vehicle,149222.78,2026-01-05
7001249,501870,Real Estate,80013.24,2023-06-10
7001250,500187,Real Estate,126014.75,2025-04-03
7001251,504233,Real Estate,30069.77,2024-04-12
7001252,504652,Equipment,136254.23,2023-05-06
7001253,500143,Vehicle,74359.63,2025-12-11
7001254,500767,Equipment,15732.64,2025-10-18
7001255,501477,Equipment,7066.22,2026-08-17
7001256,500633,Real Estate,56133.46,2023-02-08
7001257,504360,Real Estate,587142.81,2023-08-09
7001258,503478,Vehicle,13105.19,2026-04-22
7001259,501718,Commercial Property,55064.95,2023-06-24
7001260,504567,Real Estate,28703.2,2025-07-18
7001261,504386,Real Estate,25853.79,2026-05-22
7001262,504003,Real Estate,24426.51,2025-08-21
7001263,503253,Other,194893.01,2023-08-21
7001264,500384,Vehicle,61953.44,2024-04-23
7001265,500030,Real Estate,93075.77,2025-04-29
7001266,503080,Vehicle,116537.54,2024-06-19
7001267,502784,Real Estate,14709.81,2025-10-09
7001268,502884,Equipment,12470.14,2024-04-03
7001269,502204,Vehicle,75254.08,2025-10-08
7001270,501321,Real Estate,181479.75,2026-06-23
7001271,501171,Equipment,37523.77,2025-09-29
7001272,501364,Real Estate,21235.83,2023-09-22
7001273,504338,Commercial Property,48181.75,2023-04-16
7001274,500297,Other,36870.21,2024-12-10
7001275,504514,Vehicle,7509.79,2026-03-03
7001276,501988,Real Estate,59655.92,2023-11-17
7001277,503427,Real Estate,46003.8,2024-05-09
7001278,500259,Real Estate,37407.51,2024-04-07
7001279,501334,Equipment,171820.87,2024-03-30
7001280,504793,Real Estate,625418.89,2024-10-09
7001281,504430,Commercial Property,25990.25,2023-05-09
7001282,501628,Vehicle,84217.32,2025-08-23
7001283,500728,Other,142495.96,2023-05-07
7001284,503164,Vehicle,13422.79,2026-01-06
7001285,502289,Real Estate,150303.18,2024-08-13
7001286,500885,Vehicle,32549.25,2026-04-16
7001287,504630,Equipment,342726.84,2023-03-14
7001288,503039,Commercial Property,82395.96,2024-04-04
7001289,502513,Other,145250.87,2025-08-24
7001290,503664,Equipment,286480.91,2023-08-14
7001291,504867,Vehicle,16504.12,2025-11-14
7001292,502069,Real Estate,197338.77,2023-04-14
7001293,502252,Real Estate,95272.63,2026-02-20
7001294,502587,Vehicle,614950.67,2025-01-26
7001295,503521,Real Estate,90673.42,2026-04-14
7001296,503921,Vehicle,9161.03,2025-12-25
7001297,502158,Commercial Property,640457.73,2026-03-29
7001298,501562,Equipment,10737.63,2026-07-02
7001299,503718,Vehicle,7821.47,2024-11-19
7001300,502049,Other,43410.24,2024-09-01
7001301,503369,Other,32442.67,2025-12-18
7001302,500052,Real Estate,122978.04,2026-08-21
7001303,503529,Vehicle,11438.93,2025-12-17
7001304,502078,Real Estate,19898.09,2025-10-09
7001305,503719,Real Estate,10862.53,2023-04-12
7001306,500114,Equipment,134150.81,2026-07-25
7001307,504855,Real Estate,25310.98,2025-05-29
7001308,502186,Vehicle,182614.85,2025-06-04
7001309,503290,Vehicle,24230.6,2023-07-29
7001310,501662,Vehicle,3697.28,2023-11-07
7001311,502732,Other,7819.37,2025-12-31
7001312,501745,Equipment,99831.58,2024-05-25
7001313,502819,Other,45733.7,2023-04-30
7001314,500028,Real Estate,89926.33,2025-06-29
7001315,502055,Other,131726.69,2024-03-29
7001316,500284,Equipment,17763.01,2024-11-12
7001317,504772,Equipment,46896.16,2026-08-06
7001318,503971,Other,17113.02,2024-07-24
7001319,503037,Vehicle,10986.82,2026-06-30
7001320,502881,Real Estate,8875.26,2025-03-30
7001321,504008,Real Estate,46726.02,2025-06-29
7001322,502560,Real Estate,408952.78,2023-10-21
7001323,503704,Equipment,423944.22,2024-04-01
7001324,500216,Real Estate,687290.21,2024-09-12
7001325,503409,Equipment,7174.68,2023-08-26
7001326,502070,Real Estate,22472.79,2026-08-06
7001327,500612,Other,8132.06,2024-08-01
7001328,502522,Equipment,129362.14,2023-11-11
7001329,500965,Vehicle,80326.65,2024-09-09
7001330,503284,Vehicle,188439.46,2025-05-03
7001331,504028,Commercial Property,142114.41,2025-09-04
7001332,503323,Equipment,7228.59,2024-08-11
7001333,500258,Commercial Property,740733.68,2023-09-04
7001334,504820,Equipment,2507.83,2026-05-09
7001335,501158,Commercial Property,22833.06,2023-07-24
7001336,503449,Real Estate,3898.92,2024-01-10
7001337,502321,Vehicle,368954.57,2025-12-18
7001338,503676,Other,121651.35,2026-01-21
7001339,501478,Real Estate,18044.17,2023-03-18
7001340,502647,Other,151124.14,2025-06-11
7001341,504869,Vehicle,608340.68,2026-01-09
7001342,503579,Vehicle,28472.06,2024-10-28
7001343,503056,Real Estate,27474.96,2025-11-30
7001344,503152,Commercial Property,156598.52,2024-07-07
7001345,500543,Commercial Property,496949.1,2024-03-07
7001346,501269,Real Estate,22422.87,2025-02-15
7001347,504934,Real Estate,51184.05,2026-03-03
7001348,503953,Real Estate,294062.94,2026-04-01
7001349,502222,Vehicle,61079.88,2024-10-21
7001350,504623,Real Estate,285194.18,2024-08-25
7001351,501241,Other,4107.87,2025-07-10
7001352,500508,Commercial Property,410048.42,2026-08-19
7001353,503295,Real Estate,254960.76,2023-08-07
7001354,500976,Real Estate,5724.8,2023-02-20
7001355,501467,Real Estate,21997.86,2025-03-18
7001356,502464,Vehicle,233492.57,2026-01-26
7001357,503970,Equipment,48438.3,2023-03-30
7001358,501523,Vehicle,278978.74,2023-09-09
7001359,503887,Equipment,218431.21,2023-10-22
7001360,503684,Commercial Property,16073.55,2025-04-17
7001361,501420,Real Estate,243672.71,2023-02-18
7001362,500808,Other,136975.93,2025-03-18
7001363,502930,Equipment,17327.12,2023-11-22
7001364,504538,Equipment,51640.15,2023-04-04
7001365,503070,Vehicle,10422.05,2025-11-07
7001366,501943,Equipment,362945.69,2025-10-18
7001367,500016,Commercial Property,58844.09,2025-06-05
7001368,502472,Real Estate,43364.15,2024-11-25
7001369,500804,Commercial Property,13532.86,2025-03-15
7001370,501193,Other,191059.66,2023-10-09
7001371,503471,Vehicle,24993.21,2025-12-13
7001372,503322,Real Estate,34288.31,2023-10-15
7001373,501018,Equipment,97067.96,2023-01-27
7001374,500433,Real Estate,348481.33,2023-06-21
7001375,502050,Vehicle,93982.38,2024-10-19
7001376,500355,Equipment,308188.28,2023-11-02
7001377,502786,Other,13438.45,2023-01-13
7001378,502062,Equipment,132700.07,2025-10-25
7001379,503968,Equipment,315563.79,2024-01-18
7001380,500457,Real Estate,14679.62,2024-09-02
7001381,500173,Vehicle,408400.39,2023-06-27
7001382,501560,Vehicle,185943.96,2024-03-02
7001383,502752,Other,183842.43,2024-06-22
7001384,502551,Vehicle,250217.27,2024-07-31
7001385,500040,Equipment,464231.78,2025-12-25
7001386,501572,Equipment,337355.62,2026-02-19
7001387,501020,Real Estate,14918.2,2026-05-11
7001388,501278,Equipment,94675.14,2026-08-28
7001389,500789,Vehicle,68292.07,2025-12-17
7001390,504395,Vehicle,38943.1,2025-09-24
7001391,501429,Equipment,24863.01,2025-07-23
7001392,503078,Commercial Property,631296.2,2024-05-01
7001393,500455,Vehicle,12211.07,2026-05-08
7001394,502471,Real Estate,314918.93,2025-08-24
7001395,502229,Vehicle,89073.77,2025-06-30
7001396,500674,Other,56419.25,2023-12-24
7001397,504167,Other,16635.76,2023-06-16
7001398,503683,Real Estate,20177.93,2026-06-14
7001399,504655,Vehicle,23241.8,2025-05-22
7001400,500956,Real Estate,32542.72,2025-12-11
7001401,502311,Real Estate,89791.15,2026-05-01
7001402,502235,Commercial Property,330660.49,2025-06-23
7001403,502176,Real Estate,53972.66,2023-09-09
7001404,500484,Vehicle,108894.43,2023-12-04
7001405,504243,Commercial Property,297755.97,2025-11-06
7001406,503115,Real Estate,15851.89,2023-01-15
7001407,503690,Vehicle,190918.31,2025-01-10
7001408,503469,Real Estate,31928.11,2023-01-31
7001409,503717,Vehicle,13339.43,2026-07-02
7001410,503031,Vehicle,11990.15,2024-11-11
7001411,504907,Commercial Property,862211.58,2023-06-18
7001412,501287,Other,229524.9,2024-04-08
7001413,503662,Real Estate,18330.92,2023-11-10
7001414,503285,Real Estate,6176.9,2025-07-06
7001415,501428,Equipment,53779.95,2026-03-25
7001416,503871,Equipment,205451.66,2023-03-30
7001417,502521,Equipment,151732.67,2025-07-28
7001418,500969,Equipment,23217.12,2023-07-10
7001419,501277,Real Estate,23885.81,2023-06-14
7001420,500245,Vehicle,112175.54,2025-01-19
7001421,504502,Equipment,5306.37,2024-05-23
7001422,503808,Equipment,307168.96,2023-04-24
7001423,503637,Vehicle,236754.68,2026-07-28
7001424,503238,Real Estate,141588.08,2025-11-21
7001425,502959,Vehicle,26376.01,2024-02-02
7001426,501495,Real Estate,868087.7,2025-08-01
7001427,504703,Vehicle,15876.36,2025-12-08
7001428,503136,Vehicle,22971.56,2025-04-18
7001429,501983,Commercial Property,128065.15,2024-07-10
7001430,502283,Other,146220.09,2023-04-20
7001431,503389,Vehicle,17202.31,2023-08-01
7001432,504468,Real Estate,436298.24,2026-04-09
7001433,500615,Vehicle,30046.76,2023-08-25
7001434,502422,Equipment,66933.27,2025-06-24
7001435,501114,Real Estate,31465.19,2025-06-24
7001436,503021,Other,7519.16,2025-03-12
7001437,501632,Vehicle,183533.57,2026-06-26
7001438,504621,Real Estate,848676.38,2024-09-01
7001439,504883,Real Estate,8361.69,2024-01-06
7001440,503236,Real Estate,21247.59,2025-09-26
7001441,501319,Vehicle,87909.48,2023-12-19
7001442,503700,Other,51353.67,2023-12-11
7001443,500846,Vehicle,279839.78,2024-09-27
7001444,500831,Other,123880.92,2025-03-06
7001445,504633,Real Estate,464101.75,2025-12-19
7001446,503733,Equipment,65527.18,2025-01-31
7001447,502262,Equipment,28886.31,2026-03-29
7001448,502828,Vehicle,377858.38,2026-07-07
7001449,501898,Real Estate,38945.65,2024-01-16
7001450,500136,Real Estate,49680.97,2026-05-04
7001451,500634,Vehicle,61674.66,2025-05-17
7001452,502178,Real Estate,24133.48,2024-10-31
7001453,501437,Real Estate,160261.16,2025-09-03
7001454,504666,Real Estate,9968.43,2026-02-24
7001455,502993,Real Estate,25184.26,2023-12-06
7001456,503117,Real Estate,367890.58,2025-10-02
7001457,500894,Commercial Property,316714.04,2023-05-17
7001458,504653,Real Estate,2089.96,2025-03-05
7001459,502684,Equipment,352172.88,2023-03-28
7001460,504183,Vehicle,15350.6,2025-05-20
7001461,504168,Vehicle,41609.56,2023-10-01
7001462,504017,Vehicle,20248.21,2025-10-29
7001463,500334,Real Estate,126232.17,2023-05-25
7001464,504236,Equipment,38205.29,2024-10-03
7001465,503128,Real Estate,7260.73,2026-07-20
7001466,504802,Vehicle,58802.19,2025-09-13
7001467,503008,Real Estate,517654.77,2026-02-24
7001468,502579,Real Estate,5587.11,2025-04-13
7001469,501194,Real Estate,42279.84,2025-10-02
7001470,503740,Other,51827.9,2024-12-04
7001471,504612,Equipment,163991.33,2024-08-24
7001472,503500,Real Estate,18144.71,2025-03-29
7001473,503930,Real Estate,2895.29,2023-11-10
7001474,502967,Other,438964.32,2025-10-02
7001475,502326,Equipment,37478.53,2023-08-31
7001476,501234,Other,92037.69,2024-03-19
7001477,504712,Commercial Property,8404.36,2023-11-15
7001478,500056,Equipment,82894.98,2024-01-28
7001479,504273,Equipment,434279.16,2025-05-30
7001480,502927,Commercial Property,14741.08,2023-01-05
7001481,501025,Equipment,79553.93,2025-06-27
7001482,501293,Real Estate,545969.07,2024-02-26
7001483,503773,Vehicle,8133.21,2023-12-10
7001484,501677,Equipment,243860.78,2023-04-28
7001485,501322,Equipment,33205.11,2023-01-22
7001486,503739,Real Estate,76028.0,2025-06-17
7001487,501211,Vehicle,537184.83,2026-05-18
7001488,501901,Equipment,307760.81,2026-01-01
7001489,503640,Real Estate,42901.64,2026-08-09
7001490,502638,Real Estate,184956.98,2025-02-08
7001491,501630,Vehicle,92394.89,2025-09-11
7001492,504440,Vehicle,22034.05,2024-07-23
7001493,501200,Equipment,5732.77,2026-01-30
7001494,502643,Equipment,317276.17,2023-09-04
7001495,500781,Vehicle,5652.11,2023-04-13
7001496,501579,Commercial Property,126779.42,2025-11-28
7001497,500916,Vehicle,61719.16,2023-03-04
7001498,503445,Equipment,126514.06,2023-05-10
7001499,504318,Vehicle,20972.92,2024-11-23
7001500,502444,Real Estate,135760.34,2025-05-20
7001501,503243,Vehicle,226266.86,2025-05-16
7001502,502892,Vehicle,136135.33,2025-03-02
7001503,500649,Vehicle,655957.47,2023-03-25
7001504,502670,Equipment,60079.49,2025-06-16
7001505,500395,Vehicle,412243.62,2025-09-25
7001506,504461,Real Estate,18812.32,2024-09-20
7001507,500361,Other,37121.26,2025-06-05
7001508,501757,Commercial Property,140585.93,2026-03-22
7001509,500780,Real Estate,545784.01,2023-01-08
7001510,500572,Vehicle,16543.86,2025-01-14
7001511,503465,Equipment,7363.03,2026-03-21
7001512,504776,Vehicle,36207.21,2023-08-01
7001513,503275,Vehicle,171212.5,2024-12-06
7001514,503189,Real Estate,57830.83,2024-06-06
7001515,501957,Vehicle,993.1,2026-08-21
7001516,502730,Real Estate,3964.75,2023-01-12
7001517,503215,Real Estate,378473.62,2026-01-03
7001518,500619,Vehicle,42382.77,2024-04-27
7001519,502385,Equipment,138228.77,2024-08-25
7001520,500293,Real Estate,31519.8,2024-02-06
7001521,501780,Other,4145.0,2024-02-11
7001522,502081,Real Estate,76004.97,2023-12-24
7001523,501434,Vehicle,343559.97,2025-01-05
7001524,501793,Vehicle,319868.33,2026-01-04
7001525,502332,Vehicle,130605.45,2024-08-14
7001526,503726,Equipment,345430.75,2026-01-11
7001527,503411,Real Estate,303204.52,2025-01-17
7001528,500058,Other,5595.13,2026-07-26
7001529,500094,Commercial Property,153221.81,2025-04-22
7001530,500466,Real Estate,48096.03,2023-10-22
7001531,504940,Real Estate,32515.56,2024-05-25
7001532,501353,Equipment,263411.12,2025-11-10
7001533,501537,Commercial Property,116159.4,2023-12-17
7001534,504519,Other,13678.52,2023-08-26
7001535,504702,Vehicle,97415.98,2025-08-05
7001536,501136,Real Estate,6890.0,2023-05-26
7001537,503333,Real Estate,65221.18,2023-07-06
7001538,501993,Real Estate,349661.78,2024-06-02
7001539,501948,Real Estate,34779.07,2023-04-25
7001540,504577,Vehicle,81061.16,2024-04-24
7001541,500124,Real Estate,157010.36,2025-06-29
7001542,502137,Equipment,60062.54,2023-12-27
7001543,501807,Vehicle,19023.11,2024-09-27
7001544,501549,Vehicle,34866.25,2023-10-08
7001545,503074,Vehicle,11004.63,2024-04-01
7001546,503228,Real Estate,51094.78,2024-06-27
7001547,502306,Commercial Property,42255.04,2026-08-07
7001548,503698,Commercial Property,72508.5,2024-04-04
7001549,501450,Real Estate,98964.04,2025-08-31
7001550,501512,Other,11458.57,2025-12-11
7001551,500646,Vehicle,21412.53,2026-01-03
7001552,501968,Real Estate,13822.25,2026-05-01
7001553,504001,Vehicle,50036.43,2026-01-29
7001554,502460,Real Estate,136830.91,2026-08-08
7001555,503965,Vehicle,126744.55,2026-04-25
7001556,501357,Real Estate,151384.85,2026-03-22
7001557,504954,Equipment,19820.65,2023-10-18
7001558,503145,Equipment,3187.79,2026-06-16
7001559,504309,Real Estate,92667.01,2024-08-18
7001560,502236,Other,29634.48,2023-11-23
7001561,504410,Equipment,200883.64,2026-08-18
7001562,504012,Real Estate,6660.32,2026-07-26
7001563,500073,Vehicle,92952.62,2024-11-17
7001564,503158,Other,26243.77,2024-05-26
7001565,504832,Real Estate,23739.82,2023-11-10
7001566,503982,Commercial Property,53519.94,2025-09-26
7001567,504292,Real Estate,107156.21,2023-12-27
7001568,502126,Equipment,282563.15,2024-01-14
7001569,503388,Vehicle,4558.37,2023-09-26
7001570,500248,Real Estate,12949.03,2024-03-18
7001571,504918,Real Estate,19295.02,2024-02-01
7001572,502846,Real Estate,110889.56,2023-12-12
7001573,504093,Vehicle,30488.62,2025-07-21
7001574,500031,Vehicle,17612.05,2024-08-17
7001575,501290,Real Estate,748544.64,2026-06-29
7001576,502742,Vehicle,199487.51,2025-05-31
7001577,503879,Equipment,39189.7,2023-08-11
7001578,503125,Real Estate,14808.01,2023-01-09
7001579,500305,Real Estate,386205.68,2025-10-05
7001580,500349,Real Estate,229197.26,2026-04-08
7001581,500744,Vehicle,185260.71,2023-06-30
7001582,502602,Commercial Property,496748.89,2023-11-19
7001583,500774,Equipment,46835.0,2025-06-11
7001584,503628,Equipment,72725.95,2023-05-14
7001585,500102,Vehicle,260499.54,2023-11-03
7001586,501090,Real Estate,9839.83,2024-05-26
7001587,501538,Vehicle,370457.99,2023-10-31
7001588,503169,Commercial Property,114318.7,2024-06-15
7001589,503235,Real Estate,110220.11,2025-05-15
7001590,501588,Real Estate,90758.05,2026-05-24
7001591,504357,Equipment,176805.57,2025-01-25
7001592,503131,Equipment,5562.79,2025-11-06
7001593,504222,Vehicle,164475.6,2025-04-01
7001594,503959,Equipment,674571.94,2026-08-25
7001595,504963,Real Estate,47972.14,2026-01-12
7001596,504117,Equipment,31762.67,2026-03-28
7001597,500294,Real Estate,22501.0,2023-07-21
7001598,503618,Commercial Property,165793.31,2024-10-01
7001599,503964,Vehicle,109421.91,2024-08-09
7001600,502938,Real Estate,9825.94,2025-01-13
7001601,502012,Vehicle,138151.28,2025-09-21
7001602,500044,Vehicle,26647.92,2023-05-15
7001603,501498,Real Estate,79993.4,2026-06-27
7001604,504975,Other,15922.4,2024-11-21
7001605,504987,Commercial Property,118432.71,2024-04-09
7001606,501257,Vehicle,141941.42,2025-11-26
7001607,502263,Vehicle,9477.43,2025-08-09
7001608,503979,Equipment,161515.1,2023-02-08
7001609,504240,Equipment,14878.87,2024-10-01
7001610,502970,Real Estate,10395.66,2024-03-17
7001611,503301,Vehicle,23808.08,2026-06-08
7001612,502831,Vehicle,22344.9,2026-03-18
7001613,501260,Vehicle,211475.35,2023-03-13
7001614,501058,Real Estate,40245.9,2024-05-02
7001615,503319,Vehicle,95586.76,2025-09-09
7001616,503756,Commercial Property,211136.07,2024-08-16
7001617,502919,Other,100121.93,2023-02-15
7001618,500144,Vehicle,40764.87,2025-09-29
7001619,503134,Other,10418.94,2026-01-31
7001620,501509,Equipment,50947.79,2024-07-31
7001621,504986,Real Estate,316579.34,2023-06-13
7001622,502816,Real Estate,1013871.21,2023-07-02
7001623,500283,Equipment,308815.68,2023-09-12
7001624,502635,Real Estate,34969.22,2026-07-17
7001625,502691,Equipment,21002.73,2023-10-14
7001626,504864,Vehicle,10313.54,2024-11-18
7001627,500070,Equipment,7308.98,2025-04-23
7001628,502293,Equipment,10578.88,2025-04-16
7001629,502051,Real Estate,427471.45,2024-09-04
7001630,504901,Real Estate,850364.45,2023-03-18
7001631,500229,Real Estate,208607.16,2023-05-08
7001632,504625,Real Estate,61806.33,2025-08-03
7001633,502886,Real Estate,230586.53,2026-05-21
7001634,504689,Equipment,15928.07,2023-07-11
7001635,503806,Equipment,11298.26,2024-08-28
7001636,500764,Real Estate,51327.21,2024-02-04
7001637,503177,Real Estate,69414.65,2023-01-07
7001638,500923,Real Estate,2324.47,2025-10-18
7001639,500927,Vehicle,14681.77,2025-12-08
7001640,500817,Real Estate,134081.79,2024-12-23
7001641,502448,Real Estate,39668.16,2024-08-25
7001642,504936,Commercial Property,261934.54,2023-11-20
7001643,500195,Commercial Property,157051.19,2025-08-22
7001644,500306,Equipment,42539.48,2025-08-11
7001645,504198,Vehicle,421324.6,2024-08-26
7001646,502997,Commercial Property,44154.33,2024-03-09
7001647,504202,Vehicle,146274.48,2023-09-28
7001648,502824,Vehicle,225358.43,2024-09-28
7001649,504959,Other,112020.65,2026-01-25
7001650,504289,Commercial Property,8974.59,2023-04-15
7001651,504648,Commercial Property,145831.8,2026-08-02
7001652,501237,Equipment,20246.25,2025-05-14
7001653,504871,Real Estate,19708.38,2025-06-06
7001654,503419,Commercial Property,235732.15,2023-05-25
7001655,501883,Vehicle,6463.37,2026-07-19
7001656,504163,Real Estate,364195.84,2026-03-05
7001657,502383,Equipment,54076.91,2026-05-02
7001658,504583,Vehicle,114064.14,2023-08-01
7001659,504752,Real Estate,47407.98,2024-08-31
7001660,502532,Vehicle,27958.25,2025-01-05
7001661,503239,Other,18779.52,2024-11-03
7001662,501150,Commercial Property,46298.3,2026-04-23
7001663,500251,Equipment,143712.09,2025-08-01
7001664,504283,Equipment,13848.37,2023-10-15
7001665,502065,Equipment,21336.39,2024-05-17
7001666,504839,Equipment,106756.47,2025-03-03
7001667,503365,Real Estate,105667.34,2025-02-06
7001668,503376,Real Estate,24031.6,2023-06-26
7001669,504810,Vehicle,17642.5,2026-06-23
7001670,500055,Commercial Property,723994.28,2025-04-11
7001671,500645,Other,20173.07,2025-01-27
7001672,500174,Equipment,49778.65,2025-04-21
7001673,502349,Real Estate,42374.69,2026-04-24
7001674,500672,Equipment,490138.67,2024-05-02
7001675,502197,Equipment,165200.69,2025-09-16
7001676,502936,Commercial Property,283498.93,2023-02-19
7001677,503952,Equipment,153873.28,2023-07-23
7001678,500842,Real Estate,64889.23,2024-09-16
7001679,503513,Real Estate,63397.42,2024-12-19
7001680,503737,Vehicle,60412.05,2023-10-05
7001681,500447,Other,133729.45,2025-01-29
7001682,502443,Equipment,57777.87,2025-05-01
7001683,503423,Other,65085.26,2025-11-30
7001684,502136,Equipment,10632.25,2025-05-06
7001685,500422,Vehicle,255582.31,2025-11-22
7001686,500532,Commercial Property,313428.03,2023-04-09
7001687,501410,Vehicle,241576.54,2024-05-12
7001688,504399,Vehicle,61513.34,2025-12-08
7001689,500638,Commercial Property,20897.87,2025-09-26
7001690,501386,Real Estate,11802.51,2024-08-05
7001691,500237,Real Estate,290392.03,2026-04-18
7001692,500642,Vehicle,11895.88,2026-03-05
7001693,502614,Real Estate,10121.34,2024-12-09
7001694,501202,Commercial Property,776273.19,2025-03-30
7001695,503119,Real Estate,109370.81,2024-08-25
7001696,502855,Equipment,107409.24,2024-06-24
7001697,500732,Vehicle,44443.01,2026-05-24
7001698,504939,Real Estate,314844.6,2025-06-07
7001699,504119,Real Estate,379137.19,2026-04-29
7001700,502717,Vehicle,14156.26,2023-01-10
7001701,504870,Vehicle,31115.55,2023-06-23
7001702,502184,Commercial Property,36792.11,2024-07-02
7001703,502918,Other,7235.93,2023-06-29
7001704,503472,Real Estate,44270.35,2026-04-26
7001705,501196,Real Estate,86420.97,2024-03-29
7001706,504098,Equipment,49408.32,2025-06-19
7001707,502485,Real Estate,104858.95,2024-07-07
7001708,501802,Equipment,342798.0,2023-04-15
7001709,500882,Real Estate,475192.75,2024-08-22
7001710,500256,Other,14553.93,2026-06-28
7001711,501760,Vehicle,35135.36,2025-07-28
7001712,503666,Vehicle,361333.21,2024-12-15
7001713,500763,Vehicle,91229.54,2025-08-19
7001714,500161,Real Estate,401361.63,2024-11-12
7001715,504080,Equipment,42147.62,2024-10-27
7001716,501263,Real Estate,33943.77,2023-12-18
7001717,504174,Other,35423.61,2024-07-22
7001718,502544,Real Estate,73217.18,2024-10-10
7001719,501838,Commercial Property,61233.04,2024-07-22
7001720,501749,Other,311487.97,2026-02-08
7001721,500898,Real Estate,153136.9,2026-07-12
7001722,501491,Vehicle,49819.08,2023-07-19
7001723,501671,Vehicle,383100.42,2025-12-14
7001724,504393,Vehicle,35829.91,2026-02-25
7001725,504665,Real Estate,62410.05,2024-11-24
7001726,503510,Real Estate,17823.6,2026-06-03
7001727,504182,Equipment,68508.55,2023-07-17
7001728,501592,Real Estate,317770.73,2026-01-21
7001729,501060,Equipment,235562.88,2024-02-23
7001730,502064,Vehicle,57542.28,2023-05-01
7001731,500713,Commercial Property,48293.29,2026-03-21
7001732,501461,Commercial Property,307557.85,2025-07-31
7001733,502763,Commercial Property,160051.41,2026-03-17
7001734,502492,Vehicle,135211.65,2023-09-15
7001735,503020,Real Estate,59155.99,2023-04-18
7001736,501469,Other,5987.63,2025-01-18
7001737,501930,Equipment,555155.54,2024-05-23
7001738,504014,Vehicle,220936.43,2025-09-16
7001739,500528,Other,327837.51,2023-12-22
7001740,500486,Real Estate,556327.43,2024-10-01
7001741,500166,Other,22953.79,2026-01-28
7001742,500961,Real Estate,114775.11,2025-06-06
7001743,502537,Vehicle,57910.55,2026-05-24
7001744,500218,Vehicle,94811.42,2025-05-24
7001745,502475,Real Estate,103949.71,2024-07-01
7001746,502438,Equipment,205192.49,2025-09-08
7001747,501203,Real Estate,11115.9,2025-04-03
7001748,503885,Other,591819.34,2023-01-04
7001749,503027,Equipment,418811.37,2024-03-12
7001750,503276,Vehicle,2938.64,2024-12-17
7001751,504733,Vehicle,301708.87,2023-12-06
7001752,502592,Equipment,41142.88,2023-02-22
7001753,504528,Vehicle,88326.6,2025-05-28
7001754,500084,Vehicle,12136.48,2026-01-31
7001755,500042,Real Estate,131095.43,2025-08-07
7001756,504896,Equipment,51881.23,2023-07-21
7001757,503832,Real Estate,13726.33,2025-01-18
7001758,503995,Vehicle,81354.22,2025-06-30
7001759,500952,Real Estate,34391.31,2024-09-07
7001760,500722,Vehicle,98048.66,2023-01-12
7001761,504713,Equipment,12033.93,2025-05-20
7001762,501169,Real Estate,525125.85,2023-07-02
7001763,501460,Vehicle,142570.85,2023-11-11
7001764,503066,Equipment,16516.96,2024-03-17
7001765,500065,Real Estate,51906.75,2023-08-05
7001766,501616,Real Estate,94784.97,2024-09-22
7001767,500107,Real Estate,33227.27,2026-04-22
7001768,503464,Vehicle,242081.91,2026-04-19
7001769,500731,Real Estate,59278.96,2026-01-31
7001770,500012,Equipment,167468.71,2025-07-31
7001771,503772,Real Estate,46665.96,2024-01-31
7001772,503457,Vehicle,105656.54,2025-03-11
7001773,503138,Equipment,154530.54,2023-03-15
7001774,500418,Vehicle,568359.73,2024-10-03
7001775,504868,Commercial Property,523723.69,2023-11-01
7001776,504582,Vehicle,14212.88,2025-11-22
7001777,504536,Real Estate,236882.97,2026-01-01
7001778,500773,Other,5091.82,2025-12-18
7001779,500132,Equipment,167816.31,2023-04-13
7001780,500982,Vehicle,56532.85,2024-05-24
7001781,503111,Equipment,4322.22,2023-04-21
7001782,504750,Commercial Property,17253.6,2026-05-06
7001783,504434,Vehicle,324841.38,2025-02-09
7001784,503972,Real Estate,124366.44,2025-10-01
7001785,502627,Vehicle,3334.46,2024-06-14
7001786,504845,Other,184587.65,2026-08-20
7001787,503769,Real Estate,99017.48,2023-04-22
7001788,504891,Vehicle,15927.2,2026-02-25
7001789,504572,Real Estate,26408.34,2025-04-11
7001790,504510,Other,12064.08,2025-01-26
7001791,500113,Real Estate,38515.22,2023-11-18
7001792,500868,Real Estate,40253.14,2023-12-03
7001793,502749,Real Estate,60240.68,2023-07-14
7001794,504091,Equipment,70356.71,2026-08-06
7001795,500269,Real Estate,68190.14,2025-04-03
7001796,503524,Real Estate,18816.17,2026-03-15
7001797,500700,Vehicle,115968.99,2025-01-30
7001798,500490,Equipment,18993.29,2025-03-09
7001799,504619,Real Estate,119294.28,2024-07-21
7001800,500472,Real Estate,93956.4,2025-05-20
7001801,500064,Vehicle,241264.1,2024-01-31
7001802,504358,Real Estate,104758.34,2023-02-15
7001803,503792,Commercial Property,266079.55,2024-09-27
7001804,501826,Vehicle,479321.19,2025-07-02
7001805,504961,Real Estate,143348.86,2025-01-28
7001806,503701,Real Estate,125289.97,2023-06-05
7001807,504175,Equipment,11747.96,2024-01-17
7001808,501101,Real Estate,353059.48,2026-03-17
7001809,504908,Real Estate,3238.79,2024-08-28
7001810,500974,Real Estate,37653.06,2024-06-07
7001811,504177,Vehicle,250713.69,2024-12-08
7001812,503271,Equipment,6105.6,2025-01-02
7001813,500622,Vehicle,15017.35,2023-01-07
7001814,500698,Real Estate,65375.32,2024-09-07
7001815,502315,Vehicle,120522.86,2026-05-04
7001816,500452,Real Estate,510846.73,2023-11-14
7001817,502305,Vehicle,14094.11,2025-11-22
7001818,500300,Commercial Property,21436.53,2025-12-22
7001819,503523,Other,100287.0,2024-05-08
7001820,502237,Commercial Property,310246.9,2024-08-09
7001821,501938,Vehicle,69035.5,2026-02-13
7001822,501189,Commercial Property,25700.71,2024-04-03
7001823,501776,Equipment,515819.99,2024-04-23
7001824,503317,Vehicle,14573.27,2025-05-30
7001825,500815,Equipment,88242.85,2024-08-28
7001826,501636,Real Estate,162596.53,2023-06-25
7001827,504156,Real Estate,295139.88,2023-05-11
7001828,504105,Real Estate,809268.65,2024-09-24
7001829,500708,Commercial Property,477552.48,2024-04-03
7001830,500378,Equipment,104140.11,2023-02-27
7001831,504708,Equipment,183654.33,2023-03-26
7001832,500702,Vehicle,6758.08,2023-04-03
7001833,501773,Real Estate,97412.06,2024-08-17
7001834,502709,Vehicle,123671.14,2023-05-13
7001835,501653,Real Estate,28955.38,2024-01-29
7001836,503892,Equipment,298528.5,2026-05-18
7001837,503122,Commercial Property,25218.69,2025-10-11
7001838,501830,Real Estate,7925.59,2024-03-11
7001839,502974,Real Estate,140714.39,2023-10-19
7001840,503232,Real Estate,17957.54,2023-08-17
7001841,504748,Real Estate,334385.74,2024-11-15
7001842,502630,Real Estate,213042.11,2025-04-03
7001843,504417,Equipment,36321.12,2023-11-08
7001844,503009,Commercial Property,123313.15,2025-10-14
7001845,502083,Vehicle,32318.78,2023-11-10
7001846,500003,Commercial Property,167801.79,2024-04-26
7001847,500168,Real Estate,11244.94,2025-07-14
7001848,500470,Other,185160.58,2026-02-02
7001849,502013,Equipment,83837.8,2025-03-17
7001850,503405,Real Estate,7660.71,2024-02-24
7001851,500977,Real Estate,90653.39,2023-04-24
7001852,501521,Vehicle,172431.48,2023-04-27
7001853,501348,Equipment,251004.9,2026-01-23
7001854,502994,Equipment,28129.85,2023-08-15
7001855,503819,Other,266715.45,2026-01-11
7001856,501059,Real Estate,451348.89,2025-10-28
7001857,502871,Commercial Property,22017.16,2023-01-14
7001858,500427,Real Estate,21939.44,2023-11-01
7001859,504483,Other,255904.99,2023-09-04
7001860,503632,Real Estate,42920.77,2023-01-19
7001861,503923,Vehicle,16784.1,2025-04-22
7001862,504933,Real Estate,9063.56,2023-06-10
7001863,503166,Vehicle,208968.09,2025-02-21
7001864,501621,Other,27852.02,2026-01-14
7001865,502585,Equipment,603716.25,2025-12-30
7001866,504812,Vehicle,340241.62,2026-01-10
7001867,501686,Vehicle,46588.82,2023-05-29
7001868,504817,Other,73364.97,2024-02-09
7001869,504813,Commercial Property,158264.94,2025-04-23
7001870,501366,Real Estate,149685.61,2023-08-31
7001871,501614,Commercial Property,8164.85,2026-02-17
7001872,504448,Real Estate,12596.91,2023-05-06
7001873,500733,Equipment,148630.12,2024-10-21
7001874,504317,Vehicle,109554.63,2023-09-18
7001875,503590,Real Estate,422392.54,2023-05-04
7001876,504491,Other,27447.43,2023-01-01
7001877,501848,Vehicle,36591.43,2024-07-14
7001878,504650,Real Estate,137184.56,2023-04-30
7001879,501744,Equipment,10728.29,2023-07-09
7001880,500178,Commercial Property,190333.17,2023-12-11
7001881,502625,Other,224569.97,2025-10-25
7001882,504387,Real Estate,257125.59,2025-03-28
7001883,503351,Equipment,45514.28,2023-12-01
7001884,502123,Vehicle,253484.03,2026-03-14
7001885,500214,Equipment,10072.64,2024-04-19
7001886,500428,Equipment,31639.29,2023-08-22
7001887,500564,Other,528433.86,2025-03-17
7001888,504208,Real Estate,46797.28,2026-01-19
7001889,503886,Real Estate,256196.66,2026-01-09
7001890,504830,Vehicle,370231.88,2025-08-06
7001891,504493,Real Estate,233818.72,2023-07-18
7001892,504730,Equipment,67162.96,2024-11-02
7001893,502519,Vehicle,33238.04,2025-03-14
7001894,500607,Real Estate,186214.87,2024-02-01
7001895,502782,Real Estate,176777.86,2023-11-25
7001896,504553,Real Estate,152428.54,2026-05-17
7001897,502317,Real Estate,39278.98,2025-12-01
7001898,500807,Equipment,153480.58,2025-11-30
7001899,502209,Vehicle,243604.31,2026-07-04
7001900,503720,Other,26575.08,2024-04-09
7001901,502700,Equipment,27168.84,2025-11-09
7001902,503137,Vehicle,23593.48,2023-07-16
7001903,501370,Vehicle,18686.5,2025-05-21
7001904,500141,Vehicle,164467.48,2025-03-15
7001905,503223,Vehicle,212117.21,2023-08-23
7001906,500004,Commercial Property,392072.49,2024-12-21
7001907,502038,Real Estate,46297.73,2023-12-26
7001908,500375,Real Estate,5918.39,2025-09-23
7001909,501701,Real Estate,53455.06,2026-08-12
7001910,504478,Real Estate,36910.8,2023-12-09
7001911,502539,Vehicle,162381.58,2023-03-24
7001912,503372,Vehicle,8027.3,2023-05-15
7001913,501529,Vehicle,69872.5,2023-06-21
7001914,504072,Real Estate,145251.71,2025-06-16
7001915,504428,Vehicle,3158.99,2026-07-23
7001916,502116,Real Estate,410293.75,2026-01-08
7001917,504539,Equipment,214525.74,2023-02-12
7001918,503019,Vehicle,81792.25,2025-12-26
7001919,500631,Real Estate,211110.45,2025-04-02
7001920,502314,Real Estate,153223.55,2023-03-28
7001921,501165,Vehicle,75106.64,2025-09-05
7001922,500515,Real Estate,196687.47,2023-07-22
7001923,504005,Equipment,15045.58,2025-05-28
7001924,500241,Vehicle,10519.25,2023-01-24
7001925,502416,Equipment,291752.12,2023-07-26
7001926,503406,Commercial Property,30124.34,2024-10-31
7001927,500053,Vehicle,10443.24,2026-07-21
7001928,500032,Commercial Property,15564.21,2026-01-08
7001929,502571,Real Estate,17313.97,2026-02-19
7001930,501950,Equipment,109063.79,2023-05-05
7001931,501320,Vehicle,43847.74,2025-06-13
7001932,500539,Equipment,13659.36,2026-03-15
7001933,500945,Vehicle,43882.06,2026-07-14
7001934,504657,Real Estate,295867.08,2024-04-11
7001935,500496,Real Estate,111568.39,2025-11-06
7001936,503981,Vehicle,2094.99,2023-09-12
7001937,502029,Vehicle,359696.59,2023-03-11
7001938,503483,Real Estate,6619.13,2023-04-24
7001939,503752,Real Estate,104814.95,2023-09-30
7001940,502843,Vehicle,235728.34,2024-01-16
7001941,504897,Equipment,6829.04,2026-02-28
7001942,503197,Real Estate,45660.9,2023-04-06
7001943,500654,Equipment,59102.83,2025-01-10
7001944,500238,Other,55401.22,2024-01-21
7001945,503567,Equipment,11037.52,2023-03-05
7001946,500475,Vehicle,285737.15,2025-08-10
7001947,502570,Real Estate,14075.91,2025-02-09
7001948,504551,Vehicle,26772.14,2025-03-10
7001949,501971,Vehicle,8110.88,2024-09-10
7001950,501062,Vehicle,171702.51,2026-04-30
7001951,501524,Equipment,141384.97,2023-11-21
7001952,503825,Equipment,5212.9,2023-04-28
7001953,503901,Real Estate,316541.01,2023-10-01
7001954,500516,Real Estate,3418.79,2023-03-02
7001955,504843,Vehicle,108860.3,2023-02-15
7001956,502295,Vehicle,23763.49,2025-04-08
7001957,501224,Real Estate,12782.45,2024-05-03
7001958,501840,Equipment,532463.08,2026-04-02
7001959,504958,Real Estate,607314.76,2023-07-23
7001960,504590,Real Estate,46513.82,2023-04-29
7001961,503653,Commercial Property,197921.78,2025-01-07
7001962,503813,Real Estate,222715.42,2023-03-17
7001963,500007,Other,32271.59,2026-04-18
7001964,504010,Vehicle,57289.49,2025-05-05
7001965,501121,Other,3005.93,2025-02-02
7001966,503377,Vehicle,13835.1,2024-07-13
7001967,502545,Vehicle,189370.37,2024-01-18
7001968,502975,Other,103328.57,2023-05-05
7001969,504480,Equipment,8263.39,2023-05-02
7001970,503393,Vehicle,22205.33,2023-06-24
7001971,504727,Equipment,77748.2,2025-07-18
7001972,504836,Vehicle,128961.78,2025-10-26
7001973,504207,Vehicle,2074.27,2024-05-22
7001974,504511,Real Estate,34653.6,2023-09-06
7001975,502304,Vehicle,46085.0,2025-01-06
7001976,504956,Vehicle,284071.26,2025-02-01
7001977,504534,Real Estate,53618.92,2026-03-12
7001978,501125,Commercial Property,82831.13,2024-02-12
7001979,500394,Real Estate,23348.26,2023-07-29
7001980,501688,Real Estate,37198.65,2026-04-20
7001981,501264,Equipment,32228.67,2025-04-06
7001982,501987,Other,122433.72,2025-01-29
7001983,504757,Vehicle,14036.13,2025-03-05
7001984,500900,Commercial Property,89189.75,2025-04-01
7001985,502597,Other,137036.94,2024-06-04
7001986,503804,Real Estate,418830.27,2023-12-28
7001987,501660,Real Estate,5083.94,2023-04-11
7001988,500292,Real Estate,339528.24,2025-07-01
7001989,503779,Other,152294.97,2023-01-29
7001990,504798,Equipment,270835.45,2023-10-29
7001991,501446,Equipment,163023.53,2026-03-10
7001992,503988,Real Estate,568732.79,2026-07-17
7001993,503680,Commercial Property,27537.59,2025-10-18
7001994,501720,Real Estate,213969.02,2023-10-09
7001995,503572,Real Estate,236506.92,2024-07-24
7001996,503340,Vehicle,103972.71,2025-10-31
7001997,504272,Other,5081.65,2023-11-28
7001998,500793,Real Estate,98739.29,2025-04-29
7001999,500193,Vehicle,1404.31,2024-11-26
7002000,500973,Commercial Property,441609.71,2024-06-03
7002001,500869,Real Estate,3505.25,2024-01-10
7002002,503817,Real Estate,412598.38,2024-05-24
7002003,503989,Real Estate,321480.14,2023-01-09
7002004,503875,Equipment,63231.04,2025-10-08
7002005,504787,Real Estate,272045.95,2023-11-22
7002006,501891,Equipment,446828.08,2023-08-17
7002007,504705,Other,14065.86,2024-09-06
7002008,503809,Real Estate,232489.41,2025-07-10
7002009,504082,Real Estate,38427.17,2023-04-02
7002010,503430,Other,48020.74,2023-08-08
7002011,504979,Equipment,298348.68,2023-03-09
7002012,504128,Real Estate,35961.54,2023-10-31
7002013,501716,Real Estate,11282.25,2024-11-17
7002014,500812,Vehicle,15315.56,2024-01-25
7002015,503514,Real Estate,266495.23,2024-12-12
7002016,503097,Vehicle,455257.47,2024-07-13
7002017,503911,Vehicle,25398.79,2025-01-16
7002018,503980,Equipment,20042.22,2023-08-11
7002019,503840,Equipment,53085.77,2025-10-08
7002020,500323,Real Estate,98576.55,2026-07-09
7002021,504683,Equipment,18354.04,2024-12-14
7002022,500023,Real Estate,65441.51,2024-06-19
7002023,500587,Real Estate,8057.11,2025-09-25
7002024,503127,Real Estate,16403.94,2024-09-06
7002025,503541,Equipment,219978.08,2026-01-05
7002026,504021,Commercial Property,33805.05,2025-06-03
7002027,502002,Equipment,28495.54,2023-04-25
7002028,502061,Equipment,103564.42,2023-12-12
7002029,502623,Real Estate,240526.72,2026-01-03
7002030,501179,Real Estate,43366.66,2023-03-26
7002031,501161,Real Estate,47799.0,2023-07-07
7002032,500662,Equipment,3883.06,2023-09-18
7002033,504131,Commercial Property,23936.72,2026-02-11
7002034,501715,Vehicle,167067.6,2025-01-18
7002035,501610,Equipment,326957.14,2024-04-24
7002036,502232,Real Estate,215633.8,2026-08-21
7002037,503727,Equipment,11294.71,2025-05-16
7002038,504499,Vehicle,27421.03,2023-10-30
7002039,500471,Vehicle,84294.02,2024-07-22
7002040,500826,Real Estate,67537.44,2025-08-15
7002041,503713,Commercial Property,14576.24,2023-07-23
7002042,502807,Equipment,36465.39,2024-09-01
7002043,502922,Real Estate,59345.22,2025-10-20
7002044,500509,Vehicle,30524.4,2023-05-26
7002045,504503,Equipment,229783.06,2023-02-03
7002046,503090,Vehicle,109125.68,2025-04-07
7002047,500492,Commercial Property,5836.72,2023-08-03
7002048,503826,Commercial Property,7143.24,2023-11-02
7002049,504926,Commercial Property,5578.72,2026-03-11
7002050,502957,Vehicle,4210.52,2024-01-24
7002051,502303,Equipment,9259.55,2026-04-21
7002052,504188,Vehicle,9546.98,2025-10-11
7002053,502703,Vehicle,522011.23,2024-07-31
7002054,503767,Vehicle,52337.63,2024-09-30
7002055,502954,Vehicle,170246.36,2025-04-03
7002056,501571,Equipment,242990.56,2025-02-05
7002057,504090,Real Estate,112645.38,2025-02-17
7002058,501261,Vehicle,204780.98,2026-02-02
7002059,501440,Vehicle,404318.58,2026-04-03
7002060,501729,Vehicle,48279.93,2024-04-20
7002061,503711,Equipment,6428.18,2025-04-04
7002062,502205,Commercial Property,730933.81,2024-06-25
7002063,502762,Equipment,7377.86,2026-02-19
7002064,501765,Equipment,806823.17,2023-01-22
7002065,504760,Other,40213.73,2025-09-13
7002066,501503,Vehicle,206377.84,2024-10-07
7002067,501167,Real Estate,5983.9,2025-11-30
7002068,501667,Vehicle,28799.65,2023-01-07
7002069,502354,Vehicle,26019.73,2026-02-25
7002070,501819,Equipment,26001.34,2026-07-24
7002071,502645,Vehicle,101005.57,2025-03-19
7002072,504500,Other,53931.33,2023-12-30
7002073,501282,Vehicle,36554.66,2026-01-18
7002074,504134,Other,124443.85,2024-07-18
7002075,501567,Real Estate,44865.89,2023-05-11
7002076,502264,Equipment,613572.25,2026-02-10
7002077,502288,Real Estate,22192.23,2025-06-29
7002078,500855,Commercial Property,262043.5,2023-06-11
7002079,500078,Equipment,13637.01,2025-12-10
7002080,503401,Vehicle,12507.72,2023-06-05
7002081,500860,Vehicle,6683.46,2026-06-22
7002082,502952,Real Estate,7019.23,2026-08-13
7002083,501496,Vehicle,10812.79,2025-09-05
7002084,504158,Real Estate,13425.41,2026-08-26
7002085,504239,Real Estate,5664.01,2026-04-07
7002086,504909,Vehicle,25716.12,2024-12-26
7002087,503969,Real Estate,112995.05,2023-04-17
7002088,504086,Commercial Property,42024.1,2024-09-05
7002089,501689,Vehicle,84536.96,2026-01-30
7002090,502379,Vehicle,171934.33,2023-07-03
7002091,501345,Equipment,17363.09,2023-12-20
7002092,504306,Vehicle,159608.77,2024-06-29
7002093,500949,Commercial Property,56926.03,2026-05-28
7002094,503530,Vehicle,218197.08,2024-01-20
7002095,502662,Commercial Property,295203.44,2023-06-29
7002096,501292,Other,307461.24,2025-11-24
7002097,502637,Real Estate,8865.35,2024-02-14
7002098,503497,Real Estate,320082.97,2025-05-30
7002099,504418,Real Estate,4153.86,2026-08-16
7002100,504941,Real Estate,353245.32,2024-09-19
7002101,504420,Vehicle,14172.48,2025-12-02
7002102,500400,Vehicle,9972.29,2025-05-16
7002103,501836,Real Estate,27853.06,2024-05-21
7002104,503775,Equipment,26480.57,2026-06-26
7002105,501056,Vehicle,3154.28,2023-06-01
7002106,503032,Real Estate,11399.81,2025-07-14
7002107,503670,Real Estate,1195174.62,2023-03-13
7002108,502543,Real Estate,32216.2,2023-11-03
7002109,503179,Real Estate,55997.19,2023-08-29
7002110,503563,Commercial Property,19358.24,2023-08-02
7002111,500191,Real Estate,26855.75,2023-05-27
7002112,502146,Real Estate,12091.87,2024-07-09
7002113,500497,Real Estate,59344.32,2026-05-26
7002114,500548,Vehicle,65856.54,2026-01-07
7002115,501484,Real Estate,143838.56,2025-12-09
7002116,503688,Vehicle,371594.32,2023-06-16
7002117,503025,Equipment,18547.42,2025-11-22
7002118,503829,Real Estate,123368.99,2026-08-18
7002119,501687,Equipment,72847.07,2023-07-31
7002120,500398,Real Estate,24030.24,2024-04-14
7002121,502874,Real Estate,453633.24,2025-03-14
7002122,503738,Commercial Property,174691.97,2023-02-11
7002123,500160,Real Estate,41753.64,2026-03-02
7002124,503926,Vehicle,178459.69,2023-01-14
7002125,503324,Real Estate,16479.67,2023-07-09
7002126,504375,Commercial Property,165558.08,2025-04-07
7002127,503834,Vehicle,259856.17,2024-11-30
7002128,503084,Real Estate,109966.54,2024-05-11
7002129,502058,Other,16824.23,2023-05-10
7002130,501040,Vehicle,192107.09,2023-04-09
7002131,500810,Real Estate,45108.18,2025-08-06
7002132,502746,Real Estate,35771.97,2023-09-07
7002133,503797,Vehicle,118818.87,2023-12-29
7002134,501148,Equipment,17130.73,2026-02-19
7002135,504732,Other,60069.13,2024-03-24
7002136,504788,Vehicle,86084.58,2025-05-19
7002137,500809,Real Estate,24807.77,2023-11-01
7002138,500331,Commercial Property,26775.13,2026-06-17
7002139,504811,Real Estate,446365.43,2024-04-12
7002140,502666,Vehicle,344530.27,2024-08-27
7002141,501531,Equipment,74181.24,2025-08-19
7002142,501406,Real Estate,19871.23,2026-01-09
7002143,501387,Real Estate,42546.04,2023-05-06
7002144,500359,Real Estate,517246.87,2025-07-22
7002145,502535,Commercial Property,12776.85,2024-05-28
7002146,502672,Real Estate,17383.22,2024-05-25
7002147,504556,Real Estate,38570.63,2026-01-07
7002148,501402,Real Estate,233696.52,2026-03-30
7002149,500527,Real Estate,12902.08,2025-01-01
7002150,500329,Real Estate,106675.35,2023-08-15
7002151,501925,Real Estate,235778.66,2023-06-12
7002152,504603,Real Estate,180435.05,2025-06-13
7002153,502454,Vehicle,70155.31,2024-12-29
7002154,502090,Real Estate,322013.7,2023-04-05
7002155,503431,Vehicle,9349.29,2025-05-11
7002156,503327,Real Estate,75406.45,2023-06-04
7002157,501374,Commercial Property,5369.61,2024-01-21
7002158,503562,Vehicle,61719.47,2023-12-28
7002159,500918,Equipment,29286.92,2025-12-24
7002160,504837,Real Estate,165228.53,2025-02-09
7002161,501323,Real Estate,23099.34,2023-04-06
7002162,503292,Vehicle,7274.19,2025-07-11
7002163,500637,Real Estate,21806.63,2026-05-16
7002164,503862,Vehicle,5032.84,2024-07-16
7002165,500405,Equipment,66021.05,2024-01-18
7002166,501048,Vehicle,5645.69,2023-07-22
7002167,500776,Commercial Property,646742.46,2024-06-04
7002168,502923,Real Estate,968137.42,2026-02-26
7002169,501946,Equipment,185294.09,2025-09-03
7002170,503866,Equipment,91531.08,2024-06-05
7002171,503167,Vehicle,23511.08,2023-03-03
7002172,500710,Real Estate,23264.99,2026-06-27
7002173,500458,Vehicle,314732.24,2025-04-23
7002174,501083,Real Estate,610641.99,2024-04-21
7002175,501156,Commercial Property,140442.73,2025-11-09
7002176,502591,Vehicle,131545.89,2025-09-02
7002177,501104,Vehicle,228505.17,2026-08-11
7002178,503845,Vehicle,415738.31,2026-08-20
7002179,501822,Vehicle,21334.37,2026-02-02
7002180,500630,Vehicle,38285.89,2023-06-09
7002181,502162,Vehicle,151264.55,2024-05-20
7002182,501681,Vehicle,78130.8,2025-04-17
7002183,501466,Vehicle,7371.59,2025-10-10
7002184,503627,Vehicle,8809.08,2023-11-16
7002185,502285,Vehicle,168997.77,2024-09-27
7002186,503368,Real Estate,37812.77,2024-04-07
7002187,500498,Equipment,144175.94,2023-10-26
7002188,504530,Other,307581.74,2025-07-22
7002189,504077,Real Estate,21517.78,2026-04-11
7002190,501362,Real Estate,32960.85,2024-12-06
7002191,502948,Vehicle,107349.02,2024-09-13
7002192,503335,Real Estate,158558.24,2023-01-28
7002193,502161,Commercial Property,24491.03,2023-06-29
7002194,500580,Vehicle,15254.2,2023-07-28
7002195,504439,Equipment,307134.74,2024-09-05
7002196,501740,Real Estate,8718.65,2025-12-10
7002197,502977,Commercial Property,57208.5,2026-03-03
7002198,500640,Other,408494.78,2025-10-01
7002199,500222,Equipment,494187.52,2025-06-20
7002200,504827,Real Estate,336349.92,2026-07-04
7002201,504032,Commercial Property,240218.72,2023-12-02
7002202,500682,Real Estate,22566.18,2026-05-01
7002203,501916,Equipment,221801.37,2023-05-15
7002204,501255,Commercial Property,50148.75,2024-05-10
7002205,502309,Equipment,36253.88,2026-04-12
7002206,504238,Real Estate,180842.41,2025-07-14
7002207,504718,Vehicle,35731.48,2026-02-09
7002208,501710,Real Estate,129635.06,2024-01-03
7002209,501568,Commercial Property,7578.44,2023-10-03
7002210,504673,Equipment,449004.76,2026-03-04
7002211,501459,Real Estate,49025.63,2024-04-11
7002212,501376,Real Estate,259840.02,2024-11-25
7002213,504835,Vehicle,16239.02,2026-05-21
7002214,504482,Commercial Property,19681.06,2026-01-22
7002215,500658,Real Estate,261122.07,2025-05-07
7002216,500232,Other,32733.07,2024-05-12
7002217,501219,Other,269806.83,2025-03-19
7002218,502371,Other,282045.23,2024-03-21
7002219,501199,Real Estate,423749.52,2023-04-11
7002220,502456,Equipment,35302.06,2023-10-18
7002221,504004,Real Estate,34520.17,2023-10-14
7002222,501490,Real Estate,661383.27,2023-09-27
7002223,500086,Equipment,28698.5,2023-07-25
7002224,504535,Vehicle,43147.48,2024-02-03
7002225,501598,Equipment,31360.05,2025-01-18
7002226,502569,Equipment,5635.52,2023-02-20
7002227,500035,Real Estate,208033.37,2024-08-15
7002228,500578,Real Estate,26712.98,2024-10-27
7002229,503495,Vehicle,4927.31,2024-05-01
7002230,501796,Real Estate,39495.79,2026-04-20
7002231,503592,Real Estate,9733.86,2025-01-04
7002232,504121,Real Estate,362777.69,2026-02-05
7002233,502226,Vehicle,34062.79,2024-01-30
7002234,500563,Other,13684.49,2025-04-09
7002235,502728,Real Estate,133706.06,2023-10-02
7002236,502387,Real Estate,190084.71,2024-04-19
7002237,500719,Real Estate,55546.28,2025-12-23
7002238,502216,Equipment,270018.9,2025-07-18
7002239,502526,Real Estate,19242.94,2023-06-04
7002240,501612,Vehicle,7822.23,2023-07-13
7002241,502397,Real Estate,138864.3,2026-08-21
7002242,502219,Commercial Property,520609.43,2024-12-11
7002243,504762,Vehicle,6362.13,2023-10-21
7002244,504324,Real Estate,69543.46,2024-01-29
7002245,501502,Real Estate,49205.84,2023-08-05
7002246,501787,Real Estate,64307.1,2026-05-13
7002247,501602,Real Estate,681604.97,2024-08-19
7002248,500445,Vehicle,76779.53,2025-03-23
7002249,501107,Real Estate,35199.81,2025-04-30
7002250,500609,Vehicle,6644.11,2023-12-12
7002251,503337,Vehicle,664236.86,2023-12-11
7002252,503810,Equipment,52390.42,2026-08-12
7002253,500760,Real Estate,134841.02,2024-03-17
7002254,500904,Equipment,15728.39,2023-06-29
7002255,502486,Equipment,129407.12,2024-07-12
7002256,503044,Real Estate,947982.57,2023-08-22
7002257,501712,Real Estate,39661.66,2025-07-25
7002258,503936,Real Estate,21172.92,2025-05-11
7002259,502254,Real Estate,14504.81,2023-09-20
7002260,501047,Vehicle,6195.28,2026-05-09
7002261,502842,Vehicle,73577.11,2023-10-12
7002262,504124,Real Estate,1026888.7,2025-06-30
7002263,500088,Commercial Property,26020.06,2023-11-07
7002264,501984,Commercial Property,55769.01,2023-09-18
7002265,501809,Vehicle,153753.98,2024-05-09
7002266,504176,Vehicle,19881.63,2023-04-27
7002267,500663,Equipment,22085.28,2024-01-12
7002268,504205,Real Estate,2790.45,2025-01-15
7002269,502361,Real Estate,21643.23,2025-06-20
7002270,504429,Vehicle,35406.75,2024-01-30
7002271,501866,Commercial Property,201455.42,2026-01-20
7002272,500068,Vehicle,32953.85,2025-02-05
7002273,504087,Real Estate,29436.0,2026-08-22
7002274,501889,Real Estate,579305.56,2023-06-16
7002275,501964,Vehicle,6866.49,2025-10-05
7002276,503395,Real Estate,61345.88,2024-05-09
7002277,501738,Real Estate,62515.64,2026-01-13
7002278,504851,Real Estate,193315.57,2023-04-09
7002279,500505,Vehicle,394420.11,2023-04-27
7002280,502675,Commercial Property,95465.73,2023-04-07
7002281,503086,Real Estate,699174.48,2024-07-03
7002282,502419,Equipment,281583.16,2024-05-28
7002283,503884,Commercial Property,91477.76,2026-03-04
7002284,501700,Equipment,69365.82,2024-01-17
7002285,504145,Real Estate,83961.49,2025-02-10
7002286,501055,Commercial Property,49968.23,2026-06-12
7002287,503721,Real Estate,35005.67,2023-01-29
7002288,500914,Commercial Property,23697.82,2024-02-19
7002289,502658,Real Estate,177219.76,2023-11-09
7002290,504463,Real Estate,210503.27,2024-07-22
7002291,502353,Real Estate,248221.41,2024-08-06
7002292,502250,Vehicle,392057.17,2026-08-08
7002293,504455,Equipment,4222.01,2023-07-03
7002294,501770,Commercial Property,13760.48,2023-11-11
7002295,500594,Commercial Property,83911.35,2024-01-02
7002296,502193,Equipment,17780.39,2024-05-17
7002297,500448,Equipment,44073.86,2025-08-16
7002298,501578,Vehicle,137076.17,2026-08-17
7002299,502554,Real Estate,406815.88,2025-09-12
7002300,503517,Equipment,54841.02,2025-02-03
7002301,504852,Other,333471.97,2026-07-28
7002302,501285,Real Estate,390086.64,2024-02-22
7002303,501581,Other,355335.82,2024-11-10
7002304,503702,Real Estate,8869.82,2026-03-09
7002305,504413,Commercial Property,31115.97,2024-01-11
7002306,500175,Real Estate,76433.9,2023-08-14
7002307,500884,Commercial Property,44571.9,2024-12-13
7002308,502663,Commercial Property,476947.0,2026-04-09
7002309,503707,Real Estate,20572.43,2024-03-27
7002310,502440,Real Estate,82079.27,2025-10-12
7002311,504782,Vehicle,237187.65,2024-11-28
7002312,501089,Commercial Property,84065.29,2023-04-30
7002313,501707,Equipment,38827.92,2026-03-26
7002314,502778,Real Estate,30009.04,2024-07-21
7002315,500029,Commercial Property,547992.66,2024-10-22
7002316,504807,Real Estate,22813.44,2025-03-02
7002317,504231,Real Estate,7286.99,2023-11-08
7002318,500579,Real Estate,272831.16,2025-02-03
7002319,502880,Real Estate,623688.24,2023-08-07
7002320,502348,Vehicle,194443.83,2026-08-10
7002321,504477,Other,192536.98,2024-10-11
7002322,501622,Commercial Property,12273.45,2024-04-28
7002323,503341,Real Estate,326584.92,2025-02-10
7002324,502027,Real Estate,37456.72,2024-02-11
7002325,504800,Real Estate,11480.1,2025-12-29
7002326,500745,Real Estate,46898.79,2025-07-01
7002327,503771,Real Estate,445845.73,2025-10-02
7002328,502484,Real Estate,611563.02,2023-08-26
7002329,502962,Vehicle,17740.54,2025-06-23
7002330,502007,Real Estate,272646.65,2023-08-03
7002331,502557,Real Estate,559489.93,2026-08-08
7002332,503728,Equipment,185276.09,2023-06-02
7002333,501494,Vehicle,18562.69,2026-08-27
7002334,504227,Vehicle,60311.2,2024-05-15
7002335,502564,Real Estate,39318.5,2024-11-17
7002336,503942,Equipment,23216.02,2025-03-14
7002337,502988,Real Estate,49663.58,2023-11-14
7002338,502054,Equipment,31178.6,2023-08-05
7002339,501555,Real Estate,365102.23,2026-01-07
7002340,504696,Vehicle,239513.57,2024-10-09
7002341,501860,Vehicle,317902.3,2024-07-01
7002342,502832,Equipment,66168.74,2024-07-18
7002343,504210,Equipment,153810.6,2023-11-11
7002344,500337,Real Estate,34850.48,2023-07-21
7002345,502115,Real Estate,25907.02,2024-05-21
7002346,501240,Real Estate,23096.39,2026-07-13
7002347,504828,Commercial Property,19305.58,2024-02-29
7002348,500875,Real Estate,325609.97,2024-08-14
7002349,504649,Vehicle,136881.66,2023-12-16
7002350,504242,Equipment,30020.34,2024-11-16
7002351,501871,Real Estate,37465.52,2026-07-19
7002352,502130,Real Estate,16760.12,2025-01-05
7002353,500408,Other,5337.17,2024-06-30
7002354,504601,Vehicle,5456.13,2024-01-24
7002355,502689,Vehicle,51412.23,2024-09-24
7002356,501137,Real Estate,638062.47,2024-09-17
7002357,500794,Equipment,23927.3,2024-08-31
7002358,500039,Vehicle,19381.39,2023-11-19
7002359,502680,Vehicle,236771.81,2025-12-17
7002360,500540,Real Estate,157665.5,2023-05-10
7002361,501276,Real Estate,198656.18,2023-04-14
7002362,500061,Equipment,324333.09,2026-02-11
7002363,500308,Vehicle,11228.33,2025-05-09
7002364,500301,Real Estate,11792.15,2024-11-26
7002365,502715,Real Estate,26264.22,2024-04-05
7002366,502757,Real Estate,113291.37,2025-05-18
7002367,503954,Vehicle,16703.23,2024-12-28
7002368,500899,Real Estate,146400.41,2024-04-17
7002369,501339,Real Estate,42665.14,2023-05-27
7002370,501389,Vehicle,34762.15,2025-04-14
7002371,501380,Equipment,102868.51,2026-03-09
7002372,502157,Vehicle,11929.59,2025-12-31
7002373,500684,Real Estate,20851.98,2026-04-16
7002374,502989,Real Estate,97571.33,2025-10-19
7002375,503042,Real Estate,22461.13,2025-05-06
7002376,504368,Vehicle,55449.2,2025-02-26
7002377,504046,Equipment,9145.73,2024-01-21
7002378,504589,Vehicle,71280.24,2026-04-10
7002379,504288,Real Estate,356470.9,2026-02-15
7002380,502593,Vehicle,469374.53,2026-01-24
7002381,502113,Real Estate,17787.99,2025-04-02
7002382,504524,Commercial Property,15590.45,2026-07-05
7002383,504083,Equipment,26732.64,2025-03-28
7002384,504512,Real Estate,383248.31,2024-12-11
7002385,503553,Vehicle,11336.2,2025-05-17
7002386,500503,Vehicle,10893.63,2023-08-26
7002387,504998,Vehicle,137736.04,2025-01-05
7002388,501454,Real Estate,50753.35,2023-07-12
7002389,501115,Commercial Property,112993.4,2025-11-17
7002390,502727,Commercial Property,58524.95,2023-12-03
7002391,502768,Real Estate,43920.03,2023-12-06
7002392,502011,Vehicle,23356.59,2026-01-04
7002393,502121,Vehicle,33627.03,2026-06-13
7002394,501657,Real Estate,170649.0,2023-03-01
7002395,504212,Equipment,16376.34,2026-08-23
7002396,504404,Equipment,414012.49,2024-10-20
7002397,502885,Real Estate,343396.23,2025-07-16
7002398,504945,Vehicle,255128.82,2026-04-07
7002399,502277,Real Estate,17453.92,2025-10-03
7002400,504842,Commercial Property,160601.78,2025-03-07
7002401,503906,Vehicle,142430.06,2024-01-10
7002402,502493,Equipment,13858.98,2026-07-10
7002403,504875,Other,122038.86,2024-10-02
7002404,502941,Other,43899.87,2026-03-15
7002405,504269,Real Estate,250199.49,2024-10-11
7002406,502095,Commercial Property,395187.76,2025-04-20
7002407,502256,Vehicle,38416.34,2025-05-16
7002408,501300,Real Estate,2948.71,2025-04-30
7002409,504311,Commercial Property,3715.64,2026-08-13
7002410,502861,Equipment,8867.78,2023-06-24
7002411,501294,Vehicle,1220.77,2024-04-14
7002412,501801,Equipment,330115.44,2024-02-11
7002413,500171,Real Estate,17592.68,2025-10-31
7002414,504431,Real Estate,27446.15,2023-06-20
7002415,503198,Other,139329.93,2023-08-06
7002416,502760,Equipment,139256.44,2024-01-19
7002417,503265,Commercial Property,59707.33,2023-09-22
7002418,501342,Commercial Property,103351.97,2023-05-01
7002419,502667,Vehicle,197889.58,2023-05-30
7002420,503418,Real Estate,55743.84,2024-12-18
7002421,503547,Vehicle,51811.61,2026-02-25
7002422,504352,Equipment,357785.88,2026-03-09
7002423,500302,Equipment,26903.31,2023-12-08
7002424,502208,Commercial Property,197692.31,2023-10-10
7002425,501127,Vehicle,452622.54,2024-06-07
7002426,500356,Other,240329.35,2025-10-16
7002427,501650,Vehicle,89463.98,2024-06-03
7002428,500415,Real Estate,76937.61,2023-07-02
7002429,500660,Vehicle,275469.92,2025-11-19
7002430,502036,Vehicle,185215.03,2024-11-15
7002431,501839,Commercial Property,127964.37,2024-05-03
7002432,503822,Real Estate,62840.4,2023-01-13
7002433,500090,Other,195067.19,2024-07-04
7002434,504061,Other,26026.88,2026-06-24
7002435,503486,Equipment,16905.13,2024-12-22
7002436,504515,Commercial Property,25412.93,2023-12-26
7002437,500049,Equipment,185376.71,2025-09-09
7002438,503751,Equipment,28554.39,2023-05-13
7002439,501474,Other,70381.41,2023-06-03
7002440,501721,Real Estate,114118.41,2024-07-28
7002441,501611,Commercial Property,233215.99,2023-01-19
7002442,502278,Other,32943.38,2024-01-31
7002443,503493,Vehicle,53767.49,2024-08-16
7002444,502744,Other,4942.06,2024-08-30
7002445,503087,Real Estate,103505.45,2024-08-11
7002446,500129,Vehicle,40002.64,2024-06-16
7002447,501953,Vehicle,10782.69,2025-08-11
7002448,500473,Real Estate,22064.88,2026-04-18
7002449,503334,Vehicle,5780.8,2025-04-13
7002450,501615,Real Estate,50533.34,2025-11-14
7002451,501825,Real Estate,27478.98,2023-11-18
7002452,501226,Equipment,18342.16,2024-06-24
7002453,501228,Vehicle,327747.74,2023-07-26
7002454,502764,Real Estate,3514.69,2026-08-28
7002455,503860,Vehicle,51066.42,2025-04-22
7002456,502578,Commercial Property,84988.2,2025-03-30
7002457,500891,Vehicle,56193.26,2024-06-29
7002458,504232,Real Estate,87653.54,2025-08-15
7002459,502722,Commercial Property,212264.43,2025-10-13
7002460,500766,Real Estate,23310.43,2024-11-26
7002461,504151,Real Estate,261074.21,2024-05-28
7002462,502775,Real Estate,487940.82,2026-07-12
7002463,500740,Real Estate,41440.35,2023-07-11
7002464,500843,Equipment,45320.46,2023-06-17
7002465,504794,Real Estate,547862.87,2023-07-25
7002466,503760,Real Estate,60075.71,2026-01-25
7002467,504362,Vehicle,112087.36,2026-03-24
7002468,500502,Other,23291.58,2023-12-21
7002469,501664,Vehicle,26287.52,2026-03-24
7002470,501774,Equipment,28664.52,2023-05-05
7002471,503603,Other,3514.76,2023-09-20
7002472,500864,Real Estate,9733.42,2025-06-29
7002473,500668,Vehicle,147466.49,2026-08-24
7002474,503364,Other,204578.35,2025-06-18
7002475,504330,Real Estate,19102.66,2024-01-03
7002476,504784,Vehicle,74924.27,2023-11-09
7002477,503422,Real Estate,265178.79,2024-07-21
7002478,503991,Commercial Property,360307.55,2024-06-22
7002479,500368,Equipment,10268.6,2023-01-08
7002480,500217,Commercial Property,321800.11,2026-07-11
7002481,502596,Vehicle,16401.74,2025-10-27
7002482,500858,Vehicle,418570.07,2024-11-24
7002483,500507,Vehicle,10723.17,2024-05-20
7002484,504103,Real Estate,427012.54,2025-06-05
7002485,501439,Vehicle,11477.71,2025-03-13
7002486,501685,Other,12410.76,2025-08-14
7002487,500573,Real Estate,464639.8,2023-09-22
7002488,503383,Vehicle,38829.61,2026-01-19
7002489,501517,Vehicle,49791.67,2023-08-31
7002490,504248,Vehicle,135084.29,2026-06-18
7002491,504856,Real Estate,6001.72,2025-01-11
7002492,501516,Vehicle,76506.51,2024-05-09
7002493,502756,Equipment,173260.69,2025-04-24
7002494,503492,Commercial Property,110419.6,2024-10-08
7002495,504508,Real Estate,27180.36,2025-06-01
7002496,502155,Real Estate,85102.61,2024-10-07
7002497,502168,Equipment,16753.82,2023-12-24
7002498,503561,Equipment,198043.16,2025-04-14
7002499,500438,Other,118210.3,2024-05-03
7002500,501247,Vehicle,503482.6,2026-04-25
7002501,503656,Equipment,194595.68,2024-10-27
7002502,500351,Other,20593.39,2024-08-18
7002503,503506,Other,340047.85,2023-03-02
7002504,502221,Equipment,2750.6,2026-03-03
7002505,501201,Real Estate,55413.38,2025-11-29
7002506,503258,Real Estate,215391.03,2025-05-18
7002507,504980,Equipment,12223.11,2023-07-11
7002508,502079,Vehicle,104679.65,2025-01-16
7002509,502109,Equipment,54576.96,2026-03-02
7002510,504154,Real Estate,16568.19,2023-12-03
7002511,502848,Commercial Property,21728.25,2024-11-10
7002512,503994,Real Estate,4700.69,2023-08-30
7002513,503668,Equipment,34298.69,2025-07-15
7002514,500462,Real Estate,308187.96,2026-01-08
7002515,504618,Vehicle,6859.61,2024-11-09
7002516,500411,Commercial Property,76661.57,2025-02-27
7002517,501761,Other,9576.48,2023-01-10
7002518,501831,Commercial Property,708509.93,2024-04-18
7002519,503380,Real Estate,6991.86,2025-10-09
7002520,502517,Real Estate,548790.37,2026-03-24
7002521,500705,Real Estate,400041.74,2023-07-27
7002522,502073,Equipment,287390.45,2024-01-01
7002523,501210,Commercial Property,57299.61,2026-03-05
7002524,501747,Vehicle,13560.81,2024-02-05
7002525,502825,Vehicle,5767.59,2026-01-05
7002526,501895,Equipment,143506.97,2025-09-20
7002527,502598,Other,99688.92,2023-04-30
7002528,500530,Other,24933.91,2026-05-16
7002529,502057,Equipment,20251.03,2024-11-07
7002530,502711,Other,14269.73,2024-12-05
7002531,502540,Other,18969.81,2026-03-31
7002532,504951,Real Estate,252338.89,2026-08-03
7002533,504916,Commercial Property,654890.84,2026-08-08
7002534,502991,Real Estate,593142.33,2024-10-16
7002535,502713,Real Estate,308778.97,2025-02-24
7002536,502741,Real Estate,29491.86,2026-08-26
7002537,501878,Commercial Property,77423.98,2025-10-02
7002538,502552,Vehicle,134029.26,2023-04-23
7002539,500800,Other,95637.46,2025-08-04
7002540,504274,Other,15917.7,2023-05-05
7002541,501487,Vehicle,76271.69,2025-05-15
7002542,503947,Vehicle,266638.62,2024-05-13
7002543,501027,Commercial Property,143858.64,2024-05-10
7002544,503577,Real Estate,926202.88,2023-11-15
7002545,502942,Commercial Property,89765.82,2025-06-28
7002546,500972,Vehicle,202886.49,2023-07-16
7002547,502857,Real Estate,274537.49,2025-07-10
7002548,502270,Equipment,612636.94,2025-02-10
7002549,501645,Equipment,136590.32,2024-09-22
7002550,501706,Real Estate,363097.8,2023-01-05
7002551,501371,Other,305238.64,2025-05-26
7002552,501845,Real Estate,199270.34,2024-07-10
7002553,503091,Vehicle,103583.28,2023-06-15
7002554,503396,Real Estate,135521.87,2024-09-04
7002555,502307,Equipment,19512.88,2025-01-22
7002556,501659,Vehicle,45684.8,2025-01-30
7002557,500109,Real Estate,186934.77,2023-09-02
7002558,502366,Real Estate,40547.1,2023-04-24
7002559,503550,Equipment,3970.57,2024-10-05
7002560,502810,Real Estate,10934.32,2024-02-24
7002561,503415,Equipment,13760.46,2023-03-05
7002562,501959,Equipment,48780.04,2025-04-14
7002563,502144,Commercial Property,24333.99,2024-06-27
7002564,503512,Vehicle,606460.02,2023-05-02
7002565,500291,Real Estate,23796.41,2023-09-14
7002566,501829,Real Estate,441790.88,2025-12-12
7002567,502649,Real Estate,18927.63,2024-05-07
7002568,503876,Real Estate,30425.56,2026-05-12
7002569,503362,Vehicle,577963.24,2023-11-11
7002570,500814,Other,22755.12,2023-12-01
7002571,501209,Commercial Property,124293.74,2023-06-17
7002572,502628,Equipment,21593.48,2026-05-02
7002573,502394,Real Estate,419656.97,2026-03-19
7002574,502721,Other,21027.03,2025-04-16
7002575,500326,Vehicle,11160.21,2026-06-11
7002576,502147,Real Estate,29447.35,2025-12-04
7002577,504742,Vehicle,18831.35,2023-11-06
7002578,501679,Real Estate,39533.29,2025-10-18
7002579,500194,Equipment,36741.43,2023-05-05
7002580,500488,Vehicle,61632.11,2026-07-05
7002581,504758,Other,65202.49,2025-03-19
7002582,503889,Equipment,72466.54,2023-10-29
7002583,503540,Vehicle,72072.98,2025-12-09
7002584,501395,Vehicle,34426.55,2024-09-11
7002585,504620,Equipment,18907.01,2023-05-30
7002586,500236,Commercial Property,504676.99,2026-06-11
7002587,501856,Commercial Property,51402.33,2023-12-28
7002588,501779,Commercial Property,16495.91,2025-10-08
7002589,500769,Vehicle,23842.3,2023-12-13
7002590,504887,Vehicle,36146.74,2023-09-30
7002591,504060,Other,59830.76,2023-03-17
7002592,500404,Real Estate,36032.32,2025-03-09
7002593,503450,Real Estate,19679.58,2026-08-04
7002594,504460,Real Estate,173859.91,2026-02-14
7002595,501904,Vehicle,82137.24,2023-11-26
7002596,501864,Vehicle,5376.55,2023-08-23
7002597,502046,Real Estate,378770.48,2025-02-17
7002598,500255,Other,15536.37,2024-08-07
7002599,501232,Vehicle,19105.71,2023-12-12
7002600,504755,Equipment,785409.51,2024-01-08
7002601,502955,Vehicle,243179.61,2025-02-18
7002602,503976,Vehicle,10339.45,2023-11-10
7002603,502576,Real Estate,4258.72,2024-05-14
7002604,500994,Vehicle,212219.19,2024-07-25
7002605,500581,Real Estate,74502.07,2025-08-19
7002606,500209,Vehicle,272436.66,2025-05-16
7002607,504853,Commercial Property,29180.76,2026-07-30
7002608,501032,Real Estate,57118.29,2024-11-22
7002609,503716,Other,34876.22,2023-10-24
7002610,504777,Equipment,20947.35,2023-12-01
7002611,502328,Commercial Property,35836.79,2025-01-25
7002612,504923,Equipment,43991.45,2025-10-02
7002613,502586,Real Estate,406102.96,2024-03-11
7002614,500434,Real Estate,7525.37,2023-11-15
7002615,503949,Vehicle,84528.02,2023-11-10
7002616,501407,Real Estate,44361.13,2025-12-14
7002617,502170,Equipment,33662.11,2023-03-01
7002618,503165,Vehicle,36897.89,2023-12-18
7002619,502622,Vehicle,70518.4,2024-01-21
7002620,501447,Commercial Property,450936.69,2023-07-05
7002621,503896,Other,125754.59,2026-03-04
7002622,500022,Equipment,46912.41,2025-10-29
7002623,504079,Vehicle,40313.4,2024-12-23
7002624,500756,Vehicle,89867.44,2026-01-30
7002625,503273,Real Estate,30101.95,2026-01-01
7002626,500460,Equipment,2837.32,2026-02-07
7002627,504554,Vehicle,231758.79,2026-07-24
7002628,501057,Equipment,120627.19,2025-07-13
7002629,504333,Commercial Property,24584.97,2024-01-30
7002630,501884,Other,49193.03,2026-08-28
7002631,502795,Real Estate,433605.27,2024-03-26
7002632,504257,Vehicle,173784.03,2024-02-14
7002633,504443,Equipment,42032.41,2023-09-18
7002634,502836,Equipment,529459.73,2024-07-12
7002635,503447,Vehicle,66829.93,2024-03-31
7002636,504920,Vehicle,43532.62,2025-08-30
7002637,501651,Commercial Property,162423.23,2023-01-17
7002638,501036,Real Estate,443714.69,2023-09-20
7002639,503807,Equipment,48337.38,2026-07-06
7002640,504698,Vehicle,10405.18,2025-05-11
7002641,501222,Vehicle,358828.34,2026-03-11
7002642,502446,Vehicle,68089.3,2026-06-24
7002643,504900,Real Estate,19617.81,2024-06-18
7002644,502119,Equipment,28303.35,2026-01-08
7002645,503925,Equipment,65063.73,2025-04-01
7002646,503404,Equipment,27655.08,2023-12-03
7002647,504402,Real Estate,179802.93,2026-05-09
7002648,504668,Equipment,17978.17,2026-05-14
7002649,500499,Real Estate,42505.76,2025-07-02
7002650,504912,Real Estate,135829.86,2023-08-12
7002651,500220,Real Estate,121773.46,2023-02-10
7002652,501497,Vehicle,173650.53,2024-03-11
7002653,500887,Real Estate,222236.03,2026-07-22
7002654,501526,Real Estate,641365.88,2026-04-21
7002655,500198,Commercial Property,34749.85,2023-08-15
7002656,501905,Commercial Property,102708.91,2023-06-29
7002657,501184,Real Estate,315629.5,2024-11-07
7002658,504829,Real Estate,154092.48,2024-07-16
7002659,502616,Real Estate,390018.87,2025-12-31
7002660,502080,Real Estate,210604.14,2025-12-18
7002661,501221,Equipment,323224.9,2026-01-30
7002662,504332,Vehicle,19255.46,2024-05-31
7002663,500576,Equipment,33509.45,2023-05-28
7002664,504664,Real Estate,17987.0,2023-10-25
7002665,504899,Real Estate,242966.03,2024-06-25
7002666,504015,Equipment,9903.15,2024-01-26
7002667,500517,Real Estate,191334.02,2025-05-08
7002668,502238,Equipment,212294.36,2024-12-31
7002669,504968,Real Estate,398880.12,2024-11-09
7002670,502914,Vehicle,38898.28,2025-04-25
7002671,500695,Vehicle,11885.42,2024-02-09
7002672,502511,Real Estate,30762.78,2026-08-26
7002673,504801,Real Estate,419559.72,2025-10-27
7002674,501008,Other,11868.44,2024-08-15
7002675,502806,Vehicle,6915.58,2025-12-12
7002676,503861,Real Estate,9046.09,2025-05-14
7002677,503479,Other,145464.78,2024-06-03
7002678,500453,Equipment,15340.17,2023-11-13
7002679,503256,Vehicle,33537.74,2025-08-24
7002680,504613,Real Estate,41369.02,2024-07-05
7002681,500095,Real Estate,154586.17,2024-10-06
7002682,501806,Vehicle,309928.78,2024-11-30
7002683,500742,Commercial Property,15735.72,2023-01-25
7002684,502032,Vehicle,261799.22,2024-03-11
7002685,502949,Equipment,63326.98,2024-03-13
7002686,504102,Commercial Property,9855.39,2026-06-09
7002687,503568,Other,54419.31,2023-06-10
7002688,502108,Vehicle,147204.84,2024-06-17
7002689,500257,Equipment,15655.41,2026-04-25
7002690,501751,Vehicle,192038.01,2026-05-23
7002691,503439,Real Estate,37472.11,2023-03-28
7002692,502404,Vehicle,457517.04,2025-04-10
7002693,500996,Equipment,133707.33,2024-11-09
7002694,502459,Vehicle,379551.39,2025-03-20
7002695,503578,Real Estate,44660.49,2025-01-07
7002696,501879,Vehicle,42406.18,2024-01-08
7002697,501463,Equipment,51721.22,2023-05-28
7002698,504329,Vehicle,71755.35,2024-03-08
7002699,501297,Vehicle,517168.26,2023-01-15
7002700,502604,Vehicle,238876.32,2024-04-14
7002701,501361,Real Estate,36330.94,2024-08-11
7002702,500296,Vehicle,30821.68,2025-05-18
7002703,502358,Vehicle,394236.15,2024-10-14
7002704,502035,Other,15852.82,2024-05-21
7002705,502363,Real Estate,55052.98,2023-12-10
7002706,504479,Real Estate,291781.03,2026-05-28
7002707,501176,Vehicle,296424.2,2024-03-02
7002708,501752,Commercial Property,183221.36,2024-11-11
7002709,503100,Equipment,56952.69,2023-01-20
7002710,503915,Real Estate,10383.77,2025-08-20
7002711,502165,Real Estate,88520.25,2025-01-30
7002712,501037,Equipment,31554.38,2025-03-23
7002713,503893,Commercial Property,102156.09,2024-12-07
7002714,503013,Real Estate,40315.2,2025-04-14
7002715,504770,Vehicle,86863.2,2024-08-31
7002716,502983,Equipment,131302.43,2026-08-06
7002717,502909,Real Estate,18669.29,2023-08-12
7002718,504068,Commercial Property,154862.3,2026-07-17
7002719,500304,Vehicle,42430.89,2024-06-14
7002720,504775,Equipment,203677.64,2023-03-09
7002721,504919,Vehicle,13248.19,2025-12-09
7002722,502172,Equipment,142377.44,2023-06-19
7002723,501888,Real Estate,33700.89,2025-09-20
7002724,500971,Other,6519.94,2025-02-24
7002725,501569,Vehicle,234602.08,2023-08-15
7002726,504250,Real Estate,32407.25,2025-03-01
7002727,502618,Real Estate,63940.11,2026-01-08
7002728,501417,Real Estate,22959.1,2025-08-24
7002729,502558,Real Estate,65626.73,2024-07-10
7002730,503172,Vehicle,25683.46,2026-08-26
7002731,503686,Real Estate,159374.99,2024-05-18
7002732,502175,Vehicle,37967.33,2024-08-20
7002733,504263,Real Estate,25771.17,2025-10-30
7002734,504915,Real Estate,96793.52,2024-11-11
7002735,502865,Equipment,15276.43,2023-04-27
7002736,504962,Equipment,431361.53,2024-08-08
7002737,501954,Real Estate,66417.27,2025-08-12
7002738,503057,Commercial Property,12018.64,2026-01-29
7002739,503338,Vehicle,11577.24,2024-08-16
7002740,503714,Commercial Property,79064.48,2025-10-17
7002741,502739,Vehicle,26894.07,2026-03-22
7002742,502491,Equipment,8764.31,2026-05-21
7002743,501903,Commercial Property,3675.49,2025-06-15
7002744,502698,Equipment,12321.32,2026-07-14
7002745,500200,Real Estate,13627.03,2023-01-11
7002746,501577,Commercial Property,163127.98,2023-10-15
7002747,503041,Other,13289.45,2024-11-03
7002748,503225,Equipment,42544.68,2025-10-24
7002749,504890,Real Estate,11325.17,2024-01-15
7002750,500100,Commercial Property,899171.47,2025-05-06
7002751,503509,Other,248313.89,2026-07-08
7002752,504356,Real Estate,55396.81,2023-09-09
7002753,502086,Real Estate,288332.26,2025-10-17
7002754,504029,Equipment,34846.96,2024-12-22
7002755,504833,Real Estate,405076.24,2024-11-26
7002756,504604,Commercial Property,831474.52,2025-08-05
7002757,501015,Equipment,146707.39,2024-12-08
7002758,502961,Commercial Property,25488.38,2023-07-30
7002759,500054,Equipment,411627.89,2025-09-30
7002760,503473,Equipment,4127.51,2024-05-07
7002761,503673,Equipment,274242.15,2026-07-15
7002762,504164,Real Estate,72746.33,2023-07-18
7002763,500501,Real Estate,25708.61,2025-11-27
7002764,504675,Real Estate,48585.56,2023-09-14
7002765,503904,Other,311712.8,2026-05-31
7002766,503977,Other,168653.66,2024-09-09
7002767,501254,Vehicle,109753.37,2023-03-19
7002768,500412,Real Estate,178569.6,2023-03-22
7002769,501198,Vehicle,21164.13,2025-11-23
7002770,503033,Real Estate,61344.63,2023-01-06
7002771,500167,Real Estate,60232.78,2023-11-08
7002772,502067,Vehicle,10793.65,2024-11-02
7002773,502882,Vehicle,16409.02,2024-04-02
7002774,501063,Real Estate,194482.18,2026-06-25
7002775,500401,Real Estate,13335.02,2024-03-06
7002776,502621,Commercial Property,85243.46,2026-01-13
7002777,504275,Real Estate,132799.38,2026-03-29
7002778,504862,Equipment,8846.51,2024-12-21
7002779,503354,Equipment,107958.25,2025-02-17
7002780,503937,Equipment,17703.48,2024-09-18
7002781,500188,Other,15461.57,2026-05-13
7002782,501279,Vehicle,18962.65,2023-06-14
7002783,501619,Commercial Property,21987.25,2025-10-29
7002784,502969,Commercial Property,25704.76,2025-01-25
7002785,504218,Real Estate,10953.21,2025-12-19
7002786,504256,Real Estate,22853.44,2023-04-13
7002787,503461,Real Estate,321666.69,2025-01-26
7002788,502044,Vehicle,86259.19,2024-08-04
7002789,502589,Real Estate,148075.43,2023-04-29
7002790,502834,Real Estate,4186.38,2026-07-20
7002791,503451,Real Estate,488780.61,2024-03-10
7002792,502813,Vehicle,173658.53,2025-03-13
7002793,504054,Vehicle,31058.92,2026-07-16
7002794,502864,Vehicle,20592.37,2024-09-24
7002795,504805,Real Estate,139507.61,2024-08-24
7002796,500451,Other,246953.55,2023-10-13
7002797,501134,Real Estate,164158.56,2023-05-29
7002798,504298,Equipment,18845.43,2024-01-21
7002799,502414,Real Estate,36262.65,2026-02-28
7002800,503917,Commercial Property,241975.94,2026-07-01
7002801,501821,Commercial Property,13909.65,2025-06-29
7002802,501832,Vehicle,18660.41,2024-07-11
7002803,501725,Vehicle,18011.4,2025-02-23
7002804,501587,Equipment,18282.27,2025-02-04
7002805,504485,Real Estate,409202.02,2023-05-18
7002806,504247,Real Estate,25496.31,2023-09-05
7002807,504484,Vehicle,19792.84,2023-12-19
7002808,503657,Commercial Property,84251.62,2024-12-18
7002809,502984,Equipment,353192.08,2025-04-03
7002810,503079,Real Estate,108895.95,2023-08-01
7002811,502802,Vehicle,4702.2,2023-10-27
7002812,502747,Vehicle,7892.71,2024-09-25
7002813,502138,Vehicle,47278.36,2023-01-14
7002814,503452,Real Estate,214713.8,2025-09-27
7002815,503534,Real Estate,72071.97,2025-09-04
7002816,501235,Real Estate,17935.56,2024-02-06
7002817,501885,Real Estate,233395.86,2023-04-18
7002818,504144,Commercial Property,17368.68,2025-01-04
7002819,502258,Equipment,19049.79,2025-08-12
7002820,504099,Vehicle,21565.02,2023-02-24
7002821,501094,Commercial Property,19173.32,2025-04-05
7002822,503412,Vehicle,36685.95,2026-07-07
7002823,502068,Real Estate,71994.65,2024-04-20
7002824,503781,Real Estate,21884.5,2025-11-16
7002825,503748,Vehicle,175933.37,2023-06-15
7002826,504109,Vehicle,200875.66,2024-11-12
7002827,503950,Real Estate,385162.15,2026-02-20
7002828,501095,Real Estate,76674.94,2024-01-25
7002829,500833,Real Estate,31854.24,2026-01-16
7002830,502001,Vehicle,53045.26,2024-05-20
7002831,500574,Vehicle,16916.63,2024-11-14
7002832,500647,Vehicle,11778.45,2025-04-11
7002833,502076,Real Estate,55779.6,2024-02-09
7002834,501690,Vehicle,194356.1,2024-01-21
7002835,504721,Commercial Property,379435.59,2023-12-12
7002836,502313,Real Estate,62153.01,2024-12-29
7002837,501016,Real Estate,56756.62,2025-11-05
7002838,500911,Vehicle,101592.65,2023-07-17
7002839,503024,Real Estate,826586.93,2023-01-27
7002840,503113,Equipment,255312.4,2024-11-29
7002841,503150,Real Estate,15527.22,2023-04-18
7002842,500506,Equipment,64630.82,2024-12-29
7002843,503296,Vehicle,209964.43,2025-03-18
7002844,504364,Commercial Property,324738.04,2023-04-05
7002845,502968,Vehicle,28139.57,2023-11-29
7002846,504680,Other,74567.78,2024-04-27
7002847,502190,Real Estate,122139.5,2025-10-18
7002848,500491,Equipment,94338.9,2023-03-02
7002849,500165,Real Estate,570411.06,2025-11-26
7002850,501208,Real Estate,291948.82,2025-07-03
7002851,503951,Real Estate,465319.85,2023-09-25
7002852,504994,Equipment,126142.58,2025-11-14
7002853,500703,Real Estate,71118.8,2024-02-13
7002854,501153,Vehicle,295726.79,2024-02-16
7002855,500440,Real Estate,279238.59,2023-07-17
7002856,504211,Commercial Property,411527.83,2023-03-06
7002857,503095,Equipment,5196.36,2026-08-21
7002858,500681,Real Estate,31625.14,2024-02-22
7002859,500119,Real Estate,203102.3,2023-01-08
7002860,500553,Commercial Property,68888.84,2025-12-19
7002861,502118,Equipment,217743.35,2025-10-03
7002862,504550,Vehicle,91043.15,2025-10-05
7002863,501124,Real Estate,131386.15,2024-06-24
7002864,503358,Equipment,9530.14,2026-01-19
7002865,504575,Vehicle,15506.13,2024-06-21
7002866,504523,Commercial Property,56144.39,2025-02-04
7002867,501195,Real Estate,286013.92,2024-03-16
7002868,503116,Real Estate,59976.41,2023-03-09
7002869,504173,Vehicle,4741.46,2024-04-20
7002870,500893,Commercial Property,189589.24,2024-06-26
7002871,503026,Real Estate,377335.71,2026-03-13
7002872,503280,Real Estate,29445.49,2024-10-24
7002873,501017,Commercial Property,257172.41,2026-01-27
7002874,500263,Other,84778.76,2024-08-30
7002875,500213,Real Estate,40104.84,2024-12-20
7002876,504293,Commercial Property,222440.61,2024-09-07
7002877,503635,Equipment,5496.13,2024-05-30
7002878,502143,Real Estate,43377.11,2025-09-28
7002879,501644,Vehicle,39778.67,2024-12-07
7002880,501119,Real Estate,341244.08,2026-08-24
7002881,500729,Equipment,51320.04,2025-04-03
7002882,502594,Other,12530.75,2024-04-03
7002883,501244,Vehicle,372300.44,2026-08-23
7002884,503929,Commercial Property,8339.56,2024-06-15
7002885,503414,Equipment,51521.79,2025-07-23
7002886,504146,Commercial Property,39370.91,2026-03-04
7002887,503823,Other,77788.91,2024-05-29
7002888,502034,Real Estate,156270.44,2023-06-05
7002889,503623,Real Estate,40276.01,2024-06-11
7002890,503063,Real Estate,357396.11,2024-10-31
7002891,502606,Real Estate,46476.54,2023-02-03
7002892,500723,Equipment,8603.06,2026-04-12
7002893,503895,Vehicle,3823.83,2023-03-27
7002894,504599,Real Estate,106387.89,2025-11-12
7002895,503828,Real Estate,449332.56,2026-05-17
7002896,504452,Equipment,188649.42,2024-11-25
7002897,502377,Real Estate,54985.67,2023-08-27
7002898,503692,Real Estate,27791.7,2024-07-17
7002899,500083,Real Estate,40153.61,2025-04-13
7002900,501652,Vehicle,187159.69,2023-02-07
7002901,500919,Vehicle,124943.68,2025-03-21
7002902,501145,Vehicle,13352.96,2025-11-18
7002903,502673,Commercial Property,358960.97,2024-09-21
7002904,501727,Vehicle,49849.35,2023-04-26
7002905,502316,Real Estate,39127.23,2025-02-20
7002906,500839,Real Estate,44700.5,2026-05-28
7002907,502956,Real Estate,13910.16,2024-10-24
7002908,504990,Real Estate,116396.43,2023-03-05
7002909,504888,Equipment,94699.8,2025-01-27
7002910,502401,Commercial Property,27152.84,2025-01-01
7002911,504092,Vehicle,58823.95,2023-07-10
7002912,502785,Vehicle,166387.97,2024-07-26
7002913,501049,Equipment,96821.69,2023-06-29
7002914,503216,Commercial Property,50083.08,2025-11-09
7002915,503997,Vehicle,126485.83,2026-03-03
7002916,501286,Equipment,148897.89,2025-01-17
7002917,500741,Vehicle,15930.63,2026-05-05
7002918,502087,Vehicle,104999.03,2024-04-08
7002919,501070,Commercial Property,7038.61,2025-12-07
7002920,504803,Commercial Property,46049.52,2023-03-22
7002921,500690,Vehicle,108206.56,2026-04-16
7002922,503776,Real Estate,15271.84,2023-05-10
7002923,504049,Commercial Property,213608.64,2026-01-06
7002924,502925,Vehicle,34375.13,2026-01-14
7002925,500696,Vehicle,147693.31,2025-04-05
7002926,504694,Real Estate,19656.7,2023-08-03
7002927,503532,Real Estate,10497.77,2023-05-09
7002928,503212,Vehicle,15008.14,2025-03-04
7002929,503723,Real Estate,50503.59,2024-11-06
7002930,504738,Real Estate,172697.53,2023-10-11
7002931,502301,Equipment,249361.24,2023-09-04
7002932,504216,Real Estate,106358.31,2024-06-29
7002933,501797,Commercial Property,433203.96,2025-05-15
7002934,504725,Real Estate,176009.76,2026-04-23
7002935,504767,Commercial Property,169467.14,2024-06-20
7002936,500099,Vehicle,116770.78,2025-08-20
7002937,500777,Real Estate,173904.62,2023-10-24
7002938,501658,Real Estate,7285.44,2024-09-10
7002939,501256,Vehicle,32215.73,2024-06-05
7002940,502142,Other,131267.18,2025-12-05
7002941,503205,Real Estate,44598.89,2023-10-07
7002942,502453,Real Estate,66937.44,2023-02-05
7002943,502694,Equipment,15219.79,2023-03-14
7002944,502610,Vehicle,198882.59,2025-01-01
7002945,500522,Real Estate,182139.55,2023-01-17
7002946,503611,Commercial Property,62017.15,2026-02-26
7002947,504504,Vehicle,36120.93,2025-07-05
7002948,504047,Equipment,43621.28,2024-12-26
7002949,502200,Real Estate,49046.19,2024-04-27
7002950,502100,Real Estate,54962.65,2025-11-15
7002951,503784,Vehicle,215037.47,2026-04-19
7002952,500367,Vehicle,107675.68,2026-05-29
7002953,503757,Real Estate,170664.07,2025-08-04
7002954,501455,Commercial Property,269254.63,2026-02-25
7002955,503373,Equipment,8886.54,2026-07-01
7002956,504942,Real Estate,16309.48,2025-07-23
7002957,502120,Commercial Property,86771.87,2023-09-13
7002958,500481,Equipment,57483.44,2026-01-22
7002959,500249,Other,69602.27,2023-04-28
7002960,502483,Equipment,10213.12,2026-07-21
7002961,503663,Commercial Property,288519.34,2024-09-14
7002962,504350,Real Estate,201472.32,2025-01-28
7002963,503610,Real Estate,61429.94,2023-11-20
7002964,501783,Vehicle,10612.85,2026-02-11
7002965,502791,Real Estate,8292.69,2026-08-17
7002966,503786,Commercial Property,84609.39,2024-11-18
7002967,500519,Other,8733.3,2023-11-21
7002968,504115,Vehicle,156280.91,2023-07-28
7002969,503505,Real Estate,14574.54,2024-12-20
7002970,504924,Vehicle,388149.63,2024-02-29
7002971,501951,Other,15921.49,2026-04-28
7002972,502889,Equipment,12694.1,2023-03-17
7002973,503591,Equipment,17983.56,2026-03-31
7002974,501678,Equipment,24639.12,2025-11-20
7002975,501507,Vehicle,38229.64,2024-01-31
7002976,501958,Equipment,21876.37,2024-12-19
7002977,500566,Vehicle,249218.42,2023-03-19
7002978,503531,Vehicle,183598.39,2024-11-22
7002979,504013,Vehicle,63507.43,2025-07-01
7002980,504651,Other,22068.07,2026-08-29
7002981,503908,Real Estate,57847.05,2023-08-03
7002982,502436,Other,41321.26,2023-11-19
7002983,504928,Equipment,62887.86,2023-06-28
7002984,501030,Commercial Property,154681.16,2024-10-01
7002985,501893,Real Estate,42300.12,2025-08-26
7002986,501739,Vehicle,54706.94,2023-08-18
7002987,502820,Commercial Property,15064.33,2024-07-22
7002988,502913,Vehicle,79048.05,2025-05-07
7002989,502399,Vehicle,192647.82,2026-03-15
7002990,504844,Vehicle,220364.21,2026-07-25
7002991,502674,Commercial Property,23816.17,2025-06-18
7002992,504834,Real Estate,225961.13,2024-05-20
7002993,501837,Real Estate,41009.93,2025-03-11
7002994,500757,Real Estate,77284.12,2024-07-12
7002995,502654,Real Estate,173417.48,2024-05-31
7002996,502338,Real Estate,62626.89,2026-03-25
7002997,500126,Equipment,175597.12,2025-02-01
7002998,504389,Equipment,228551.23,2023-03-26
7002999,502805,Vehicle,293778.68,2023-07-24
7003000,503485,Real Estate,465329.26,2024-08-30
7003001,503667,Vehicle,20806.67,2025-09-09
7003002,502773,Commercial Property,24150.5,2024-09-10
7003003,503267,Equipment,2487.19,2026-07-16
7003004,500122,Vehicle,4167.68,2024-02-05
7003005,504040,Commercial Property,216694.45,2023-09-02
7003006,503242,Equipment,37948.03,2025-01-19
7003007,504101,Vehicle,32462.92,2024-12-06
7003008,502476,Other,8633.05,2024-07-09
7003009,501408,Other,25541.97,2026-04-18
7003010,502415,Vehicle,68917.66,2023-04-21
7003011,500342,Real Estate,24196.78,2023-10-14
7003012,502230,Vehicle,222849.92,2026-02-18
7003013,503864,Real Estate,11808.07,2024-11-01
7003014,500771,Equipment,191808.23,2024-04-17
7003015,502826,Commercial Property,36569.05,2024-11-13
7003016,500483,Real Estate,191291.49,2025-08-27
7003017,502016,Vehicle,7525.75,2024-09-01
7003018,500820,Commercial Property,42621.61,2025-01-25
7003019,503677,Commercial Property,10504.13,2025-08-13
7003020,502247,Vehicle,599835.42,2025-12-01
7003021,502340,Equipment,122605.95,2025-11-19
7003022,500856,Vehicle,294270.99,2023-06-17
7003023,501444,Real Estate,156967.76,2025-08-04
7003024,502655,Vehicle,5670.13,2026-05-31
7003025,501122,Real Estate,27438.42,2024-01-03
7003026,501963,Other,206585.25,2026-01-10
7003027,502863,Vehicle,29027.73,2024-07-22
7003028,504745,Real Estate,10978.9,2025-11-22
7003029,504030,Commercial Property,29567.33,2024-09-21
7003030,504114,Equipment,71441.47,2026-01-04
7003031,503424,Equipment,86830.31,2024-06-22
7003032,503316,Real Estate,8033.66,2025-12-27
7003033,503596,Vehicle,138970.1,2025-06-06
7003034,500716,Equipment,74712.28,2025-10-06
7003035,504421,Other,21800.63,2024-02-26
7003036,501923,Real Estate,280952.35,2026-03-22
7003037,501079,Commercial Property,749362.25,2025-08-04
7003038,500338,Real Estate,343028.86,2025-02-02
7003039,503366,Real Estate,72470.48,2025-08-05
7003040,500592,Real Estate,42905.19,2024-07-07
7003041,503946,Vehicle,102208.65,2026-02-16
7003042,500598,Real Estate,9054.49,2023-02-15
7003043,501556,Real Estate,29159.74,2023-02-17
7003044,500523,Commercial Property,17022.6,2024-02-07
7003045,502562,Other,13522.55,2024-11-27
7003046,503671,Real Estate,126944.03,2026-03-03
7003047,502847,Vehicle,5170.58,2025-06-09
7003048,502421,Commercial Property,413656.06,2026-07-26
7003049,503105,Real Estate,391828.76,2023-09-17
7003050,503841,Vehicle,26533.98,2024-06-30
7003051,500051,Vehicle,10889.09,2025-09-19
7003052,503570,Real Estate,107316.52,2025-07-27
7003053,501368,Real Estate,53724.99,2023-01-20
7003054,503121,Real Estate,111539.13,2024-10-30
7003055,503940,Other,71085.42,2024-07-18
7003056,500558,Equipment,25540.4,2025-11-04
7003057,500688,Other,193020.63,2024-10-16
7003058,502030,Equipment,81527.22,2024-03-31
7003059,500045,Equipment,281837.77,2025-12-10
7003060,500618,Vehicle,127469.23,2024-07-15
7003061,504637,Commercial Property,123182.45,2026-08-21
7003062,500819,Vehicle,139631.88,2026-02-05
7003063,500459,Real Estate,1033756.76,2025-08-02
7003064,501709,Real Estate,43547.55,2025-06-19
7003065,502951,Equipment,447447.68,2023-06-19
7003066,500409,Real Estate,35731.43,2025-10-29
7003067,502964,Commercial Property,19958.86,2024-03-16
7003068,500861,Real Estate,24070.05,2026-01-06
7003069,501931,Real Estate,138572.2,2023-11-20
7003070,503580,Commercial Property,203260.54,2024-08-20
7003071,504344,Commercial Property,243888.38,2023-07-22
7003072,504412,Vehicle,10955.67,2024-11-24
7003073,502931,Vehicle,95414.91,2025-05-01
7003074,500750,Real Estate,56521.48,2025-07-08
7003075,502134,Vehicle,499526.15,2023-01-18
7003076,503065,Vehicle,325680.23,2024-10-22
7003077,501391,Vehicle,4390.92,2024-11-01
7003078,503931,Real Estate,310104.54,2025-09-26
7003079,501000,Equipment,2540.4,2026-02-22
7003080,501915,Vehicle,15075.75,2026-08-26
7003081,500289,Equipment,19947.65,2024-08-09
7003082,504973,Real Estate,30280.34,2023-01-29
7003083,502497,Real Estate,126771.1,2025-03-07
7003084,500324,Equipment,153025.44,2023-05-28
7003085,503077,Vehicle,161599.16,2024-01-28
7003086,503511,Real Estate,27747.08,2026-05-31
7003087,503574,Commercial Property,19665.11,2023-01-15
7003088,504320,Equipment,28485.02,2026-04-15
7003089,500844,Equipment,19790.19,2023-08-31
7003090,500997,Vehicle,7155.79,2023-07-28
7003091,504385,Equipment,50486.24,2024-04-12
7003092,500537,Equipment,59580.35,2024-02-12
7003093,503593,Real Estate,75669.0,2026-07-14
7003094,500181,Equipment,52818.1,2025-02-19
7003095,504349,Commercial Property,23108.86,2026-07-24
7003096,504627,Commercial Property,45118.45,2023-01-23
7003097,501493,Vehicle,172054.2,2024-02-14
7003098,504321,Real Estate,217366.96,2025-09-25
7003099,504611,Vehicle,18735.46,2024-01-24
7003100,502720,Vehicle,314470.64,2025-05-31
7003101,504107,Real Estate,275017.72,2025-11-23
7003102,504181,Equipment,8058.66,2026-06-16
7003103,504065,Real Estate,12012.74,2025-12-22
7003104,503038,Real Estate,160869.96,2023-08-02
7003105,500966,Equipment,275636.06,2024-07-11
7003106,503554,Commercial Property,153609.02,2023-11-19
7003107,503850,Commercial Property,74827.15,2023-09-30
7003108,504384,Vehicle,42516.76,2026-02-01
7003109,503455,Real Estate,16556.81,2025-06-26
7003110,502915,Equipment,79044.47,2026-04-21
7003111,502433,Other,329889.7,2025-12-01
7003112,502410,Real Estate,14768.52,2024-08-04
7003113,503382,Vehicle,237749.3,2023-10-26
7003114,502960,Real Estate,15401.55,2026-06-01
7003115,502286,Real Estate,32630.57,2024-06-05
7003116,500380,Real Estate,198211.42,2023-12-02
7003117,504879,Real Estate,512718.46,2026-08-25
7003118,504451,Commercial Property,17526.73,2025-09-24
7003119,504518,Vehicle,129084.99,2023-08-18
7003120,500410,Commercial Property,13813.77,2023-03-21
7003121,502374,Equipment,121311.27,2023-11-15
7003122,502733,Vehicle,15843.97,2023-11-01
7003123,503073,Real Estate,23946.13,2023-02-01
7003124,502783,Vehicle,23850.79,2025-10-27
7003125,503155,Real Estate,51979.1,2023-08-04
7003126,503504,Other,385074.43,2026-06-24
7003127,501177,Equipment,167823.57,2024-10-24
7003128,503014,Vehicle,18605.48,2026-06-06
7003129,504773,Other,312049.9,2025-02-12
7003130,503359,Real Estate,62435.19,2023-03-30
7003131,503311,Commercial Property,5292.54,2024-10-29
7003132,500871,Commercial Property,59870.74,2024-05-10
7003133,500520,Other,40124.56,2024-05-12
7003134,502412,Vehicle,23714.91,2025-08-13
7003135,500853,Real Estate,148712.09,2025-10-03
7003136,502737,Real Estate,177798.34,2025-01-25
7003137,500788,Real Estate,49018.77,2024-07-19
7003138,504513,Commercial Property,123936.3,2023-06-15
7003139,500641,Vehicle,22699.82,2025-06-20
7003140,500867,Vehicle,51226.77,2024-03-04
7003141,504719,Equipment,45343.24,2023-05-07
7003142,500880,Vehicle,171243.7,2024-11-08
7003143,503004,Real Estate,107518.41,2024-09-21
7003144,504547,Real Estate,17526.23,2026-01-09
7003145,500811,Other,22040.9,2024-07-01
7003146,501933,Equipment,445095.64,2026-07-27
7003147,501682,Vehicle,9504.79,2025-10-17
7003148,504753,Real Estate,51537.84,2024-09-13
7003149,503254,Other,79510.38,2024-11-05
7003150,504691,Equipment,12304.96,2026-08-29
7003151,500437,Real Estate,55173.06,2025-12-05
7003152,504165,Vehicle,37872.81,2026-05-01
7003153,504562,Equipment,535807.62,2026-04-02
7003154,500382,Real Estate,34774.62,2024-03-18
7003155,501528,Vehicle,42467.22,2026-03-07
7003156,500155,Equipment,10572.87,2025-10-23
7003157,502648,Vehicle,21175.64,2024-03-16
7003158,503665,Vehicle,148027.08,2024-10-31
7003159,504610,Commercial Property,193436.83,2023-01-05
7003160,502248,Real Estate,118407.12,2024-04-12
7003161,503987,Equipment,39053.6,2023-02-15
7003162,503604,Equipment,80819.98,2024-09-06
7003163,504466,Other,196675.92,2025-03-16
7003164,501144,Vehicle,86963.05,2024-02-10
7003165,503321,Other,135258.26,2023-03-17
7003166,502516,Real Estate,15711.04,2023-04-02
7003167,502337,Real Estate,61703.16,2023-12-02
7003168,500675,Vehicle,104886.72,2024-08-05
7003169,502659,Real Estate,75145.47,2026-07-11
7003170,500080,Vehicle,209038.38,2025-04-13
7003171,504327,Real Estate,282324.94,2024-09-02
7003172,502766,Equipment,18173.52,2023-12-06
7003173,502028,Real Estate,26485.4,2025-07-20
7003174,502323,Real Estate,452013.91,2026-05-11
7003175,503894,Commercial Property,112212.32,2024-08-14
7003176,504659,Commercial Property,6598.2,2026-01-17
7003177,500711,Vehicle,4739.01,2026-04-28
7003178,504441,Vehicle,3212.22,2023-07-15
7003179,500270,Real Estate,21212.4,2024-05-24
7003180,503607,Other,274718.72,2024-05-27
7003181,500555,Real Estate,589013.38,2026-04-08
7003182,504913,Vehicle,35178.67,2025-10-29
7003183,500390,Equipment,87884.65,2025-07-04
7003184,501170,Real Estate,113748.79,2024-10-02
7003185,502613,Other,15473.75,2025-03-26
7003186,504644,Real Estate,20127.57,2024-02-03
7003187,500978,Commercial Property,46287.51,2024-08-07
7003188,503518,Equipment,39047.33,2024-04-15
7003189,501890,Real Estate,71376.92,2024-08-16
7003190,502729,Equipment,5069.16,2023-07-04
7003191,503528,Other,44443.85,2025-04-18
7003192,501443,Vehicle,91160.59,2026-02-14
7003193,502045,Equipment,93314.79,2025-02-11
7003194,504581,Vehicle,220469.76,2024-05-26
7003195,500381,Commercial Property,17444.38,2023-05-21
7003196,504911,Equipment,21825.32,2024-06-22
7003197,503848,Real Estate,307620.62,2023-12-17
7003198,504444,Real Estate,120898.88,2024-03-16
7003199,504219,Real Estate,9568.74,2025-03-27
7003200,501003,Commercial Property,42484.79,2026-02-19
7003201,504195,Vehicle,16321.69,2024-09-02
7003202,501522,Equipment,13029.98,2025-06-12
7003203,500908,Real Estate,75914.59,2023-10-21
7003204,503220,Real Estate,374377.85,2025-12-31
7003205,502502,Commercial Property,16101.18,2025-12-01
7003206,504254,Real Estate,17615.11,2024-10-10
7003207,503046,Real Estate,104742.21,2023-01-24
7003208,501130,Real Estate,79772.84,2023-12-10
7003209,501527,Equipment,26416.12,2024-10-08
7003210,502408,Vehicle,5354.07,2026-04-03
7003211,500344,Real Estate,22742.74,2023-04-30
7003212,501252,Vehicle,17529.19,2026-03-11
7003213,502850,Commercial Property,11170.19,2026-06-01
7003214,503877,Real Estate,175151.16,2026-01-12
7003215,500425,Real Estate,225523.46,2023-11-09
7003216,500038,Vehicle,3720.84,2025-11-25
7003217,500450,Other,56461.49,2026-04-21
7003218,500480,Real Estate,171813.01,2025-08-17
7003219,501753,Commercial Property,107506.07,2024-08-17
7003220,500034,Commercial Property,41714.53,2023-12-20
7003221,500958,Vehicle,6644.14,2023-11-20
7003222,500430,Vehicle,179630.73,2026-06-01
7003223,504984,Real Estate,56559.7,2025-01-28
7003224,500377,Real Estate,458207.77,2025-04-04
7003225,504804,Commercial Property,226111.01,2025-12-12
7003226,501313,Real Estate,842143.44,2024-04-25
7003227,502563,Other,29396.56,2024-12-18
7003228,503391,Equipment,361910.76,2024-11-22
7003229,503257,Vehicle,6422.67,2025-09-23
7003230,501112,Real Estate,47845.08,2025-04-27
7003231,502166,Real Estate,19886.78,2026-08-01
7003232,500310,Real Estate,26099.33,2023-08-14
7003233,504525,Commercial Property,416159.5,2026-04-08
7003234,501476,Other,29505.77,2024-05-19
7003235,503830,Vehicle,20240.22,2023-03-20
7003236,502112,Vehicle,90387.97,2024-04-27
7003237,503249,Equipment,155827.17,2024-02-19
7003238,501978,Real Estate,152232.11,2025-03-01
7003239,500489,Real Estate,53525.5,2024-08-22
7003240,503575,Real Estate,82888.4,2024-01-17
7003241,502798,Vehicle,22081.17,2026-06-27
7003242,503507,Vehicle,11641.58,2024-09-24
7003243,502912,Real Estate,76891.36,2024-09-25
7003244,502290,Real Estate,17573.04,2024-10-14
7003245,504326,Vehicle,45276.21,2026-08-18
7003246,500935,Other,5539.78,2026-07-31
7003247,502284,Vehicle,183697.61,2026-01-31
7003248,504074,Real Estate,46821.21,2024-10-24
7003249,503185,Vehicle,9038.13,2025-02-08
7003250,503233,Equipment,46959.06,2026-05-12
7003251,502075,Commercial Property,45801.47,2023-09-12
7003252,503878,Real Estate,175909.25,2023-02-04
7003253,503695,Commercial Property,13969.57,2025-11-18
7003254,500389,Equipment,113812.49,2025-07-25
7003255,501281,Real Estate,124213.47,2024-01-20
7003256,501742,Real Estate,14682.49,2024-03-16
7003257,502701,Real Estate,18564.23,2024-06-25
7003258,503536,Real Estate,57465.95,2023-11-18
7003259,500205,Commercial Property,6792.3,2023-09-17
7003260,503204,Real Estate,60725.66,2026-03-29
7003261,504374,Real Estate,68323.27,2023-06-17
7003262,501273,Vehicle,429124.41,2026-04-04
7003263,502066,Real Estate,18033.85,2025-10-19
7003264,502133,Real Estate,5285.14,2023-06-19
7003265,503933,Vehicle,188444.95,2024-04-30
7003266,502605,Vehicle,113453.63,2026-05-07
7003267,502867,Vehicle,16737.79,2025-01-27
7003268,504445,Real Estate,14296.24,2026-01-11
7003269,502538,Vehicle,185966.02,2026-04-18
7003270,502411,Equipment,6452.9,2024-07-05
7003271,500152,Real Estate,138266.13,2023-07-11
7003272,504296,Real Estate,302896.39,2023-08-02
7003273,500657,Real Estate,117840.61,2025-08-11
7003274,501092,Equipment,37457.68,2024-03-20
7003275,503811,Equipment,60918.34,2023-06-11
7003276,500219,Equipment,99216.29,2024-02-10
7003277,504670,Real Estate,478277.81,2023-03-15
7003278,500215,Real Estate,233351.19,2025-03-01
7003279,504780,Equipment,15575.76,2023-09-19
7003280,502099,Equipment,42370.74,2023-08-02
7003281,503785,Other,363108.84,2023-03-14
7003282,504335,Real Estate,2831.52,2025-09-07
7003283,501098,Real Estate,297372.64,2023-09-10
7003284,504557,Vehicle,27915.53,2026-06-09
7003285,501311,Commercial Property,65312.58,2023-05-23
7003286,503619,Real Estate,46699.03,2025-07-16
7003287,504568,Equipment,160951.45,2024-06-17
7003288,502574,Vehicle,7192.71,2025-12-09
7003289,500621,Real Estate,422627.55,2023-12-02
7003290,502214,Commercial Property,23798.37,2025-07-17
7003291,502474,Equipment,110908.22,2026-05-29
7003292,503374,Vehicle,101438.61,2025-04-05
7003293,502249,Commercial Property,12419.93,2023-10-12
7003294,500636,Vehicle,340906.74,2024-06-07
7003295,503565,Real Estate,216312.45,2023-01-28
7003296,502352,Equipment,6362.49,2025-01-27
7003297,501726,Equipment,202204.61,2025-12-25
7003298,503812,Real Estate,290838.61,2025-11-21
7003299,504234,Real Estate,115750.92,2026-01-03
7003300,503998,Real Estate,183856.78,2024-09-01
7003301,501140,Real Estate,28378.41,2025-03-13
7003302,501026,Equipment,339205.95,2023-11-28
7003303,500383,Vehicle,69695.63,2024-03-05
7003304,500024,Commercial Property,55964.24,2026-04-26
7003305,503320,Real Estate,30627.06,2026-03-31
7003306,501876,Vehicle,188399.18,2026-06-21
7003307,502771,Real Estate,500669.91,2024-05-11
7003308,501035,Vehicle,4328.21,2025-02-11
7003309,503408,Real Estate,152259.47,2025-07-13
7003310,502998,Equipment,245233.2,2025-07-31
7003311,501794,Commercial Property,54807.34,2026-02-25
7003312,501172,Commercial Property,275248.48,2025-11-12
7003313,503909,Real Estate,2074.43,2025-01-27
7003314,503912,Vehicle,6864.92,2026-01-17
7003315,504237,Real Estate,21332.34,2026-02-12
7003316,504795,Real Estate,23178.26,2025-03-13
7003317,501248,Vehicle,23506.61,2023-07-06
7003318,500196,Equipment,202652.24,2026-03-14
7003319,501741,Vehicle,36678.3,2024-03-07
7003320,500715,Vehicle,765211.69,2024-01-29
7003321,501642,Equipment,257554.74,2025-07-10
7003322,502699,Real Estate,26305.08,2023-10-17
7003323,501390,Vehicle,4997.65,2024-07-03
7003324,503279,Real Estate,61379.44,2025-11-22
7003325,503148,Real Estate,365045.24,2024-09-16
7003326,504854,Vehicle,21341.51,2023-05-15
7003327,501698,Equipment,15138.94,2024-06-08
7003328,501676,Equipment,269123.84,2025-02-24
7003329,503943,Real Estate,512862.93,2025-06-26
7003330,501392,Vehicle,60866.59,2026-05-15
7003331,502269,Vehicle,73528.15,2023-04-20
7003332,502751,Real Estate,176830.47,2025-03-22
7003333,504953,Commercial Property,461265.86,2025-10-01
7003334,502779,Real Estate,201330.13,2026-06-15
7003335,501777,Real Estate,38220.41,2026-04-25
7003336,500111,Commercial Property,16562.61,2024-06-03
7003337,503214,Commercial Property,434929.46,2023-08-15
7003338,500112,Commercial Property,128752.9,2024-08-15
7003339,502633,Commercial Property,38284.72,2025-08-10
7003340,502085,Equipment,191571.66,2026-04-05
7003341,502093,Real Estate,52972.49,2026-04-25
7003342,503456,Commercial Property,35632.87,2023-05-02
7003343,500907,Vehicle,5410.5,2023-12-21
7003344,504191,Real Estate,270313.59,2024-07-22
7003345,502559,Real Estate,76161.11,2026-06-16
7003346,503244,Commercial Property,89137.49,2025-08-06
7003347,504946,Real Estate,117625.83,2026-03-09
7003348,502609,Vehicle,324336.52,2024-05-03
7003349,500892,Real Estate,46456.58,2024-12-03
7003350,502180,Real Estate,84146.3,2023-08-05
7003351,500276,Other,17417.21,2026-08-29
7003352,502900,Vehicle,2296.06,2024-03-09
7003353,504436,Other,12654.81,2023-09-03
7003354,501327,Real Estate,53284.82,2024-06-03
7003355,504985,Real Estate,486082.64,2025-04-19
7003356,504104,Vehicle,226561.08,2024-10-12
7003357,504036,Real Estate,39051.73,2024-11-06
7003358,500397,Vehicle,287268.66,2025-09-26
7003359,500948,Commercial Property,8144.11,2026-06-25
7003360,502432,Commercial Property,42268.46,2025-02-26
7003361,501795,Real Estate,53723.47,2025-10-01
7003362,504351,Real Estate,26716.63,2024-09-09
7003363,502979,Real Estate,20900.55,2025-07-09
7003364,501691,Real Estate,232246.97,2023-08-31
7003365,503928,Real Estate,29360.77,2026-06-09
7003366,501634,Equipment,31341.93,2024-02-17
7003367,500701,Commercial Property,37609.56,2023-11-24
7003368,504376,Commercial Property,14951.64,2026-02-15
7003369,500876,Vehicle,25725.96,2023-03-09
7003370,500325,Vehicle,214115.56,2023-06-17
7003371,504617,Equipment,10799.95,2025-11-15
7003372,504170,Real Estate,38521.31,2024-03-21
7003373,504458,Equipment,100186.78,2023-02-02
7003374,504063,Real Estate,205122.4,2025-08-05
7003375,500599,Real Estate,123174.45,2024-07-31
7003376,501105,Vehicle,127665.79,2026-01-06
7003377,503490,Real Estate,162545.93,2024-02-12
7003378,500235,Real Estate,161975.59,2025-12-29
7003379,503173,Vehicle,657211.85,2025-09-09
7003380,504626,Vehicle,7284.27,2026-05-31
7003381,501550,Real Estate,13910.98,2023-05-16
7003382,501942,Commercial Property,15264.0,2024-01-16
7003383,504261,Other,89382.64,2024-05-26
7003384,500591,Equipment,22467.03,2025-02-01
7003385,501131,Vehicle,26887.08,2024-09-16
7003386,503176,Vehicle,16715.08,2023-07-25
7003387,500687,Equipment,100471.75,2024-04-14
7003388,501132,Equipment,88796.15,2024-08-19
7003389,504291,Real Estate,536674.31,2023-10-10
7003390,504178,Equipment,49700.73,2026-03-27
7003391,504809,Real Estate,201501.86,2025-06-12
7003392,502253,Commercial Property,56266.75,2024-06-09
7003393,500146,Equipment,100488.39,2026-05-17
7003394,500087,Real Estate,79704.34,2024-12-16
7003395,503407,Vehicle,141804.23,2023-12-29
7003396,501159,Equipment,118528.37,2023-12-01
7003397,503679,Equipment,85666.3,2026-08-01
7003398,503182,Vehicle,458254.46,2025-02-08
7003399,500652,Commercial Property,65395.34,2023-05-20
7003400,502342,Real Estate,17848.76,2026-07-28
7003401,500569,Commercial Property,4421.13,2024-06-17
7003402,504058,Vehicle,2170.74,2023-10-23
7003403,501894,Real Estate,49719.42,2023-02-10
7003404,504383,Other,9126.52,2024-05-24
7003405,503697,Real Estate,44405.23,2023-03-21
7003406,500254,Vehicle,179820.78,2025-11-06
7003407,500870,Vehicle,26450.3,2025-08-26
7003408,504660,Commercial Property,66100.97,2025-02-03
7003409,500801,Other,45819.07,2026-04-08
7003410,500120,Other,4011.18,2024-09-23
7003411,501007,Vehicle,88307.65,2025-07-28
7003412,502124,Equipment,16143.4,2025-02-13
7003413,501618,Equipment,27839.07,2025-07-02
7003414,501808,Equipment,532291.15,2023-12-22
7003415,504011,Vehicle,16571.42,2026-06-12
7003416,503689,Real Estate,22597.43,2024-06-26
7003417,501367,Real Estate,28902.47,2023-10-24
7003418,503219,Real Estate,238849.47,2025-11-30
7003419,500444,Equipment,11446.67,2023-05-23
7003420,504602,Real Estate,647626.75,2023-08-19
7003421,501536,Equipment,26303.21,2024-01-15
7003422,501975,Vehicle,57719.4,2024-05-02
7003423,501722,Vehicle,4659.55,2023-04-04
7003424,502059,Equipment,2551.49,2025-05-26
7003425,500185,Equipment,167081.52,2026-06-12
7003426,501756,Equipment,7358.53,2023-10-02
7003427,504669,Equipment,33004.25,2024-06-23
7003428,503803,Vehicle,187787.24,2026-07-27
7003429,502508,Commercial Property,14059.68,2024-02-09
7003430,502420,Other,79680.0,2024-12-28
7003431,504135,Real Estate,1451.9,2023-03-03
7003432,502429,Real Estate,147078.54,2023-01-29
7003433,502534,Vehicle,169029.23,2025-02-14
7003434,504432,Equipment,131333.0,2023-06-24
7003435,504394,Equipment,11038.86,2025-07-22
7003436,500376,Vehicle,227910.36,2026-05-07
7003437,501530,Real Estate,303674.13,2024-07-09
7003438,500262,Equipment,220768.92,2025-01-31
7003439,501784,Real Estate,9469.33,2023-12-04
7003440,501475,Equipment,16106.2,2024-12-30
7003441,503102,Equipment,113416.24,2026-07-11
7003442,504127,Vehicle,31762.31,2024-01-25
7003443,503613,Vehicle,481078.9,2025-03-09
7003444,500987,Equipment,34505.67,2026-07-16
7003445,504552,Real Estate,5882.64,2025-04-29
7003446,504600,Vehicle,79951.99,2023-07-30
7003447,504157,Real Estate,215431.67,2024-10-25
7003448,500929,Vehicle,37758.78,2024-06-11
7003449,500686,Vehicle,15640.84,2025-01-05
7003450,500210,Vehicle,161205.06,2026-02-21
7003451,502958,Commercial Property,45439.76,2026-06-10
7003452,504576,Equipment,48135.5,2023-05-06
7003453,504472,Commercial Property,68879.77,2024-12-11
7003454,503199,Vehicle,11763.7,2026-06-05
7003455,500048,Real Estate,23633.42,2024-06-24
7003456,504768,Real Estate,99011.9,2023-11-15
7003457,504179,Vehicle,45910.0,2023-08-06
7003458,500190,Real Estate,291891.69,2026-04-20
7003459,504707,Equipment,143824.51,2024-07-02
7003460,503261,Equipment,35807.18,2026-02-24
7003461,502173,Real Estate,147203.06,2026-04-19
7003462,501513,Equipment,209285.96,2023-02-24
7003463,504095,Other,13678.48,2026-08-30
7003464,501702,Equipment,55852.2,2026-02-15
7003465,503833,Equipment,10009.13,2023-08-24
7003466,503691,Other,257251.78,2024-07-18
7003467,501575,Real Estate,491091.99,2025-06-05
7003468,504449,Equipment,7997.5,2023-04-26
7003469,503614,Vehicle,71321.38,2024-09-10
7003470,502196,Real Estate,36321.43,2024-02-14
7003471,502022,Real Estate,1296066.1,2025-03-10
7003472,502470,Vehicle,29088.76,2024-03-28
7003473,500495,Real Estate,41780.76,2025-08-13
7003474,502999,Vehicle,114069.2,2023-01-22
7003475,503096,Other,50504.77,2023-03-23
7003476,503178,Equipment,46761.02,2024-06-05
7003477,502823,Equipment,704112.64,2025-03-06
7003478,503390,Vehicle,222394.38,2026-03-12
7003479,503890,Vehicle,43675.52,2023-09-25
7003480,500883,Real Estate,59666.19,2025-04-21
7003481,502322,Vehicle,123144.1,2025-09-14
7003482,503035,Real Estate,13892.59,2025-05-23
7003483,500346,Real Estate,18144.26,2024-06-29
7003484,504467,Real Estate,38657.31,2025-01-01
7003485,501542,Commercial Property,255763.34,2026-08-01
7003486,500268,Equipment,55169.96,2025-05-29
7003487,504048,Commercial Property,139633.67,2026-05-15
7003488,502665,Real Estate,17199.62,2023-04-17
7003489,501449,Vehicle,21009.16,2024-06-21
7003490,504759,Equipment,453714.68,2023-06-25
7003491,501699,Equipment,43308.21,2026-06-26
7003492,502388,Real Estate,382000.18,2025-02-03
7003493,501605,Commercial Property,63386.08,2026-07-10
7003494,502905,Other,134782.25,2023-06-15
7003495,503003,Real Estate,22279.33,2023-01-16
7003496,501694,Vehicle,13918.65,2025-02-11
7003497,504848,Vehicle,310676.75,2025-03-15
7003498,502735,Other,43656.38,2026-02-23
7003499,503883,Real Estate,234394.37,2025-05-31
7003500,501798,Real Estate,117766.72,2025-11-02
7003501,502894,Vehicle,13672.14,2026-05-04
7003502,500779,Real Estate,397047.69,2025-03-25
7003503,500825,Commercial Property,406648.02,2025-11-03
7003504,502664,Commercial Property,46421.79,2023-08-01
7003505,503765,Commercial Property,182397.92,2026-06-24
7003506,504397,Equipment,12105.92,2023-10-11
7003507,501442,Equipment,38306.15,2024-12-26
7003508,500364,Vehicle,125692.31,2023-09-09
7003509,502094,Equipment,44930.54,2025-07-01
7003510,501641,Vehicle,3440.95,2025-05-08
7003511,503584,Real Estate,69245.09,2026-03-19
7003512,503028,Vehicle,219737.75,2024-07-30
7003513,500673,Real Estate,298154.79,2024-08-22
7003514,502530,Real Estate,60986.06,2025-06-11
7003515,500932,Vehicle,36168.18,2025-01-19
7003516,504370,Real Estate,21472.2,2024-10-17
7003517,504754,Equipment,196982.56,2024-08-06
7003518,501875,Real Estate,85424.65,2025-05-04
7003519,501142,Equipment,105655.5,2025-11-10
7003520,502428,Vehicle,91449.83,2024-08-20
7003521,504861,Real Estate,180618.24,2025-11-24
7003522,501093,Commercial Property,85970.08,2023-02-04
7003523,500954,Commercial Property,11931.72,2026-05-04
7003524,502114,Real Estate,159328.44,2024-11-28
7003525,502877,Real Estate,269634.53,2023-04-17
7003526,503444,Vehicle,65215.87,2025-08-27
7003527,504808,Equipment,5926.53,2024-06-30
7003528,504847,Vehicle,406976.02,2025-07-19
7003529,501842,Other,25654.08,2023-02-01
7003530,504465,Real Estate,10319.48,2025-01-20
7003531,500925,Vehicle,87859.93,2026-01-15
7003532,502556,Vehicle,65851.72,2023-06-22
7003533,502796,Vehicle,166985.81,2023-08-12
7003534,503076,Vehicle,156397.82,2024-02-24
7003535,502808,Real Estate,232242.35,2025-08-14
7003536,503856,Equipment,288359.96,2025-03-30
7003537,504814,Real Estate,87020.84,2023-10-03
7003538,503853,Other,100713.31,2023-05-12
7003539,502734,Vehicle,395370.37,2026-05-08
7003540,501223,Vehicle,184679.04,2025-04-12
7003541,500881,Real Estate,205685.76,2025-01-02
7003542,503847,Vehicle,12483.54,2023-10-24
7003543,502370,Vehicle,227048.16,2024-10-12
7003544,504662,Vehicle,3269.95,2025-04-16
7003545,503576,Vehicle,31615.35,2023-02-24
7003546,504892,Equipment,276139.68,2025-03-12
7003547,500123,Real Estate,36817.98,2025-10-16
7003548,500608,Equipment,10349.78,2024-02-19
7003549,502041,Real Estate,395781.09,2023-08-13
7003550,501432,Real Estate,65987.94,2026-02-10
7003551,503870,Vehicle,231719.44,2026-05-24
7003552,502533,Real Estate,160769.13,2023-12-31
7003553,501212,Real Estate,112350.32,2026-06-06
7003554,502860,Vehicle,112721.54,2024-03-06
7003555,502127,Other,153804.05,2026-02-27
7003556,503502,Real Estate,15366.25,2023-12-03
7003557,503248,Vehicle,30054.85,2025-12-09
7003558,504071,Real Estate,8406.8,2025-09-12
7003559,500610,Commercial Property,197084.12,2024-05-13
7003560,503522,Real Estate,70675.39,2023-03-24
7003561,502906,Real Estate,74898.52,2024-11-11
7003562,502986,Other,153820.43,2023-11-28
7003563,502837,Real Estate,398088.11,2026-03-03
7003564,504196,Other,59330.12,2023-03-26
7003565,501430,Real Estate,317216.87,2024-04-02
7003566,503194,Vehicle,22028.87,2025-06-15
7003567,504064,Real Estate,386648.29,2024-05-19
7003568,503118,Vehicle,132069.11,2024-05-29
7003569,503961,Vehicle,79684.24,2025-06-07
7003570,500363,Real Estate,35900.52,2026-01-08
7003571,503259,Other,29172.87,2025-07-14
7003572,502845,Commercial Property,168875.49,2025-10-21
7003573,504396,Commercial Property,376894.48,2026-01-10
7003574,502468,Real Estate,12864.13,2026-08-01
7003575,500075,Real Estate,51443.71,2024-09-04
7003576,501141,Vehicle,86821.58,2024-02-02
7003577,502365,Real Estate,46812.35,2023-10-07
7003578,502074,Real Estate,34292.83,2026-06-19
7003579,504976,Real Estate,23281.31,2025-08-23
7003580,502441,Equipment,10133.95,2023-05-21
7003581,504140,Commercial Property,9005.04,2024-04-06
7003582,504281,Commercial Property,254376.23,2023-10-15
7003583,503126,Real Estate,284105.87,2024-05-23
7003584,500709,Equipment,38992.66,2026-07-18
7003585,502561,Real Estate,128774.18,2024-12-17
7003586,504056,Commercial Property,354452.81,2023-03-16
7003587,500290,Equipment,251949.5,2026-03-11
7003588,500057,Vehicle,80705.93,2024-12-12
7003589,501540,Real Estate,63584.17,2023-04-23
7003590,501599,Real Estate,374363.06,2025-03-26
7003591,502682,Vehicle,64173.91,2025-06-11
7003592,503535,Commercial Property,100522.64,2025-06-20
7003593,501295,Equipment,273153.74,2026-01-04
7003594,500139,Vehicle,45747.16,2025-05-16
7003595,503050,Equipment,18668.62,2025-12-01
7003596,502833,Equipment,116663.08,2024-09-17
7003597,504774,Real Estate,75918.79,2023-10-10
7003598,503144,Other,11832.28,2023-07-21
7003599,504955,Real Estate,19594.61,2024-05-08
7003600,503206,Equipment,5920.03,2024-08-29
7003601,503605,Vehicle,12454.44,2023-09-06
7003602,502048,Equipment,120830.39,2024-08-14
7003603,501955,Real Estate,17185.33,2025-02-10
7003604,501877,Real Estate,26646.31,2025-05-11
7003605,501310,Real Estate,26261.18,2025-01-21
7003606,502932,Other,119449.74,2023-03-28
7003607,501820,Commercial Property,67799.81,2024-05-15
7003608,504740,Vehicle,24902.72,2024-03-01
7003609,504184,Equipment,133191.93,2025-11-13
7003610,500309,Equipment,10984.31,2025-10-08
7003611,500879,Vehicle,233959.11,2025-03-29
7003612,504295,Vehicle,37654.98,2024-08-15
7003613,501075,Real Estate,232260.82,2023-02-12
7003614,500164,Real Estate,4583.77,2023-02-15
7003615,503463,Equipment,55718.8,2023-07-19
7003616,502634,Vehicle,193881.62,2024-08-16
7003617,503588,Real Estate,8614.91,2023-01-24
7003618,502772,Real Estate,139529.43,2023-12-13
7003619,504778,Vehicle,163295.32,2023-08-06
7003620,503616,Real Estate,59517.35,2026-02-09
7003621,502125,Real Estate,187956.68,2026-06-07
7003622,503675,Other,45126.3,2025-06-07
7003623,500720,Real Estate,604467.66,2026-01-01
7003624,502547,Other,34586.89,2026-07-22
7003625,502246,Vehicle,15227.75,2025-04-02
7003626,503874,Commercial Property,224774.41,2026-05-20
7003627,504859,Real Estate,125615.5,2024-09-07
7003628,502505,Other,45649.82,2024-07-02
7003629,500878,Vehicle,13977.37,2026-07-15
7003630,504496,Real Estate,2964.78,2026-01-26
7003631,504885,Vehicle,198687.33,2023-11-14
7003632,504697,Vehicle,98248.73,2026-05-21
7003633,501543,Real Estate,567339.4,2026-03-20
7003634,500033,Real Estate,73356.05,2024-02-12
7003635,501375,Real Estate,43609.56,2025-08-11
7003636,500317,Vehicle,22696.24,2023-10-31
7003637,502151,Equipment,32642.56,2024-04-07
7003638,502723,Equipment,24394.31,2026-03-09
7003639,503993,Real Estate,105285.03,2024-03-28
7003640,500298,Equipment,6575.14,2023-09-14
7003641,504043,Equipment,48737.89,2025-03-24
7003642,501492,Equipment,157365.51,2023-06-15
7003643,501918,Real Estate,127863.94,2025-05-15
7003644,500565,Real Estate,684119.11,2025-08-24
7003645,500730,Equipment,13681.04,2024-08-20
7003646,500465,Vehicle,53631.25,2023-10-31
7003647,503708,Commercial Property,108926.48,2023-01-09
7003648,502679,Vehicle,9742.07,2024-07-21
7003649,503545,Real Estate,406081.16,2024-03-02
7003650,504123,Vehicle,3368.66,2025-11-13
7003651,503438,Real Estate,229359.46,2023-10-08
7003652,500399,Commercial Property,100952.44,2024-03-22
7003653,500939,Vehicle,76536.45,2024-01-27
7003654,500560,Real Estate,111308.24,2025-11-11
7003655,504034,Equipment,226611.2,2025-10-05
7003656,503093,Commercial Property,126535.63,2025-08-29
7003657,502225,Real Estate,578242.04,2025-08-26
7003658,500186,Equipment,109755.71,2024-05-08
7003659,504143,Equipment,230906.46,2025-05-09
7003660,502965,Commercial Property,37026.06,2025-03-05
7003661,501436,Real Estate,13915.98,2023-06-16
7003662,502612,Real Estate,339127.62,2025-12-15
7003663,503101,Real Estate,22823.86,2025-09-23
7003664,503795,Equipment,30774.39,2026-06-10
7003665,501607,Real Estate,46750.03,2025-01-25
7003666,503104,Real Estate,175400.07,2024-02-15
7003667,502393,Real Estate,65325.6,2025-03-06
7003668,501473,Real Estate,9660.58,2026-04-25
7003669,504789,Real Estate,11794.59,2025-04-21
7003670,500226,Vehicle,232758.41,2023-02-19
7003671,502677,Equipment,3840.05,2023-06-13
7003672,504614,Real Estate,62114.75,2025-08-14
7003673,504701,Real Estate,215962.47,2023-07-25
7003674,500737,Equipment,133934.36,2024-11-16
7003675,502897,Commercial Property,686077.49,2026-03-01
7003676,500307,Real Estate,14451.87,2025-01-23
7003677,500694,Equipment,8847.8,2026-01-12
7003678,500604,Equipment,14795.33,2025-05-27
7003679,501061,Vehicle,126167.45,2024-08-04
7003680,500596,Vehicle,5987.4,2024-05-10
7003681,503539,Vehicle,182745.82,2023-06-02
7003682,500557,Real Estate,245893.49,2025-04-09
7003683,503089,Vehicle,198742.02,2023-09-18
7003684,504587,Real Estate,345177.46,2025-09-10
7003685,503734,Real Estate,92858.87,2025-12-16
7003686,500025,Real Estate,7807.17,2026-08-05
7003687,500924,Commercial Property,217042.38,2026-05-08
7003688,501944,Real Estate,48306.6,2025-06-23
7003689,500902,Other,60116.06,2025-10-04
7003690,504559,Equipment,38618.21,2026-05-19
7003691,504563,Vehicle,16735.85,2024-12-06
7003692,501106,Real Estate,23362.74,2024-07-31
7003693,504373,Real Estate,353024.99,2024-04-04
7003694,504262,Real Estate,142751.27,2023-07-27
7003695,501044,Real Estate,279715.62,2025-09-06
7003696,504487,Vehicle,135887.67,2025-04-06
7003697,503318,Real Estate,188235.79,2024-09-06
7003698,501174,Real Estate,22891.1,2024-04-15
7003699,503629,Other,519731.41,2024-03-10
7003700,502418,Real Estate,512171.83,2024-08-19
7003701,502478,Equipment,312320.81,2024-04-26
7003702,500461,Vehicle,81042.52,2026-05-20
7003703,503082,Real Estate,67088.88,2026-06-20
7003704,502042,Equipment,162426.54,2025-08-17
7003705,502911,Real Estate,46455.03,2023-07-31
7003706,500816,Equipment,20798.63,2026-03-03
7003707,503963,Vehicle,24106.83,2025-08-17
7003708,503973,Real Estate,202884.35,2026-01-30
7003709,501606,Equipment,114698.91,2024-11-27
7003710,502477,Commercial Property,8242.7,2025-08-05
7003711,502770,Real Estate,362821.29,2026-03-28
7003712,501824,Real Estate,31708.48,2024-05-08
7003713,504937,Vehicle,43401.94,2026-07-28
7003714,501714,Vehicle,13127.72,2025-06-30
7003715,500585,Real Estate,100785.36,2026-06-08
7003716,502830,Commercial Property,260334.0,2026-03-21
7003717,504447,Vehicle,116118.16,2026-01-31
7003718,500799,Equipment,62082.48,2023-05-30
7003719,502686,Real Estate,20997.82,2023-05-17
7003720,500577,Vehicle,41026.76,2023-11-24
7003721,503011,Vehicle,111827.49,2026-07-27
7003722,504142,Equipment,23379.58,2025-01-04
7003723,500603,Vehicle,297596.81,2023-01-04
7003724,503789,Vehicle,46600.69,2023-01-08
7003725,502423,Real Estate,52119.72,2024-07-22
7003726,502152,Equipment,148431.01,2025-01-24
7003727,503842,Real Estate,11753.58,2026-06-10
7003728,504667,Commercial Property,472825.05,2023-09-03
7003729,504203,Equipment,156419.51,2023-12-21
7003730,500697,Vehicle,27446.69,2024-11-15
7003731,502568,Vehicle,123682.16,2024-01-12
7003732,501810,Real Estate,46669.38,2025-06-18
7003733,504315,Vehicle,53387.03,2025-09-28
7003734,501906,Real Estate,623818.89,2023-03-27
7003735,501506,Equipment,9793.25,2023-08-25
7003736,502793,Real Estate,95810.49,2024-09-05
7003737,501369,Vehicle,41405.46,2025-02-28
7003738,501397,Real Estate,272153.08,2024-06-16
7003739,500848,Vehicle,142940.83,2026-04-19
7003740,503052,Real Estate,280314.19,2023-02-27
7003741,500261,Vehicle,98113.63,2023-11-08
7003742,504454,Equipment,137929.66,2026-04-26
7003743,502935,Real Estate,281283.11,2026-07-31
7003744,502463,Equipment,163197.7,2023-12-21
7003745,501464,Equipment,297943.06,2025-01-30
7003746,504645,Commercial Property,157946.52,2023-01-08
7003747,500360,Commercial Property,250646.39,2026-08-19
7003748,500328,Vehicle,233931.05,2023-01-27
7003749,502008,Real Estate,39581.04,2025-06-03
7003750,504506,Equipment,241101.87,2023-01-03
7003751,503569,Real Estate,24525.63,2024-12-14
7003752,504744,Vehicle,551900.31,2023-08-22
7003753,503147,Real Estate,137219.58,2025-10-29
7003754,504791,Vehicle,118702.88,2025-09-12
7003755,501804,Real Estate,28416.61,2023-12-16
7003756,503967,Commercial Property,46976.35,2023-10-22
7003757,500832,Equipment,28647.52,2023-03-07
7003758,501001,Real Estate,171764.66,2023-01-22
7003759,501180,Real Estate,41216.62,2024-05-20
7003760,501225,Vehicle,170208.54,2025-08-16
7003761,501291,Real Estate,11353.72,2025-01-08
7003762,503802,Real Estate,170315.19,2023-10-02
7003763,504462,Vehicle,71893.48,2024-08-16
7003764,503385,Real Estate,59477.74,2025-02-03
7003765,501817,Real Estate,300223.9,2025-03-27
7003766,501833,Commercial Property,197783.76,2023-09-23
7003767,504706,Vehicle,10220.76,2026-05-11
7003768,502437,Equipment,148946.43,2023-05-19
7003769,502241,Real Estate,35952.28,2024-05-07
7003770,503948,Equipment,141632.04,2025-08-25
7003771,504323,Real Estate,200234.93,2023-08-06
7003772,500747,Vehicle,25509.17,2024-02-02
7003773,503184,Equipment,253778.45,2023-08-01
7003774,500348,Equipment,42072.36,2024-01-05
7003775,502619,Commercial Property,10072.11,2024-09-06
7003776,504286,Commercial Property,277528.69,2025-05-26
7003777,501519,Real Estate,18145.15,2024-02-29
7003778,501563,Commercial Property,32758.38,2025-08-18
7003779,501084,Commercial Property,41127.0,2025-12-19
7003780,501695,Real Estate,676774.32,2024-06-02
7003781,503330,Equipment,22848.63,2024-11-24
7003782,503710,Equipment,62565.8,2025-02-16
7003783,501236,Equipment,10774.45,2026-05-21
7003784,502191,Real Estate,53606.81,2024-04-26
7003785,503416,Real Estate,382698.0,2025-12-27
7003786,503960,Vehicle,97289.33,2023-05-08
7003787,503470,Real Estate,277142.12,2025-08-30
7003788,501646,Real Estate,220144.97,2024-12-16
7003789,504840,Other,11353.73,2025-06-06
7003790,503985,Real Estate,11516.62,2023-02-17
7003791,503907,Vehicle,23467.43,2023-11-05
7003792,501204,Vehicle,420359.4,2025-12-11
7003793,500827,Real Estate,183121.57,2023-09-27
7003794,503142,Equipment,38397.59,2024-11-18
7003795,501973,Commercial Property,57678.87,2023-02-26
7003796,502021,Commercial Property,75645.58,2023-11-06
7003797,503622,Real Estate,555905.68,2026-03-25
7003798,501775,Commercial Property,10615.62,2023-01-08
7003799,504401,Real Estate,6949.44,2024-01-23
7003800,500797,Commercial Property,34467.73,2023-04-21
7003801,501961,Commercial Property,138581.47,2024-12-10
7003802,500890,Real Estate,48110.18,2026-03-19
7003803,504009,Equipment,210142.73,2025-09-20
7003804,500602,Vehicle,18670.62,2024-12-13
7003805,502653,Equipment,58369.85,2026-06-04
7003806,502661,Other,53917.51,2024-10-27
7003807,500001,Commercial Property,301699.51,2026-07-09
7003808,501157,Real Estate,414424.33,2024-05-12
7003809,502450,Other,195128.63,2024-12-05
7003810,501967,Real Estate,510722.8,2025-06-15
7003811,504111,Vehicle,27177.26,2025-09-30
7003812,502787,Real Estate,69561.94,2024-09-11
7003813,500234,Commercial Property,283547.5,2024-05-17
7003814,502265,Real Estate,40591.14,2026-06-17
7003815,501574,Commercial Property,29748.09,2026-06-26
7003816,501470,Commercial Property,148613.88,2024-05-17
7003817,501510,Real Estate,6374.58,2023-08-10
7003818,503440,Real Estate,336198.88,2023-11-08
7003819,504328,Vehicle,33133.03,2025-04-14
7003820,502898,Vehicle,579109.09,2026-03-26
7003821,504325,Vehicle,368569.97,2026-02-21
7003822,501910,Equipment,3797.91,2026-07-21
7003823,504729,Vehicle,18903.02,2025-06-03
7003824,501828,Real Estate,20706.45,2025-11-23
7003825,503425,Vehicle,31988.04,2024-08-10
7003826,502117,Vehicle,6969.78,2024-03-03
7003827,502494,Real Estate,50446.21,2024-03-02
7003828,501347,Real Estate,129190.09,2023-12-21
7003829,501403,Commercial Property,32282.52,2025-12-31
7003830,500081,Real Estate,83917.15,2025-06-21
7003831,503919,Real Estate,439598.03,2023-03-30
7003832,503934,Commercial Property,220491.74,2023-04-09
7003833,501985,Commercial Property,287919.1,2023-10-09
7003834,500402,Vehicle,44184.63,2025-01-28
7003835,502636,Equipment,37554.05,2025-11-23
7003836,503207,Vehicle,434844.39,2023-12-13
7003837,504639,Real Estate,14924.57,2025-02-02
7003838,504147,Commercial Property,471071.81,2026-05-27
7003839,503681,Equipment,12311.04,2023-11-15
7003840,501218,Equipment,21461.05,2024-08-15
7003841,502242,Equipment,20236.75,2023-01-11
7003842,501566,Vehicle,10357.33,2023-02-09
7003843,501265,Equipment,8259.36,2025-07-20
7003844,504486,Vehicle,656171.11,2023-01-06
7003845,503370,Real Estate,23020.51,2024-07-08
7003846,502402,Commercial Property,22440.06,2025-01-14
7003847,502567,Commercial Property,27168.4,2025-07-28
7003848,501941,Equipment,29914.26,2025-06-19
7003849,500153,Real Estate,118504.76,2025-04-22
7003850,504996,Real Estate,228529.45,2025-07-03
7003851,500463,Commercial Property,25411.79,2025-09-26
7003852,501786,Vehicle,21171.15,2024-09-22
7003853,502555,Equipment,18712.5,2025-10-26
7003854,504993,Commercial Property,694984.51,2025-04-17
7003855,504276,Vehicle,51630.24,2024-02-23
7003856,501629,Real Estate,37623.27,2026-06-28
7003857,501215,Real Estate,46596.06,2024-10-09
7003858,501326,Real Estate,45950.93,2023-07-22
7003859,500027,Commercial Property,7919.35,2025-10-19
7003860,504952,Vehicle,156306.59,2024-06-05
7003861,500943,Equipment,168062.72,2024-02-25
7003862,503712,Other,2490.37,2024-10-26
7003863,502990,Commercial Property,55498.27,2025-03-22
7003864,500511,Real Estate,96352.6,2023-05-11
7003865,504846,Equipment,46750.29,2025-12-26
7003866,501934,Equipment,641833.11,2023-01-22
7003867,500798,Equipment,34535.46,2024-11-17
7003868,503709,Real Estate,56012.37,2023-01-05
7003869,503353,Real Estate,435317.85,2025-10-17
7003870,501308,Commercial Property,211015.65,2023-06-29
7003871,501230,Real Estate,12452.94,2023-12-16
7003872,500312,Real Estate,6522.05,2024-07-04
7003873,500176,Real Estate,683745.35,2024-12-11
7003874,501217,Other,36818.1,2023-06-14
7003875,503816,Equipment,425712.36,2026-04-11
7003876,504426,Real Estate,501291.6,2025-02-08
7003877,501152,Real Estate,272033.78,2024-11-15
7003878,503759,Vehicle,27541.96,2025-01-18
7003879,503071,Equipment,355884.21,2025-03-23
7003880,500582,Equipment,52556.54,2025-12-10
7003881,502992,Real Estate,174024.43,2023-12-16
7003882,500829,Equipment,201284.26,2025-09-30
7003883,500953,Commercial Property,48068.39,2024-01-18
7003884,503022,Real Estate,123671.48,2025-12-29
7003885,503601,Commercial Property,9087.49,2024-05-27
7003886,504270,Equipment,27670.37,2026-02-04
7003887,504035,Real Estate,40004.33,2025-01-13
7003888,503477,Commercial Property,155029.14,2024-01-26
7003889,503898,Vehicle,72230.74,2026-08-02
7003890,500316,Commercial Property,18710.59,2023-09-10
7003891,503386,Real Estate,116378.82,2025-02-27
7003892,500940,Equipment,203479.62,2023-06-04
7003893,504988,Real Estate,548309.91,2026-01-24
7003894,502206,Equipment,33078.75,2024-08-11
7003895,503051,Vehicle,33210.8,2026-05-23
7003896,500278,Commercial Property,227437.12,2023-05-27
7003897,503602,Equipment,21600.39,2023-04-06
7003898,501103,Other,633826.63,2026-05-17
7003899,500635,Vehicle,42120.13,2023-03-03
7003900,501396,Vehicle,103217.96,2025-08-19
7003901,500765,Equipment,128817.72,2025-06-02
7003902,503413,Vehicle,30076.08,2026-05-27
7003903,501197,Real Estate,20340.18,2024-05-01
7003904,503154,Vehicle,16138.17,2023-01-16
7003905,504471,Vehicle,45996.33,2025-08-08
7003906,501847,Commercial Property,83129.21,2023-08-26
7003907,502140,Equipment,46399.13,2024-01-05
7003908,502902,Vehicle,104628.2,2025-09-26
7003909,501909,Vehicle,417767.27,2024-10-03
7003910,501385,Real Estate,143339.42,2024-02-27
7003911,502873,Real Estate,285600.91,2026-03-21
7003912,500043,Real Estate,99578.61,2026-02-26
7003913,500231,Equipment,4272.23,2024-06-24
7003914,502430,Real Estate,530308.59,2023-05-27
7003915,500748,Equipment,83144.62,2026-07-20
7003916,504969,Commercial Property,665886.68,2023-05-04
7003917,503741,Vehicle,20609.3,2024-09-27
7003918,504693,Vehicle,24707.1,2026-03-01
7003919,503094,Real Estate,57593.54,2026-04-14
7003920,500082,Other,7113.37,2026-07-08
7003921,503272,Real Estate,81095.96,2026-01-27
7003922,500279,Commercial Property,127284.59,2026-03-03
7003923,501239,Real Estate,328492.43,2023-05-19
7003924,500785,Equipment,6541.95,2024-04-30
7003925,501097,Real Estate,23229.56,2026-05-19
7003926,501814,Vehicle,32021.37,2025-02-16
7003927,503263,Equipment,19783.51,2026-02-19
7003928,501648,Other,120407.95,2026-01-05
7003929,503996,Real Estate,7836.49,2025-09-09
7003930,504638,Vehicle,8735.06,2024-08-11
7003931,503183,Vehicle,7561.88,2025-05-08
7003932,503736,Vehicle,23780.27,2026-07-29
7003933,504492,Vehicle,9805.11,2023-02-06
7003934,504860,Real Estate,324608.46,2024-07-02
7003935,504388,Real Estate,45129.98,2026-01-06
7003936,501312,Real Estate,39425.28,2026-05-11
7003937,503005,Real Estate,44035.15,2025-03-01
7003938,500718,Vehicle,109525.41,2024-11-26
7003939,502818,Commercial Property,37152.7,2026-07-11
7003940,502933,Vehicle,8594.27,2024-09-05
7003941,501163,Vehicle,7610.54,2024-01-08
7003942,500387,Vehicle,536490.7,2026-03-03
7003943,504301,Real Estate,58439.82,2024-02-15
7003944,504676,Real Estate,362154.97,2026-03-10
7003945,500115,Real Estate,56404.86,2024-06-05
7003946,504282,Commercial Property,52340.27,2026-05-16
7003947,500077,Real Estate,36590.85,2026-05-16
7003948,500182,Commercial Property,309123.15,2023-09-21
7003949,502582,Other,17188.74,2025-12-09
7003950,501979,Commercial Property,27024.05,2025-01-12
7003951,504661,Real Estate,12430.11,2023-04-29
7003952,502324,Vehicle,238960.66,2025-06-09
7003953,504711,Equipment,30738.66,2024-06-01
7003954,502529,Real Estate,52140.09,2025-07-17
7003955,502599,Real Estate,65218.59,2023-09-02
7003956,500886,Real Estate,57854.96,2024-06-08
7003957,504634,Vehicle,3223.01,2024-11-19
7003958,500874,Real Estate,255080.82,2023-08-02
7003959,501935,Equipment,45029.24,2024-07-16
7003960,504414,Real Estate,405966.3,2026-08-18
7003961,500980,Real Estate,959462.52,2025-12-29
7003962,502167,Real Estate,400070.54,2023-12-30
7003963,503586,Real Estate,499777.51,2023-05-10
7003964,504322,Real Estate,128355.75,2024-10-19
7003965,504783,Real Estate,42105.4,2024-07-07
7003966,504615,Real Estate,14661.33,2023-03-25
7003967,503515,Commercial Property,141158.95,2023-04-29
7003968,500454,Real Estate,68299.21,2024-11-30
7003969,501029,Equipment,14538.25,2025-05-31
7003970,504197,Vehicle,197114.92,2023-09-20
7003971,504220,Other,18794.08,2023-11-11
7003972,504162,Real Estate,58421.48,2025-04-29
7003973,500047,Real Estate,259614.25,2025-10-16
7003974,500413,Vehicle,156344.73,2026-02-10
7003975,503678,Vehicle,9448.37,2025-05-26
7003976,501515,Real Estate,201392.64,2023-04-06
7003977,504763,Vehicle,342768.65,2023-12-17
7003978,504541,Equipment,15067.23,2025-02-22
7003979,504501,Vehicle,15898.7,2023-11-21
7003980,502536,Commercial Property,152681.5,2024-05-13
7003981,504403,Equipment,246735.36,2026-08-21
7003982,500267,Real Estate,334402.77,2025-12-31
7003983,500151,Equipment,11522.94,2024-04-19
7003984,503099,Vehicle,41193.59,2024-08-04
7003985,503846,Commercial Property,11547.26,2025-07-14
7003986,501299,Other,4615.73,2025-01-30
7003987,500011,Other,18286.27,2024-06-04
7003988,500275,Other,55837.88,2026-04-17
7003989,504365,Real Estate,105162.77,2024-02-04
7003990,504949,Commercial Property,385299.21,2026-01-26
7003991,501635,Real Estate,258805.64,2025-01-02
7003992,504671,Equipment,4834.02,2026-07-28
7003993,503499,Real Estate,569600.03,2026-08-07
7003994,500859,Equipment,147086.13,2023-10-18
7003995,503309,Commercial Property,16508.78,2023-06-02
7003996,502434,Real Estate,150936.89,2024-10-19
7003997,504251,Real Estate,122143.35,2024-10-08
7003998,500162,Equipment,124258.1,2025-05-25
7003999,500934,Vehicle,110224.04,2025-08-31
7004000,502856,Commercial Property,121787.3,2023-05-31
