loan_id,customer_id,loan_type,loan_amount,outstanding_balance,interest_rate,loan_status,state,origination_date,maturity_date
500001,10406,Mortgage,381247.1,209500.2,8.48,Closed,Arizona,17-07-2025,01-07-2028
500002,10444,Auto Loan,57729.89,37393.59,3.81,Fully Paid,Illinois,26-06-2021,31-05-2026
500003,10082,Mortgage,548914.33,228453.26,9.46,Delinquent,Florida,14-06-2019,18-05-2024
500004,10069,Mortgage,819274.53,458976.03,12.52,Closed,Michigan,12-09-2025,06-08-2032
500005,11884,Mortgage,153548.23,87699.41,14.45,Fully Paid,Virginia,17-01-2022,30-10-2036
500006,11542,Mortgage,192345.64,81353.45,4.66,Active,Washington,22-10-2023,04-08-2038
500007,12524,Equipment Loan,177477.58,51443.75,11.5,Active,Texas,12-11-2020,28-10-2023
500008,11479,Business Loan,453135.89,312330.82,12.72,Active,Pennsylvania,30-07-2024,04-07-2029
500009,12822,Personal Loan,67602.18,33359.39,11.41,Active,Arizona,21-09-2019,08-06-2039
500010,11858,Personal Loan,66534.79,22464.46,8.86,Fully Paid,Florida,09-03-2021,22-02-2024
500011,12034,Auto Loan,68715.25,22290.61,3.59,Delinquent,Texas,19-07-2020,02-05-2035
500012,10523,Business Loan,301999.79,134655.08,3.93,Delinquent,Georgia,16-03-2021,01-12-2040
500013,11955,Mortgage,369989.14,119512.24,10.66,Active,New Jersey,10-08-2023,27-04-2043
500014,10924,Auto Loan,41965.5,40405.77,12.42,Active,Arizona,08-05-2025,17-03-2035
500015,11286,Auto Loan,41783.91,24855.1,5.7,Delinquent,Florida,19-04-2024,19-03-2030
500016,11849,Business Loan,226631.89,69796.31,6.39,Fully Paid,Michigan,09-10-2022,23-09-2025
500017,10820,Auto Loan,23202.58,10229.8,10.28,Delinquent,Florida,05-05-2021,09-04-2026
500018,11886,Auto Loan,54317.97,46106.81,11.59,Active,New York,07-01-2022,12-12-2026
500019,11520,Mortgage,249668.14,160424.95,12.72,Active,Texas,16-09-2021,16-08-2027
500020,10987,Personal Loan,6827.79,2574.07,4.69,Fully Paid,Michigan,30-10-2025,26-05-2055
500021,12015,Auto Loan,20181.71,5555.08,5.89,Fully Paid,New Jersey,05-02-2023,31-08-2052
500022,10712,Auto Loan,84075.84,42170.31,7.92,Active,Virginia,20-08-2023,24-07-2028
500023,11178,Auto Loan,78651.22,65085.07,9.87,Fully Paid,Texas,17-08-2024,13-03-2054
500024,11448,Personal Loan,67314.03,61515.77,6.09,Closed,Illinois,28-07-2023,26-06-2029
500025,11914,Auto Loan,50706.64,10134.89,5.23,Delinquent,Texas,03-09-2023,16-06-2038
500026,12825,Auto Loan,16555.01,15899.72,7.09,Active,Florida,24-12-2023,03-12-2027
500027,11894,Auto Loan,30695.5,5688.69,12.29,Active,Massachusetts,09-01-2021,23-10-2035
500028,11951,Business Loan,379512.02,100352.79,5.67,Fully Paid,California,22-08-2019,26-07-2024
500029,12704,Mortgage,556653.58,485002.95,12.68,Active,Illinois,03-11-2025,30-05-2055
500030,12893,Business Loan,131019.15,104897.82,9.34,Active,New Jersey,04-01-2021,21-09-2040
500031,11411,Auto Loan,27966.39,24825.24,14.07,Closed,Texas,09-04-2021,21-01-2036
500032,10046,Auto Loan,27284.06,11741.06,8.01,Active,Michigan,05-08-2022,18-05-2037
500033,11053,Personal Loan,54596.74,47041.87,9.32,Active,Illinois,06-03-2019,29-09-2048
500034,10507,Equipment Loan,120503.77,52986.91,6.96,Fully Paid,California,24-10-2025,08-10-2028
500035,11384,Mortgage,247843.64,164774.12,3.96,Fully Paid,New Jersey,11-07-2024,20-05-2034
500036,12731,Equipment Loan,257618.49,38980.87,5.18,Fully Paid,Pennsylvania,02-08-2024,27-06-2031
500037,12609,Mortgage,470434.99,230542.9,8.01,Active,Michigan,11-07-2023,14-06-2028
500038,12637,Auto Loan,23688.84,5763.04,7.76,Active,Washington,29-04-2025,10-02-2040
500039,12802,Personal Loan,74939.93,18520.04,14.24,Active,Florida,22-07-2025,15-02-2055
500040,10064,Mortgage,760620.42,399934.67,4.18,Active,Michigan,26-07-2022,05-07-2026
500041,12613,Auto Loan,89927.75,29680.16,11.48,Active,Texas,06-10-2022,04-09-2028
500042,10371,Mortgage,296621.62,104126.82,10.37,Active,Pennsylvania,30-11-2025,24-10-2032
500043,11212,Auto Loan,70806.42,63455.9,10.47,Active,Illinois,23-01-2024,27-12-2028
500044,12199,Auto Loan,87117.34,56562.81,10.21,Delinquent,Massachusetts,12-02-2024,07-09-2053
500045,10026,Business Loan,418663.35,397011.8,3.53,Active,Texas,07-02-2019,25-10-2038
500046,11003,Personal Loan,5132.43,3042.92,3.68,Defaulted,Illinois,21-09-2019,08-06-2039
500047,10084,Mortgage,202526,192707.31,9.89,Active,Washington,25-04-2021,19-03-2028
500048,11073,Auto Loan,41723.79,18656.22,6.77,Closed,Texas,16-04-2025,10-03-2032
500049,10469,Business Loan,493935.15,276651,8.81,Closed,Ohio,07-03-2022,14-01-2032
500050,10679,Equipment Loan,81093.2,75450.9,9.11,Active,Arizona,18-03-2021,30-12-2035
500051,10128,Auto Loan,26702.76,17551.37,10.15,Fully Paid,Ohio,02-09-2022,11-07-2032
500052,12139,Equipment Loan,188578.82,108337.27,12.38,Active,Virginia,09-03-2022,16-01-2032
500053,12981,Auto Loan,75516.57,13822.9,7.08,Defaulted,Texas,05-03-2022,20-11-2041
500054,10384,Mortgage,731865.31,448814.35,7.71,Active,New York,25-03-2019,18-10-2048
500055,12334,Mortgage,825033.27,782344.74,5.74,Defaulted,Massachusetts,15-12-2024,24-10-2034
500056,10546,Mortgage,236704.35,100049.07,10.44,Active,Arizona,21-07-2020,20-06-2026
500057,10312,Business Loan,104500.78,70523.8,14.12,Active,Pennsylvania,02-09-2020,12-07-2030
500058,10881,Personal Loan,11051.11,6236,11.69,Defaulted,Massachusetts,11-06-2023,26-05-2026
500059,11856,Personal Loan,9087.94,5386.95,11.13,Defaulted,Virginia,18-10-2020,22-09-2025
500060,12173,Equipment Loan,288018.63,184286.81,13.38,Active,Illinois,15-10-2020,24-08-2030
500061,10593,Mortgage,320510.81,268053.25,4.3,Active,Georgia,02-10-2021,11-08-2031
500062,12732,Mortgage,526533.12,245208.66,9.82,Fully Paid,Texas,12-05-2024,16-04-2029
500063,10950,Mortgage,594892.65,416796.28,9.21,Defaulted,Washington,18-09-2025,14-04-2055
500064,11136,Mortgage,778521.7,208777.43,9.37,Active,Georgia,06-09-2022,11-08-2027
500065,10276,Mortgage,202384.61,44274.69,13.97,Active,Arizona,11-02-2025,21-12-2034
500066,11081,Personal Loan,61769.08,13765.96,6.33,Active,Michigan,12-07-2024,25-04-2039
500067,11732,Auto Loan,31724.86,17864.47,10.66,Fully Paid,Pennsylvania,21-07-2024,30-05-2034
500068,10801,Auto Loan,66640.92,56815.74,3.99,Fully Paid,New York,14-02-2024,23-12-2033
500069,10801,Business Loan,500543.19,428439.06,4.77,Active,New York,14-09-2024,24-08-2028
500070,10827,Personal Loan,47198.1,13011.35,4.01,Active,California,29-09-2019,16-06-2039
500071,10154,Personal Loan,59917.97,26820.09,10.73,Active,New Jersey,28-03-2022,04-02-2032
500072,12156,Auto Loan,35946.62,14407.53,10.56,Active,California,31-07-2025,15-07-2028
500073,10981,Equipment Loan,217152.3,83391.91,9.63,Active,North Carolina,12-08-2024,08-03-2054
500074,10105,Business Loan,485577.68,352860.07,13.33,Active,California,14-04-2020,21-02-2030
500075,10711,Auto Loan,63762.57,40115.76,5.52,Active,Michigan,14-09-2023,18-08-2028
500076,10517,Business Loan,71603.85,22911.74,7.46,Active,North Carolina,04-07-2020,17-04-2035
500077,10035,Auto Loan,36050.23,31218.16,5.54,Defaulted,New Jersey,30-01-2021,09-12-2030
500078,10472,Auto Loan,60111.31,22846.72,8.81,Fully Paid,Ohio,08-10-2025,25-06-2045
500079,10101,Auto Loan,23204.56,10182.35,5.74,Active,Texas,16-06-2022,24-04-2032
500080,10860,Mortgage,516514.97,402193.28,6.57,Active,Massachusetts,09-09-2020,05-04-2050
500081,12833,Mortgage,221727.85,108897.1,14.23,Active,California,17-11-2024,17-10-2030
500082,12808,Personal Loan,11281.34,8815.42,6.91,Active,Massachusetts,25-09-2022,20-04-2052
500083,12137,Personal Loan,44840.48,36260.67,9.31,Defaulted,North Carolina,15-10-2019,23-08-2029
500084,10762,Auto Loan,57892.66,12102.07,6.01,Fully Paid,Massachusetts,22-05-2021,26-04-2026
500085,12134,Auto Loan,64975.03,36912.1,12.28,Active,North Carolina,31-12-2022,24-11-2029
500086,12027,Auto Loan,66203.94,35066.19,4.18,Fully Paid,New York,01-02-2023,10-12-2032
500087,10055,Auto Loan,68317.36,51877.74,6.43,Closed,Florida,31-10-2025,24-09-2032
500088,11702,Personal Loan,43670.35,25129.8,7.55,Active,North Carolina,05-07-2023,14-06-2027
500089,11405,Equipment Loan,85794.5,17026.3,5.88,Fully Paid,Georgia,22-12-2022,04-10-2037
500090,12056,Business Loan,366068.14,249678.4,10.61,Active,Georgia,05-04-2023,29-10-2052
500091,11461,Personal Loan,40378.99,23246.43,10.51,Defaulted,Georgia,17-04-2019,11-03-2026
500092,12046,Personal Loan,34901.35,14363.02,7.2,Active,New York,28-11-2020,07-10-2030
500093,10338,Auto Loan,31490.22,28201.93,9.86,Defaulted,Massachusetts,07-10-2019,05-09-2025
500094,11578,Mortgage,309413.42,215932.42,4.95,Closed,New Jersey,03-10-2023,20-06-2043
500095,11275,Business Loan,285287.4,116211.96,10.66,Active,Arizona,06-06-2023,30-12-2052
500096,10545,Mortgage,708382.09,590739.13,8.4,Active,Massachusetts,19-10-2024,06-07-2044
500097,12403,Mortgage,406977.65,366749.2,7.54,Active,Michigan,11-02-2025,27-01-2028
500098,11437,Personal Loan,49785.59,30358.38,11.54,Delinquent,Ohio,17-09-2023,11-08-2030
500099,11430,Mortgage,220464.43,126753.13,5.5,Fully Paid,Pennsylvania,30-08-2024,26-03-2054
500100,10683,Mortgage,825965.82,759585.6,9.42,Active,Illinois,12-04-2019,28-12-2038
500101,11912,Business Loan,91996.29,34998.07,13.1,Active,Michigan,13-04-2024,20-02-2034
500102,12680,Business Loan,509055.72,398229.44,12.7,Active,Arizona,08-09-2019,23-08-2022
500103,10224,Business Loan,51409.98,14762.38,12.67,Closed,Washington,27-06-2021,27-05-2027
500104,10649,Auto Loan,64072.76,59679.27,11.6,Closed,Arizona,28-08-2023,12-08-2026
500105,11802,Equipment Loan,87255.51,46714.28,3.67,Active,North Carolina,16-03-2019,28-02-2022
500106,12941,Business Loan,211847.21,91344.86,10.37,Active,Florida,10-10-2023,27-06-2043
500107,10811,Personal Loan,52120.33,42872.99,4.2,Active,Ohio,11-11-2021,11-10-2027
500108,12140,Business Loan,439602.45,232836.4,13.94,Active,Washington,10-02-2025,15-01-2030
500109,10186,Mortgage,350233.6,244467.54,4.73,Active,Michigan,05-07-2021,19-06-2024
500110,10483,Business Loan,59218.78,48917.91,5.97,Active,Illinois,01-11-2024,11-10-2028
500111,10974,Personal Loan,20107.89,14634.53,8.46,Active,Massachusetts,08-09-2022,03-04-2052
500112,11618,Business Loan,289067.31,126449.36,14.47,Fully Paid,Washington,27-03-2021,03-02-2031
500113,10079,Personal Loan,35942.55,26781.03,13.44,Active,New Jersey,22-07-2024,21-06-2030
500114,10461,Mortgage,426300.87,151102.99,13.08,Fully Paid,Pennsylvania,14-02-2022,24-12-2031
500115,11278,Personal Loan,47402.72,43306.14,14.2,Fully Paid,Virginia,10-12-2022,03-11-2029
500116,12304,Mortgage,673444.58,465394.42,7.22,Fully Paid,Washington,01-02-2024,10-12-2033
500117,11288,Equipment Loan,198231.87,66122.19,8.4,Active,California,26-09-2025,05-08-2035
500118,11049,Business Loan,374220.8,74726.24,14.1,Fully Paid,New York,20-08-2023,19-07-2029
500119,12314,Mortgage,283797.56,195399.55,8.64,Defaulted,North Carolina,02-10-2021,26-08-2028
500120,10225,Personal Loan,17787.5,6998.76,3.69,Active,Pennsylvania,25-01-2023,12-10-2042
500121,11955,Personal Loan,40539.41,31100.27,13.47,Active,New Jersey,23-11-2023,05-09-2038
500122,11498,Auto Loan,21955.39,8157.88,12.32,Delinquent,Ohio,16-07-2021,15-06-2027
500123,10372,Personal Loan,55761.16,43021.85,13.41,Active,Virginia,21-01-2022,08-10-2041
500124,10224,Mortgage,450474.81,106429.98,10.86,Defaulted,Washington,16-06-2019,03-03-2039
500125,11205,Equipment Loan,224742.33,82884.88,4.69,Active,Arizona,06-12-2021,05-11-2027
500126,11149,Business Loan,239166.2,159116.3,11.81,Active,Ohio,22-07-2020,26-06-2025
500127,11992,Business Loan,567818,267128.12,12.55,Active,Georgia,25-12-2020,19-11-2027
500128,10504,Mortgage,849783.74,267831.18,14.04,Fully Paid,Virginia,10-12-2023,03-11-2030
500129,10201,Mortgage,388786.95,80001.62,10.04,Active,Pennsylvania,30-11-2019,03-11-2024
500130,12323,Business Loan,512548.82,121943.23,14.27,Active,Arizona,08-10-2020,23-09-2023
500131,11594,Auto Loan,37786.83,11310.59,6.56,Fully Paid,Florida,15-06-2025,30-05-2028
500132,10898,Business Loan,475555.5,221599.89,9.76,Fully Paid,Massachusetts,06-04-2022,22-12-2041
500133,12152,Personal Loan,54133.69,11943.07,13.2,Active,Illinois,06-01-2021,20-10-2035
500134,11472,Personal Loan,16109.58,9659.26,5.21,Fully Paid,New York,08-02-2023,07-01-2029
500135,10387,Mortgage,654351.95,456935.65,12.52,Active,Massachusetts,07-09-2020,07-08-2026
500136,10136,Auto Loan,69307.01,42708.66,12.97,Defaulted,North Carolina,30-07-2020,04-07-2025
500137,12109,Auto Loan,47046.09,41765.26,3.88,Active,Washington,20-02-2024,29-12-2033
500138,10399,Mortgage,657200.87,423989.27,9.6,Closed,Arizona,22-09-2024,27-08-2029
500139,10609,Personal Loan,74023.46,51901.49,9.5,Delinquent,Pennsylvania,06-06-2019,30-04-2026
500140,12952,Mortgage,186399.47,60438.8,4.84,Active,Arizona,06-11-2024,06-10-2030
500141,11264,Equipment Loan,215489.65,149545.8,10.86,Active,New York,19-12-2021,01-10-2036
500142,11091,Mortgage,241123.92,57110.72,11.03,Fully Paid,Ohio,12-03-2023,08-02-2029
500143,11081,Business Loan,135451.23,128533.2,4.54,Fully Paid,Michigan,26-04-2021,20-03-2028
500144,12934,Auto Loan,63633.19,57641.97,6.06,Delinquent,Massachusetts,21-05-2019,30-04-2023
500145,11759,Auto Loan,17499,9022.13,7.04,Active,Illinois,15-02-2019,20-01-2024
500146,12986,Business Loan,174177.84,86606.69,6.14,Delinquent,Illinois,20-06-2025,14-01-2055
500147,11479,Mortgage,221845.97,92450.57,13.7,Active,Pennsylvania,09-07-2023,26-03-2043
500148,12479,Personal Loan,11145.75,4379.62,10.09,Active,Illinois,17-01-2020,12-08-2049
500149,10684,Business Loan,106953.4,91556.17,14.08,Active,Massachusetts,02-06-2022,26-04-2029
500150,11844,Mortgage,426245.78,186874.87,14.02,Defaulted,Texas,24-08-2024,07-06-2039
500151,11493,Auto Loan,16832.08,12186.11,4.31,Active,Massachusetts,19-04-2019,23-03-2024
500152,11596,Equipment Loan,259599.57,104919.46,12.35,Active,Arizona,15-02-2019,28-11-2033
500153,11892,Business Loan,187101.85,141519.99,11.34,Active,New York,01-01-2020,14-10-2034
500154,10143,Mortgage,442836.54,391121.51,7.29,Active,Illinois,23-04-2020,09-01-2040
500155,10601,Personal Loan,11743.17,9306.39,8.41,Fully Paid,Florida,03-04-2021,08-03-2026
500156,11546,Equipment Loan,91289.71,70543.03,5.57,Active,Texas,01-05-2025,10-03-2035
500157,11397,Mortgage,451341.8,412426.11,14.05,Closed,Georgia,18-01-2020,05-10-2039
500158,11251,Auto Loan,48622.05,28156.95,3.75,Fully Paid,Florida,02-04-2019,06-03-2024
500159,10990,Auto Loan,54616.89,28516.15,9.22,Delinquent,Arizona,16-01-2021,25-11-2030
500160,10819,Business Loan,109965.44,35004.23,12.54,Active,Texas,03-08-2020,03-07-2026
500161,10067,Mortgage,500643.94,465259.67,7.33,Closed,Arizona,13-12-2023,16-11-2028
500162,12738,Mortgage,514630.05,100258.69,8.31,Defaulted,North Carolina,13-09-2019,12-08-2025
500163,11971,Auto Loan,22587.55,19552.88,8.37,Fully Paid,Washington,02-11-2022,17-10-2025
500164,12737,Personal Loan,5540.83,4884.46,8.19,Fully Paid,Michigan,15-10-2021,14-09-2027
500165,10702,Mortgage,751635.69,488610.25,10.24,Fully Paid,Virginia,07-09-2022,17-08-2026
500166,12793,Personal Loan,48040.82,29784.75,4.91,Active,Pennsylvania,28-02-2024,27-01-2030
500167,12009,Auto Loan,78595.61,50333.03,3.56,Fully Paid,Illinois,30-10-2021,08-09-2031
500168,10634,Equipment Loan,75617.88,14061.69,7.46,Active,New Jersey,06-03-2021,21-11-2040
500169,12644,Mortgage,335538.22,280426.63,9.98,Active,Illinois,19-07-2020,13-06-2027
500170,11885,Auto Loan,52326.77,20896.72,5.13,Defaulted,Pennsylvania,19-06-2023,23-05-2028
500171,10649,Auto Loan,60587.13,22894.61,13.49,Active,Arizona,24-07-2023,27-06-2028
500172,12903,Auto Loan,33399.69,24543.34,13.11,Delinquent,Texas,25-02-2020,09-02-2023
500173,12954,Mortgage,596303.79,557057.26,8.42,Active,Washington,03-04-2021,13-03-2025
500174,12289,Business Loan,408134.24,80869.11,4.23,Active,Virginia,26-03-2020,18-02-2027
500175,12433,Equipment Loan,217434.8,59479.51,7.93,Delinquent,Georgia,10-08-2019,23-05-2034
500176,10815,Mortgage,674879.03,632204.74,4.63,Active,Florida,23-06-2021,23-05-2027
500177,11272,Auto Loan,76677.29,41156.39,5.36,Fully Paid,Illinois,10-06-2020,26-02-2040
500178,10992,Mortgage,226162.24,181304.31,8.55,Closed,California,30-06-2023,09-06-2027
500179,10320,Auto Loan,82929.72,21617.33,13.53,Active,Michigan,22-03-2025,07-12-2044
500180,10119,Personal Loan,45056.45,22606.95,8.81,Active,Michigan,04-07-2020,03-06-2026
500181,11519,Business Loan,477459.38,82285.89,4.85,Fully Paid,California,09-07-2021,02-06-2028
500182,11276,Mortgage,555742.82,213280.58,4.09,Active,Michigan,29-08-2020,12-06-2035
500183,11541,Equipment Loan,260208.58,243140.05,9.96,Fully Paid,Virginia,17-12-2024,26-11-2028
500184,12995,Auto Loan,30574.83,26512.31,7.27,Fully Paid,California,03-07-2024,02-06-2030
500185,11257,Mortgage,374353.1,243941.67,7.71,Fully Paid,Michigan,10-08-2023,23-05-2038
500186,11591,Business Loan,148126.45,88815.58,5.56,Active,New York,30-06-2022,12-04-2037
500187,11881,Business Loan,292004.94,140474.96,9.79,Closed,Arizona,01-11-2023,16-10-2026
500188,12148,Auto Loan,76173.31,35436.23,10.25,Active,Ohio,07-09-2024,17-07-2034
500189,10619,Mortgage,581731.05,337787.97,12.44,Closed,New York,31-01-2025,10-12-2034
500190,10058,Business Loan,407743.7,373663.81,13.17,Closed,Michigan,26-06-2025,10-06-2028
500191,12561,Auto Loan,33681.37,17749.8,3.6,Active,Arizona,23-03-2019,29-01-2029
500192,12079,Auto Loan,25818.31,22160.49,5.81,Active,New Jersey,16-04-2025,23-02-2035
500193,11397,Auto Loan,17634.37,2729.6,3.56,Fully Paid,Georgia,01-09-2019,14-06-2034
500194,12329,Personal Loan,54577.41,39635.46,14.16,Active,North Carolina,01-09-2024,19-05-2044
500195,12277,Mortgage,342978.46,211047.5,5.4,Active,Michigan,24-06-2024,18-01-2054
500196,11844,Mortgage,452633.19,173977.4,5.01,Active,Texas,30-07-2019,16-04-2039
500197,12470,Mortgage,320991.41,247524,6.44,Defaulted,Massachusetts,03-12-2020,29-06-2050
500198,12599,Equipment Loan,99424.09,47530.69,6.25,Fully Paid,New Jersey,12-06-2021,06-05-2028
500199,10889,Business Loan,190144.49,145481.59,10.02,Fully Paid,California,18-08-2021,23-07-2026
500200,11928,Auto Loan,32796.51,8569.64,10.9,Active,Georgia,29-09-2023,28-08-2029
500201,11256,Auto Loan,51109.59,29325.29,12.39,Closed,Texas,15-09-2022,20-08-2027
500202,12615,Business Loan,524725.27,488405.52,6.46,Active,Texas,30-01-2020,17-10-2039
500203,11914,Business Loan,297961.37,243457.78,12.68,Closed,Texas,04-07-2020,13-06-2024
500204,11446,Personal Loan,54882.63,48502.34,10.08,Fully Paid,Texas,05-01-2022,15-12-2025
500205,10829,Personal Loan,16705.57,6383.03,8.84,Fully Paid,Michigan,01-04-2019,17-12-2038
500206,11570,Mortgage,838366.63,739832.71,3.55,Active,Washington,02-07-2025,16-06-2028
500207,10464,Auto Loan,33431.05,28251.33,5.33,Active,Michigan,21-01-2021,21-12-2026
500208,12286,Auto Loan,37822.16,9477.18,8.41,Delinquent,Pennsylvania,12-04-2022,23-01-2037
500209,11876,Mortgage,518761.36,250187.68,7.56,Active,Pennsylvania,05-02-2023,18-11-2037
500210,10358,Mortgage,571710.6,207236.51,9.99,Active,Georgia,28-03-2022,04-02-2032
500211,11179,Mortgage,328108.32,259054.3,5.52,Defaulted,New Jersey,30-11-2020,04-11-2025
500212,12511,Auto Loan,36367.52,10365.16,12.5,Active,Ohio,17-08-2019,25-06-2029
500213,12178,Auto Loan,60229.32,42862.81,7.41,Active,Georgia,18-04-2020,18-03-2026
500214,12584,Personal Loan,35848.97,16370.22,9.9,Defaulted,Georgia,05-02-2023,10-01-2028
500215,11456,Business Loan,347098.84,283598.65,5.67,Active,Virginia,03-12-2024,12-11-2028
500216,11150,Mortgage,644634.61,543438.4,9.25,Active,Georgia,01-06-2025,14-03-2040
500217,11422,Business Loan,304108.58,254773.21,10.32,Active,California,03-07-2023,06-06-2028
500218,12518,Mortgage,626347.47,180709.71,10.97,Fully Paid,Virginia,10-08-2020,26-07-2023
500219,11415,Mortgage,633338.88,157686.07,7.5,Active,Washington,07-04-2024,24-12-2043
500220,11541,Business Loan,376275.12,105651.43,8.66,Active,Virginia,07-04-2019,13-02-2029
500221,10957,Mortgage,214002.82,91375.8,13.86,Active,Pennsylvania,14-12-2023,07-11-2030
500222,11927,Mortgage,780495.7,571330.43,4.84,Fully Paid,Pennsylvania,07-11-2019,15-09-2029
500223,10921,Mortgage,585930.02,281811.63,7.95,Fully Paid,Florida,06-12-2020,02-07-2050
500224,12357,Personal Loan,66025.01,46805.8,10.47,Fully Paid,Michigan,13-11-2021,26-08-2036
500225,12239,Auto Loan,74748.1,52866.44,8.16,Active,Michigan,15-08-2021,25-07-2025
500226,12026,Mortgage,567437.35,251675.15,13.48,Defaulted,Georgia,03-04-2022,25-02-2029
500227,11602,Mortgage,622421.75,496633.03,10.88,Closed,Washington,27-02-2023,14-11-2042
500228,12430,Auto Loan,81445.37,41329.01,7.13,Active,Florida,15-08-2022,20-07-2027
500229,11048,Mortgage,791828.66,277093.75,8.5,Active,Pennsylvania,04-06-2023,19-02-2043
500230,10954,Mortgage,633078.22,599256,7.2,Active,New Jersey,14-05-2020,23-04-2024
500231,11076,Personal Loan,25774.45,4161.33,13.29,Active,Arizona,04-09-2021,04-08-2027
500232,11296,Personal Loan,52960.11,37496.32,7.24,Active,Michigan,04-08-2023,14-07-2027
500233,11734,Mortgage,382422.69,123093.84,7.51,Active,California,30-07-2022,04-07-2027
500234,12467,Business Loan,478865.39,299621.09,10.32,Fully Paid,Ohio,17-04-2023,02-01-2043
500235,11222,Mortgage,379829.87,189888.02,8.75,Active,Ohio,02-04-2024,25-02-2031
500236,10307,Mortgage,839101.57,449620.89,9.04,Fully Paid,Virginia,03-10-2022,27-08-2029
500237,10499,Mortgage,706188.23,284240.15,6.91,Defaulted,Arizona,15-11-2025,24-09-2035
500238,10666,Personal Loan,68696.8,52082.91,7.74,Fully Paid,Massachusetts,23-05-2022,02-05-2026
500239,11498,Mortgage,512013.04,499748.51,12.88,Active,Ohio,13-06-2020,22-04-2030
500240,11438,Mortgage,611342.7,124123.78,12.84,Active,Georgia,04-12-2024,19-11-2027
500241,10039,Auto Loan,68385.31,19973.11,13.96,Defaulted,Ohio,26-03-2024,11-03-2027
500242,12529,Personal Loan,37414.47,17583.28,13.21,Delinquent,Ohio,07-11-2022,17-10-2026
500243,11535,Business Loan,489249.12,296982.44,12.05,Active,Virginia,29-06-2025,08-05-2035
500244,12867,Mortgage,566506.16,466444.19,9.19,Active,California,14-11-2021,19-10-2026
500245,10421,Business Loan,522374.66,225579.09,4.65,Active,Virginia,09-08-2024,26-04-2044
500246,12299,Mortgage,687712.18,126341.14,5.83,Active,Ohio,29-10-2021,07-09-2031
500247,12681,Auto Loan,44477.56,28769.1,6.84,Active,New Jersey,14-02-2019,29-01-2022
500248,10748,Auto Loan,35432.34,13926.04,11.66,Active,Ohio,16-05-2023,31-01-2043
500249,10283,Mortgage,248966.64,140877.82,12.36,Active,New York,01-06-2025,01-05-2031
500250,12956,Business Loan,444499.43,275309.17,4.78,Active,Illinois,18-08-2022,23-07-2027
500251,12910,Mortgage,155761.5,150989.11,12.16,Fully Paid,Ohio,31-05-2021,05-05-2026
500252,11392,Personal Loan,7119.31,1196.12,4.47,Active,California,09-04-2025,25-12-2044
500253,11840,Personal Loan,74347.48,60656.51,6.74,Closed,New York,20-03-2023,11-02-2030
500254,12260,Equipment Loan,230015.71,172050.01,7.95,Active,Florida,05-02-2025,15-01-2029
500255,12440,Auto Loan,82891.52,15743.41,11.87,Closed,New Jersey,31-10-2023,24-09-2030
500256,12401,Auto Loan,80231.18,13342.99,12.74,Active,Michigan,22-06-2022,21-05-2028
500257,12326,Personal Loan,30282.58,16554.39,8.74,Active,Washington,15-01-2019,02-10-2038
500258,11540,Mortgage,772379.82,684307.7,13.36,Fully Paid,Texas,26-12-2023,05-12-2027
500259,12916,Auto Loan,71803.77,43542.52,9.26,Active,Georgia,28-11-2025,07-11-2029
500260,12824,Mortgage,268978.67,258364.48,5.31,Defaulted,Virginia,28-01-2021,02-01-2026
500261,11429,Business Loan,196222.83,127580.63,13.03,Defaulted,Georgia,24-11-2019,19-06-2049
500262,12794,Mortgage,381272.03,310178.59,11.44,Fully Paid,Florida,08-11-2024,24-10-2027
500263,12409,Business Loan,322866.77,174800.71,6.55,Delinquent,Massachusetts,12-04-2021,19-02-2031
500264,12926,Mortgage,291696.88,110725.6,10.8,Fully Paid,Georgia,03-11-2025,16-08-2040
500265,10579,Mortgage,243939.34,90918.23,10.89,Active,Michigan,04-04-2025,29-10-2054
500266,11836,Equipment Loan,275177.58,148565.32,6.03,Fully Paid,Massachusetts,15-09-2025,15-08-2031
500267,10386,Mortgage,652142.48,212335.86,4.2,Active,California,01-08-2025,25-06-2032
500268,11789,Personal Loan,73190.89,56429.5,11.97,Active,Illinois,03-03-2023,10-02-2027
500269,12879,Equipment Loan,96767.04,84677.87,11.95,Active,New Jersey,13-09-2025,07-08-2032
500270,10785,Personal Loan,61008.88,18155.48,13.28,Active,Pennsylvania,21-10-2019,29-08-2029
500271,12926,Auto Loan,44733.7,25558.18,8.96,Delinquent,Georgia,22-03-2023,13-02-2030
500272,11235,Mortgage,556545.72,309977.23,9.3,Defaulted,Michigan,07-02-2021,17-01-2025
500273,12216,Mortgage,700774.64,221724.46,7.67,Active,Texas,14-04-2025,26-01-2040
500274,10041,Mortgage,801459.53,668931.67,9.59,Active,New York,24-09-2020,08-07-2035
500275,12132,Equipment Loan,199128.92,61613.19,8.29,Delinquent,Georgia,03-12-2024,20-08-2044
500276,12337,Equipment Loan,37687.29,16149.61,8.7,Active,North Carolina,27-03-2021,11-03-2024
500277,10441,Personal Loan,68253.57,23386.34,11.49,Delinquent,Ohio,01-02-2022,06-01-2027
500278,11920,Mortgage,694081.83,161621.88,7.76,Active,Illinois,05-08-2023,29-06-2030
500279,11294,Equipment Loan,152672.81,110050.92,8.67,Fully Paid,Pennsylvania,28-06-2023,07-06-2027
500280,10313,Mortgage,477744.57,305100.48,3.88,Active,New York,27-10-2021,06-10-2025
500281,11168,Auto Loan,30732.02,8353.57,9.34,Active,Florida,26-04-2024,07-02-2039
500282,10222,Mortgage,322388.08,104484.5,6.72,Active,Florida,06-09-2025,16-07-2035
500283,11398,Mortgage,687322.83,241761.07,7.87,Active,California,24-09-2022,18-08-2029
500284,12089,Auto Loan,42665.19,18810.34,6.36,Closed,Arizona,26-11-2019,04-10-2029
500285,11196,Equipment Loan,137284.29,34324.84,13.36,Active,Washington,02-07-2019,10-05-2029
500286,12313,Personal Loan,26654.47,17088.64,7.9,Active,Virginia,11-01-2024,28-09-2043
500287,11336,Auto Loan,24100.6,22420.43,9.41,Delinquent,Arizona,01-07-2023,10-06-2027
500288,10511,Mortgage,385634.16,122613.68,6.24,Delinquent,Florida,17-05-2019,26-04-2023
500289,12775,Auto Loan,29180.06,16648.09,5.78,Active,Florida,22-06-2022,09-03-2042
500290,11832,Mortgage,515813.54,361435.29,3.54,Closed,Ohio,28-07-2019,05-06-2029
500291,12940,Personal Loan,41324.8,24289.43,10.7,Active,Michigan,04-12-2023,29-06-2053
500292,10044,Mortgage,799116.76,252267.5,10.89,Active,Massachusetts,29-02-2020,08-02-2024
500293,12752,Personal Loan,22785.47,21714.52,7.92,Closed,Pennsylvania,22-06-2024,27-05-2029
500294,10401,Auto Loan,31982.25,17086.84,13.89,Active,Florida,17-12-2019,29-09-2034
500295,10971,Business Loan,154597.89,147634.88,9.48,Active,Illinois,10-10-2019,23-07-2034
500296,12561,Auto Loan,52794.39,46583.87,11.22,Active,Arizona,09-10-2025,18-08-2035
500297,10838,Auto Loan,52565.51,47293.61,10.72,Delinquent,Pennsylvania,21-04-2023,06-01-2043
500298,12636,Auto Loan,15805.6,5063.97,13.69,Active,Illinois,13-01-2023,07-12-2029
500299,12879,Auto Loan,68583.76,43593.01,11.83,Active,New Jersey,17-05-2024,11-04-2031
500300,11487,Auto Loan,48592.08,25129.17,8.16,Fully Paid,Texas,25-10-2024,03-09-2034
500301,12986,Personal Loan,12410.57,8049.6,13.09,Active,Illinois,03-06-2025,18-02-2045
500302,11755,Personal Loan,43019.88,31714.9,10.89,Delinquent,Texas,17-10-2021,30-07-2036
500303,11853,Personal Loan,66327.12,29393.81,9.18,Active,Massachusetts,23-04-2020,02-03-2030
500304,10990,Business Loan,289706.01,60160.81,10.55,Active,Arizona,25-12-2024,29-11-2029
500305,10507,Mortgage,829602.1,288465.7,9.04,Active,California,14-01-2025,23-11-2034
500306,10014,Business Loan,88366.78,42796.04,12.94,Fully Paid,Michigan,26-01-2024,21-08-2053
500307,10902,Personal Loan,59891.4,19146.97,5.32,Active,Washington,16-04-2021,28-01-2036
500308,11287,Auto Loan,54924.22,18994.91,10.11,Delinquent,New York,29-04-2024,29-03-2030
500309,11321,Personal Loan,48953.58,15726.12,12.92,Fully Paid,Massachusetts,08-10-2020,04-05-2050
500310,10722,Auto Loan,65297.98,24517.42,12.97,Closed,Georgia,15-01-2023,14-12-2028
500311,12677,Mortgage,202991.49,189052.68,6.86,Active,Michigan,12-03-2023,14-02-2028
500312,11837,Auto Loan,37112.73,6426.35,7.62,Fully Paid,California,20-09-2021,20-08-2027
500313,10394,Mortgage,171963.62,165268.61,9.15,Active,Virginia,11-07-2019,28-03-2039
500314,10863,Business Loan,506740.95,311238.28,4.46,Active,Virginia,22-09-2020,01-09-2024
500315,12066,Auto Loan,59131.09,40143.9,9.17,Active,Ohio,04-10-2020,29-08-2027
500316,11256,Personal Loan,45777.37,22739.04,12.31,Active,Texas,08-05-2024,23-04-2027
500317,11697,Personal Loan,43193.31,31036.04,11.49,Active,Texas,30-05-2025,24-12-2054
500318,11085,Auto Loan,16213.13,15089.8,12.6,Active,Illinois,20-08-2025,29-06-2035
500319,11703,Business Loan,204427.14,73482.54,7.52,Active,Pennsylvania,28-06-2023,12-06-2026
500320,12763,Mortgage,491871.5,264593.13,3.89,Active,Virginia,28-02-2020,15-11-2039
500321,11133,Personal Loan,15688.74,3987.14,5.14,Active,North Carolina,06-01-2021,06-12-2026
500322,11036,Mortgage,377616.95,340139.41,6.96,Active,North Carolina,29-01-2025,25-08-2054
500323,10935,Business Loan,422127.75,87809.99,13.42,Fully Paid,Pennsylvania,02-06-2020,18-05-2023
500324,11314,Mortgage,303066.15,206445.5,11.39,Closed,Florida,15-04-2019,31-12-2038
500325,11508,Mortgage,603089.99,199222.29,5.46,Active,New York,23-07-2023,09-04-2043
500326,10271,Personal Loan,11093,9565.11,9.33,Active,New Jersey,27-07-2022,11-07-2025
500327,12344,Business Loan,165805.31,116604.76,6.48,Active,Texas,19-06-2022,27-04-2032
500328,10717,Mortgage,262286.69,243869.69,13.46,Active,Massachusetts,25-07-2023,11-04-2043
500329,11912,Business Loan,95830.23,73752.08,8.87,Active,Michigan,21-10-2025,08-07-2045
500330,11132,Auto Loan,29433.79,27026.17,4.1,Active,North Carolina,15-10-2024,24-09-2028
500331,10677,Auto Loan,31921.99,27820.85,13.22,Active,Michigan,07-01-2020,11-12-2024
500332,10858,Auto Loan,69161.18,57148.44,5.64,Active,Ohio,16-02-2025,12-09-2054
500333,11075,Auto Loan,58143.5,18704.31,13.28,Delinquent,Ohio,19-11-2020,15-06-2050
500334,12844,Equipment Loan,127897.64,87233.88,5.39,Active,New York,06-01-2022,19-10-2036
500335,10378,Personal Loan,34725.82,32732.73,5.13,Active,North Carolina,13-04-2022,29-12-2041
500336,12021,Business Loan,586598.17,489672.13,10.66,Defaulted,Pennsylvania,08-07-2019,16-05-2029
500337,12583,Auto Loan,33519.37,23210.56,3.89,Fully Paid,California,07-11-2025,25-07-2045
500338,11354,Mortgage,472047.81,279845.3,13.7,Active,Virginia,12-10-2019,05-09-2026
500339,12312,Mortgage,540691.85,376764.54,8.84,Active,North Carolina,12-03-2022,24-02-2025
500340,12155,Personal Loan,14316.74,8491.5,6.13,Active,Massachusetts,05-06-2019,18-03-2034
500341,11407,Personal Loan,36244.59,32792.38,5.58,Active,North Carolina,22-12-2022,15-11-2029
500342,11728,Auto Loan,25226.88,21883.5,6.7,Active,Pennsylvania,01-05-2024,17-01-2044
500343,10240,Personal Loan,16979.13,11781.39,10.38,Defaulted,Pennsylvania,13-12-2025,17-11-2030
500344,12895,Auto Loan,43820.83,24376.81,9.43,Active,Washington,14-08-2022,19-07-2027
500345,12913,Auto Loan,21045.55,4544.16,5.42,Defaulted,Michigan,29-12-2025,28-11-2031
500346,11262,Auto Loan,26675.42,11879.39,8.2,Defaulted,Georgia,07-12-2025,03-07-2055
500347,11699,Personal Loan,38194.71,36489.33,6.56,Defaulted,Illinois,21-01-2023,29-11-2032
500348,11660,Personal Loan,50667.03,42883.67,6.17,Active,Florida,11-08-2020,27-07-2023
500349,10015,Mortgage,243514.96,175215.37,11.67,Active,California,03-06-2019,07-05-2024
500350,10093,Equipment Loan,196961.48,132953.05,5.57,Delinquent,New York,04-05-2025,13-03-2035
500351,10462,Auto Loan,28439.42,27383.89,4.96,Active,Illinois,06-03-2021,21-11-2040
500352,11266,Mortgage,846980.13,287587.88,11.34,Active,New Jersey,11-08-2020,11-07-2026
500353,12872,Personal Loan,53249.52,18003.66,11.35,Active,Ohio,10-12-2024,14-11-2029
500354,10280,Mortgage,417829.76,304894.74,13.22,Active,California,22-07-2020,31-05-2030
500355,12283,Mortgage,643336.93,517656.6,11.54,Active,Ohio,20-10-2021,29-08-2031
500356,11532,Business Loan,267157.26,231110.89,4.17,Active,Pennsylvania,21-09-2022,08-06-2042
500357,10866,Mortgage,317623.22,190694.64,10.77,Active,Illinois,01-12-2021,15-11-2024
500358,11859,Personal Loan,70018.76,16255.73,9.86,Delinquent,Illinois,26-07-2019,08-05-2034
500359,11589,Mortgage,693694.59,355389.86,6.88,Active,Georgia,19-01-2023,24-12-2027
500360,12333,Mortgage,497619.67,319319.69,7.73,Active,New York,06-09-2025,24-05-2045
500361,11697,Personal Loan,59459.95,36282.45,5.39,Fully Paid,Texas,23-04-2021,23-03-2027
500362,10386,Personal Loan,63660.67,45775.83,5.74,Closed,California,26-05-2025,19-04-2032
500363,11759,Business Loan,111357.17,31663.43,8.48,Active,Illinois,08-02-2020,23-01-2023
500364,11871,Business Loan,228063.99,181643.58,6.57,Fully Paid,Illinois,14-04-2020,31-12-2039
500365,10933,Equipment Loan,141139.08,89451.03,10.41,Active,Illinois,02-07-2022,10-05-2032
500366,11651,Mortgage,402585.42,355147.53,12.25,Active,North Carolina,31-01-2020,09-12-2029
500367,12855,Business Loan,212933.94,147198.42,9.04,Active,New Jersey,28-04-2024,09-02-2039
500368,12338,Auto Loan,76080.54,17031.65,13.76,Active,Florida,02-12-2022,26-10-2029
500369,12947,Personal Loan,63091.7,17052.44,11,Active,Illinois,06-06-2020,15-04-2030
500370,10406,Business Loan,586193.96,299919.84,7.99,Closed,Arizona,28-02-2019,15-11-2038
500371,10633,Personal Loan,8226.12,6948.65,8.84,Closed,Pennsylvania,28-10-2019,21-09-2026
500372,12088,Auto Loan,38481.61,30197.74,10.06,Active,North Carolina,30-10-2020,08-09-2030
500373,10778,Mortgage,371893.69,328873.91,4.93,Fully Paid,Illinois,20-07-2020,24-06-2025
500374,10637,Auto Loan,55600.03,29101.47,4.52,Active,Washington,24-08-2021,08-08-2024
500375,11784,Personal Loan,5542.17,5414.77,9.75,Active,North Carolina,26-09-2025,13-06-2045
500376,12705,Mortgage,670783.67,230650.37,8.63,Active,California,22-09-2021,22-08-2027
500377,10165,Mortgage,701183.8,488180.3,11.65,Active,Illinois,07-06-2019,31-12-2048
500378,10759,Mortgage,163739.73,152652.3,13.57,Active,Pennsylvania,03-12-2024,29-06-2054
500379,11905,Personal Loan,63309.99,47828.64,3.71,Delinquent,Virginia,07-02-2022,20-11-2036
500380,11958,Mortgage,627932.12,157046.56,10.14,Delinquent,Georgia,12-11-2020,28-10-2023
500381,11047,Auto Loan,40733.28,12216.2,12.36,Active,Georgia,24-12-2024,20-07-2054
500382,10647,Business Loan,73718.5,23062.69,4.02,Active,Washington,10-05-2023,08-04-2029
500383,12045,Mortgage,521493.92,141499.25,10.65,Active,North Carolina,23-10-2021,22-09-2027
500384,10776,Business Loan,242962.02,107730.86,7.84,Active,New Jersey,20-10-2021,13-09-2028
500385,12175,Business Loan,424686.78,341860.94,9.82,Active,Florida,22-06-2022,27-05-2027
500386,11354,Business Loan,184263.83,145302.32,11.26,Active,Virginia,12-08-2019,29-04-2039
500387,10089,Mortgage,526771.72,469194.18,11.48,Active,Ohio,05-04-2025,17-01-2040
500388,10640,Mortgage,643098.02,451435.14,9.63,Fully Paid,Virginia,07-12-2025,19-09-2040
500389,10975,Mortgage,512937.94,105664.99,13.72,Defaulted,Virginia,29-10-2022,03-10-2027
500390,12657,Auto Loan,77710.29,75053.02,6.49,Delinquent,Washington,08-04-2022,19-01-2037
500391,10564,Auto Loan,84278.76,16318.74,10.02,Fully Paid,Arizona,15-12-2020,28-09-2035
500392,11886,Mortgage,466006.04,82611.45,3.92,Fully Paid,New York,27-01-2020,11-01-2023
500393,11979,Auto Loan,58563.41,41786.01,5.83,Active,Washington,13-06-2021,13-05-2027
500394,10013,Business Loan,81554.46,15198.85,11.21,Fully Paid,North Carolina,30-03-2024,16-12-2043
500395,10569,Business Loan,402669.54,372104.99,13.4,Fully Paid,North Carolina,09-04-2019,13-03-2024
500396,11386,Auto Loan,53812.81,21554.19,14.15,Active,Pennsylvania,17-10-2025,26-09-2029
500397,11432,Mortgage,301150.42,277220.91,6.64,Closed,New Jersey,08-11-2020,13-10-2025
500398,11909,Personal Loan,62042.03,25400.45,13.64,Active,North Carolina,01-11-2019,09-09-2029
500399,11028,Mortgage,154119.39,89513.93,12.67,Closed,Arizona,22-12-2022,30-10-2032
500400,11611,Personal Loan,32414.33,17402.4,3.78,Active,New Jersey,08-01-2025,08-12-2030
500401,12935,Personal Loan,9753.04,9137.9,6.88,Delinquent,Texas,13-12-2023,27-11-2026
500402,10809,Auto Loan,71432.88,40661.99,13.61,Active,North Carolina,03-10-2019,27-08-2026
500403,12857,Personal Loan,52839.18,14703.29,9.05,Delinquent,Ohio,23-10-2020,19-05-2050
500404,11852,Auto Loan,35811.24,24748.19,3.93,Defaulted,Pennsylvania,16-02-2021,16-01-2027
500405,11700,Equipment Loan,102070.19,93669.59,5.33,Defaulted,Virginia,02-09-2024,29-03-2054
500406,11975,Equipment Loan,71910.92,17979.17,6.44,Active,Georgia,10-08-2020,27-04-2040
500407,11382,Mortgage,525831.42,494881.25,6.57,Defaulted,Illinois,28-03-2024,14-12-2043
500408,10872,Personal Loan,38835.23,9388.11,11.22,Fully Paid,New York,04-04-2025,19-03-2028
500409,12169,Personal Loan,58251.47,40494.19,8.99,Fully Paid,New York,07-02-2019,17-01-2023
500410,11415,Auto Loan,19715.99,9265.44,9.87,Active,Washington,10-04-2020,17-02-2030
500411,11213,Equipment Loan,97808.48,59980.04,12.48,Defaulted,Virginia,14-05-2021,08-12-2050
500412,12210,Mortgage,334661.35,181362.6,4.2,Active,Pennsylvania,19-07-2023,05-04-2043
500413,11684,Business Loan,548512.03,132819.49,13.02,Fully Paid,Ohio,12-01-2020,20-11-2029
500414,12204,Personal Loan,13989.21,12149.01,12.48,Fully Paid,Pennsylvania,12-07-2022,26-06-2025
500415,11318,Business Loan,252214.02,81552.51,5.79,Fully Paid,Texas,21-02-2020,05-02-2023
500416,12697,Personal Loan,7015.67,4921.86,10.24,Active,Illinois,06-10-2020,23-06-2040
500417,11335,Business Loan,510473.55,452472.34,12.8,Active,North Carolina,24-12-2019,01-11-2029
500418,12327,Mortgage,777825.29,536875.77,7.68,Defaulted,Arizona,25-11-2024,04-11-2028
500419,11954,Auto Loan,26760.19,25593.92,6.97,Active,Texas,05-03-2021,17-12-2035
500420,12772,Personal Loan,56641.65,26985.92,3.99,Fully Paid,Washington,22-01-2019,30-11-2028
500421,12540,Mortgage,559142.29,362805.37,8.38,Defaulted,North Carolina,07-06-2024,23-05-2027
500422,11948,Mortgage,352015.15,300726.61,13.94,Active,Michigan,29-10-2024,12-08-2039
500423,12461,Auto Loan,59357.15,21909,5.02,Active,New Jersey,27-02-2023,05-01-2033
500424,10783,Auto Loan,67004.72,63730.48,12.67,Fully Paid,Washington,11-12-2023,23-09-2038
500425,11481,Mortgage,326117.33,149966.37,14.1,Delinquent,Washington,18-06-2022,28-05-2026
500426,10711,Auto Loan,38631.78,9307.56,14.21,Defaulted,Michigan,06-07-2020,31-05-2027
500427,10348,Equipment Loan,77340.32,15765.04,13.23,Active,Virginia,14-11-2020,23-09-2030
500428,11464,Business Loan,67494.16,28729.57,6.45,Active,Ohio,31-01-2019,09-12-2028
500429,12814,Mortgage,211413.39,32293.87,5.05,Active,New Jersey,30-07-2025,08-06-2035
500430,10657,Equipment Loan,299407.09,261745.38,13.77,Active,Washington,17-08-2021,26-06-2031
500431,10979,Mortgage,737567.37,203765.45,3.76,Fully Paid,North Carolina,25-08-2020,08-06-2035
500432,10403,Personal Loan,30060.51,7379.52,12.73,Fully Paid,Arizona,31-08-2020,27-03-2050
500433,12414,Business Loan,358291.79,315904.07,12.36,Fully Paid,Ohio,15-07-2022,24-06-2026
500434,12334,Personal Loan,21060.73,9540.86,4.98,Active,Massachusetts,27-09-2022,01-09-2027
500435,10421,Auto Loan,33843.59,24614.81,13.12,Active,Virginia,04-06-2022,09-05-2027
500436,11761,Equipment Loan,175616.47,46575.77,6.26,Delinquent,Ohio,15-04-2022,09-11-2051
500437,10100,Equipment Loan,211162.76,61166.62,13.06,Active,Georgia,05-02-2022,20-01-2025
500438,12774,Mortgage,459962.49,221616.24,4.9,Delinquent,Michigan,12-05-2024,21-04-2028
500439,10130,Auto Loan,64844.56,18350.1,13.51,Fully Paid,Illinois,16-11-2025,12-06-2055
500440,10080,Mortgage,530037.01,230879.04,8.76,Active,North Carolina,10-11-2025,04-10-2032
500441,12167,Business Loan,581916.18,396591.56,8.08,Delinquent,Texas,04-06-2024,29-12-2053
500442,12871,Mortgage,217989.11,122628.93,3.7,Active,Texas,26-10-2023,19-09-2030
500443,11272,Business Loan,131472.09,120869.78,10.14,Fully Paid,Illinois,30-01-2021,15-01-2024
500444,10616,Personal Loan,32216.35,12605.21,5.02,Active,Georgia,24-03-2025,26-02-2030
500445,11469,Mortgage,411223.69,87394.78,6.26,Fully Paid,Massachusetts,27-08-2022,05-07-2032
500446,10601,Mortgage,636968.3,468161.02,5.91,Active,Florida,14-08-2021,01-05-2041
500447,11998,Mortgage,628517.57,134288.46,5.34,Delinquent,New York,24-08-2021,06-06-2036
500448,12393,Personal Loan,53610.69,40415.51,13.65,Active,Michigan,01-03-2025,03-02-2030
500449,12715,Mortgage,503500.21,361345.03,5.48,Defaulted,Georgia,12-08-2023,29-04-2043
500450,12169,Mortgage,165163.85,62069.63,8.75,Closed,New York,20-12-2019,29-11-2023
500451,11537,Business Loan,533616.8,384747.31,12.51,Delinquent,Pennsylvania,18-07-2024,11-02-2054
500452,10091,Mortgage,847429.18,401385.99,10.81,Fully Paid,New York,19-10-2024,18-09-2030
500453,12129,Equipment Loan,49802.84,15774.97,6.36,Active,Arizona,19-05-2024,04-05-2027
500454,10770,Auto Loan,83849.29,56351.85,9.28,Active,New Jersey,02-12-2021,11-11-2025
500455,11013,Auto Loan,42663.66,19301.53,9.58,Active,Texas,21-06-2024,08-03-2044
500456,12232,Mortgage,407340.67,386790.92,10.97,Defaulted,Pennsylvania,06-04-2020,06-03-2026
500457,11016,Personal Loan,36845,15361.84,8.52,Active,Georgia,18-01-2019,26-11-2028
500458,12834,Mortgage,547751.4,503724.82,14.13,Active,Illinois,13-06-2025,26-03-2040
500459,12834,Mortgage,840882.51,688170.06,6.85,Active,Illinois,11-01-2021,21-12-2024
500460,10073,Auto Loan,19384.18,4725.52,13.19,Active,California,03-04-2019,07-03-2024
500461,12577,Business Loan,158372.26,142160.7,11.66,Active,California,11-06-2021,05-05-2028
500462,12164,Equipment Loan,225694.11,208222.67,3.91,Active,Virginia,29-12-2024,08-12-2028
500463,12726,Auto Loan,67277.06,33385.17,5.44,Active,Texas,24-10-2019,06-08-2034
500464,12677,Business Loan,354280.61,142664.45,13.12,Active,Michigan,20-06-2024,07-03-2044
500465,11520,Business Loan,373936.03,116838.71,9.19,Active,Texas,11-02-2020,21-01-2024
500466,10703,Personal Loan,46195.16,34994.95,7.48,Active,Washington,03-03-2024,16-02-2027
500467,10655,Mortgage,832076.29,742946.26,10.07,Fully Paid,Pennsylvania,03-07-2019,17-06-2022
500468,10118,Personal Loan,23203.61,14300.2,7.4,Active,Michigan,01-06-2023,16-05-2026
500469,12040,Personal Loan,10864.48,2415.18,12.24,Delinquent,Georgia,01-04-2025,13-01-2040
500470,12599,Business Loan,448522.33,229909.49,13.53,Fully Paid,New Jersey,19-09-2020,06-06-2040
500471,11483,Auto Loan,88522.72,70669.35,10.36,Active,New York,12-12-2025,24-09-2040
500472,11939,Mortgage,214752.98,66116.57,10.54,Defaulted,Virginia,02-03-2019,17-11-2038
500473,10360,Auto Loan,32220.14,14142.96,6.31,Active,Florida,23-05-2025,27-04-2030
500474,10876,Personal Loan,18186.02,4702.54,7.74,Active,New York,21-09-2025,31-07-2035
500475,11123,Business Loan,324978.92,257717.88,11.69,Delinquent,Ohio,02-09-2024,02-08-2030
500476,12151,Personal Loan,29759.2,9614.86,11.34,Closed,New Jersey,20-05-2020,14-12-2049
500477,10297,Mortgage,277534.18,151702.82,4.06,Active,Illinois,27-11-2019,21-10-2026
500478,10778,Mortgage,436292.34,153483.07,3.71,Delinquent,Illinois,02-08-2023,06-07-2028
500479,11707,Auto Loan,26588.81,13839.24,8.54,Active,Pennsylvania,07-09-2022,17-08-2026
500480,10327,Mortgage,759373.74,136304.31,7.29,Fully Paid,New Jersey,16-11-2019,10-10-2026
500481,12194,Personal Loan,74779.7,65980.02,9.63,Closed,California,04-10-2020,30-04-2050
500482,11111,Mortgage,213490.12,129038.91,8.6,Active,Massachusetts,09-06-2025,19-05-2029
500483,10451,Equipment Loan,212786.65,132063.63,7.44,Delinquent,Massachusetts,06-09-2025,16-07-2035
500484,11631,Business Loan,153351.56,136773.88,6.97,Active,Illinois,21-11-2019,20-10-2025
500485,10597,Mortgage,291514.03,169445.07,8.29,Fully Paid,Arizona,04-07-2021,13-05-2031
500486,12892,Mortgage,499425.65,356392.89,5.57,Fully Paid,Georgia,02-11-2019,10-09-2029
500487,10609,Mortgage,763982.22,153925.07,13.15,Delinquent,Pennsylvania,11-05-2021,20-03-2031
500488,12557,Mortgage,183836.17,116100.38,3.71,Active,Washington,12-10-2023,07-05-2053
500489,10733,Auto Loan,86234.32,34811.37,9.88,Active,California,16-01-2019,15-12-2024
500490,11518,Personal Loan,31113.17,19718.24,10.74,Active,Ohio,07-04-2019,01-03-2026
500491,12521,Mortgage,609958.75,117075.03,12.62,Fully Paid,Virginia,16-03-2020,01-03-2023
500492,12845,Personal Loan,8031.41,4709.37,7.49,Defaulted,Michigan,08-12-2022,06-11-2028
500493,10850,Mortgage,596095.5,185157.14,10.74,Active,California,16-11-2025,29-08-2040
500494,10601,Personal Loan,21169.43,17496.2,9.55,Active,Florida,30-01-2025,30-12-2030
500495,11412,Auto Loan,37553.06,30053.84,7.44,Active,New York,16-07-2020,29-04-2035
500496,10828,Business Loan,292986.42,123927.94,4.13,Delinquent,Texas,10-04-2019,25-03-2022
500497,12743,Personal Loan,48165.61,42602.66,7.66,Fully Paid,Arizona,10-01-2025,19-11-2034
500498,12375,Business Loan,404031.25,125386.49,13.62,Active,North Carolina,16-11-2020,12-06-2050
500499,12618,Auto Loan,75779.94,32966.56,12.78,Active,North Carolina,12-04-2021,06-11-2050
500500,10567,Mortgage,229543.37,218696.39,9.18,Fully Paid,New Jersey,11-07-2025,20-05-2035
500501,12352,Personal Loan,28457.17,20773.59,11.73,Fully Paid,California,21-08-2023,16-03-2053
500502,12427,Auto Loan,64929.3,44786.47,7.92,Active,Georgia,04-12-2020,30-06-2050
500503,11649,Personal Loan,31310.72,22544.03,12.13,Delinquent,Texas,24-02-2021,19-01-2028
500504,12768,Auto Loan,83095.66,68724.18,5.89,Delinquent,Illinois,19-10-2025,18-09-2031
500505,10773,Mortgage,818751.95,440093.95,14.3,Active,Washington,27-08-2023,21-07-2030
500506,12922,Auto Loan,82283.67,51343.22,3.89,Active,Arizona,12-09-2025,08-04-2055
500507,11322,Auto Loan,74487.71,23601.21,12.22,Active,Illinois,02-10-2024,01-09-2030
500508,12043,Mortgage,626384.16,343932.02,6.32,Active,California,08-02-2025,13-01-2030
500509,10131,Auto Loan,65442.34,27894.32,3.7,Active,California,10-05-2025,09-04-2031
500510,11918,Personal Loan,10620.83,3774.12,11.64,Active,Florida,06-05-2025,17-02-2040
500511,11592,Mortgage,283361.26,67435.82,4.46,Active,Ohio,04-04-2022,14-03-2026
500512,10120,Mortgage,796607.76,752480.79,11.33,Active,New Jersey,24-11-2025,20-06-2055
500513,12821,Mortgage,530715.96,333095.37,7.71,Active,Florida,26-10-2024,25-09-2030
500514,12413,Mortgage,643893.96,508864.46,3.81,Active,New York,23-09-2020,02-08-2030
500515,12023,Mortgage,404359.56,202614.04,8.26,Delinquent,Pennsylvania,01-04-2021,06-03-2026
500516,11648,Personal Loan,8844.73,3318.27,10.88,Active,Virginia,19-05-2022,03-05-2025
500517,12453,Business Loan,173980.17,130357.19,11.74,Active,Washington,24-05-2023,08-05-2026
500518,12515,Personal Loan,40585.84,33962.44,10.18,Defaulted,Texas,15-10-2020,24-08-2030
500519,12972,Auto Loan,23837.35,10504.66,3.54,Delinquent,Texas,18-08-2025,31-05-2040
500520,12541,Personal Loan,70019.08,43549.01,9.06,Closed,Washington,13-10-2022,26-07-2037
500521,10359,Mortgage,190220.86,147324.91,9.52,Active,Pennsylvania,12-12-2023,05-11-2030
500522,12740,Mortgage,460298.17,151651.49,11.24,Active,Massachusetts,03-04-2019,27-10-2048
500523,12028,Auto Loan,61488.4,13719.26,12.49,Active,Pennsylvania,14-06-2021,27-03-2036
500524,11030,Personal Loan,71936.08,40364.72,10.68,Active,Michigan,29-12-2020,03-12-2025
500525,10305,Mortgage,712080.32,159282.79,5.64,Fully Paid,Texas,01-01-2020,25-11-2026
500526,12733,Business Loan,115042.9,58447.46,8.95,Active,California,28-04-2024,07-03-2034
500527,12040,Auto Loan,57355.98,13212.4,7.21,Active,Georgia,08-01-2020,21-10-2034
500528,11629,Mortgage,630640.13,459890.28,7.36,Defaulted,Ohio,08-12-2025,04-07-2055
500529,10398,Auto Loan,17129.18,13363.76,11.48,Active,Illinois,05-01-2020,31-07-2049
500530,11630,Auto Loan,84853.24,35425.24,4.59,Active,New York,05-11-2024,05-10-2030
500531,11265,Mortgage,548590.64,507316.72,5.18,Delinquent,Illinois,14-01-2019,29-12-2021
500532,10141,Mortgage,561071.79,367814.78,4.35,Active,Georgia,09-07-2024,18-05-2034
500533,10740,Auto Loan,77108.31,52847.8,11.56,Active,North Carolina,25-12-2023,18-11-2030
500534,10329,Auto Loan,64925.42,14265.9,11.07,Active,Massachusetts,27-10-2023,30-09-2028
500535,12486,Personal Loan,60848.89,13033.8,3.84,Closed,California,18-12-2025,02-12-2028
500536,11779,Personal Loan,23253.31,8954.08,11.95,Fully Paid,Ohio,10-05-2019,25-01-2039
500537,10434,Personal Loan,70387.16,47713.45,5.48,Closed,Pennsylvania,12-12-2023,07-07-2053
500538,10796,Mortgage,827130.43,216403.33,14.02,Active,Virginia,22-10-2019,04-08-2034
500539,10766,Personal Loan,36197.17,21390.33,5.05,Active,Pennsylvania,24-10-2024,03-10-2028
500540,10819,Mortgage,296467.65,173463.17,14.22,Active,Texas,23-11-2021,19-06-2051
500541,11501,Personal Loan,43188.3,18427.26,3.91,Active,Florida,06-03-2022,17-12-2036
500542,11082,Mortgage,805318.5,396978.98,9.08,Defaulted,Virginia,16-07-2021,30-06-2024
500543,12895,Mortgage,740236.12,492945.32,4.48,Active,Washington,12-12-2021,08-07-2051
500544,10515,Equipment Loan,288704.43,225660.21,5.39,Closed,California,16-08-2020,11-07-2027
500545,12887,Auto Loan,15891.1,11842.61,5.21,Closed,North Carolina,16-02-2021,16-01-2027
500546,11365,Business Loan,276256.51,56021.99,13.96,Closed,Florida,27-08-2022,01-08-2027
500547,10007,Mortgage,352842.11,298844.77,14.43,Defaulted,Washington,03-07-2020,07-06-2025
500548,10372,Mortgage,341184.03,141837.62,7.98,Active,Virginia,31-08-2019,13-06-2034
500549,10325,Mortgage,321752.23,116950.09,6.02,Closed,California,30-09-2024,30-08-2030
500550,11980,Personal Loan,28932.01,25503.7,13.17,Active,Washington,15-06-2025,20-05-2030
500551,11260,Personal Loan,52728.8,8091.89,7.75,Fully Paid,North Carolina,07-06-2024,02-05-2031
500552,12608,Equipment Loan,239440.79,195057.39,9.83,Delinquent,Michigan,22-03-2024,01-03-2028
500553,12580,Business Loan,148728.17,50378.51,9.72,Active,Arizona,30-08-2022,12-06-2037
500554,12941,Mortgage,609875.4,449935.84,5.47,Active,Florida,14-05-2022,23-04-2026
500555,11415,Mortgage,620134.49,452663.62,7.19,Active,Washington,07-08-2023,15-06-2033
500556,10717,Equipment Loan,286125.55,45487.52,5.4,Active,Massachusetts,12-08-2021,21-06-2031
500557,10913,Business Loan,215106.07,171586.19,13.34,Fully Paid,Illinois,01-02-2023,10-12-2032
500558,12297,Personal Loan,59555.17,41530.47,13.23,Active,New Jersey,06-08-2020,16-07-2024
500559,12417,Business Loan,210202.72,157253.76,10.06,Closed,Virginia,29-07-2022,27-06-2028
500560,10574,Mortgage,219251.81,135592.31,13.93,Active,California,09-07-2024,18-06-2028
500561,11816,Business Loan,134063.63,89549.53,6.07,Closed,California,21-08-2021,31-07-2025
500562,10790,Auto Loan,21883.7,20741.19,14.33,Active,Michigan,07-09-2025,17-08-2029
500563,11069,Auto Loan,35241.72,31208.57,12.15,Active,California,29-01-2019,28-12-2024
500564,11844,Mortgage,665544.16,500566.16,8.45,Active,Texas,16-05-2022,25-04-2026
500565,11293,Mortgage,609637.01,464492.96,5.38,Fully Paid,Florida,31-03-2022,28-02-2028
500566,12278,Business Loan,574721.22,339259.49,10.18,Active,New York,27-02-2021,27-01-2027
500567,12578,Mortgage,262032.55,244428.13,13.39,Active,Pennsylvania,19-12-2024,18-11-2030
500568,10654,Personal Loan,6672.96,6058.67,10.47,Active,Pennsylvania,08-02-2019,26-10-2038
500569,11974,Personal Loan,7207.9,3084.58,10.92,Active,California,16-02-2021,26-01-2025
500570,12076,Equipment Loan,212627.03,154912.97,5.09,Active,Michigan,06-08-2019,16-07-2023
500571,12619,Business Loan,157962.46,41413.59,4.39,Active,Texas,25-10-2021,09-10-2024
500572,11239,Auto Loan,26420.08,24328.55,12.12,Fully Paid,Virginia,08-05-2019,22-04-2022
500573,10454,Mortgage,684295.71,314872.48,8.83,Active,New Jersey,11-10-2023,06-05-2053
500574,10474,Auto Loan,61959.11,33718.19,7.47,Delinquent,Illinois,23-06-2021,02-06-2025
500575,10262,Personal Loan,44694.32,10366.29,12.85,Active,Texas,02-07-2020,06-06-2025
500576,10523,Auto Loan,76496.28,35742.65,5.95,Fully Paid,Georgia,02-12-2024,11-11-2028
500577,12988,Auto Loan,88642.14,59743.44,9.39,Active,New Jersey,06-08-2023,30-06-2030
500578,12432,Auto Loan,33953.86,18090.53,9.39,Fully Paid,Massachusetts,10-12-2024,27-08-2044
500579,12670,Mortgage,685252.39,231581.72,10.55,Closed,Michigan,28-08-2020,24-03-2050
500580,10595,Auto Loan,80934.8,15103.27,13.81,Active,Florida,06-07-2020,10-06-2025
500581,11253,Mortgage,260002.7,66304.36,8.2,Delinquent,Massachusetts,14-03-2021,21-01-2031
500582,12863,Auto Loan,75121.66,70401.04,11.64,Active,New Jersey,18-02-2021,05-11-2040
500583,12796,Mortgage,214633.94,59791.88,13.06,Fully Paid,North Carolina,17-04-2025,24-02-2035
500584,11569,Business Loan,85601.08,58506.83,6.53,Active,Arizona,21-12-2025,14-11-2032
500585,10630,Equipment Loan,197863.7,84769.6,3.71,Active,Michigan,07-11-2022,17-10-2026
500586,12964,Auto Loan,38273.6,25646.57,4.8,Defaulted,Arizona,12-10-2022,05-09-2029
500587,11026,Auto Loan,29670.29,5789.98,12.77,Fully Paid,Texas,02-08-2023,25-02-2053
500588,12364,Business Loan,410801.57,275313.27,4.3,Closed,Pennsylvania,20-11-2021,04-11-2024
500589,12742,Auto Loan,40005.54,14335.12,5.37,Active,Arizona,22-01-2020,09-10-2039
500590,10939,Mortgage,267684.14,81523.22,9.51,Active,Ohio,12-11-2025,25-08-2040
500591,12528,Auto Loan,47018.32,39189.87,11.35,Active,New York,24-05-2022,08-02-2042
500592,12607,Auto Loan,74474.26,56329.74,6.81,Delinquent,North Carolina,15-01-2019,20-12-2023
500593,12128,Auto Loan,53143.75,41952.47,13.5,Closed,Georgia,09-08-2025,26-04-2045
500594,11876,Business Loan,121750.5,101478.37,14.33,Active,Pennsylvania,09-09-2019,27-05-2039
500595,12034,Mortgage,591801.68,145609.1,5.11,Defaulted,Texas,28-06-2021,07-05-2031
500596,11375,Personal Loan,9558.35,5005.65,13.74,Fully Paid,Arizona,14-04-2022,19-03-2027
500597,10553,Business Loan,107635.8,80399.25,13.7,Active,North Carolina,15-03-2020,27-12-2034
500598,12983,Auto Loan,29184.36,9024.89,14.29,Closed,Georgia,30-10-2022,07-09-2032
500599,11143,Mortgage,415338.44,94566.06,10.43,Active,Illinois,15-05-2020,09-04-2027
500600,12885,Personal Loan,32014.06,23969.34,6.72,Delinquent,Texas,27-02-2019,06-02-2023
500601,12976,Business Loan,348499.71,99479.37,13.52,Active,Virginia,21-06-2022,15-01-2052
500602,10269,Personal Loan,62621.58,15587.95,4.15,Defaulted,Ohio,22-06-2022,04-04-2037
500603,10897,Business Loan,512533.26,480512.76,4.3,Fully Paid,Ohio,02-08-2024,07-07-2029
500604,11549,Personal Loan,33900.34,12249.79,7.61,Defaulted,New York,20-11-2019,04-11-2022
500605,10198,Mortgage,395988.4,195089.03,11.07,Fully Paid,Pennsylvania,28-02-2021,07-01-2031
500606,12582,Mortgage,307902.84,277778.84,10.5,Fully Paid,Washington,31-03-2024,05-03-2029
500607,11649,Equipment Loan,223379.49,189744.59,9.02,Active,Texas,09-02-2024,18-12-2033
500608,11180,Personal Loan,68221.16,16041.63,11.67,Active,Florida,10-10-2025,19-09-2029
500609,10849,Personal Loan,67623.69,13569.73,4.5,Active,California,02-12-2022,14-09-2037
500610,12544,Mortgage,342529.06,209701.87,7.55,Active,North Carolina,25-12-2023,18-11-2030
500611,12607,Equipment Loan,228910.92,183399.77,12.4,Active,North Carolina,29-07-2019,08-07-2023
500612,12558,Auto Loan,24730.49,9956.49,6.7,Active,Arizona,19-10-2025,15-05-2055
500613,11242,Business Loan,523768.07,338988.91,6.7,Closed,Washington,01-01-2019,14-10-2033
500614,12228,Business Loan,77579.49,47191.09,5.98,Fully Paid,Massachusetts,30-10-2020,08-09-2030
500615,11769,Mortgage,280286.27,46733.51,8.53,Fully Paid,New Jersey,19-01-2023,29-12-2026
500616,12481,Equipment Loan,64425.15,57856.36,4.53,Fully Paid,Massachusetts,26-02-2024,09-12-2038
500617,12297,Mortgage,598933.72,518868.46,6.28,Fully Paid,New Jersey,16-06-2022,15-05-2028
500618,10704,Mortgage,682538.22,129585.88,7.25,Active,Florida,19-08-2025,06-05-2045
500619,10711,Personal Loan,53565.12,39674.13,4.19,Fully Paid,Michigan,25-11-2025,04-11-2029
500620,10254,Mortgage,201645.12,190566.64,9.7,Defaulted,New Jersey,06-03-2020,08-02-2025
500621,12621,Mortgage,702259.17,291024.7,3.85,Active,New York,17-05-2023,20-04-2028
500622,11026,Auto Loan,56533.9,31443.98,11.95,Active,Texas,09-11-2022,08-10-2028
500623,11008,Mortgage,720065.71,592104.68,5.63,Closed,Ohio,13-02-2022,18-01-2027
500624,10298,Personal Loan,5699.14,4685.77,12.14,Active,Washington,27-08-2020,01-08-2025
500625,12640,Personal Loan,58509.37,23131.53,10.33,Delinquent,Texas,29-12-2019,24-07-2049
500626,11779,Mortgage,762468.32,570816.97,8.15,Fully Paid,Ohio,19-08-2025,19-07-2031
500627,12144,Auto Loan,49187.98,31286.59,5.38,Defaulted,Michigan,19-01-2020,18-12-2025
500628,11903,Personal Loan,31053.14,17003.94,5.76,Active,Georgia,15-10-2023,29-09-2026
500629,12346,Auto Loan,42395.5,27837.43,3.81,Active,Georgia,18-11-2025,02-11-2028
500630,10354,Auto Loan,68313.14,44940.44,11.52,Closed,Ohio,29-08-2022,11-06-2037
500631,12704,Business Loan,598317.84,154450.24,7.5,Fully Paid,Illinois,22-04-2023,01-04-2027
500632,10778,Auto Loan,55227.68,22070.06,10.71,Active,Illinois,03-04-2020,20-12-2039
500633,12480,Business Loan,236362.01,38173.2,6.28,Defaulted,Virginia,15-10-2019,10-05-2049
500634,11707,Business Loan,394375.02,134938.4,12.3,Fully Paid,Pennsylvania,08-08-2021,02-07-2028
500635,12558,Auto Loan,69984.27,57704.12,9.43,Defaulted,Arizona,31-03-2021,28-02-2027
500636,12574,Mortgage,699140.97,293457.34,9.37,Defaulted,North Carolina,13-04-2025,20-02-2035
500637,12414,Auto Loan,67236.51,26655.68,12.77,Active,Ohio,09-12-2022,02-11-2029
500638,11819,Personal Loan,69782.91,22777.58,13.87,Delinquent,Texas,30-08-2023,25-03-2053
500639,10999,Personal Loan,57924.7,53427.98,8.35,Closed,Pennsylvania,19-03-2020,13-10-2049
500640,10942,Business Loan,477931.24,415513.72,10.22,Active,Washington,15-11-2025,15-10-2031
500641,11443,Auto Loan,57418.89,40183,6.01,Active,California,10-08-2022,04-07-2029
500642,12470,Equipment Loan,50365.6,11082.71,5.01,Fully Paid,Massachusetts,28-09-2025,24-04-2055
500643,10190,Auto Loan,46086.76,22766.86,12.65,Active,Arizona,01-04-2022,17-12-2041
500644,11166,Personal Loan,42129.83,25527.69,11.73,Active,Massachusetts,14-02-2019,13-01-2025
500645,10666,Personal Loan,26042.47,23729.3,9.11,Active,Massachusetts,06-12-2020,23-08-2040
500646,12797,Auto Loan,82128.03,21597.88,6.36,Active,Georgia,02-12-2023,19-08-2043
500647,12023,Personal Loan,20595.09,12167.11,7.54,Active,Pennsylvania,28-04-2022,22-11-2051
500648,11865,Mortgage,179027.41,86514.4,3.94,Fully Paid,Illinois,10-06-2023,20-05-2027
500649,11435,Mortgage,843932.32,558497.5,6.27,Closed,Ohio,11-06-2025,20-04-2035
500650,10343,Auto Loan,51923.53,44684.03,5.98,Closed,California,24-02-2023,02-01-2033
500651,12942,Mortgage,766718.18,675905.61,13.64,Fully Paid,Pennsylvania,03-04-2019,25-02-2026
500652,10166,Auto Loan,69908.83,51123.78,12.65,Delinquent,Arizona,30-05-2025,08-04-2035
500653,10732,Personal Loan,58903.93,51573.49,12.24,Active,North Carolina,07-08-2024,21-05-2039
500654,12622,Business Loan,150405.38,51109.14,4.3,Defaulted,New York,21-03-2019,28-02-2023
500655,10791,Auto Loan,35325.95,6556.07,3.98,Active,New York,24-05-2025,08-02-2045
500656,12019,Auto Loan,61831.42,38051.65,8.5,Active,Arizona,14-07-2022,12-06-2028
500657,11392,Mortgage,240029.66,73672.84,4.99,Defaulted,California,07-01-2024,20-10-2038
500658,12512,Mortgage,337007.54,297765.61,11.65,Active,Illinois,23-02-2019,18-09-2048
500659,11731,Personal Loan,23786.56,21111.18,11.07,Closed,New Jersey,22-11-2025,09-08-2045
500660,11375,Mortgage,604434.01,339415.89,12.07,Closed,Arizona,22-10-2024,18-05-2054
500661,11330,Auto Loan,22525.69,4054.73,5.63,Active,New York,15-05-2022,09-12-2051
500662,10811,Personal Loan,6287,4456.17,11.63,Delinquent,Ohio,13-09-2022,28-08-2025
500663,10642,Auto Loan,75803.25,28161.32,9.04,Active,Texas,08-12-2022,17-11-2026
500664,11952,Auto Loan,38211.36,27206.98,5.87,Fully Paid,Massachusetts,10-08-2022,05-03-2052
500665,10056,Auto Loan,72390.69,69233.35,7.49,Active,New York,05-06-2025,05-05-2031
500666,12458,Mortgage,505951.28,473399.19,13.16,Active,Pennsylvania,18-02-2022,18-01-2028
500667,12069,Personal Loan,21958.67,19257.2,10.7,Active,California,12-12-2024,08-07-2054
500668,10806,Business Loan,305701.49,215678.54,13.4,Active,Pennsylvania,08-12-2023,11-11-2028
500669,11405,Business Loan,385804.05,76400.13,11.25,Fully Paid,Georgia,23-12-2021,05-10-2036
500670,11849,Auto Loan,46156.44,11795.57,7.12,Active,Michigan,15-03-2024,27-12-2038
500671,12165,Mortgage,397040.09,153903.8,8.96,Closed,New York,27-02-2021,14-11-2040
500672,11645,Mortgage,680394.96,521779.99,8.18,Active,Georgia,22-06-2022,01-06-2026
500673,11549,Mortgage,348724.67,213244.98,8.23,Delinquent,New York,28-01-2025,15-10-2044
500674,11564,Mortgage,299779.46,63928.44,8.19,Delinquent,Ohio,18-12-2023,30-09-2038
500675,11954,Mortgage,250287.58,91881.74,10.72,Active,Texas,25-03-2023,21-02-2029
500676,10025,Auto Loan,64635.33,38184.96,10.3,Fully Paid,New York,13-10-2022,22-09-2026
500677,11882,Business Loan,592593.87,151354.95,13.88,Active,Ohio,07-08-2023,24-04-2043
500678,10744,Auto Loan,28998.79,26892.85,7.48,Fully Paid,Florida,06-10-2019,15-09-2023
500679,11760,Mortgage,604421.38,556975.24,6.95,Delinquent,Washington,21-12-2024,04-10-2039
500680,10692,Business Loan,505884.85,451274.79,6,Active,Michigan,21-08-2020,30-06-2030
500681,12491,Auto Loan,37238.76,21322.96,5.4,Active,Michigan,09-02-2023,14-01-2028
500682,12793,Personal Loan,57522.33,16243.26,7.66,Fully Paid,Pennsylvania,29-03-2020,26-02-2026
500683,12939,Auto Loan,27059.1,24941.26,5.92,Active,Massachusetts,29-03-2019,13-03-2022
500684,12230,Equipment Loan,80041.11,14499.08,7.55,Fully Paid,Illinois,02-02-2023,27-12-2029
500685,12245,Equipment Loan,194785.29,67964.82,13.92,Fully Paid,New Jersey,29-09-2020,08-09-2024
500686,11926,Auto Loan,64051.44,19212.25,7.05,Active,North Carolina,24-01-2024,03-01-2028
500687,10440,Business Loan,364084.77,144631.84,3.6,Closed,New York,19-03-2019,10-02-2026
500688,12107,Business Loan,466411.65,193741.63,13.95,Active,New Jersey,19-07-2023,11-02-2053
500689,12111,Equipment Loan,94929.44,69317.17,13.8,Active,California,15-09-2023,14-08-2029
500690,11934,Mortgage,403773.37,215280.72,14.4,Active,Illinois,30-01-2024,09-01-2028
500691,11783,Business Loan,352241.42,139394.89,5.17,Active,Georgia,12-04-2020,29-12-2039
500692,10710,Mortgage,451951.68,78739.13,7.81,Active,Michigan,21-04-2021,31-03-2025
500693,10793,Personal Loan,63518.62,53651.55,11.64,Delinquent,Florida,14-07-2020,13-06-2026
500694,10534,Auto Loan,30222.67,8868.24,7.67,Active,Illinois,21-01-2023,08-10-2042
500695,10855,Personal Loan,36766.18,14700.34,11.16,Defaulted,New Jersey,18-06-2023,28-05-2027
500696,11211,Business Loan,213922.15,167635.24,4.63,Active,Massachusetts,11-07-2019,20-06-2023
500697,12131,Personal Loan,28777.55,25640.14,11.83,Active,Georgia,02-02-2022,20-10-2041
500698,11477,Personal Loan,68664.14,56159.61,6.71,Fully Paid,Michigan,07-10-2019,16-09-2023
500699,12451,Business Loan,375395.64,289488.47,7.41,Active,Arizona,16-02-2024,31-01-2027
500700,11891,Equipment Loan,185407.49,143337.59,14.04,Fully Paid,North Carolina,23-09-2019,01-08-2029
500701,12123,Auto Loan,57848.72,41062.91,3.82,Active,Virginia,23-07-2019,31-05-2029
500702,10624,Personal Loan,69633.41,14722.36,4.01,Closed,Washington,07-10-2021,21-09-2024
500703,12754,Equipment Loan,84840.5,73254.96,10.61,Active,North Carolina,06-07-2025,15-06-2029
500704,12028,Auto Loan,25126.24,19092.91,8.52,Active,Pennsylvania,24-07-2019,22-06-2025
500705,10851,Business Loan,472676.15,296877.03,9.94,Fully Paid,Pennsylvania,08-08-2025,02-07-2032
500706,10182,Personal Loan,60953.65,51227.42,11.51,Active,Illinois,18-04-2024,03-04-2027
500707,10169,Equipment Loan,202509.16,98464.22,9.7,Active,Ohio,14-08-2021,19-07-2026
500708,12009,Mortgage,776842.35,372809.08,7.04,Active,Illinois,11-11-2020,11-10-2026
500709,10479,Personal Loan,67686.7,37241.38,5.97,Fully Paid,Washington,20-09-2024,15-08-2031
500710,12573,Personal Loan,35530.08,26532.48,10.91,Delinquent,Washington,18-09-2023,02-09-2026
500711,12317,Personal Loan,10042.79,7495.02,7.97,Closed,New York,26-05-2022,05-05-2026
500712,12419,Auto Loan,29884.63,24446.55,4.59,Fully Paid,Massachusetts,31-10-2019,04-10-2024
500713,10719,Equipment Loan,72778.21,39221.6,6.77,Defaulted,Florida,25-06-2023,07-04-2038
500714,11816,Auto Loan,39325,17225.48,5.99,Defaulted,California,10-09-2020,20-08-2024
500715,11118,Mortgage,792332.92,757794.99,10.25,Closed,Arizona,18-01-2025,18-12-2030
500716,11816,Personal Loan,73989.26,60458.75,4.01,Active,California,18-11-2020,14-06-2050
500717,11193,Mortgage,790039.02,643091.93,10.63,Closed,Washington,07-01-2024,15-11-2033
500718,10969,Business Loan,267949.8,156439.54,9.41,Closed,Michigan,10-01-2022,10-12-2027
500719,12832,Mortgage,194087.84,64782.26,9.66,Active,Pennsylvania,17-07-2023,29-04-2038
500720,12198,Mortgage,746159.07,499586.75,13.64,Fully Paid,Illinois,25-11-2021,07-09-2036
500721,10046,Mortgage,464947.3,187246.1,6.71,Delinquent,Michigan,03-10-2024,28-08-2031
500722,12801,Business Loan,584261.31,111264.37,5.18,Delinquent,North Carolina,03-11-2021,13-10-2025
500723,10339,Personal Loan,38569.93,8128.44,12.24,Active,California,14-07-2021,23-06-2025
500724,12766,Auto Loan,59480.21,25648.59,10.43,Active,Washington,21-09-2023,25-08-2028
500725,10188,Personal Loan,22493.8,4061.08,12.99,Closed,Arizona,08-11-2020,24-10-2023
500726,12353,Auto Loan,21459.11,17015.57,3.51,Active,Georgia,22-12-2020,08-09-2040
500727,12727,Auto Loan,56831.85,50980.86,7.05,Active,Arizona,01-02-2022,11-01-2026
500728,10254,Equipment Loan,263164.23,239450.4,11.39,Active,New Jersey,05-12-2020,14-11-2024
500729,12785,Business Loan,117962.73,69079.47,5.99,Active,Illinois,02-02-2024,12-01-2028
500730,10430,Auto Loan,27664.67,12158.53,14.09,Closed,North Carolina,06-09-2019,31-07-2026
500731,11804,Personal Loan,62468.02,41621.98,13.59,Defaulted,Pennsylvania,03-05-2021,14-02-2036
500732,10530,Auto Loan,71488.3,50645.91,5.36,Active,New York,06-01-2020,01-08-2049
500733,11627,Mortgage,280873.61,162210.5,9.21,Fully Paid,New York,29-01-2025,08-01-2029
500734,11383,Auto Loan,79503.69,57642.46,10.88,Active,Michigan,05-08-2023,22-04-2043
500735,10289,Mortgage,384330.98,349647.09,10.49,Active,Ohio,16-07-2021,09-02-2051
500736,11707,Mortgage,162857.5,81643.11,4.84,Closed,Pennsylvania,08-07-2025,25-03-2045
500737,11756,Mortgage,415790.73,210109.91,5.16,Fully Paid,New York,21-04-2019,01-02-2034
500738,12061,Business Loan,76857.84,74482.29,9.05,Active,New Jersey,21-02-2019,05-02-2022
500739,10509,Personal Loan,62524.78,17566.41,3.61,Active,North Carolina,13-05-2023,16-04-2028
500740,10093,Personal Loan,66832.07,34138.04,12.24,Closed,New York,22-05-2022,01-05-2026
500741,12788,Personal Loan,46015.3,23868.49,11.11,Active,Pennsylvania,22-02-2025,18-09-2054
500742,11667,Auto Loan,43943.98,19188.85,10.76,Delinquent,Washington,27-08-2024,23-03-2054
500743,10319,Equipment Loan,112387.79,57863.8,5.02,Closed,Florida,28-08-2020,07-07-2030
500744,12726,Mortgage,713021.12,176558.75,12.26,Active,Texas,01-03-2020,25-09-2049
500745,10204,Business Loan,62133.15,60105.82,8.34,Fully Paid,Illinois,25-05-2023,09-05-2026
500746,11304,Equipment Loan,141120.87,72061.12,4.44,Fully Paid,Georgia,17-11-2025,04-08-2045
500747,11139,Auto Loan,37759.9,32358.87,13.41,Fully Paid,California,22-04-2023,07-01-2043
500748,10347,Equipment Loan,117419.06,79115.63,12.49,Fully Paid,Florida,12-02-2022,22-12-2031
500749,11301,Mortgage,523480.11,420983.65,9.42,Closed,New York,29-09-2024,14-09-2027
500750,12249,Mortgage,176697.03,39074.63,4.38,Fully Paid,Illinois,23-02-2022,28-01-2027
500751,11984,Business Loan,589567.34,563824.28,13.17,Defaulted,New York,24-11-2019,28-10-2024
500752,10203,Business Loan,98956.76,15990.76,5.78,Fully Paid,Illinois,20-09-2024,05-09-2027
500753,12315,Personal Loan,70153.35,51982.95,5.34,Defaulted,Arizona,26-12-2019,19-11-2026
500754,10872,Personal Loan,67684.21,20716.52,3.86,Defaulted,New York,30-11-2025,26-06-2055
500755,12098,Equipment Loan,125423.06,42200.26,6.23,Active,Ohio,11-01-2020,19-11-2029
500756,11501,Mortgage,173199.31,118740.87,8.72,Delinquent,Florida,27-02-2019,10-12-2033
500757,10431,Auto Loan,87092.23,78331.35,5.24,Active,New York,18-05-2020,17-04-2026
500758,11904,Auto Loan,18968.25,11622.69,12.43,Active,Florida,08-04-2025,08-03-2031
500759,11655,Personal Loan,58763.86,26370.68,10.85,Defaulted,New York,06-06-2023,30-04-2030
500760,10391,Business Loan,215004.04,87280.32,12.41,Active,Washington,24-03-2025,16-02-2032
500761,10515,Business Loan,483041.24,432655.78,8.66,Fully Paid,California,06-04-2019,16-03-2023
500762,12082,Mortgage,344925.71,103669.85,8.81,Active,New York,15-08-2023,09-07-2030
500763,10828,Equipment Loan,270879.29,117422.7,11.55,Active,Texas,14-12-2024,10-07-2054
500764,10411,Equipment Loan,56673.36,46762.15,4.95,Active,Pennsylvania,07-07-2019,21-06-2022
500765,10075,Equipment Loan,254395.72,206616.69,8.39,Closed,New York,15-11-2025,30-10-2028
500766,11878,Auto Loan,37651.68,20040.94,13.65,Defaulted,Illinois,21-04-2020,15-11-2049
500767,12161,Auto Loan,37559.96,27331.08,12.88,Active,Texas,24-07-2023,17-06-2030
500768,12426,Auto Loan,59113.53,56258.89,10.63,Active,New Jersey,09-05-2020,24-04-2023
500769,11508,Auto Loan,39175.38,29844.14,8.92,Defaulted,New York,21-02-2024,20-01-2030
500770,11210,Mortgage,693938.2,381369.94,8.21,Active,Illinois,26-09-2019,09-07-2034
500771,10225,Mortgage,702692.45,191516.88,6.03,Fully Paid,Pennsylvania,29-01-2019,24-08-2048
500772,11783,Auto Loan,84845.25,17428.14,6.88,Active,Georgia,05-01-2021,14-11-2030
500773,10631,Personal Loan,34553.75,10101.3,6.48,Active,Illinois,04-07-2020,29-05-2027
500774,10676,Auto Loan,86563.38,43918.19,11.5,Fully Paid,Florida,09-01-2024,26-09-2043
500775,10133,Mortgage,430411.32,127517.44,6.98,Fully Paid,Arizona,17-11-2025,27-10-2029
500776,10838,Mortgage,606480.43,509719.62,12.87,Active,Pennsylvania,03-06-2023,16-03-2038
500777,12295,Mortgage,846200.7,171616.74,11.08,Active,Arizona,13-05-2025,24-02-2040
500778,11483,Auto Loan,68564.44,23266.19,5.98,Delinquent,New York,02-07-2023,31-05-2029
500779,11269,Mortgage,576030.32,369672,8.09,Active,Illinois,16-06-2024,11-05-2031
500780,11511,Business Loan,526310.28,485959.3,10.04,Active,Ohio,18-05-2021,27-03-2031
500781,10033,Equipment Loan,35302.99,8483.82,4.29,Delinquent,Arizona,11-07-2022,19-05-2032
500782,12018,Auto Loan,83354.37,57093.1,3.9,Delinquent,New York,02-07-2019,19-03-2039
500783,11393,Personal Loan,7074.34,6063.74,5.87,Defaulted,Arizona,09-04-2023,15-02-2033
500784,12469,Business Loan,194516.5,179221.38,8.34,Active,Florida,21-11-2022,29-09-2032
500785,10703,Personal Loan,11293.23,5290.84,6.2,Delinquent,Washington,07-01-2020,02-08-2049
500786,11793,Personal Loan,58177.49,34545.26,7.16,Active,New York,17-03-2021,19-02-2026
500787,10489,Mortgage,444894.17,421174.71,6.11,Active,Virginia,07-03-2022,18-12-2036
500788,10703,Equipment Loan,121178.28,33534.72,11.52,Closed,Washington,28-09-2023,06-08-2033
500789,11356,Equipment Loan,238869.29,91544.09,8.36,Delinquent,Ohio,05-12-2023,14-11-2027
500790,10479,Personal Loan,43854.41,27284.97,10.59,Active,Washington,08-12-2023,11-11-2028
500791,10210,Auto Loan,56633.17,19573.28,10.37,Delinquent,Illinois,09-02-2024,19-01-2028
500792,11085,Personal Loan,36587.68,9071.43,10.91,Active,Illinois,08-01-2024,23-12-2026
500793,10218,Business Loan,191601.1,65322.92,13.93,Closed,Massachusetts,02-10-2022,06-09-2027
500794,11671,Auto Loan,26961.13,18607.33,7.19,Active,Ohio,22-12-2022,26-11-2027
500795,11070,Equipment Loan,183119.14,53720.94,6.12,Active,Illinois,09-10-2020,23-07-2035
500796,10666,Auto Loan,54747.3,19831.18,6.58,Active,Massachusetts,22-10-2025,04-08-2040
500797,10030,Personal Loan,30564.83,25742.25,6.62,Active,Michigan,22-10-2022,01-10-2026
500798,11724,Auto Loan,85037.78,38750.32,5.03,Closed,California,28-02-2022,24-09-2051
500799,12161,Business Loan,155405.12,68678.35,14.1,Fully Paid,Texas,05-08-2023,28-02-2053
500800,11336,Mortgage,820791.26,194124.13,9.63,Defaulted,Arizona,20-12-2022,15-07-2052
500801,12958,Auto Loan,84764.52,50656.73,13.33,Active,California,19-08-2025,06-05-2045
500802,12326,Personal Loan,14056.58,11118.83,6.99,Active,Washington,12-12-2022,05-11-2029
500803,11914,Auto Loan,44647.81,22074.7,11.05,Closed,Texas,17-07-2024,26-05-2034
500804,11286,Auto Loan,16212.15,12980.86,13.16,Delinquent,Florida,25-08-2021,12-05-2041
500805,11809,Mortgage,519499.26,260976.7,4.75,Active,Pennsylvania,27-02-2024,14-11-2043
500806,12702,Auto Loan,43158.66,23839.47,10.49,Active,Michigan,03-11-2025,13-10-2029
500807,10384,Business Loan,294133.33,258523.98,12.11,Active,New York,26-06-2021,13-03-2041
500808,11273,Business Loan,500666.36,184105.29,11.57,Delinquent,Virginia,15-11-2020,11-06-2050
500809,10267,Auto Loan,65764.89,32526.61,14.36,Active,Georgia,02-11-2020,29-05-2050
500810,10723,Auto Loan,55909.84,51908.36,12.59,Closed,North Carolina,05-08-2020,05-07-2026
500811,10116,Personal Loan,54013.93,46537.94,6.78,Active,Washington,23-12-2020,17-11-2027
500812,12956,Personal Loan,51031.02,20550.85,14.13,Defaulted,Illinois,26-06-2020,20-01-2050
500813,11780,Personal Loan,44068.66,34056.32,7.48,Active,Massachusetts,09-08-2022,24-07-2025
500814,11165,Equipment Loan,145210.76,51869.41,6.46,Active,North Carolina,18-01-2025,18-12-2030
500815,10133,Business Loan,189675.7,122712.68,5.6,Fully Paid,Arizona,24-03-2019,04-01-2034
500816,11311,Personal Loan,71628.5,23430.2,13.21,Delinquent,North Carolina,14-11-2025,27-08-2040
500817,11120,Business Loan,336921.36,85034.56,8.06,Active,Virginia,31-07-2025,10-07-2029
500818,11664,Equipment Loan,193710.1,120994.26,8.07,Active,Texas,10-05-2021,04-12-2050
500819,11291,Business Loan,294006.4,165329.25,8.57,Active,Georgia,11-08-2024,25-05-2039
500820,12659,Business Loan,61882.86,54671.74,7.4,Fully Paid,Ohio,22-01-2023,06-01-2026
500821,12350,Business Loan,55791.87,45470.18,6.42,Delinquent,Arizona,01-08-2021,06-07-2026
500822,11168,Mortgage,643883.57,517363.63,6.51,Fully Paid,Florida,21-04-2022,05-04-2025
500823,10225,Auto Loan,57413.03,49171.44,7.17,Fully Paid,Pennsylvania,06-02-2022,06-01-2028
500824,10559,Auto Loan,83690.66,16465.49,7.24,Active,New Jersey,02-04-2020,18-03-2023
500825,11268,Mortgage,556168.51,355516.85,11.35,Active,Texas,10-02-2020,04-01-2027
500826,12084,Auto Loan,84634.57,55828.24,11.06,Fully Paid,Virginia,10-09-2019,19-07-2029
500827,10711,Equipment Loan,290015.23,207916.01,9.61,Active,Michigan,28-11-2022,02-11-2027
500828,12220,Auto Loan,57665.85,23528.23,4.33,Active,Texas,13-11-2020,29-10-2023
500829,12455,Business Loan,417675.6,270848.03,11.7,Active,Georgia,13-10-2024,17-09-2029
500830,12545,Auto Loan,65435.61,22463.78,3.71,Active,Illinois,28-12-2023,23-07-2053
500831,11499,Business Loan,401253.12,133315.14,6.57,Fully Paid,California,30-11-2023,14-11-2026
500832,11395,Personal Loan,28281.45,22075.9,3.76,Active,Florida,29-07-2020,14-07-2023
500833,12529,Auto Loan,63288.66,29552.27,5.81,Defaulted,Ohio,19-07-2025,28-05-2035
500834,11229,Mortgage,373984.01,106171.54,5.69,Active,Illinois,15-10-2022,02-07-2042
500835,10863,Business Loan,454435.08,366816.35,5.15,Delinquent,Virginia,25-09-2022,20-04-2052
500836,11682,Personal Loan,19596.79,8394.1,13.92,Active,Pennsylvania,09-07-2022,18-06-2026
500837,11205,Personal Loan,58586.35,53685.63,13.28,Closed,Arizona,12-02-2025,12-01-2031
500838,11164,Mortgage,161460.79,133024.68,7.22,Active,Arizona,27-09-2019,05-08-2029
500839,11181,Mortgage,169450.37,35350.03,4.57,Active,Washington,21-05-2021,20-04-2027
500840,12594,Personal Loan,61122.75,20853.76,4.87,Active,Ohio,03-03-2020,15-12-2034
500841,10143,Equipment Loan,73928.43,56335.08,3.89,Defaulted,Illinois,22-07-2023,25-06-2028
500842,11537,Business Loan,119623.01,64705.61,11.39,Active,Pennsylvania,03-03-2020,15-12-2034
500843,10019,Personal Loan,71057.14,51380.46,11.36,Active,California,16-04-2024,16-03-2030
500844,11320,Auto Loan,47203.76,16435.58,5.12,Active,Florida,22-12-2024,16-11-2031
500845,11255,Auto Loan,89876.24,41263.42,4.16,Active,New Jersey,20-11-2023,04-11-2026
500846,10757,Mortgage,438978.63,342405.02,4.92,Active,Arizona,21-11-2024,08-08-2044
500847,12826,Auto Loan,20210.01,5692.86,7.34,Active,Michigan,07-04-2024,07-03-2030
500848,11074,Mortgage,573139.52,151644.97,14,Active,California,21-10-2020,04-08-2035
500849,10908,Personal Loan,48070,31983,5.85,Active,North Carolina,22-03-2023,15-10-2052
500850,10967,Auto Loan,47384.21,26986.46,11.09,Active,Virginia,13-08-2021,09-03-2051
500851,10080,Auto Loan,38097.03,15784.71,7.49,Defaulted,North Carolina,19-04-2022,13-03-2029
500852,12377,Mortgage,478041.35,119570.27,8.5,Active,Pennsylvania,25-08-2023,29-07-2028
500853,10878,Mortgage,220935.1,115589.21,5.64,Delinquent,Massachusetts,13-10-2024,09-05-2054
500854,12749,Auto Loan,87853.45,82381.98,14.3,Delinquent,New York,08-04-2020,02-11-2049
500855,10561,Business Loan,507304.74,236898.71,11.43,Active,Ohio,21-08-2022,03-06-2037
500856,12128,Mortgage,819667.44,354454.29,10.94,Defaulted,Georgia,07-06-2021,01-01-2051
500857,10259,Mortgage,158286.7,101251.29,6.04,Active,Georgia,14-04-2021,08-11-2050
500858,11608,Mortgage,471717.02,431569.72,11.41,Closed,New York,27-08-2025,21-07-2032
500859,12635,Mortgage,242754.07,227597.48,12.36,Closed,Texas,10-07-2019,27-03-2039
500860,12098,Personal Loan,29286.59,13430.84,14.37,Closed,Ohio,20-12-2023,18-11-2029
500861,11047,Personal Loan,56196.42,15692.57,3.56,Delinquent,Georgia,31-10-2024,25-09-2031
500862,11764,Personal Loan,51645.64,25481.64,13.25,Closed,Washington,24-04-2021,08-04-2024
500863,11308,Personal Loan,51017.22,28500.46,11.89,Defaulted,Virginia,23-10-2022,27-09-2027
500864,12926,Auto Loan,31192.71,6219.23,12.91,Active,Georgia,29-10-2023,27-09-2029
500865,10063,Auto Loan,82486.18,76845.89,13.68,Active,Michigan,29-04-2021,29-03-2027
500866,12039,Auto Loan,35168.28,25775.94,14.29,Closed,Arizona,01-03-2023,24-09-2052
500867,11926,Auto Loan,72713.91,59549.3,5.27,Active,North Carolina,15-10-2023,29-09-2026
500868,11826,Auto Loan,62134.6,42164.86,6.94,Active,Arizona,09-08-2024,14-07-2029
500869,11139,Auto Loan,16817.44,4435.49,8.43,Active,California,05-01-2021,19-10-2035
500870,11234,Personal Loan,32734.53,26673.56,3.5,Active,Washington,17-02-2022,22-01-2027
500871,12182,Business Loan,476449.78,76083.71,8.55,Delinquent,California,16-05-2022,14-04-2028
500872,11362,Auto Loan,70655.47,52228.04,11.9,Active,Illinois,01-02-2025,11-12-2034
500873,10066,Mortgage,173233.39,94910.89,12.58,Active,Florida,21-06-2021,08-03-2041
500874,12041,Business Loan,271318.78,220508.32,12.92,Active,Florida,16-07-2019,08-02-2049
500875,11959,Mortgage,336686.46,329170.65,4.87,Active,Ohio,14-06-2022,01-03-2042
500876,11398,Auto Loan,59529.08,35714.17,11.66,Active,California,06-06-2023,10-05-2028
500877,12058,Mortgage,252816.9,131394.18,13,Active,California,22-06-2020,22-05-2026
500878,11450,Auto Loan,76048.04,15855.98,10.78,Fully Paid,Pennsylvania,15-02-2023,02-11-2042
500879,12223,Business Loan,570013.39,227657,14.23,Closed,Arizona,02-06-2022,15-03-2037
500880,11902,Mortgage,507225.13,276168.59,4.57,Fully Paid,California,14-09-2022,27-06-2037
500881,12123,Mortgage,707688.89,257332.36,7.07,Active,Virginia,09-08-2021,26-04-2041
500882,10471,Mortgage,470717.46,331307.34,13.4,Active,Washington,15-11-2021,11-06-2051
500883,11751,Personal Loan,65773.2,59672.45,3.96,Closed,Florida,21-06-2019,29-04-2029
500884,10404,Auto Loan,88211.16,43477.9,4.89,Active,Washington,05-11-2024,30-09-2031
500885,12172,Auto Loan,52913.99,37736,9.83,Delinquent,New Jersey,17-06-2022,22-05-2027
500886,12569,Personal Loan,45726.71,36520.8,12.26,Active,Massachusetts,29-06-2023,13-06-2026
500887,11373,Equipment Loan,247540.44,169903.79,11.61,Closed,New York,25-07-2023,09-07-2026
500888,12692,Mortgage,248506.46,206208.87,11.31,Delinquent,North Carolina,12-11-2024,12-10-2030
500889,10797,Mortgage,155905.01,95941.24,10.52,Delinquent,Massachusetts,26-05-2024,11-02-2044
500890,12120,Auto Loan,80177.92,59211.19,11.71,Fully Paid,Arizona,10-01-2022,25-12-2024
500891,10106,Auto Loan,86798.78,70638.58,7.63,Defaulted,New Jersey,26-07-2023,19-06-2030
500892,12829,Auto Loan,52314.4,29273.76,14.34,Active,Virginia,02-09-2021,12-08-2025
500893,10606,Business Loan,345799.05,212279.08,12.69,Active,Georgia,02-07-2023,31-05-2029
500894,12185,Mortgage,377294.86,226512.66,5.21,Active,Washington,28-10-2025,15-07-2045
500895,12400,Personal Loan,55277.47,15108.39,11.99,Fully Paid,Michigan,02-11-2020,27-09-2027
500896,12437,Mortgage,786391.28,661961.97,4.96,Delinquent,North Carolina,27-02-2022,01-02-2027
500897,12047,Auto Loan,22510.98,14406.91,6.71,Active,New Jersey,09-01-2024,19-12-2027
500898,10227,Equipment Loan,147470.61,104394.39,6.22,Fully Paid,Massachusetts,17-05-2025,16-04-2031
500899,10496,Mortgage,318365.01,160907.65,13.98,Active,Illinois,06-04-2023,10-03-2028
500900,10595,Equipment Loan,162049.48,74631.8,6.6,Delinquent,Florida,27-05-2019,30-04-2024
500901,12362,Mortgage,212490.28,184350.04,8.86,Active,California,21-10-2023,30-09-2027
500902,11872,Equipment Loan,123947.41,72020.22,3.91,Active,North Carolina,03-01-2021,17-10-2035
500903,10430,Mortgage,314701.87,80075.84,12.45,Active,North Carolina,10-11-2021,10-10-2027
500904,11521,Auto Loan,40293.59,15091.97,12.96,Active,Washington,23-02-2023,28-01-2028
500905,10536,Auto Loan,26829.51,11138.55,4.61,Delinquent,Illinois,07-07-2022,24-03-2042
500906,11847,Personal Loan,61546.61,54617.64,10.44,Active,Michigan,01-10-2021,05-09-2026
500907,11773,Personal Loan,19613.89,9043.5,11.21,Closed,Florida,26-09-2020,26-08-2026
500908,10638,Business Loan,356247.31,85025.7,4.6,Active,Georgia,29-03-2024,10-01-2039
500909,12883,Equipment Loan,94992.52,55505.93,7.21,Closed,Pennsylvania,29-07-2019,27-06-2025
500910,10542,Auto Loan,78058.52,58287.93,10.65,Active,Washington,08-03-2025,15-01-2035
500911,12705,Mortgage,501105.42,215134.87,8.18,Defaulted,California,18-02-2021,03-02-2024
500912,11405,Personal Loan,42280.93,25056.3,13.05,Fully Paid,Georgia,19-02-2025,24-01-2030
500913,10434,Personal Loan,37505.76,20445.23,9.48,Fully Paid,Pennsylvania,26-04-2025,05-04-2029
500914,11533,Auto Loan,32130.43,31084.08,7.56,Active,Georgia,17-09-2019,27-08-2023
500915,12583,Auto Loan,21301.3,6952.68,8.81,Defaulted,California,16-08-2023,29-05-2038
500916,11338,Business Loan,129491.51,59677.8,5.37,Fully Paid,Illinois,04-08-2019,21-04-2039
500917,10047,Mortgage,799625.68,187543.25,13.23,Active,Texas,13-05-2024,07-12-2053
500918,10237,Business Loan,112519.1,48790.7,13.18,Active,California,03-10-2021,12-09-2025
500919,12075,Mortgage,411968.63,125078.95,4.83,Delinquent,California,09-03-2023,24-11-2042
500920,10478,Equipment Loan,103739.06,57161.19,8.05,Delinquent,Michigan,06-01-2022,02-08-2051
500921,11468,Personal Loan,29832.86,23164.36,4.27,Active,Illinois,25-02-2024,12-11-2043
500922,11360,Mortgage,153964.29,131376.3,6.01,Active,Illinois,06-01-2020,19-10-2034
500923,11049,Personal Loan,8058.7,2133.53,11.85,Active,New York,29-12-2019,06-11-2029
500924,10097,Equipment Loan,250313.73,245092.63,9.39,Closed,Georgia,07-03-2022,14-01-2032
500925,12723,Auto Loan,80938,76552.17,8.23,Delinquent,Michigan,04-08-2019,14-07-2023
500926,12356,Auto Loan,16804.8,6600.89,3.7,Fully Paid,Washington,05-09-2020,23-05-2040
500927,10189,Auto Loan,43181.15,28104.4,12.18,Closed,Arizona,13-11-2021,23-10-2025
500928,11168,Auto Loan,20413.56,9625.23,6.74,Fully Paid,Florida,16-05-2021,20-04-2026
500929,12935,Business Loan,98813.42,59093.66,9.02,Closed,Texas,15-05-2019,18-04-2024
500930,10062,Auto Loan,51298.9,26522.8,10.28,Active,Massachusetts,01-08-2023,14-05-2038
500931,11342,Business Loan,474947.27,332426.6,13.69,Active,Illinois,20-04-2021,14-03-2028
500932,11885,Auto Loan,83129.77,73214.42,8.61,Active,Pennsylvania,26-11-2020,22-06-2050
500933,10040,Mortgage,445588.38,173532.01,13.2,Fully Paid,North Carolina,11-12-2022,23-09-2037
500934,11102,Mortgage,214198.81,170143.35,7.18,Active,Massachusetts,17-10-2019,20-09-2024
500935,11467,Personal Loan,26311.67,5092.69,14.39,Defaulted,Pennsylvania,20-08-2023,02-06-2038
500936,11842,Mortgage,796828.98,447331.6,5.73,Active,Ohio,07-10-2023,20-07-2038
500937,11829,Mortgage,164905.17,76670.4,4.76,Fully Paid,Texas,10-10-2019,18-08-2029
500938,12834,Mortgage,519656.07,161032.26,11.38,Closed,Illinois,02-12-2021,11-11-2025
500939,12054,Auto Loan,70745.7,65748.07,10.68,Active,Pennsylvania,27-11-2023,21-10-2030
500940,11886,Mortgage,784803.55,278937.31,8.08,Closed,New York,26-03-2022,17-02-2029
500941,11303,Auto Loan,75796.88,18668.86,9.63,Active,Virginia,07-08-2023,01-07-2030
500942,11071,Mortgage,541320.32,204931.07,6.99,Active,New York,26-04-2022,31-03-2027
500943,12365,Mortgage,396181.71,208036,9.69,Active,Texas,20-04-2023,05-01-2043
500944,10483,Business Loan,417865.18,269173.1,14.31,Defaulted,Illinois,15-09-2019,24-07-2029
500945,11633,Auto Loan,49273.87,37691.14,10.84,Active,New York,13-04-2021,20-02-2031
500946,11480,Personal Loan,31246.1,30240.4,6.14,Delinquent,California,15-11-2023,02-08-2043
500947,10133,Auto Loan,64562.02,24747.47,8.42,Active,Arizona,19-08-2019,06-05-2039
500948,11926,Equipment Loan,51769.41,7932.01,7.73,Active,North Carolina,19-09-2024,15-04-2054
500949,10944,Personal Loan,52888.27,39300.06,10.02,Active,Florida,26-07-2022,08-05-2037
500950,11012,Auto Loan,44819.66,42268.14,8.22,Active,Florida,06-07-2020,19-04-2035
500951,11269,Mortgage,289643.42,182721.14,7.31,Delinquent,Illinois,05-01-2019,29-11-2025
500952,11044,Auto Loan,55900.42,29936.36,3.98,Delinquent,Virginia,19-12-2019,05-09-2039
500953,10703,Equipment Loan,274306.39,46074.3,8.87,Fully Paid,Washington,18-10-2021,22-09-2026
500954,10259,Personal Loan,16215.34,8884.55,8.68,Fully Paid,Georgia,13-07-2023,21-05-2033
500955,11635,Auto Loan,76573.63,11742.84,8.84,Delinquent,North Carolina,20-08-2021,20-07-2027
500956,12439,Auto Loan,47436.06,36818.34,9.51,Delinquent,New York,15-11-2025,02-08-2045
500957,10609,Personal Loan,52455.58,43044.17,13.78,Fully Paid,Pennsylvania,23-10-2019,26-09-2024
500958,11241,Personal Loan,10925.33,6527.27,4.6,Closed,Georgia,04-08-2024,13-06-2034
500959,10113,Business Loan,527026.63,111178.82,13.45,Active,Pennsylvania,01-12-2025,10-10-2035
500960,11314,Mortgage,262398.16,211058.18,5.2,Closed,Florida,05-12-2022,03-11-2028
500961,12723,Equipment Loan,157679.3,145807.92,8.48,Fully Paid,Michigan,06-02-2020,05-01-2026
500962,12373,Auto Loan,54379.45,27291.32,4.06,Active,Illinois,16-07-2019,30-06-2022
500963,10340,Mortgage,351637.64,74669.55,3.51,Fully Paid,New York,24-12-2025,28-11-2030
500964,10253,Mortgage,348488.35,206286.38,13.81,Fully Paid,Texas,16-03-2020,24-02-2024
500965,11518,Business Loan,248717.88,94896.47,13.63,Active,Ohio,22-02-2020,01-02-2024
500966,10421,Business Loan,420929.92,360627.05,10.21,Active,Virginia,27-11-2023,22-06-2053
500967,11075,Auto Loan,26633.46,5088.54,10.04,Active,Ohio,17-11-2019,27-10-2023
500968,11050,Auto Loan,66004.79,47637.88,4.11,Active,Texas,29-06-2024,29-05-2030
500969,10559,Auto Loan,38164.72,28833.18,9.46,Closed,New Jersey,01-08-2020,26-06-2027
500970,10184,Equipment Loan,246748.3,179779.95,12.68,Delinquent,Ohio,23-05-2022,07-05-2025
500971,10243,Auto Loan,17756.95,7293.14,12.04,Fully Paid,Michigan,05-08-2024,30-06-2031
500972,11931,Mortgage,430543.42,418864.01,7.88,Fully Paid,Massachusetts,27-10-2019,30-09-2024
500973,11825,Mortgage,553872.77,390939.63,6.45,Active,Pennsylvania,04-11-2023,19-10-2026
500974,11907,Business Loan,88290.93,34819.78,13.34,Delinquent,Washington,03-10-2020,20-06-2040
500975,10677,Mortgage,363076.62,59885.66,10.73,Active,Michigan,06-06-2020,11-05-2025
500976,11338,Personal Loan,20143.08,3752.08,10.04,Active,Illinois,27-07-2019,20-06-2026
500977,12072,Equipment Loan,293062.73,111295.63,13.27,Fully Paid,California,03-11-2019,29-05-2049
500978,11495,Auto Loan,75830.31,51025.83,12.96,Closed,New Jersey,11-12-2025,20-10-2035
500979,10249,Personal Loan,12007.45,10945.66,11.19,Active,Florida,05-02-2023,31-08-2052
500980,11764,Mortgage,692577.22,672460.82,6.6,Closed,Washington,14-04-2022,25-01-2037
500981,11871,Business Loan,272733.33,218191.37,9.07,Defaulted,Illinois,15-08-2023,19-07-2028
500982,12325,Auto Loan,75097.26,66753.72,7.77,Delinquent,Washington,11-04-2020,18-02-2030
500983,12718,Business Loan,187958.66,77148.64,7.48,Active,Florida,17-11-2019,16-10-2025
500984,12295,Mortgage,433747.15,143626.3,5.54,Active,Arizona,25-06-2024,10-06-2027
500985,11284,Equipment Loan,236486.57,178133.49,4.26,Closed,Michigan,27-04-2023,12-01-2043
500986,12709,Mortgage,277168.19,173660.6,13.01,Defaulted,Washington,17-05-2019,27-02-2034
500987,12734,Auto Loan,48173.43,29586.17,11.18,Active,Pennsylvania,17-04-2025,24-02-2035
500988,10358,Equipment Loan,123616.67,69049.85,6.07,Active,Georgia,09-11-2022,14-10-2027
500989,11997,Personal Loan,7285.07,2801.92,12.06,Active,Michigan,30-12-2022,25-07-2052
500990,11708,Personal Loan,6671.88,6023.01,8.43,Defaulted,New York,23-12-2025,01-11-2035
500991,11861,Mortgage,742332.3,279386.07,6.6,Active,Illinois,21-02-2019,26-01-2024
500992,11604,Business Loan,412419.56,322795.78,7.52,Delinquent,New Jersey,07-07-2023,30-01-2053
500993,10084,Personal Loan,49965.12,22242.41,4.24,Active,Washington,18-09-2020,02-07-2035
500994,10663,Mortgage,744094.36,268959.08,8.69,Delinquent,Georgia,13-05-2025,22-03-2035
500995,10145,Mortgage,686701.63,446612.44,5.94,Active,Arizona,09-08-2021,19-07-2025
500996,12567,Mortgage,415179.01,147526.44,8.75,Active,Illinois,12-09-2020,08-04-2050
500997,10190,Auto Loan,19915.99,10560.74,5.72,Active,Arizona,05-02-2020,15-01-2024
500998,11935,Auto Loan,70544.64,14780.82,7.65,Active,Ohio,29-11-2021,11-09-2036
500999,11838,Business Loan,486212.2,377882.92,6.57,Active,California,08-11-2020,26-07-2040
501000,10289,Personal Loan,9678.03,2861.79,7.07,Fully Paid,Ohio,04-12-2023,16-09-2038
501001,11080,Mortgage,290216.12,107981.19,6.95,Active,Ohio,25-01-2025,20-12-2031
501002,12438,Business Loan,416223.1,193581,3.92,Fully Paid,Illinois,26-09-2020,21-08-2027
501003,12504,Auto Loan,41702.28,33646.33,11.02,Active,Michigan,16-12-2023,02-09-2043
501004,12083,Auto Loan,82753.01,55667.27,12.38,Fully Paid,Pennsylvania,09-08-2025,19-07-2029
501005,11028,Personal Loan,5691.01,2130.34,6.89,Delinquent,Arizona,03-04-2021,10-02-2031
501006,11436,Auto Loan,39274.42,34475.91,5.51,Fully Paid,Illinois,24-09-2022,19-04-2052
501007,12154,Mortgage,260890.67,73663.76,6.48,Delinquent,Michigan,10-05-2022,08-04-2028
501008,11704,Equipment Loan,137491.26,24910.75,14.45,Active,Washington,28-05-2023,01-05-2028
501009,12153,Equipment Loan,81489.77,23898.23,10.51,Active,Ohio,22-06-2025,22-05-2031
501010,11877,Business Loan,79865.94,61023.1,6.64,Active,Massachusetts,02-09-2021,15-06-2036
501011,12875,Mortgage,270002.9,251760.88,5.19,Defaulted,North Carolina,27-05-2022,20-04-2029
501012,12642,Equipment Loan,59381.97,27084.82,14.17,Active,Ohio,21-11-2020,04-09-2035
501013,10795,Auto Loan,66166.87,22029.24,7.91,Active,Florida,09-11-2022,27-07-2042
501014,11448,Personal Loan,37983.75,33423.55,8.2,Active,Illinois,18-01-2022,12-12-2028
501015,11361,Mortgage,326348.58,172708.53,10.16,Active,Virginia,05-02-2020,23-10-2039
501016,10948,Auto Loan,62288.69,38233.21,11.69,Active,Arizona,15-09-2022,09-08-2029
501017,12596,Business Loan,506506,328118.92,11.92,Active,Massachusetts,22-05-2021,01-05-2025
501018,11762,Mortgage,184438.93,148161.38,6.43,Active,New York,10-03-2025,25-11-2044
501019,10768,Personal Loan,70444.57,28519.13,6.93,Active,Massachusetts,18-05-2019,21-04-2024
501020,12451,Auto Loan,17704.36,13278.13,12.92,Active,Arizona,17-07-2025,10-06-2032
501021,10310,Auto Loan,15920.16,5004.05,4.87,Active,New Jersey,22-04-2019,01-04-2023
501022,11016,Business Loan,204890.01,187635.5,3.65,Active,Georgia,04-05-2020,08-04-2025
501023,10566,Mortgage,194224.61,173689.22,9.66,Fully Paid,Georgia,26-06-2020,20-01-2050
501024,10749,Personal Loan,7005.68,4756.06,7.97,Active,Washington,20-03-2019,16-02-2025
501025,12919,Mortgage,163780.15,87558.8,13.87,Active,New Jersey,19-02-2025,29-12-2034
501026,11945,Mortgage,742433.75,442025.21,3.74,Delinquent,Florida,28-11-2020,11-09-2035
501027,10726,Business Loan,240391.83,170819.4,6.01,Active,Virginia,02-02-2022,17-01-2025
501028,10084,Personal Loan,52634.55,37593.77,11.03,Closed,Washington,15-11-2020,29-08-2035
501029,12760,Auto Loan,46838.94,13247.99,13.31,Delinquent,New Jersey,31-05-2025,13-03-2040
501030,11500,Mortgage,343271.89,202738.83,6.37,Closed,Illinois,12-02-2020,07-09-2049
501031,12117,Personal Loan,38284.23,36282.57,13.14,Active,Illinois,11-02-2020,26-01-2023
501032,12883,Personal Loan,71438.54,45599.71,6.76,Active,Pennsylvania,10-03-2019,21-12-2033
501033,10522,Mortgage,331804.06,147082.69,3.96,Active,Michigan,20-04-2023,04-04-2026
501034,10875,Auto Loan,34177.85,19897.62,6.53,Active,Florida,12-01-2020,25-10-2034
501035,10628,Personal Loan,29473.58,4499.33,11.36,Active,Arizona,04-06-2020,18-03-2035
501036,10456,Business Loan,364953.77,331767.62,14.19,Active,Illinois,04-01-2023,21-09-2042
501037,11066,Auto Loan,65566.5,39372.8,10.74,Fully Paid,New York,15-02-2020,02-11-2039
501038,10338,Auto Loan,75456.08,36541.05,4.81,Active,Massachusetts,08-05-2023,23-01-2043
501039,12536,Business Loan,364475.15,144223.52,11.38,Fully Paid,Ohio,27-07-2020,06-07-2024
501040,10266,Equipment Loan,238881.34,172955.39,5.65,Closed,Massachusetts,27-05-2021,11-02-2041
501041,12258,Equipment Loan,214322.64,33608.52,9.78,Fully Paid,Massachusetts,13-03-2023,04-02-2030
501042,10471,Mortgage,806167.71,314424.46,11.2,Fully Paid,Washington,13-11-2024,09-06-2054
501043,12361,Business Loan,393203.09,349451.32,4.58,Defaulted,Georgia,03-10-2020,07-09-2025
501044,10772,Mortgage,544673.52,190569.89,7.06,Active,Virginia,08-02-2022,21-11-2036
501045,10443,Auto Loan,47624.05,37129.07,5.01,Active,Florida,21-03-2023,12-02-2030
501046,10483,Personal Loan,12984.78,7950.19,12.79,Active,Illinois,23-11-2025,19-06-2055
501047,11196,Auto Loan,21589.17,11104.92,7.47,Defaulted,Washington,02-11-2021,07-10-2026
501048,10958,Auto Loan,17115.38,5628.53,7.64,Defaulted,California,24-03-2023,04-01-2038
501049,11747,Business Loan,355555.27,77739.63,13.32,Active,Florida,25-05-2023,09-02-2043
501050,12849,Personal Loan,12069.9,11349.24,11.99,Defaulted,Ohio,30-08-2019,03-08-2024
501051,11865,Personal Loan,42674.47,14327.43,10.33,Fully Paid,Illinois,06-08-2021,21-07-2024
501052,10276,Auto Loan,59660.88,11128.36,14.18,Active,Arizona,22-05-2024,26-04-2029
501053,11482,Mortgage,806674.8,563613.38,12.77,Active,New Jersey,23-08-2021,28-07-2026
501054,10178,Business Loan,72828.68,52358.28,12.86,Active,Ohio,02-03-2021,30-01-2027
501055,12943,Mortgage,366915.24,58824.21,5.14,Fully Paid,Illinois,25-11-2020,04-11-2024
501056,11054,Personal Loan,6207.31,2944.45,13.4,Fully Paid,Ohio,30-06-2020,17-03-2040
501057,10975,Mortgage,476249.72,194645.79,8.45,Closed,Virginia,01-11-2019,30-09-2025
501058,12228,Personal Loan,55201.38,52090.9,6.55,Active,Massachusetts,19-11-2019,03-11-2022
501059,12916,Business Loan,570667.35,375903.97,6.44,Fully Paid,Georgia,21-06-2023,15-05-2030
501060,12979,Mortgage,408044.17,293431.29,7.59,Active,Michigan,17-10-2025,04-07-2045
501061,12650,Business Loan,218817.61,112434.01,6.11,Active,Pennsylvania,22-03-2022,01-03-2026
501062,10826,Mortgage,397587.62,358035.95,4,Active,Illinois,11-04-2019,26-03-2022
501063,12236,Mortgage,268743.5,249698.19,11.41,Fully Paid,Michigan,16-06-2020,16-05-2026
501064,12392,Business Loan,123346.9,109533.68,10.36,Fully Paid,Texas,28-05-2025,27-04-2031
501065,12510,Auto Loan,28733.73,18545.81,7.92,Active,Michigan,21-11-2025,03-09-2040
501066,12356,Mortgage,220725.59,58853.14,7.61,Fully Paid,Washington,13-07-2019,05-02-2049
501067,12829,Personal Loan,6584.23,1467.04,3.86,Active,Virginia,11-11-2025,05-10-2032
501068,10538,Auto Loan,65974.13,58552.3,12.32,Closed,California,09-02-2021,27-10-2040
501069,10614,Mortgage,279350.14,121502.19,4.28,Fully Paid,North Carolina,03-08-2019,27-06-2026
501070,12572,Auto Loan,29385.79,4981.16,5.86,Active,Florida,21-01-2025,17-08-2054
501071,11723,Auto Loan,68017.92,59513.95,4.16,Closed,New York,08-05-2019,17-04-2023
501072,11648,Equipment Loan,276215.16,168190.55,5.58,Active,Virginia,16-12-2025,02-09-2045
501073,10999,Personal Loan,11006.2,10209.23,11.36,Active,Pennsylvania,29-05-2020,23-04-2027
501074,11161,Mortgage,842463.81,688107.53,7.75,Defaulted,Washington,12-05-2019,27-01-2039
501075,10070,Equipment Loan,216413.93,161281,10.26,Active,Ohio,30-11-2023,24-10-2030
501076,12628,Equipment Loan,173190.55,38927.1,10.74,Delinquent,Pennsylvania,26-02-2024,04-01-2034
501077,11791,Auto Loan,60823.89,40873.15,7.24,Active,California,02-11-2024,12-10-2028
501078,10904,Auto Loan,75168.05,66073.07,7.72,Fully Paid,Massachusetts,15-08-2022,25-07-2026
501079,10360,Mortgage,703258.46,521362.73,14.48,Active,Florida,06-02-2022,19-11-2036
501080,10512,Mortgage,378754.55,89042.6,9.81,Active,Florida,18-10-2022,13-05-2052
501081,10668,Business Loan,155832.48,117101.39,6.42,Defaulted,Texas,05-12-2025,01-07-2055
501082,10537,Mortgage,177733.38,162576.52,10.62,Closed,New Jersey,27-05-2021,21-12-2050
501083,11361,Mortgage,764865.57,393184.27,6.55,Delinquent,Virginia,05-09-2022,04-08-2028
501084,11005,Auto Loan,89899.41,39033.35,12.34,Active,Texas,20-03-2025,04-03-2028
501085,11595,Mortgage,814362.51,705757.48,4.3,Active,Georgia,26-03-2023,10-03-2026
501086,10065,Auto Loan,60203.33,41246.43,14.27,Fully Paid,Arizona,10-10-2024,06-05-2054
501087,12602,Personal Loan,44735.54,11829.44,10.51,Defaulted,Virginia,30-05-2022,24-12-2051
501088,11019,Mortgage,559779.18,508812.09,7.95,Closed,California,08-08-2020,24-07-2023
501089,12972,Equipment Loan,153320.8,66868.8,4.31,Active,Texas,13-10-2020,17-09-2025
501090,11085,Auto Loan,60130.83,11420.53,10,Active,Illinois,23-03-2024,17-10-2053
501091,12864,Equipment Loan,166260.49,83033.92,8.63,Delinquent,Virginia,18-10-2024,05-07-2044
501092,12148,Mortgage,201764.69,65489.97,4.76,Delinquent,Ohio,24-02-2023,11-11-2042
501093,10182,Equipment Loan,128699.59,111109.71,10.58,Fully Paid,Illinois,08-12-2020,25-08-2040
501094,12855,Auto Loan,19612.45,13804,13.35,Active,New Jersey,27-05-2021,05-04-2031
501095,11646,Auto Loan,80732.81,76434.84,5.5,Active,Pennsylvania,17-09-2020,02-09-2023
501096,12224,Equipment Loan,58345.92,19948.32,13.66,Active,California,02-12-2019,26-10-2026
501097,10322,Personal Loan,51142.94,25474.23,12.37,Delinquent,Texas,23-09-2023,17-08-2030
501098,12140,Business Loan,431951.66,237629.95,12.66,Active,Washington,29-03-2021,10-01-2036
501099,10660,Business Loan,93751.25,58953.52,10.57,Active,Pennsylvania,01-06-2022,26-12-2051
501100,11669,Mortgage,667117.33,227491.72,11.22,Fully Paid,Arizona,18-04-2024,23-03-2029
501101,11529,Mortgage,280521.43,247889.76,9.62,Active,Florida,04-12-2019,07-11-2024
501102,10842,Personal Loan,41268.02,24908.84,12.43,Defaulted,California,12-06-2023,06-05-2030
501103,12716,Mortgage,735858.26,643509.16,11.21,Active,Arizona,12-07-2025,05-02-2055
501104,12974,Mortgage,742712.9,384537.61,10.74,Closed,Massachusetts,25-08-2019,29-07-2024
501105,12932,Mortgage,747303.56,220956.7,10.15,Active,Arizona,09-11-2020,14-10-2025
501106,10899,Auto Loan,15955.86,15138.81,9.14,Active,Massachusetts,23-07-2019,31-05-2029
501107,11825,Auto Loan,33107.59,23094.83,3.57,Closed,Pennsylvania,02-12-2021,11-10-2031
501108,11173,Mortgage,556052.84,457302.78,8.26,Active,Georgia,05-06-2022,20-02-2042
501109,11959,Auto Loan,48599.46,16337.85,11.43,Active,Ohio,05-06-2025,20-02-2045
501110,12793,Auto Loan,86614.19,78499.61,9.38,Active,Pennsylvania,11-10-2019,19-08-2029
501111,11198,Mortgage,710845.9,640374.82,4.49,Active,Texas,31-05-2023,04-05-2028
501112,12668,Personal Loan,51447.6,39093.85,13.5,Active,Illinois,23-12-2023,16-11-2030
501113,12845,Mortgage,497652.8,444056.17,9.42,Closed,Michigan,06-03-2020,18-12-2034
501114,11146,Auto Loan,45384.23,22183.35,7.21,Delinquent,Illinois,13-06-2022,28-05-2025
501115,10401,Equipment Loan,128214.22,76099.54,4.17,Active,Florida,27-05-2020,10-03-2035
501116,11497,Mortgage,543024.46,327140.26,4.22,Active,New York,02-12-2023,16-11-2026
501117,10018,Business Loan,239930.01,181061.31,9.35,Active,Illinois,19-08-2025,13-07-2032
501118,12341,Auto Loan,89121.31,37230.03,13.01,Active,New Jersey,20-01-2021,16-08-2050
501119,10843,Business Loan,579718.52,237836.74,10.57,Active,Michigan,06-06-2024,22-02-2044
501120,10790,Business Loan,326680,167840.19,9.93,Active,Michigan,25-03-2020,10-03-2023
501121,12527,Personal Loan,7393.84,3268.57,11.88,Active,Virginia,06-01-2021,01-12-2027
501122,11867,Personal Loan,37784.24,20089.86,7.75,Active,New Jersey,06-01-2020,01-08-2049
501123,11099,Business Loan,288149.6,170183.63,9.61,Fully Paid,Texas,19-10-2019,28-09-2023
501124,10230,Mortgage,291857.64,114890.93,10.98,Active,Ohio,24-02-2021,24-01-2027
501125,10513,Auto Loan,85457.32,83575.97,6.63,Delinquent,California,09-08-2020,25-07-2023
501126,11058,Personal Loan,23970.12,11346.8,13.14,Delinquent,Arizona,25-10-2024,19-09-2031
501127,10353,Mortgage,810073.65,481767.38,5.79,Fully Paid,Washington,27-04-2020,12-04-2023
501128,11843,Mortgage,664385.92,145084.77,7.92,Delinquent,California,08-05-2019,06-04-2025
501129,11554,Mortgage,242395.29,171976.12,10.75,Active,New York,16-10-2024,12-05-2054
501130,11125,Equipment Loan,143485.11,74053.88,5.95,Closed,Washington,06-11-2020,15-09-2030
501131,10938,Auto Loan,44863.82,28257.14,7.01,Fully Paid,Massachusetts,14-12-2023,17-11-2028
501132,10629,Mortgage,454682.29,116492.62,7.28,Defaulted,Georgia,06-04-2019,17-01-2034
501133,10036,Personal Loan,71705.42,67684.69,7.95,Active,New Jersey,01-11-2021,19-07-2041
501134,11032,Mortgage,468126.84,162095.25,3.61,Active,North Carolina,01-11-2025,14-08-2040
501135,10278,Mortgage,793316.49,483554.66,10.68,Active,Pennsylvania,06-02-2022,16-12-2031
501136,11027,Personal Loan,10049.51,5171.92,13.65,Active,North Carolina,23-05-2024,22-04-2030
501137,11884,Mortgage,659157.02,538241.18,10.63,Active,Virginia,24-01-2024,06-11-2038
501138,10074,Mortgage,337367.26,112228.95,7.97,Delinquent,Washington,27-11-2020,27-10-2026
501139,12479,Mortgage,749437.15,614779.06,4.46,Fully Paid,Illinois,16-05-2023,24-03-2033
501140,12118,Auto Loan,23355.01,20974.63,6.84,Closed,North Carolina,04-11-2021,22-07-2041
501141,10490,Business Loan,392938.09,97027.69,3.88,Fully Paid,Washington,28-10-2022,02-10-2027
501142,10775,Equipment Loan,260555.62,112083.37,7.88,Active,Georgia,24-03-2020,31-01-2030
501143,11881,Auto Loan,20590.03,17928.33,12.3,Active,Arizona,10-11-2025,23-08-2040
501144,10912,Business Loan,258731.71,94664.9,5.45,Fully Paid,Ohio,29-12-2022,11-10-2037
501145,10381,Personal Loan,61370.04,15690.02,4.99,Fully Paid,Massachusetts,18-01-2019,05-10-2038
501146,11995,Auto Loan,73485.82,49359.57,7.71,Active,New Jersey,17-09-2020,01-07-2035
501147,12797,Business Loan,341288.24,173190.6,9.83,Active,Georgia,09-03-2020,11-02-2025
501148,11894,Personal Loan,19394.17,17118.54,8.07,Active,Massachusetts,13-07-2020,22-06-2024
501149,11849,Business Loan,491585.3,142668.52,10.28,Active,Michigan,01-05-2023,16-01-2043
501150,11901,Equipment Loan,168005.79,62519.76,7.6,Active,New Jersey,04-11-2022,03-10-2028
501151,11911,Mortgage,448661.14,286555.05,5.73,Active,Arizona,08-12-2025,01-11-2032
501152,10147,Mortgage,596624.79,171254.34,11.13,Active,New Jersey,24-12-2025,06-10-2040
501153,11195,Mortgage,632299.74,292154.39,4.48,Delinquent,Arizona,18-07-2025,22-06-2030
501154,11250,Equipment Loan,207725.07,80256.86,9.6,Delinquent,Georgia,04-03-2021,11-01-2031
501155,12877,Mortgage,311356.25,189880.56,3.53,Active,North Carolina,02-05-2025,06-04-2030
501156,10219,Mortgage,820204.13,134638.35,13.3,Fully Paid,Pennsylvania,25-01-2025,04-01-2029
501157,11834,Mortgage,518977.34,327459.58,8.43,Closed,California,14-04-2022,08-03-2029
501158,10863,Equipment Loan,90602.58,29723.47,7.58,Fully Paid,Virginia,01-06-2022,14-03-2037
501159,11010,Business Loan,449373.38,155430.54,7.74,Active,Arizona,24-02-2024,07-12-2038
501160,11618,Mortgage,322050.62,277035.15,13.58,Active,Washington,31-08-2020,16-08-2023
501161,11673,Personal Loan,63586.99,31085.05,11.1,Active,Arizona,12-10-2020,21-08-2030
501162,11025,Personal Loan,9166.7,5097.7,10.23,Active,Ohio,05-01-2023,10-12-2027
501163,12708,Personal Loan,54284.87,9655.64,8.53,Active,Pennsylvania,13-09-2020,29-08-2023
501164,12578,Auto Loan,27552.14,10922.39,10.39,Closed,Pennsylvania,15-04-2022,20-03-2027
501165,10289,Mortgage,394543.6,143333.7,13.46,Active,Ohio,29-01-2024,07-12-2033
501166,10405,Mortgage,475559.77,296255.78,11.78,Closed,North Carolina,13-08-2020,18-07-2025
501167,11096,Personal Loan,6013.15,5023.71,3.9,Delinquent,Michigan,28-08-2020,07-07-2030
501168,11020,Equipment Loan,235655.45,167741.45,13.53,Fully Paid,Florida,03-12-2021,27-10-2028
501169,10139,Business Loan,565942.64,434031.83,11.14,Fully Paid,North Carolina,25-04-2019,04-04-2023
501170,11651,Business Loan,288080.18,129796.86,12.25,Active,North Carolina,23-05-2024,17-12-2053
501171,12860,Personal Loan,52776.41,30530.37,4.41,Active,Illinois,21-04-2025,28-02-2035
501172,12160,Mortgage,584940.37,292092.85,9.84,Fully Paid,Massachusetts,17-10-2020,26-08-2030
501173,10801,Mortgage,835720.94,466300.5,6.94,Active,New York,01-05-2023,11-02-2038
501174,12046,Auto Loan,46736.91,21886.87,8.79,Closed,New York,20-12-2025,04-12-2028
501175,11450,Mortgage,569901.84,489034.5,9.68,Delinquent,Pennsylvania,29-10-2019,27-09-2025
501176,11284,Mortgage,621351.4,338324.17,4.31,Active,Michigan,03-01-2021,08-12-2025
501177,11562,Mortgage,374022.88,148027.45,12.95,Active,New Jersey,08-09-2019,17-07-2029
501178,12882,Mortgage,561136.28,157834.32,11.48,Active,California,30-08-2020,04-08-2025
501179,11186,Equipment Loan,106408.66,57724.54,11.88,Active,Virginia,29-05-2024,08-05-2028
501180,10533,Personal Loan,62288.15,27922.24,3.53,Active,New York,12-09-2020,07-08-2027
501181,12126,Mortgage,417897.26,114705.16,5.96,Active,Georgia,12-05-2020,27-04-2023
501182,11732,Auto Loan,86217.53,33717.52,7.18,Delinquent,Pennsylvania,22-07-2023,25-06-2028
501183,12653,Equipment Loan,32647.22,29902.2,13.07,Delinquent,Ohio,17-11-2022,22-10-2027
501184,11603,Mortgage,570697.92,304572.42,5.79,Active,Florida,05-07-2025,17-04-2040
501185,11965,Equipment Loan,185617.62,112940.52,5.29,Delinquent,Georgia,20-12-2025,06-09-2045
501186,11804,Mortgage,699183.67,318260.84,6.98,Active,Pennsylvania,07-01-2024,01-12-2030
501187,11335,Auto Loan,27781.53,8090.18,13.91,Fully Paid,North Carolina,08-12-2020,17-10-2030
501188,10074,Equipment Loan,232083.6,125947.28,13.47,Fully Paid,Washington,28-06-2020,07-05-2030
501189,10414,Equipment Loan,34125.4,30595.37,10.42,Active,Illinois,29-08-2024,24-07-2031
501190,11469,Mortgage,579453.08,170517.07,12.61,Fully Paid,Massachusetts,18-11-2020,13-10-2027
501191,11190,Mortgage,686500.43,343413.25,5.2,Active,Arizona,20-07-2019,29-06-2023
501192,11408,Mortgage,209407.08,153192.39,3.75,Fully Paid,Georgia,14-09-2024,10-04-2054
501193,10806,Mortgage,362511.12,219410.1,7.41,Fully Paid,Pennsylvania,07-03-2020,01-10-2049
501194,10821,Auto Loan,85154.56,49929.42,13.76,Defaulted,Pennsylvania,08-03-2019,19-12-2033
501195,10175,Mortgage,721463.3,203380.84,7.74,Active,Virginia,05-09-2024,15-08-2028
501196,10217,Auto Loan,71022.12,57713.99,14.13,Fully Paid,New Jersey,21-01-2024,05-01-2027
501197,12664,Auto Loan,88684.7,15574.74,6.46,Active,Pennsylvania,19-12-2021,23-11-2026
501198,10647,Auto Loan,34724.85,27626.45,4.17,Active,Washington,20-12-2020,16-07-2050
501199,11017,Mortgage,423031.89,301841.24,11.1,Active,Arizona,03-12-2021,15-09-2036
501200,12518,Auto Loan,20548.57,4508.4,6.92,Active,Virginia,07-08-2020,07-07-2026
501201,11219,Mortgage,157265.35,52181.39,8.77,Defaulted,California,25-06-2019,09-06-2022
501202,12985,Mortgage,689798.07,623250.25,7.29,Active,Ohio,13-06-2025,13-05-2031
501203,10037,Personal Loan,29439.08,12180.18,7.63,Active,Ohio,09-09-2022,19-08-2026
501204,12842,Mortgage,733086.35,453428.41,13.59,Active,Arizona,21-04-2020,07-01-2040
501205,12207,Equipment Loan,169057.08,122597.16,13.61,Delinquent,New Jersey,24-09-2021,20-04-2051
501206,12459,Mortgage,554186.54,496573.95,11.26,Closed,Texas,14-09-2024,09-08-2031
501207,12478,Personal Loan,71774.26,29146.61,5.06,Active,California,27-07-2020,21-06-2027
501208,12676,Equipment Loan,269525.18,210517.53,10.4,Delinquent,Illinois,25-12-2022,07-10-2037
501209,10130,Business Loan,404544.41,115068.57,7.95,Active,Illinois,07-08-2025,20-05-2040
501210,12330,Personal Loan,69378.44,48584.62,14.12,Active,Massachusetts,10-03-2019,21-12-2033
501211,11123,Business Loan,521732.2,502429.19,4.26,Active,Ohio,07-02-2023,12-01-2028
501212,10129,Equipment Loan,210708.16,101233.29,4.39,Defaulted,Arizona,17-05-2024,21-04-2029
501213,10727,Mortgage,661538.98,184664.64,3.99,Defaulted,California,11-12-2020,05-11-2027
501214,10808,Personal Loan,13200.02,11625.31,5.79,Active,New York,14-04-2023,29-03-2026
501215,11046,Equipment Loan,109763.7,53990.56,5.85,Active,New Jersey,14-02-2023,23-12-2032
501216,11485,Business Loan,528737.67,206597.67,5.32,Active,Florida,11-07-2021,23-04-2036
501217,10476,Auto Loan,76242,43094.95,7.97,Fully Paid,New York,13-06-2024,18-05-2029
501218,11926,Auto Loan,21472.43,19522.48,7.64,Fully Paid,North Carolina,10-11-2022,09-10-2028
501219,10753,Mortgage,418369.15,260979.86,13.58,Active,Pennsylvania,18-09-2019,22-08-2024
501220,10115,Equipment Loan,103457.8,52681.01,12.79,Delinquent,Virginia,05-06-2024,21-02-2044
501221,12305,Mortgage,460293.79,429409.57,8.93,Active,Arizona,16-04-2024,16-03-2030
501222,12432,Mortgage,455410.51,341819.71,13.76,Defaulted,Massachusetts,28-09-2024,23-08-2031
501223,12519,Business Loan,233052.61,206909.69,7.77,Fully Paid,New York,21-11-2022,15-10-2029
501224,12510,Auto Loan,25698.15,9414.47,3.56,Delinquent,Michigan,22-05-2025,06-02-2045
501225,10244,Mortgage,323218.16,173718.06,6.17,Active,Massachusetts,08-06-2019,07-05-2025
501226,12424,Business Loan,77673.96,28276.94,4.64,Delinquent,Illinois,26-05-2024,30-04-2029
501227,12955,Mortgage,502149.18,180411.49,14.22,Active,Ohio,04-04-2025,16-01-2040
501228,12523,Business Loan,425201.25,345965.36,4.7,Active,North Carolina,09-05-2023,02-04-2030
501229,11737,Mortgage,334175.99,312568.78,4.49,Active,North Carolina,16-04-2019,31-03-2022
501230,11548,Auto Loan,31118.79,8072.83,8.19,Active,New York,20-07-2024,13-02-2054
501231,12502,Business Loan,429493.48,311286.44,9.61,Delinquent,Georgia,13-02-2025,09-09-2054
501232,11748,Personal Loan,43782.06,30083.39,10.37,Fully Paid,Ohio,14-10-2020,13-09-2026
501233,11879,Mortgage,187213.05,116426.39,7.52,Active,Arizona,23-03-2025,08-12-2044
501234,10944,Business Loan,204118.78,84109.01,10.99,Closed,Florida,08-07-2022,06-06-2028
501235,11338,Auto Loan,23450.16,11909.58,12.49,Active,Illinois,20-08-2023,14-07-2030
501236,11087,Personal Loan,30144.97,9199.37,10.25,Fully Paid,Pennsylvania,10-03-2024,22-12-2038
501237,12587,Auto Loan,60252.33,26668.18,10.62,Active,Massachusetts,08-09-2020,22-06-2035
501238,10659,Business Loan,363110.68,163407.56,12.44,Active,Ohio,11-06-2020,06-05-2027
501239,10516,Mortgage,534864.38,333288.49,9.76,Active,New Jersey,18-07-2019,21-06-2024
501240,11993,Business Loan,68176.48,21749.11,7.41,Fully Paid,California,13-04-2021,07-03-2028
501241,11991,Personal Loan,16257.05,7480.24,11.3,Fully Paid,Arizona,30-09-2020,09-08-2030
501242,10823,Mortgage,397030.24,289526.7,11.46,Active,California,20-05-2019,13-04-2026
501243,10743,Mortgage,442753.37,338918.81,14.24,Active,Pennsylvania,04-10-2019,07-09-2024
501244,10944,Mortgage,462797.04,325833.76,4.7,Delinquent,Florida,16-08-2022,15-07-2028
501245,10867,Mortgage,669253.21,401494.42,10.82,Active,North Carolina,04-07-2021,13-06-2025
501246,10056,Business Loan,571010.76,305086.89,5.04,Active,New York,29-06-2023,02-06-2028
501247,12325,Mortgage,686009.47,593883.14,7.42,Active,Washington,01-10-2020,15-07-2035
501248,12833,Auto Loan,67790.58,49866.64,4.34,Defaulted,California,19-02-2022,02-12-2036
501249,12229,Mortgage,260170.04,215381.45,10.58,Active,Georgia,02-01-2022,11-11-2031
501250,10321,Personal Loan,33915.55,6447.5,7.86,Active,New York,22-12-2024,31-10-2034
501251,11367,Equipment Loan,178701.85,72988.58,10.74,Fully Paid,Massachusetts,09-04-2023,19-03-2027
501252,10995,Personal Loan,33862.41,23148.31,9.43,Active,Ohio,29-12-2022,06-11-2032
501253,10646,Auto Loan,41579.19,33977.58,5.62,Delinquent,Ohio,12-09-2020,17-08-2025
501254,11565,Mortgage,389660.21,207314.55,5.25,Active,Arizona,29-07-2023,21-02-2053
501255,12880,Auto Loan,89922.58,40000.25,12.74,Active,Michigan,22-01-2023,04-11-2037
501256,11205,Equipment Loan,66273.54,34207.08,12.66,Delinquent,Arizona,30-09-2023,13-07-2038
501257,10915,Mortgage,603848.45,171674.15,5.28,Closed,California,22-02-2025,27-01-2030
501258,11882,Mortgage,291496.11,179325.13,12.92,Active,Ohio,21-05-2025,03-03-2040
501259,10249,Mortgage,516980.68,306926.63,7.79,Delinquent,Florida,22-04-2022,02-02-2037
501260,10038,Mortgage,251654.85,242364.31,13.29,Active,New Jersey,07-05-2023,22-01-2043
501261,11626,Mortgage,797943.99,240859.35,11.74,Closed,Florida,14-06-2020,30-05-2023
501262,12777,Personal Loan,63294.59,57597.92,4.25,Closed,Georgia,15-01-2022,24-11-2031
501263,10899,Personal Loan,44052.45,31785.9,3.68,Active,Massachusetts,20-03-2025,22-02-2030
501264,12865,Personal Loan,53087.09,50994.3,7.62,Active,Ohio,25-12-2021,11-09-2041
501265,12709,Personal Loan,14341.54,8240.86,9.08,Active,Washington,28-09-2022,02-09-2027
501266,12567,Auto Loan,38506.31,17518.06,9.48,Defaulted,Illinois,19-05-2022,03-02-2042
501267,11785,Mortgage,542793.76,398723.9,5.31,Active,Massachusetts,21-09-2021,04-07-2036
501268,12112,Mortgage,773813.1,154411.39,10.38,Active,New York,23-10-2020,10-07-2040
501269,11179,Auto Loan,22424.07,14081.93,5.61,Closed,New Jersey,19-10-2021,28-09-2025
501270,12796,Mortgage,378157.91,323223.61,5.14,Active,North Carolina,06-01-2021,16-12-2024
501271,10702,Mortgage,201827.34,74217.82,5.85,Active,Virginia,17-09-2022,01-09-2025
501272,10287,Mortgage,683595.19,377629.2,5.71,Active,North Carolina,17-02-2023,16-01-2029
501273,12157,Business Loan,483017.64,358884.57,6.65,Active,Florida,06-07-2019,14-05-2029
501274,10904,Mortgage,476692.33,444486.07,10.87,Active,Massachusetts,05-06-2022,13-04-2032
501275,10257,Auto Loan,73375.85,56000.98,12.42,Defaulted,Massachusetts,24-01-2025,03-12-2034
501276,10001,Mortgage,717902.95,135703.66,7.33,Fully Paid,Arizona,26-11-2021,08-09-2036
501277,12045,Personal Loan,31129.37,26103.15,12.77,Closed,North Carolina,17-09-2023,27-08-2027
501278,10518,Business Loan,123604.73,79682.6,13.84,Active,Arizona,08-02-2023,03-09-2052
501279,10143,Auto Loan,29563.01,17542.94,10.1,Active,Illinois,16-04-2024,23-02-2034
501280,12460,Personal Loan,72861.89,17184.27,12.62,Fully Paid,Virginia,06-06-2022,21-02-2042
501281,10573,Mortgage,507659.32,115669.19,7.81,Active,Illinois,21-02-2024,15-01-2031
501282,12733,Auto Loan,69617.15,31961.83,12.27,Active,California,02-02-2022,12-01-2026
501283,11179,Auto Loan,37302.45,24124.28,8.89,Closed,New Jersey,14-10-2023,01-07-2043
501284,10174,Mortgage,802914.36,688297.25,12.7,Delinquent,Arizona,19-04-2020,29-03-2024
501285,12669,Mortgage,495502.18,299056.31,6.54,Fully Paid,Florida,23-02-2020,27-01-2025
501286,12345,Mortgage,564998.29,159775.93,11.74,Active,Ohio,11-02-2019,16-01-2024
501287,11792,Business Loan,299328.17,221058.74,8.43,Active,Washington,04-05-2025,18-04-2028
501288,12392,Personal Loan,56479.47,23814.54,12.38,Active,Texas,17-08-2025,27-07-2029
501289,11634,Personal Loan,29331.58,24314.79,12.24,Delinquent,Illinois,14-01-2021,23-11-2030
501290,12107,Mortgage,788928.93,571394.96,6.15,Delinquent,New Jersey,23-12-2022,31-10-2032
501291,10186,Equipment Loan,46534.58,12961.28,11.48,Closed,Michigan,29-07-2023,13-07-2026
501292,11178,Mortgage,498038.39,357703.66,3.61,Defaulted,Texas,06-02-2023,21-01-2026
501293,12505,Mortgage,747953.94,606647.43,7.6,Fully Paid,Virginia,16-01-2024,24-11-2033
501294,12033,Personal Loan,7519.42,1324.79,6.57,Active,Arizona,04-10-2024,19-09-2027
501295,11700,Mortgage,510652.48,305289.99,11.28,Active,Virginia,10-05-2019,18-03-2029
501296,10892,Equipment Loan,186451.11,66102.99,14.15,Active,Florida,19-06-2019,27-04-2029
501297,12897,Mortgage,739537.36,546275.47,13.16,Fully Paid,Massachusetts,28-12-2024,22-11-2031
501298,11819,Business Loan,589698.64,480432.6,9.83,Defaulted,Texas,22-10-2022,17-05-2052
501299,10904,Personal Loan,38325.45,10428.5,9.84,Defaulted,Massachusetts,01-05-2025,15-04-2028
501300,11465,Personal Loan,6449.76,2389.04,9.93,Delinquent,Washington,02-07-2019,26-05-2026
501301,11170,Personal Loan,53112.19,27478.71,7.71,Defaulted,Texas,15-09-2025,15-08-2031
501302,12332,Business Loan,305497.91,239727.6,5.57,Active,Virginia,21-09-2024,26-08-2029
501303,10195,Auto Loan,60564.46,54796.03,8.29,Active,Florida,02-11-2025,02-10-2031
501304,10469,Auto Loan,50100.4,31682.84,3.56,Active,Ohio,01-02-2024,16-01-2027
501305,12889,Auto Loan,16744.73,4057.67,3.61,Defaulted,Texas,22-02-2019,01-02-2023
501306,12136,Personal Loan,16438.84,5161.68,4.2,Closed,Texas,16-12-2022,30-11-2025
501307,12675,Personal Loan,57918.17,19270.39,5.1,Active,Pennsylvania,27-10-2024,14-07-2044
501308,12761,Equipment Loan,298814.78,246824.27,13.97,Active,Virginia,10-05-2023,03-12-2052
501309,12265,Mortgage,847442.25,754776.25,13.78,Active,Pennsylvania,14-07-2025,26-04-2040
501310,11637,Auto Loan,80959.27,21849.92,8.25,Active,Michigan,23-04-2019,22-03-2025
501311,12995,Auto Loan,71395.91,65473.76,4.31,Fully Paid,California,28-07-2025,07-07-2029
501312,12104,Personal Loan,73975.06,40405.03,5.68,Active,New York,26-11-2023,25-10-2029
501313,10280,Mortgage,769305.11,670813.19,7.19,Active,California,17-08-2025,11-07-2032
501314,12242,Auto Loan,65432.47,60056.81,14.32,Defaulted,Ohio,01-02-2023,27-08-2052
501315,11833,Auto Loan,40806.17,18000.24,6.96,Active,Georgia,12-06-2019,27-02-2039
501316,12494,Equipment Loan,52848.31,10827.11,7.44,Active,Texas,08-12-2025,22-11-2028
501317,12723,Mortgage,474947.51,123684.63,11.71,Active,Michigan,14-08-2022,29-07-2025
501318,11301,Personal Loan,55208.83,27333.78,8.41,Fully Paid,New York,20-04-2023,05-01-2043
501319,12507,Mortgage,190855.15,162613.53,8.93,Active,Washington,02-10-2021,11-08-2031
501320,11838,Equipment Loan,63933.33,50963.18,4.71,Active,California,25-10-2023,07-08-2038
501321,12311,Equipment Loan,248900.43,134711.53,7.2,Active,Michigan,17-01-2020,01-01-2023
501322,10811,Auto Loan,80381.92,34789.35,11.66,Fully Paid,Ohio,03-04-2019,27-10-2048
501323,10440,Auto Loan,56852.49,15548.44,10.5,Fully Paid,New York,23-12-2022,07-12-2025
501324,10305,Mortgage,590466.84,463244.26,11.43,Delinquent,Texas,24-08-2024,24-07-2030
501325,12988,Equipment Loan,223382.87,141767.75,6.9,Active,New Jersey,03-02-2022,21-10-2041
501326,12466,Equipment Loan,69359.21,59117.82,7.25,Fully Paid,Illinois,06-09-2020,20-06-2035
501327,10007,Personal Loan,72053.1,66408.55,6.45,Active,Washington,03-06-2021,27-04-2028
501328,12480,Mortgage,735056.38,566380.99,13.61,Fully Paid,Virginia,15-05-2019,18-04-2024
501329,12561,Mortgage,449912.17,336284.36,11.51,Fully Paid,Arizona,05-05-2022,19-04-2025
501330,11985,Personal Loan,8974.81,7831.59,14.2,Active,Washington,27-07-2024,06-07-2028
501331,11116,Auto Loan,85564.37,63445.17,10.8,Delinquent,Texas,14-11-2019,09-06-2049
501332,11375,Mortgage,794449.32,261879.87,13.49,Fully Paid,Arizona,27-10-2019,14-07-2039
501333,12386,Personal Loan,6751.75,1692.48,14.37,Fully Paid,Washington,10-09-2024,20-07-2034
501334,10289,Mortgage,247888.05,172568.84,6.9,Active,Ohio,31-03-2021,10-03-2025
501335,10892,Business Loan,185775.03,137492.31,6.04,Active,Florida,21-03-2023,01-01-2038
501336,10510,Mortgage,291451.69,75898.35,11.74,Active,Pennsylvania,20-06-2021,20-05-2027
501337,12167,Auto Loan,57095.8,19127.61,3.64,Active,Texas,19-12-2022,23-11-2027
501338,10382,Auto Loan,56254.24,10345.86,14.07,Closed,Arizona,28-03-2024,25-02-2030
501339,10925,Business Loan,183508.29,34286.8,9.17,Active,Texas,19-08-2019,14-03-2049
501340,12391,Personal Loan,53644.69,47540.55,13.96,Fully Paid,Pennsylvania,28-08-2021,15-05-2041
501341,11648,Auto Loan,85374.92,78922.49,9.68,Fully Paid,Virginia,28-06-2021,22-01-2051
501342,10039,Mortgage,624538.19,94415.91,13.73,Delinquent,Ohio,10-01-2019,04-12-2025
501343,10681,Auto Loan,82238.63,72061.2,9.94,Delinquent,Massachusetts,05-07-2021,17-04-2036
501344,11372,Business Loan,406584.7,312624.25,12.5,Fully Paid,Florida,20-06-2025,30-05-2029
501345,11626,Auto Loan,53953.88,17249.94,4.62,Active,Florida,25-09-2025,09-09-2028
501346,11215,Auto Loan,22075.61,11260.53,5.01,Fully Paid,Florida,04-06-2020,14-05-2024
501347,12616,Business Loan,126810.26,102311.94,5.96,Active,Michigan,28-01-2023,27-12-2028
501348,10214,Mortgage,465800.99,263044.62,8.45,Fully Paid,Illinois,18-04-2021,12-11-2050
501349,12297,Auto Loan,24885.09,8550.41,6.7,Active,New Jersey,14-03-2025,21-01-2035
501350,12975,Personal Loan,24300.3,4737.65,11.88,Closed,Michigan,02-01-2022,02-12-2027
501351,12987,Business Loan,296621.02,95016.97,7.86,Fully Paid,Illinois,13-11-2019,28-10-2022
501352,10417,Personal Loan,43325.72,35211.6,11.46,Active,Florida,09-07-2022,18-06-2026
501353,11462,Mortgage,364444.47,229550.69,6.73,Active,Pennsylvania,06-04-2024,01-03-2031
501354,12133,Personal Loan,57533.59,44283.37,11.83,Defaulted,North Carolina,07-01-2023,06-12-2028
501355,10679,Business Loan,188884.19,152851.58,7.03,Active,Arizona,18-10-2020,14-05-2050
501356,11553,Personal Loan,30007.36,5954.38,9.42,Active,New Jersey,16-02-2019,11-09-2048
501357,10553,Business Loan,537428.65,96927.25,3.73,Defaulted,North Carolina,27-11-2020,27-10-2026
501358,10146,Auto Loan,85359.56,66146.75,11.49,Closed,Washington,03-08-2020,19-07-2023
501359,11335,Mortgage,536604.83,350002.28,7.75,Active,North Carolina,15-06-2019,09-05-2026
501360,12964,Business Loan,87547.19,69742.9,11.46,Delinquent,Arizona,18-06-2019,12-05-2026
501361,10485,Auto Loan,62918.55,41422.42,8.95,Active,New York,15-01-2025,15-12-2030
501362,10108,Auto Loan,25895.27,24684.69,11.21,Fully Paid,Arizona,04-04-2025,27-02-2032
501363,10135,Mortgage,581044.85,246998.17,5.7,Fully Paid,Washington,11-05-2021,10-04-2027
501364,10496,Auto Loan,40258.22,13897.31,10.6,Delinquent,Illinois,22-08-2021,01-08-2025
501365,11773,Mortgage,407413.98,287585.29,12.97,Active,Florida,24-06-2019,23-05-2025
501366,10692,Business Loan,314031.26,136345.46,9.47,Closed,Michigan,14-12-2021,23-10-2031
501367,10177,Personal Loan,32241.35,27536.26,13.75,Active,Massachusetts,27-09-2023,10-07-2038
501368,10943,Auto Loan,79203.04,47917.86,7.22,Closed,Virginia,13-03-2025,15-02-2030
501369,10869,Auto Loan,46532.58,41882.55,6.44,Active,Florida,02-04-2020,18-03-2023
501370,10587,Auto Loan,75677.82,36793.1,10.03,Fully Paid,Illinois,12-03-2022,24-02-2025
501371,11597,Mortgage,319137.63,282887.68,7.82,Delinquent,California,03-05-2021,27-03-2028
501372,11339,Business Loan,398547.92,201797.79,8.3,Active,North Carolina,15-02-2024,09-01-2031
501373,12469,Personal Loan,38721.62,10482.44,11.93,Fully Paid,Florida,02-12-2021,26-10-2028
501374,12472,Personal Loan,11485.19,4542.49,12.6,Closed,California,15-06-2023,09-05-2030
501375,10528,Auto Loan,44619.73,37694.87,4.76,Fully Paid,Illinois,12-07-2022,26-06-2025
501376,10129,Mortgage,453685.21,214562.64,7.44,Active,Arizona,07-09-2024,21-06-2039
501377,11100,Mortgage,424902.43,216529.92,3.64,Closed,Ohio,12-06-2024,06-01-2054
501378,10918,Business Loan,448701.08,373160.18,9.17,Active,Florida,25-02-2020,08-12-2034
501379,11635,Mortgage,229235.04,62330.05,3.84,Active,North Carolina,03-09-2021,28-07-2028
501380,12981,Mortgage,259136.16,97524.44,13.27,Defaulted,Texas,07-08-2024,23-07-2027
501381,10668,Auto Loan,23337.6,9347.52,10.73,Closed,Texas,23-07-2022,09-04-2042
501382,10393,Auto Loan,86525.15,62178.25,6.46,Active,New Jersey,30-04-2020,30-03-2026
501383,11237,Equipment Loan,130077.45,65903.38,7.6,Delinquent,Illinois,21-04-2021,15-11-2050
501384,10913,Mortgage,486964.1,89741.51,8.87,Delinquent,Illinois,22-07-2023,14-02-2053
501385,11058,Business Loan,206128.82,110109.31,6.12,Active,Arizona,13-05-2022,17-04-2027
501386,10015,Personal Loan,21510.88,10233.54,5.28,Active,California,27-10-2019,06-10-2023
501387,11401,Auto Loan,76883.16,55748.13,12.83,Active,Massachusetts,30-05-2022,07-04-2032
501388,12273,Business Loan,196423.52,112315.31,7.04,Active,New York,08-07-2022,25-03-2042
501389,11394,Mortgage,325737,61918.73,12.67,Active,Illinois,18-04-2023,17-03-2029
501390,11386,Personal Loan,35522.91,10652.62,6.71,Active,Pennsylvania,02-03-2021,25-01-2028
501391,11876,Auto Loan,31177.6,6322.84,7.72,Fully Paid,Pennsylvania,21-10-2022,03-08-2037
501392,10265,Mortgage,254418.66,99816.96,11.8,Active,Pennsylvania,30-10-2023,09-10-2027
501393,11668,Mortgage,617667.93,584671.81,12.07,Active,Arizona,07-08-2021,22-07-2024
501394,12020,Business Loan,88411.29,79583.26,8.53,Delinquent,New Jersey,07-04-2023,06-03-2029
501395,11930,Equipment Loan,37756.59,31756.64,9.6,Delinquent,New York,27-09-2024,23-04-2054
501396,12002,Mortgage,301658.68,171409.69,13.31,Active,North Carolina,22-09-2025,09-06-2045
501397,12718,Business Loan,322218.32,276593.91,4.12,Active,Florida,14-06-2019,24-05-2023
501398,12869,Auto Loan,37756.49,19355.33,3.79,Active,Georgia,15-12-2022,13-11-2028
501399,12245,Business Loan,255635.7,231101.22,4.72,Active,New Jersey,24-06-2023,08-06-2026
501400,10186,Business Loan,370355.86,307153.32,13.73,Defaulted,Michigan,26-04-2025,07-02-2040
501401,11236,Mortgage,220369.17,151271.95,10.77,Active,Texas,10-05-2025,04-12-2054
501402,10723,Mortgage,844216.07,308776.07,4.32,Active,North Carolina,06-10-2019,15-09-2023
501403,12723,Auto Loan,31933.08,22296.05,6.3,Active,Michigan,05-04-2019,15-03-2023
501404,12852,Business Loan,256470.78,188818.08,13.66,Active,Massachusetts,19-12-2024,04-12-2027
501405,11443,Personal Loan,58414.88,19583.07,12.17,Active,California,26-12-2024,20-11-2031
501406,12533,Auto Loan,18883.36,16279.07,4.05,Closed,Texas,20-06-2025,25-05-2030
501407,10552,Auto Loan,82180.84,50311.25,8.85,Active,Pennsylvania,09-02-2019,22-11-2033
501408,12593,Personal Loan,74648.76,47009.33,10.95,Closed,Virginia,21-04-2019,25-03-2024
501409,11583,Personal Loan,6871.38,1479.48,11.19,Fully Paid,New York,23-10-2021,27-09-2026
501410,11922,Mortgage,355464.36,247926.02,7.09,Fully Paid,Texas,27-07-2022,01-07-2027
501411,10122,Auto Loan,81136.28,58365.08,4.88,Closed,New York,16-01-2023,10-12-2029
501412,10558,Equipment Loan,251088.53,148704.08,8.05,Active,Massachusetts,14-06-2025,24-05-2029
501413,12995,Auto Loan,51504.64,18577.09,7.77,Active,California,21-07-2019,30-06-2023
501414,11551,Mortgage,627570.54,195239.28,9.49,Active,New Jersey,09-11-2020,04-10-2027
501415,11399,Mortgage,358760.35,329072.64,11.88,Active,Arizona,06-01-2020,10-12-2024
501416,11480,Auto Loan,35799.24,6508.88,10.08,Delinquent,California,08-05-2021,02-12-2050
501417,11311,Auto Loan,78292.59,21447.61,5.06,Active,North Carolina,11-03-2024,08-02-2030
501418,10097,Business Loan,253237.3,114282.86,10.4,Fully Paid,Georgia,03-01-2024,13-12-2027
501419,10768,Mortgage,668965.4,189434.12,14.5,Active,Massachusetts,16-12-2025,25-10-2035
501420,10055,Mortgage,502956.61,230816.46,8.05,Active,Florida,29-05-2022,06-04-2032
501421,11282,Personal Loan,56871.9,30732.53,5.63,Active,Ohio,24-06-2024,19-05-2031
501422,10347,Business Loan,62361.18,19161.41,10.92,Fully Paid,Florida,18-10-2019,13-05-2049
501423,11968,Mortgage,216056.04,46067.71,10.77,Active,Massachusetts,19-05-2019,28-04-2023
501424,10957,Mortgage,365292.63,213420.04,4.8,Delinquent,Pennsylvania,18-04-2023,12-03-2030
501425,12464,Personal Loan,74187.15,58487.61,3.66,Delinquent,Virginia,04-08-2022,03-07-2028
501426,10367,Mortgage,589232.13,378106.77,10.46,Active,Texas,01-02-2023,19-10-2042
501427,12224,Business Loan,104456.4,22474.52,6.89,Active,California,12-06-2025,27-05-2028
501428,11248,Auto Loan,66635.62,41385.61,12.53,Active,North Carolina,18-06-2019,12-05-2026
501429,10920,Personal Loan,51353.02,23670.12,9.22,Active,North Carolina,23-04-2022,01-03-2032
501430,12903,Mortgage,631281.85,395063.27,6.79,Active,Texas,25-05-2019,04-05-2023
501431,11297,Personal Loan,12934.71,8579.96,9.72,Fully Paid,Massachusetts,11-03-2023,18-02-2027
501432,10805,Auto Loan,78830.1,70199.27,8.64,Active,Virginia,28-08-2019,12-08-2022
501433,11916,Auto Loan,70651.25,34547.37,9.04,Active,New York,02-12-2020,01-11-2026
501434,12173,Mortgage,485673.55,414749.18,9.76,Active,Illinois,07-11-2019,11-10-2024
501435,10720,Personal Loan,8684.2,4165.56,10.78,Active,Pennsylvania,09-07-2023,07-06-2029
501436,12817,Auto Loan,48046.35,8761.3,7.52,Active,Pennsylvania,20-11-2019,30-10-2023
501437,10605,Mortgage,341337.88,151106.98,7.67,Closed,Arizona,13-03-2021,20-01-2031
501438,12632,Personal Loan,51009.79,16985.61,12.61,Fully Paid,Georgia,17-06-2025,04-03-2045
501439,12293,Auto Loan,66244.21,21704.79,10.28,Active,Ohio,09-04-2019,24-03-2022
501440,10287,Mortgage,415455.19,360055.68,8.75,Active,North Carolina,04-05-2020,03-04-2026
501441,10075,Mortgage,152064.18,112259.28,14.04,Active,New York,07-01-2021,07-12-2026
501442,12418,Business Loan,89775.74,60277.58,11.46,Defaulted,New Jersey,20-07-2024,05-07-2027
501443,12909,Equipment Loan,259722.77,113011.4,8.33,Fully Paid,Virginia,09-08-2025,24-07-2028
501444,10552,Mortgage,270454.73,193568.4,13.06,Active,Pennsylvania,04-08-2021,09-07-2026
501445,12994,Business Loan,84235.26,40942.93,13.07,Active,Washington,04-06-2024,20-05-2027
501446,11469,Mortgage,460843.66,205562.72,11.02,Active,Massachusetts,19-12-2021,12-11-2028
501447,12746,Mortgage,633137.5,548279.07,7.27,Active,Washington,06-05-2025,10-04-2030
501448,12302,Mortgage,594958.74,498621.78,13.21,Fully Paid,Ohio,08-11-2021,23-10-2024
501449,10775,Personal Loan,35024.06,26775.67,10.54,Active,Georgia,06-03-2025,29-01-2032
501450,10762,Business Loan,446849.94,104987.73,10.58,Fully Paid,Massachusetts,10-05-2023,25-01-2043
501451,12186,Personal Loan,53069.45,46449.01,10.08,Active,Michigan,20-06-2021,14-05-2028
501452,11050,Equipment Loan,181144.37,146065.45,6.82,Active,Texas,08-05-2024,02-12-2053
501453,11417,Business Loan,423916.95,304397.2,14.46,Active,Georgia,14-12-2020,13-11-2026
501454,10677,Equipment Loan,69326.15,39987.23,6.69,Active,Michigan,06-07-2024,23-03-2044
501455,10301,Mortgage,466388.59,272987.66,5.26,Active,California,14-02-2020,13-01-2026
501456,11874,Auto Loan,69015.03,18980.03,5.79,Active,Florida,17-08-2020,17-07-2026
501457,10629,Personal Loan,25131.82,22294.77,12.58,Defaulted,Georgia,19-06-2025,29-05-2029
501458,10545,Mortgage,748517.35,452363.18,7.87,Active,Massachusetts,01-07-2023,13-04-2038
501459,10263,Auto Loan,80978.55,52019.07,12.68,Active,Texas,28-08-2022,06-07-2032
501460,10424,Mortgage,351923.66,178670.02,5.29,Active,North Carolina,20-10-2020,07-07-2040
501461,11400,Mortgage,728164.06,215406.23,10.16,Delinquent,Georgia,31-05-2024,14-03-2039
501462,10533,Mortgage,507138.85,413340.66,4.82,Fully Paid,New York,07-06-2021,16-04-2031
501463,12119,Business Loan,385662.81,84583.31,9.56,Active,Illinois,09-08-2020,05-03-2050
501464,10764,Mortgage,509350.52,365201.98,13.44,Fully Paid,Arizona,06-02-2023,19-11-2037
501465,12489,Personal Loan,11449.18,8118.42,10.49,Active,New Jersey,10-05-2021,21-02-2036
501466,11777,Auto Loan,20853.44,8328.85,10.02,Fully Paid,Arizona,18-10-2020,14-05-2050
501467,10523,Personal Loan,67219.33,18802.97,5.17,Fully Paid,Georgia,21-09-2019,04-07-2034
501468,11855,Mortgage,830604.15,283716.05,7.79,Active,North Carolina,23-02-2019,06-12-2033
501469,11322,Personal Loan,51698.13,12457.71,8.83,Defaulted,Illinois,09-01-2025,05-08-2054
501470,10376,Mortgage,514350.33,114128.62,9.21,Active,Florida,14-11-2023,29-10-2026
501471,12768,Personal Loan,32694.75,14878.33,12.69,Active,Illinois,21-12-2022,05-12-2025
501472,11375,Personal Loan,46703.1,34064.33,4.4,Active,Arizona,07-05-2022,05-04-2028
501473,11144,Personal Loan,48751.92,7387.83,13.15,Active,Pennsylvania,14-08-2019,29-07-2022
501474,12609,Equipment Loan,90839.35,82908.04,7.97,Fully Paid,Michigan,29-01-2022,23-12-2028
501475,12936,Equipment Loan,152260.27,24032.46,13.9,Active,Texas,23-02-2023,28-01-2028
501476,12212,Mortgage,201755.71,47060.71,10.92,Active,California,29-08-2019,11-06-2034
501477,10901,Personal Loan,10522.82,5977.33,4.92,Fully Paid,Massachusetts,28-11-2023,12-11-2026
501478,12073,Auto Loan,74131.82,18753.64,7.12,Fully Paid,Ohio,13-09-2021,07-08-2028
501479,11215,Auto Loan,72091.86,39922.01,6.95,Active,Florida,12-10-2019,20-08-2029
501480,11929,Mortgage,600068.32,335812.76,13.55,Delinquent,Washington,18-11-2020,01-09-2035
501481,10353,Auto Loan,41576.37,20190.62,4.31,Active,Washington,10-10-2023,08-09-2029
501482,12885,Personal Loan,11143.13,4932.91,8.53,Fully Paid,Texas,11-04-2024,27-03-2027
501483,10015,Equipment Loan,198657.99,155331.5,10.28,Active,California,12-11-2020,28-10-2023
501484,11328,Mortgage,513879.79,120198.15,13.96,Closed,Massachusetts,14-06-2024,09-05-2031
501485,10173,Mortgage,353259.7,207397.21,6.05,Fully Paid,Washington,23-01-2022,19-08-2051
501486,11981,Auto Loan,79891.73,65220.15,12.62,Active,New Jersey,26-06-2020,21-05-2027
501487,10858,Mortgage,443642.89,150231.24,13.27,Active,Ohio,11-06-2023,15-05-2028
501488,10611,Business Loan,258147.76,78457.36,7.7,Active,California,20-06-2023,13-01-2053
501489,10571,Auto Loan,78709.5,71726.28,7.94,Delinquent,Florida,28-11-2024,02-11-2029
501490,11170,Mortgage,761803.47,624753.31,4.87,Active,Texas,05-05-2025,19-04-2028
501491,10029,Auto Loan,56725.81,48447.3,13.14,Active,North Carolina,06-12-2019,30-10-2026
501492,11523,Mortgage,354791.69,195252.82,11.76,Active,Ohio,20-03-2024,14-10-2053
501493,10990,Business Loan,576191.56,320591.02,10.45,Defaulted,Arizona,25-03-2019,16-02-2026
501494,12160,Personal Loan,52719.96,18871.8,9.45,Closed,Massachusetts,01-07-2023,04-06-2028
501495,10748,Mortgage,818235.36,594308.66,4.4,Fully Paid,Ohio,16-12-2022,25-11-2026
501496,11257,Personal Loan,36032.3,13240.24,11.73,Closed,Michigan,06-07-2023,30-05-2030
501497,11057,Mortgage,709130.91,171557.89,9.56,Active,Michigan,27-04-2019,12-01-2039
501498,10533,Equipment Loan,112224.55,66865.08,3.79,Active,New York,22-01-2021,18-08-2050
501499,11276,Auto Loan,38211.11,19458.51,8.14,Active,Michigan,24-05-2020,03-05-2024
501500,11711,Business Loan,334078.44,72757.96,6.42,Active,Georgia,04-02-2022,19-01-2025
501501,12063,Personal Loan,61012.33,58171.81,9.2,Closed,Arizona,12-11-2020,26-08-2035
501502,10772,Auto Loan,82826.54,46134.11,9.53,Fully Paid,Virginia,30-11-2023,08-10-2033
501503,12308,Mortgage,339843.07,192344.88,8.44,Active,Arizona,15-02-2019,09-01-2026
501504,12392,Equipment Loan,104005.88,38691.54,11.8,Fully Paid,Texas,12-12-2024,27-11-2027
501505,11201,Mortgage,762319.64,375436.49,9.24,Fully Paid,New Jersey,20-01-2023,30-12-2026
501506,11739,Auto Loan,54667.22,15513.98,9.07,Active,Ohio,20-06-2019,07-03-2039
501507,11581,Auto Loan,43566.85,39053.79,9.39,Defaulted,Washington,24-09-2020,29-08-2025
501508,10354,Auto Loan,32731.09,24801.61,9.55,Active,Ohio,26-01-2025,05-12-2034
501509,12738,Auto Loan,81391.06,58783.35,6.87,Fully Paid,North Carolina,12-05-2019,20-03-2029
501510,10329,Personal Loan,12456.76,5782.89,5.29,Active,Massachusetts,24-05-2020,03-05-2024
501511,11180,Auto Loan,78599.04,37830.47,9.08,Active,Florida,25-05-2022,19-12-2051
501512,10007,Personal Loan,37781.17,25459.24,8.77,Active,Washington,13-09-2021,26-06-2036
501513,10127,Business Loan,551724.48,338949.39,7.02,Fully Paid,New Jersey,24-09-2022,23-08-2028
501514,11870,Equipment Loan,244851.6,94243.71,11.64,Fully Paid,California,20-01-2022,25-12-2026
501515,12803,Mortgage,166774.91,130051.6,7.7,Fully Paid,Texas,06-08-2025,30-06-2032
501516,12223,Business Loan,237986.77,125259.77,5.29,Active,Arizona,17-05-2020,26-03-2030
501517,11132,Business Loan,119345.34,45954.83,6.19,Closed,North Carolina,11-06-2023,26-05-2026
501518,10509,Equipment Loan,161923.81,101811.15,5.93,Active,North Carolina,15-04-2023,21-02-2033
501519,11175,Personal Loan,27666.41,24148.23,4.76,Active,Virginia,27-06-2022,14-03-2042
501520,10483,Business Loan,120963.36,115891.05,5.77,Closed,Illinois,05-03-2022,12-02-2026
501521,11508,Mortgage,599523.34,167302.9,10.8,Active,New York,01-05-2025,10-03-2035
501522,11899,Personal Loan,46959.22,12368.16,4.57,Closed,Florida,21-09-2025,31-08-2029
501523,12483,Mortgage,592536.17,445442.47,7.61,Fully Paid,Illinois,13-04-2022,12-03-2028
501524,12386,Equipment Loan,269201.41,249848.2,3.51,Active,Washington,15-12-2022,01-09-2042
501525,11235,Business Loan,490867.38,441335.61,5.17,Active,Michigan,25-02-2024,09-02-2027
501526,11025,Mortgage,630160.84,470755.27,7.38,Active,Ohio,16-10-2020,25-08-2030
501527,11711,Auto Loan,80785.29,22261.7,13.01,Delinquent,Georgia,17-05-2019,15-04-2025
501528,11232,Mortgage,445127.26,68143.57,12.64,Defaulted,Arizona,03-05-2020,18-04-2023
501529,12992,Business Loan,172333.91,119630.95,12.88,Delinquent,Michigan,06-10-2024,10-09-2029
501530,12459,Business Loan,457865.25,385008.42,7.58,Closed,Texas,06-09-2025,02-04-2055
501531,12309,Personal Loan,72448.24,58852.57,13.24,Fully Paid,Ohio,25-06-2020,20-05-2027
501532,10254,Auto Loan,84482.93,47576.49,10.1,Active,New Jersey,19-07-2024,28-06-2028
501533,11461,Auto Loan,24864.97,6307.95,10.7,Fully Paid,Georgia,05-08-2023,09-07-2028
501534,10846,Equipment Loan,222240.65,99278.04,8.7,Closed,Pennsylvania,16-03-2023,12-02-2029
501535,11396,Auto Loan,47452.59,35372.71,8.01,Closed,Arizona,24-01-2021,29-12-2025
501536,10049,Auto Loan,39419.59,25400.14,11.48,Active,Arizona,08-05-2023,01-04-2030
501537,10444,Business Loan,489582.46,150706.11,4.76,Active,Illinois,15-11-2022,09-10-2029
501538,12353,Mortgage,453570.37,375566.55,5.74,Active,Georgia,06-02-2021,16-12-2030
501539,12741,Auto Loan,63287.66,50057.37,4.88,Active,Texas,08-06-2021,02-01-2051
501540,10541,Business Loan,119209.98,43938.23,12.34,Active,Texas,22-05-2020,05-03-2035
501541,12042,Auto Loan,33742.34,23533.79,9.28,Fully Paid,Arizona,27-07-2022,20-06-2029
501542,12543,Business Loan,473381.44,181606.61,10.54,Fully Paid,North Carolina,23-01-2022,05-11-2036
501543,12246,Mortgage,685448.99,571808.11,9.08,Active,Pennsylvania,07-01-2023,06-12-2028
501544,10817,Mortgage,561999.74,374735.37,12.65,Active,Massachusetts,19-08-2025,24-07-2030
501545,10771,Auto Loan,70799.57,67697.43,10.59,Active,Illinois,02-01-2021,07-12-2025
501546,12243,Equipment Loan,281445.94,220099.4,8.66,Active,New Jersey,23-09-2023,01-08-2033
501547,10876,Auto Loan,87902.93,60013.27,7.18,Active,New York,14-08-2024,23-06-2034
501548,10257,Mortgage,781120.94,273655.64,6.77,Delinquent,Massachusetts,15-02-2023,30-01-2026
501549,11860,Auto Loan,60519.36,41010.89,9.16,Closed,New York,31-01-2024,26-08-2053
501550,11564,Equipment Loan,64948.32,18514.22,10.87,Active,Ohio,29-04-2023,13-04-2026
501551,10692,Auto Loan,83794.61,60510.91,8.14,Active,Michigan,01-07-2020,10-06-2024
501552,11947,Business Loan,512161.43,180224.99,12.21,Fully Paid,New York,26-11-2021,13-08-2041
501553,11827,Auto Loan,20519.16,9956.21,7.69,Active,Virginia,12-08-2020,21-06-2030
501554,12213,Auto Loan,77851.56,64403.89,6.83,Active,Michigan,22-08-2022,27-07-2027
501555,12093,Mortgage,369764.44,274976.29,13.15,Active,Washington,18-07-2021,27-06-2025
501556,11612,Auto Loan,80208.66,25900.02,12.54,Active,Arizona,05-03-2019,12-02-2023
501557,11119,Business Loan,271277.59,208063.98,4.81,Fully Paid,Illinois,12-04-2019,27-03-2022
501558,11345,Mortgage,690278.99,580205.19,8.09,Active,Virginia,03-01-2024,16-10-2038
501559,10249,Mortgage,200319.96,193025.02,9.52,Active,Florida,03-04-2020,03-03-2026
501560,12566,Mortgage,380698.08,294692.94,10.28,Delinquent,Michigan,24-09-2020,03-08-2030
501561,10246,Personal Loan,22643.96,17669.57,6.22,Active,New York,17-04-2025,11-11-2054
501562,12716,Personal Loan,34427.4,9130.06,9.45,Active,Arizona,12-09-2024,17-08-2029
501563,12032,Personal Loan,70675.29,31427.27,7.07,Fully Paid,Ohio,14-07-2023,06-02-2053
501564,12094,Auto Loan,76591.18,39295.26,13.73,Active,Georgia,23-08-2021,19-03-2051
501565,11216,Personal Loan,55186.96,18044.44,6.7,Active,Georgia,20-07-2025,19-06-2031
501566,12804,Auto Loan,40521.62,17866.7,14.49,Delinquent,Michigan,01-05-2022,10-04-2026
501567,12253,Equipment Loan,202867.48,42347.6,7.51,Active,Massachusetts,20-12-2020,14-11-2027
501568,11365,Personal Loan,24412.02,5839.28,10.13,Fully Paid,Florida,06-06-2020,06-05-2026
501569,10322,Mortgage,374060.37,286940.56,12.36,Fully Paid,Texas,09-03-2022,20-12-2036
501570,12901,Auto Loan,47599.9,46469.03,8.5,Closed,Pennsylvania,26-06-2020,20-01-2050
501571,12344,Mortgage,794111.7,417142.03,4.22,Fully Paid,Texas,19-08-2019,29-07-2023
501572,12481,Business Loan,387386.71,263368.68,13.53,Fully Paid,Massachusetts,17-07-2019,01-07-2022
501573,11516,Equipment Loan,77219.38,63506.21,6.34,Active,Washington,10-06-2024,26-05-2027
501574,10056,Personal Loan,71683.31,24710.6,4,Closed,New York,22-03-2022,07-12-2041
501575,11342,Mortgage,783984,339047.79,10.34,Active,Illinois,10-07-2023,24-06-2026
501576,11757,Equipment Loan,48287.88,30374.08,12.54,Active,New Jersey,27-03-2019,29-02-2024
501577,10274,Mortgage,360849.89,218928.36,8.27,Fully Paid,New York,22-11-2024,09-08-2044
501578,11776,Mortgage,700330.79,218982.86,10.44,Closed,Texas,07-12-2025,16-11-2029
501579,10346,Business Loan,351191.76,96269.05,13.08,Active,Illinois,07-10-2025,21-09-2028
501580,10310,Business Loan,50624.55,22851.01,5.67,Delinquent,New Jersey,02-08-2022,26-02-2052
501581,10451,Business Loan,497978.54,324967.83,9.52,Active,Massachusetts,08-03-2023,10-02-2028
501582,11986,Personal Loan,57133.42,9493.49,12.5,Active,New Jersey,26-02-2020,20-01-2027
501583,12905,Personal Loan,12711.85,3752.61,10.84,Active,Georgia,03-01-2022,20-09-2041
501584,10668,Personal Loan,9880.14,7968.66,11.37,Active,Texas,03-07-2021,17-06-2024
501585,11026,Mortgage,468351.65,384257.12,10.3,Fully Paid,Texas,09-11-2020,27-07-2040
501586,11592,Business Loan,215746.73,112456.67,12.76,Delinquent,Ohio,19-06-2023,23-05-2028
501587,10187,Auto Loan,22210.39,21083.85,4.05,Active,Texas,15-01-2019,28-10-2033
501588,11054,Business Loan,420463.67,64890.39,13.55,Active,Ohio,27-08-2025,06-08-2029
501589,12913,Personal Loan,52090.03,13100.66,6.29,Fully Paid,Michigan,02-10-2022,26-08-2029
501590,11070,Auto Loan,39968,17839.33,4.98,Fully Paid,Illinois,03-12-2019,15-09-2034
501591,12732,Auto Loan,83308.92,60939.28,8.35,Active,Texas,13-10-2019,26-07-2034
501592,10284,Business Loan,285035.88,204585.73,9.26,Active,New Jersey,26-11-2022,21-06-2052
501593,12145,Auto Loan,31394.74,26413.88,12.93,Active,Florida,19-12-2021,12-11-2028
501594,12310,Auto Loan,54443.77,45672.09,8.66,Active,Arizona,23-03-2019,03-01-2034
501595,11576,Personal Loan,70113.45,20718.05,7.6,Delinquent,Virginia,11-12-2022,23-09-2037
501596,12357,Auto Loan,85502.18,55141.32,7.75,Active,Michigan,03-03-2020,05-02-2025
501597,12527,Business Loan,197748.54,173210.33,13.03,Fully Paid,Virginia,30-12-2025,16-09-2045
501598,12662,Equipment Loan,58328.38,36488.72,3.54,Fully Paid,California,31-03-2023,16-12-2042
501599,10167,Business Loan,543323.89,300332.41,8.14,Active,Florida,24-05-2021,08-02-2041
501600,10542,Auto Loan,73408.46,58102.58,10.4,Fully Paid,Washington,17-02-2023,22-01-2028
501601,10669,Auto Loan,43327,41228.6,13.21,Active,New York,20-06-2019,19-05-2025
501602,12048,Business Loan,553188.03,503587.03,5.93,Active,Virginia,11-08-2021,05-07-2028
501603,12563,Auto Loan,81807.09,50735.98,3.58,Fully Paid,New Jersey,16-04-2022,01-01-2042
501604,11123,Mortgage,591172.28,277066.26,5.78,Active,Ohio,14-02-2020,18-01-2025
501605,10455,Mortgage,492072.57,84559.88,13.62,Fully Paid,Virginia,31-03-2025,05-03-2030
501606,12830,Mortgage,442700.63,160306.01,12.67,Fully Paid,New York,28-11-2019,15-08-2039
501607,11839,Equipment Loan,100729.67,48359.19,11.8,Fully Paid,Michigan,01-02-2023,11-01-2027
501608,10871,Mortgage,530798.4,436952.4,4.21,Closed,Michigan,03-09-2022,18-08-2025
501609,11824,Personal Loan,24694.07,4888.3,4.44,Active,Texas,16-03-2023,01-12-2042
501610,11090,Mortgage,675993.12,409713.97,13.31,Active,Virginia,05-05-2022,03-04-2028
501611,11159,Business Loan,313430.55,162151.38,7.89,Active,Arizona,31-07-2023,08-06-2033
501612,10888,Equipment Loan,49126.42,9788.64,9.22,Active,New York,11-04-2023,17-02-2033
501613,10941,Personal Loan,9592.39,3776.36,6.24,Active,New Jersey,15-01-2025,24-11-2034
501614,11533,Personal Loan,11996.59,5926.07,6.84,Active,Georgia,22-05-2020,26-04-2025
501615,10395,Auto Loan,73975.5,42277.35,10.37,Active,New Jersey,28-05-2025,06-04-2035
501616,10951,Mortgage,269306.1,77766.85,8,Active,Arizona,21-07-2024,07-04-2044
501617,10369,Mortgage,471756.95,105717.51,9.52,Delinquent,New Jersey,28-04-2020,22-11-2049
501618,12293,Auto Loan,46477.86,43711.91,5.44,Active,Ohio,25-12-2024,10-12-2027
501619,11732,Equipment Loan,137961.95,27437.9,7.02,Fully Paid,Pennsylvania,19-09-2024,24-08-2029
501620,12819,Equipment Loan,177840.67,171340.48,13.08,Fully Paid,Ohio,25-10-2023,18-09-2030
501621,10864,Personal Loan,74189.28,50896.28,5.18,Defaulted,New Jersey,10-12-2021,19-11-2025
501622,11888,Personal Loan,13435.09,9695.52,11.89,Active,New York,15-05-2024,24-04-2028
501623,10159,Personal Loan,64185.39,41157.74,5.16,Active,Illinois,24-07-2025,02-06-2035
501624,12055,Mortgage,677246.71,531022.49,5.53,Delinquent,Washington,12-11-2021,12-10-2027
501625,12188,Personal Loan,63045.24,50948.99,5.18,Delinquent,New Jersey,11-04-2019,22-01-2034
501626,10497,Mortgage,776745.64,503225.76,9.45,Defaulted,Washington,26-06-2021,10-06-2024
501627,11441,Business Loan,398545.73,243841.48,9.87,Fully Paid,Virginia,13-07-2020,07-06-2027
501628,12507,Equipment Loan,199817.51,119631.55,3.5,Active,Washington,14-05-2020,18-04-2025
501629,11573,Auto Loan,68554.78,36562.12,9.27,Active,Ohio,01-06-2025,14-03-2040
501630,11797,Equipment Loan,96461.68,78615.97,5,Active,Massachusetts,24-03-2025,16-02-2032
501631,10231,Equipment Loan,35892.45,25990.75,6.97,Active,Michigan,30-03-2023,03-03-2028
501632,10400,Business Loan,212543.94,161485.56,11.98,Active,New Jersey,10-12-2025,22-09-2040
501633,12730,Business Loan,470430.28,79571.4,13.97,Active,North Carolina,30-01-2022,09-12-2031
501634,12200,Equipment Loan,85758.44,48138.56,7,Fully Paid,New York,28-12-2023,10-10-2038
501635,12748,Mortgage,339589.61,200627.51,14.21,Fully Paid,Michigan,09-06-2021,03-01-2051
501636,11914,Business Loan,512961.39,166129.74,4.19,Active,Texas,08-04-2025,15-02-2035
501637,10921,Equipment Loan,173201.61,137134.49,5.26,Active,Florida,21-06-2021,15-01-2051
501638,10758,Business Loan,541906.4,421657.79,4.04,Fully Paid,Michigan,04-12-2024,21-08-2044
501639,11192,Personal Loan,41588.1,29640.93,10.25,Active,New Jersey,07-12-2023,02-07-2053
501640,10867,Business Loan,483460,159594.31,4.02,Active,North Carolina,13-12-2021,06-11-2028
501641,10809,Personal Loan,5034.63,4772.01,8.95,Closed,North Carolina,16-04-2023,26-03-2027
501642,11983,Mortgage,468455.53,418488.62,10.89,Active,Florida,03-03-2025,18-11-2044
501643,10878,Auto Loan,63533.45,18917.13,8.47,Fully Paid,Massachusetts,30-07-2023,12-05-2038
501644,10013,Auto Loan,67479.96,44091.47,8.49,Delinquent,North Carolina,25-07-2019,11-04-2039
501645,12273,Mortgage,218787.84,179292.23,14.13,Active,New York,30-07-2019,07-06-2029
501646,12700,Business Loan,588384.46,163934.49,6.49,Active,Florida,25-08-2020,30-07-2025
501647,10570,Personal Loan,69211.99,33534.71,12.53,Defaulted,Virginia,10-08-2022,25-07-2025
501648,11061,Mortgage,653467.28,137496.06,4.31,Active,California,13-08-2025,18-07-2030
501649,11303,Mortgage,513609.45,398727.65,9.13,Active,Virginia,18-06-2023,28-05-2027
501650,12933,Business Loan,389804.08,92548.97,5.45,Active,California,06-01-2025,22-12-2027
501651,10944,Mortgage,249503.57,163539.94,10.49,Active,Florida,13-05-2023,06-12-2052
501652,10033,Mortgage,663816.56,379935.17,5.67,Active,Arizona,21-09-2024,21-08-2030
501653,11432,Auto Loan,64249.75,29518.58,9.5,Active,New Jersey,02-05-2024,18-01-2044
501654,11448,Equipment Loan,231299.8,218040.75,5.99,Closed,Illinois,01-11-2025,06-10-2030
501655,12436,Business Loan,511904.83,149934.16,6.85,Fully Paid,Texas,27-01-2024,26-12-2029
501656,10740,Mortgage,707923.41,532551.01,13.42,Closed,North Carolina,12-01-2023,06-12-2029
501657,11145,Mortgage,253258.14,134706.95,10.56,Active,Massachusetts,26-05-2024,04-04-2034
501658,10256,Personal Loan,11814.05,5260.45,9.47,Active,Florida,02-07-2022,10-05-2032
501659,12510,Auto Loan,66529.99,62184.65,11.57,Active,Michigan,03-07-2022,07-06-2027
501660,11443,Auto Loan,25972.75,4669.82,12.49,Active,California,09-06-2020,03-01-2050
501661,12499,Business Loan,309488.13,53941.94,11.27,Active,New Jersey,29-08-2022,08-08-2026
501662,10402,Auto Loan,20664.15,3425.72,6.24,Active,Pennsylvania,03-06-2020,08-05-2025
501663,10745,Mortgage,788586.92,447748.83,9.3,Active,Arizona,30-10-2021,12-08-2036
501664,11083,Auto Loan,35867.26,22138.94,11.06,Fully Paid,Florida,03-10-2021,17-09-2024
501665,10307,Mortgage,619891.21,536731.64,4.88,Defaulted,Virginia,14-03-2024,16-02-2029
501666,12424,Auto Loan,43694.11,34212.84,14.43,Delinquent,Illinois,18-08-2019,22-07-2024
501667,10015,Auto Loan,67854.51,43995.26,9.72,Active,California,18-06-2024,13-05-2031
501668,10982,Mortgage,709893.73,642407.18,6.03,Active,Washington,21-06-2021,03-04-2036
501669,10898,Mortgage,795831.36,147135.42,4.48,Active,Massachusetts,03-08-2020,19-07-2023
501670,11276,Business Loan,175026.79,73425.51,6.49,Fully Paid,Michigan,23-06-2022,22-05-2028
501671,12997,Mortgage,789642.71,539807.72,14.12,Active,California,31-08-2021,05-08-2026
501672,11536,Business Loan,329556.52,111992.58,12.21,Defaulted,Texas,07-02-2023,17-01-2027
501673,11815,Business Loan,555019.08,107240.69,6.65,Fully Paid,Georgia,01-05-2021,16-01-2041
501674,11095,Equipment Loan,61556.68,12671.66,13.82,Delinquent,California,19-02-2021,14-01-2028
501675,10477,Personal Loan,42368.44,12863.23,12.02,Defaulted,New York,12-10-2022,21-09-2026
501676,10635,Mortgage,635592,388743.86,5.23,Defaulted,Texas,10-08-2023,14-07-2028
501677,11940,Mortgage,400744.12,199277.93,9.51,Active,New York,16-06-2025,26-05-2029
501678,10372,Auto Loan,53680.69,39590.26,9.54,Active,Virginia,12-04-2023,27-03-2026
501679,10657,Personal Loan,71325.31,30844.1,10.4,Active,Washington,02-11-2021,20-07-2041
501680,12415,Business Loan,386514.99,340338.35,9.65,Active,Arizona,18-04-2022,12-11-2051
501681,12763,Mortgage,230758.39,109877.84,13.25,Active,Virginia,03-11-2022,27-09-2029
501682,12228,Auto Loan,21704.94,18150.19,12.85,Fully Paid,Massachusetts,07-01-2022,03-08-2051
501683,12372,Personal Loan,74145.64,43468.68,12.27,Defaulted,Texas,03-09-2020,21-05-2040
501684,10499,Auto Loan,80655.68,69312.49,7.66,Delinquent,Arizona,01-12-2020,26-10-2027
501685,10812,Personal Loan,15468.07,13697.31,4.15,Delinquent,Massachusetts,20-03-2019,05-12-2038
501686,12752,Equipment Loan,271384.39,77400.13,10.9,Delinquent,Pennsylvania,24-09-2019,18-08-2026
501687,11779,Mortgage,242645.33,96069.83,6.07,Defaulted,Ohio,15-12-2025,24-11-2029
501688,10522,Personal Loan,43796.58,28286.79,4.05,Active,Michigan,19-12-2024,02-10-2039
501689,10472,Mortgage,537038.88,100242.84,5.97,Active,Ohio,25-02-2023,20-09-2052
501690,11442,Mortgage,726742.67,174054.74,7.73,Active,Washington,29-08-2025,03-08-2030
501691,10908,Business Loan,333188.07,161780.85,4.15,Defaulted,North Carolina,17-06-2023,11-05-2030
501692,11020,Auto Loan,40779.95,35263.83,5.06,Delinquent,Florida,31-10-2024,09-09-2034
501693,11105,Mortgage,267125.83,98456.04,7.96,Fully Paid,New York,13-02-2021,13-01-2027
501694,12710,Personal Loan,38951.25,28167.31,12.91,Closed,New Jersey,22-03-2021,03-01-2036
501695,12170,Mortgage,787009.83,723638.45,9.27,Active,Georgia,11-10-2025,15-09-2030
501696,12936,Auto Loan,53353.34,49896.04,12.28,Active,Texas,20-03-2021,14-10-2050
501697,11620,Mortgage,374561.09,94500.67,7.95,Active,New York,06-08-2025,11-07-2030
501698,12453,Personal Loan,37937.5,24551.04,4.85,Fully Paid,Washington,02-05-2019,25-11-2048
501699,10186,Equipment Loan,67215.95,37902.39,5.52,Active,Michigan,09-12-2022,17-10-2032
501700,11114,Mortgage,418818.31,76871.52,10.83,Defaulted,New York,23-12-2024,17-11-2031
501701,11076,Personal Loan,57886.74,37293.31,8.16,Closed,Arizona,24-08-2022,06-06-2037
501702,11303,Business Loan,291921.55,51467.64,11.71,Defaulted,Virginia,09-10-2020,03-09-2027
501703,10399,Auto Loan,78744.78,35380.41,13.9,Active,Arizona,04-10-2019,13-09-2023
501704,10925,Business Loan,303319.25,85988.62,12.84,Active,Texas,10-12-2022,18-10-2032
501705,10643,Mortgage,444381.63,312271.02,3.92,Active,North Carolina,17-09-2020,12-08-2027
501706,10191,Mortgage,810151.26,340462.31,10.78,Closed,Virginia,17-08-2019,30-05-2034
501707,11865,Auto Loan,60148.01,33957.92,4.36,Active,Illinois,04-02-2019,17-11-2033
501708,12959,Business Loan,455827.78,327721.95,3.96,Fully Paid,Virginia,18-02-2025,28-12-2034
501709,10369,Auto Loan,79603.26,37926.44,12.14,Fully Paid,New Jersey,16-06-2024,11-05-2031
501710,11685,Business Loan,174386.2,166008.14,5.13,Active,Georgia,31-12-2020,25-11-2027
501711,12015,Personal Loan,14282.05,4381.24,13.55,Delinquent,New Jersey,06-08-2025,23-04-2045
501712,12434,Auto Loan,38178.82,24940.47,8.25,Active,Washington,11-11-2024,27-10-2027
501713,12274,Auto Loan,69073.32,18264.49,8.39,Closed,North Carolina,19-02-2020,29-01-2024
501714,10825,Auto Loan,42451.38,21714.16,12.76,Fully Paid,Ohio,06-02-2019,24-10-2038
501715,10688,Business Loan,598844.45,174653.62,12.28,Closed,Virginia,01-04-2025,16-03-2028
501716,12649,Personal Loan,35180.07,7809.8,8.1,Active,Virginia,26-11-2024,05-10-2034
501717,12791,Auto Loan,75361.1,36750.66,5.37,Active,Texas,18-02-2025,14-09-2054
501718,11920,Equipment Loan,202152.75,42815.82,10.97,Delinquent,Illinois,24-07-2024,18-06-2031
501719,11852,Business Loan,510821.2,109373.65,11.56,Delinquent,Pennsylvania,14-02-2022,19-01-2027
501720,12179,Mortgage,308608.72,230108.49,9.31,Active,Texas,14-11-2022,01-08-2042
501721,10418,Equipment Loan,140087.88,88462.38,3.66,Active,Pennsylvania,02-10-2025,11-08-2035
501722,11539,Personal Loan,6624.42,5781.17,8.35,Closed,Arizona,09-03-2022,06-02-2028
501723,10771,Business Loan,69290.54,39786.32,12.43,Delinquent,Illinois,10-10-2019,03-09-2026
501724,11784,Mortgage,536472.14,200944.88,14.03,Defaulted,North Carolina,02-10-2025,19-06-2045
501725,12796,Auto Loan,62190.04,15740.48,10.38,Delinquent,North Carolina,15-08-2019,25-07-2023
501726,12190,Mortgage,709052.67,211327.92,4.13,Closed,Virginia,30-04-2024,09-03-2034
501727,10289,Mortgage,191049.71,79021.77,9.72,Active,Ohio,22-01-2020,16-12-2026
501728,12285,Equipment Loan,248176.62,82840.24,13.42,Fully Paid,Massachusetts,11-07-2021,04-02-2051
501729,11426,Business Loan,258640.87,63564.54,9.35,Fully Paid,Virginia,30-11-2023,24-10-2030
501730,11649,Personal Loan,72726.91,13442.61,7.56,Fully Paid,Texas,27-09-2019,21-08-2026
501731,12693,Personal Loan,15460.32,3650.74,8.62,Active,North Carolina,04-03-2025,16-12-2039
501732,11655,Auto Loan,79390.68,27076.91,4.34,Active,New York,12-07-2020,05-02-2050
501733,10620,Auto Loan,25995.28,9092.75,12.36,Closed,Washington,24-08-2024,03-07-2034
501734,10021,Business Loan,505991.15,309828.54,11.89,Fully Paid,Florida,12-03-2019,27-11-2038
501735,12695,Auto Loan,70984.7,64953.56,5.02,Active,Michigan,13-10-2023,30-06-2043
501736,12696,Personal Loan,28066.54,18178.01,9.46,Fully Paid,Washington,24-01-2025,24-12-2030
501737,11032,Auto Loan,30034.05,8902.49,14.01,Defaulted,North Carolina,07-05-2024,18-02-2039
501738,10802,Personal Loan,56312.02,51479.36,5.47,Active,Pennsylvania,14-08-2022,09-03-2052
501739,10357,Personal Loan,69886.31,65404.3,4.19,Active,Massachusetts,21-03-2022,15-10-2051
501740,11134,Personal Loan,32899.04,10460.28,13.29,Active,California,18-03-2019,09-02-2026
501741,10947,Personal Loan,35943.59,32488.42,5.88,Closed,Illinois,22-07-2020,31-05-2030
501742,10358,Personal Loan,33728.91,17214.97,14.13,Closed,Georgia,17-07-2024,03-04-2044
501743,12102,Business Loan,466075.72,198149.92,4.6,Active,Ohio,12-02-2024,16-01-2029
501744,12733,Auto Loan,24131.13,8417.48,3.82,Delinquent,California,27-06-2023,14-03-2043
501745,12537,Mortgage,168779.09,158449.66,5.47,Active,Michigan,21-09-2022,20-08-2028
501746,12868,Mortgage,458614.82,259305.06,6.02,Fully Paid,Virginia,25-10-2025,04-10-2029
501747,10625,Auto Loan,62615.76,13995.04,7.76,Active,Pennsylvania,09-08-2022,17-06-2032
501748,12075,Business Loan,148427.93,83874.3,3.79,Active,California,27-01-2023,05-12-2032
501749,10515,Business Loan,561835.44,423772,4.32,Fully Paid,California,07-07-2022,11-06-2027
501750,10929,Mortgage,511860.47,440635.03,6.53,Active,North Carolina,28-02-2019,06-01-2029
501751,10170,Mortgage,179104.34,165086,11.96,Active,Florida,07-06-2022,15-04-2032
501752,11261,Business Loan,255301.69,211090.36,12.65,Delinquent,Georgia,07-02-2022,03-09-2051
501753,12723,Business Loan,229361.51,112041.75,12.62,Active,Michigan,08-07-2023,11-06-2028
501754,11539,Business Loan,527298.16,380857.77,3.55,Active,Arizona,01-01-2022,25-11-2028
501755,12656,Business Loan,64875.72,47365.78,7.07,Delinquent,California,04-05-2021,28-11-2050
501756,11728,Personal Loan,17188.24,9866.91,7.92,Defaulted,Pennsylvania,30-10-2019,14-10-2022
501757,11827,Equipment Loan,267837.85,123503.74,10.44,Active,Virginia,30-06-2020,04-06-2025
501758,10271,Personal Loan,34792.62,12749.11,9.43,Delinquent,New Jersey,23-09-2024,19-04-2054
501759,10122,Auto Loan,39305.83,18619.87,10.5,Active,New York,27-01-2024,09-11-2038
501760,11800,Auto Loan,61084.78,36936.24,9.12,Active,Virginia,20-01-2025,16-08-2054
501761,10754,Auto Loan,23232.36,15068.48,9.35,Fully Paid,North Carolina,19-07-2020,05-04-2040
501762,10483,Personal Loan,49365.56,17147.92,7.04,Active,Illinois,10-03-2025,12-02-2030
501763,12005,Personal Loan,72047.12,15850.38,8.69,Active,Michigan,14-05-2019,07-12-2048
501764,12148,Auto Loan,84043.8,36336.65,7.03,Active,Ohio,24-07-2019,06-05-2034
501765,10620,Mortgage,667231.03,631411.29,10.51,Active,Washington,02-11-2021,07-10-2026
501766,12930,Business Loan,164987.17,52907.26,7.08,Active,California,29-04-2019,09-02-2034
501767,11064,Mortgage,645889.39,353193.34,4,Fully Paid,Ohio,29-10-2019,24-05-2049
501768,12524,Mortgage,734357.4,283966.54,13.49,Active,Texas,02-03-2020,25-01-2027
501769,10535,Mortgage,646852.13,188108.64,6.57,Active,New Jersey,23-12-2020,01-11-2030
501770,10544,Personal Loan,22361.18,11986.18,11.26,Active,Illinois,11-06-2020,27-05-2023
501771,11835,Mortgage,760034.95,177820.66,8.97,Active,Arizona,07-03-2023,19-02-2026
501772,11566,Mortgage,603742.22,545886.74,9.21,Fully Paid,New Jersey,18-08-2025,28-07-2029
501773,13000,Mortgage,180507.35,68726.47,9.7,Active,Georgia,13-07-2023,11-06-2029
501774,12428,Auto Loan,53098.2,47569.92,11.81,Fully Paid,Michigan,09-04-2023,02-11-2052
501775,10598,Auto Loan,27301.47,14719.09,7.72,Fully Paid,Ohio,23-11-2024,02-11-2028
501776,11888,Mortgage,545966.82,523968.66,8.46,Active,New York,04-11-2023,28-09-2030
501777,11971,Auto Loan,44915.09,32878.51,10.86,Active,Washington,21-03-2023,06-12-2042
501778,11134,Personal Loan,58493.44,22507.1,6.69,Active,California,27-08-2024,10-06-2039
501779,12695,Personal Loan,40852.35,14484.39,12.99,Active,Michigan,10-03-2022,07-02-2028
501780,10631,Auto Loan,59589.92,8964.56,4.5,Active,Illinois,19-05-2020,13-04-2027
501781,11014,Business Loan,272952.16,223577.23,9.57,Fully Paid,Massachusetts,18-04-2025,02-04-2028
501782,12220,Mortgage,233301.18,190241.07,4.71,Active,Texas,20-02-2021,15-01-2028
501783,10184,Personal Loan,17074.81,15299.21,13.58,Active,Ohio,16-02-2021,01-02-2024
501784,12310,Personal Loan,17525.43,8104.46,10.7,Fully Paid,Arizona,29-07-2024,12-05-2039
501785,12657,Auto Loan,51583.06,36650.86,14.24,Active,Washington,13-05-2023,27-04-2026
501786,10985,Auto Loan,82381.72,37926.44,11.96,Fully Paid,Georgia,18-11-2024,23-10-2029
501787,11379,Personal Loan,72165.73,58393.58,4.36,Active,California,24-11-2020,11-08-2040
501788,12479,Business Loan,121636.21,21462.73,3.68,Active,Illinois,25-07-2022,23-06-2028
501789,10150,Mortgage,568969.12,515316.86,12.29,Active,Virginia,12-11-2022,07-06-2052
501790,10494,Auto Loan,62527.38,34294.22,5.52,Closed,Massachusetts,25-02-2020,29-01-2025
501791,12785,Auto Loan,55175.27,43056.22,6.48,Fully Paid,Illinois,25-12-2021,07-10-2036
501792,10048,Mortgage,323278.39,300898.12,11.95,Active,Pennsylvania,23-02-2019,07-02-2022
501793,12631,Mortgage,666705.45,617972.98,10.15,Active,Virginia,11-12-2019,14-11-2024
501794,12815,Personal Loan,72141.99,52537.74,8.45,Active,New Jersey,13-05-2022,07-12-2051
501795,11656,Mortgage,435788.1,70456.97,13.44,Delinquent,Illinois,28-04-2019,22-03-2026
501796,10867,Auto Loan,43223.64,31311.1,6.2,Delinquent,North Carolina,09-10-2019,23-09-2022
501797,10059,Business Loan,416012.85,346673.65,12.38,Closed,Arizona,18-11-2019,28-10-2023
501798,10347,Business Loan,102130,73755.81,13.19,Fully Paid,Florida,07-03-2020,23-11-2039
501799,10153,Mortgage,293936.14,91580.95,12.6,Fully Paid,Florida,16-05-2019,19-04-2024
501800,12483,Personal Loan,71450.58,37342.51,5.73,Active,Illinois,03-05-2019,11-03-2029
501801,12666,Mortgage,763603.11,321432.41,7.87,Closed,Florida,09-09-2021,22-06-2036
501802,10082,Mortgage,580349.31,367897.64,8.82,Active,Florida,21-08-2021,31-07-2025
501803,12456,Auto Loan,17252.83,8597.91,11.23,Closed,Michigan,01-01-2023,30-11-2028
501804,12596,Auto Loan,39566.08,21159.69,8.86,Defaulted,Massachusetts,20-10-2022,24-09-2027
501805,10177,Equipment Loan,68567.68,46512.71,5.37,Fully Paid,Massachusetts,06-02-2020,10-01-2025
501806,12115,Mortgage,592478.75,552042.01,5.88,Active,Pennsylvania,17-06-2025,27-05-2029
501807,10575,Personal Loan,69288.03,28520.46,3.65,Delinquent,Michigan,04-03-2020,11-01-2030
501808,12600,Business Loan,489337.76,467269.28,11.82,Delinquent,Pennsylvania,15-02-2020,09-01-2027
501809,11840,Mortgage,575593.52,159382.36,12.03,Active,New York,30-08-2022,24-07-2029
501810,10904,Auto Loan,62405.15,52195.04,4.38,Defaulted,Massachusetts,26-05-2023,08-03-2038
501811,11365,Auto Loan,79353.5,37729.17,10.93,Active,Florida,07-01-2025,23-12-2027
501812,12666,Auto Loan,42229.93,22016.55,5.52,Closed,Florida,17-02-2021,17-01-2027
501813,12140,Mortgage,358537.02,210676.81,6.23,Active,Washington,23-12-2023,26-11-2028
501814,10896,Auto Loan,64141.63,55539.38,7.73,Active,Michigan,07-11-2021,12-10-2026
501815,12578,Equipment Loan,165802.64,118008.51,10.15,Fully Paid,Pennsylvania,02-10-2020,27-08-2027
501816,11725,Personal Loan,65323.98,62326.54,13.75,Active,Ohio,14-01-2024,09-08-2053
501817,12122,Mortgage,472325.45,273260.96,6.89,Fully Paid,Illinois,19-10-2022,23-09-2027
501818,10754,Mortgage,695672.82,663662.74,9.16,Active,North Carolina,02-05-2020,26-11-2049
501819,11236,Personal Loan,30626.08,20401.95,7.14,Active,Texas,12-10-2025,25-07-2040
501820,11719,Mortgage,338597.61,59594.43,7.23,Closed,Pennsylvania,12-08-2020,12-07-2026
501821,11275,Auto Loan,24992.38,12750.51,4,Active,Arizona,01-04-2024,26-10-2053
501822,12722,Auto Loan,26194.79,21765.12,4.62,Closed,Washington,05-07-2022,17-04-2037
501823,10701,Business Loan,325287.75,94432.71,10.22,Active,New York,14-09-2019,08-08-2026
501824,10057,Personal Loan,34246.84,22109.75,4.08,Closed,Florida,23-09-2023,27-08-2028
501825,12903,Auto Loan,29632.79,27711.68,3.62,Active,Texas,20-01-2023,30-12-2026
501826,11277,Mortgage,668171.16,633659.6,3.72,Active,California,04-08-2021,28-06-2028
501827,10483,Equipment Loan,287241.21,159679.55,7.52,Fully Paid,Illinois,28-01-2019,27-12-2024
501828,11840,Personal Loan,29218.13,23052.76,3.94,Active,New York,04-05-2022,18-04-2025
501829,10181,Business Loan,563174.29,481927.94,9.7,Active,Massachusetts,15-04-2023,19-03-2028
501830,11312,Auto Loan,49620.93,10088.51,6.8,Active,Arizona,18-01-2022,02-01-2025
501831,10838,Mortgage,801702.04,662840.81,10.79,Closed,Pennsylvania,04-07-2022,28-05-2029
501832,11413,Auto Loan,64940.03,31302.31,11.03,Fully Paid,Florida,29-04-2020,29-03-2026
501833,11785,Mortgage,183084.78,162409.67,11.59,Active,Massachusetts,17-10-2021,01-10-2024
501834,11140,Mortgage,236237.59,155730.54,10.44,Active,California,03-10-2019,27-08-2026
501835,11440,Business Loan,425015.02,391714.29,10.41,Active,New Jersey,06-12-2020,21-11-2023
501836,11257,Auto Loan,30700.24,19760.71,6.52,Defaulted,Michigan,30-12-2021,29-11-2027
501837,10922,Auto Loan,83610.81,41871.29,10.31,Fully Paid,Massachusetts,11-07-2019,25-06-2022
501838,12682,Personal Loan,49896.47,44071.52,3.6,Active,Texas,07-08-2022,15-06-2032
501839,11239,Equipment Loan,178806.96,105219.52,11.45,Active,Virginia,24-02-2021,20-09-2050
501840,12764,Mortgage,832265.18,445024.14,10.34,Active,Illinois,29-12-2020,07-11-2030
501841,10568,Equipment Loan,184212.77,151934.93,8.97,Active,Massachusetts,27-03-2019,20-10-2048
501842,12388,Personal Loan,61497.32,27195.45,10.75,Active,New Jersey,27-08-2023,06-08-2027
501843,10729,Auto Loan,30297.44,13918.11,8.4,Fully Paid,Georgia,13-05-2020,29-01-2040
501844,11477,Auto Loan,45035.73,7712.51,7.3,Active,Michigan,22-11-2024,22-10-2030
501845,10694,Mortgage,489728.54,174085.1,7.41,Closed,Virginia,22-12-2023,01-12-2027
501846,10593,Business Loan,307692.59,151173.74,12.63,Fully Paid,Georgia,17-09-2019,16-08-2025
501847,12705,Business Loan,222485.44,105439.96,12.46,Active,California,15-11-2024,15-10-2030
501848,10288,Mortgage,246059.88,51228.41,8.88,Active,New York,03-11-2022,02-10-2028
501849,12868,Mortgage,697965.35,243100.58,11.73,Active,Virginia,10-05-2025,24-04-2028
501850,10656,Auto Loan,38648.79,21879.06,8.06,Fully Paid,Pennsylvania,17-09-2025,11-08-2032
501851,11908,Auto Loan,51664.93,39461.09,6.51,Closed,Illinois,08-11-2020,24-10-2023
501852,12895,Mortgage,331290.44,93096.23,14.22,Active,Washington,15-06-2021,09-05-2028
501853,12107,Equipment Loan,87182.72,33208.72,10.8,Active,New Jersey,13-04-2019,17-03-2024
501854,10161,Personal Loan,66222.29,63775.29,5.09,Closed,Georgia,30-05-2023,23-04-2030
501855,12154,Auto Loan,70068.6,17363.3,5.69,Fully Paid,Michigan,08-02-2025,22-11-2039
501856,11657,Auto Loan,58838.73,53911.08,13.41,Active,California,23-07-2021,27-06-2026
501857,11184,Business Loan,382375.96,318938.45,9.46,Active,New York,20-02-2024,07-11-2043
501858,10291,Equipment Loan,287163.93,59746.07,13.52,Active,Florida,08-09-2019,17-07-2029
501859,11394,Business Loan,569516.05,371389.44,10.5,Active,Illinois,21-05-2024,20-04-2030
501860,10023,Mortgage,501222.9,421426.62,8.74,Active,California,28-04-2023,12-04-2026
501861,12042,Personal Loan,48317.51,20410.57,9.2,Active,Arizona,09-04-2020,21-01-2035
501862,10776,Auto Loan,81770.89,64889.16,13.57,Active,New Jersey,17-10-2025,21-09-2030
501863,12076,Auto Loan,65262.34,27520.36,13.11,Closed,Michigan,10-10-2021,03-09-2028
501864,12356,Personal Loan,13007.12,8771.49,9.75,Active,Washington,21-10-2022,14-09-2029
501865,10534,Auto Loan,19503.1,5883.96,12.23,Fully Paid,Illinois,24-02-2019,07-12-2033
501866,12061,Mortgage,457316,152468.14,4.69,Fully Paid,New Jersey,05-06-2024,21-05-2027
501867,11738,Mortgage,187997.39,148706.31,12.32,Delinquent,Michigan,03-04-2023,25-02-2030
501868,11390,Mortgage,287491.99,43876.78,11.96,Closed,Virginia,14-11-2021,19-10-2026
501869,12609,Auto Loan,38908.59,13642.52,9.46,Active,Michigan,08-11-2020,24-10-2023
501870,12328,Auto Loan,88438.29,82515.82,4.01,Defaulted,Ohio,29-10-2022,24-05-2052
501871,11065,Business Loan,83926.44,36295.17,9.94,Active,New Jersey,25-02-2023,03-01-2033
501872,12343,Equipment Loan,268535.21,232117.6,7.02,Active,Georgia,12-02-2024,27-01-2027
501873,11410,Auto Loan,38130.08,7599.63,8.95,Active,Massachusetts,16-06-2025,21-05-2030
501874,11438,Mortgage,428080.98,377669.34,5.12,Delinquent,Georgia,02-12-2022,14-09-2037
501875,10332,Business Loan,115389.17,111079.48,7.85,Active,New Jersey,08-09-2022,03-04-2052
501876,10004,Business Loan,487505.99,212644.76,7.91,Active,Michigan,20-09-2023,03-07-2038
501877,10992,Personal Loan,47181.42,25993.66,11.95,Active,California,27-07-2019,25-06-2025
501878,12448,Equipment Loan,248602.38,95971.42,7.25,Fully Paid,Ohio,01-10-2024,18-06-2044
501879,10124,Auto Loan,40710.2,38653.51,9.87,Active,North Carolina,09-04-2022,16-02-2032
501880,11357,Equipment Loan,222314.31,78827.7,10.77,Active,North Carolina,25-02-2025,04-02-2029
501881,10416,Mortgage,822809.53,636815.21,8.9,Active,Arizona,12-07-2023,26-06-2026
501882,10904,Auto Loan,32207.64,14294.75,4.55,Active,Massachusetts,03-09-2022,28-07-2029
501883,10704,Auto Loan,59351.06,10019.47,11.64,Fully Paid,Florida,07-09-2020,02-08-2027
501884,11312,Mortgage,312923.26,73436.06,9.45,Fully Paid,Arizona,25-06-2022,12-03-2042
501885,11843,Business Loan,391701.88,262816.33,14.01,Active,California,28-01-2024,23-08-2053
501886,11651,Business Loan,346866.01,148637.14,12.84,Active,North Carolina,28-02-2024,11-12-2038
501887,10146,Personal Loan,10825.26,9236.57,4.28,Fully Paid,Washington,01-01-2020,09-11-2029
501888,10940,Personal Loan,49372.32,31522.57,9.31,Active,Michigan,03-03-2021,31-01-2027
501889,11151,Business Loan,581856.61,502133.61,8.43,Fully Paid,Virginia,11-08-2025,28-04-2045
501890,10692,Mortgage,281454.01,77630.04,7,Active,Michigan,02-05-2019,11-04-2023
501891,10381,Mortgage,736139,367474.62,6.57,Closed,Massachusetts,22-03-2020,29-01-2030
501892,12683,Mortgage,499470.73,331414.87,13.77,Defaulted,California,15-01-2022,30-12-2024
501893,11266,Business Loan,234407.94,36405.27,6.18,Closed,New Jersey,06-10-2024,23-06-2044
501894,12883,Business Loan,162460.05,59885.48,10.12,Fully Paid,Pennsylvania,26-06-2025,31-05-2030
501895,11722,Business Loan,526321.68,162956.88,6.31,Active,Florida,14-08-2024,14-07-2030
501896,11603,Auto Loan,51036.33,15901.81,10.64,Fully Paid,Florida,04-09-2020,30-07-2027
501897,10326,Auto Loan,60435.41,15003.74,12.19,Active,Texas,22-03-2025,07-12-2044
501898,12949,Auto Loan,84749.36,32801.69,6.55,Fully Paid,Washington,20-05-2021,04-05-2024
501899,10846,Business Loan,376386.39,257296.18,10.41,Defaulted,Pennsylvania,05-01-2025,05-12-2030
501900,12417,Mortgage,317323.29,151949.33,7.14,Active,Virginia,23-10-2024,02-10-2028
501901,10465,Mortgage,803275.47,506602.46,8.72,Active,Texas,24-06-2024,29-05-2029
501902,12113,Mortgage,687319.95,366608.94,12.08,Active,North Carolina,11-11-2025,11-10-2031
501903,10396,Personal Loan,5780.94,5203.18,11.64,Delinquent,North Carolina,13-04-2025,07-03-2032
501904,11637,Mortgage,271352.64,71253.17,10.73,Fully Paid,Michigan,23-11-2019,05-09-2034
501905,12425,Mortgage,222785.5,87298.62,14.35,Active,New Jersey,23-04-2020,04-02-2035
501906,10893,Mortgage,786131.22,457373.32,10.9,Active,New York,30-04-2021,04-04-2026
501907,12728,Mortgage,576164.26,110384.1,6.4,Active,Washington,11-07-2020,04-02-2050
501908,11670,Business Loan,423501.48,259041.24,6.69,Delinquent,Massachusetts,02-03-2025,25-01-2032
501909,12936,Business Loan,564487.5,443851.86,10.49,Defaulted,Texas,23-07-2023,31-05-2033
501910,11035,Personal Loan,26380.54,5478.68,13.06,Closed,Texas,29-12-2020,25-07-2050
501911,11672,Equipment Loan,119613.79,115546.03,4.59,Active,Massachusetts,16-12-2020,10-11-2027
501912,10143,Auto Loan,30324.79,15909.41,12.33,Fully Paid,Illinois,01-10-2021,05-09-2026
501913,10748,Auto Loan,86225.97,69462.53,8.37,Delinquent,Ohio,09-02-2020,27-10-2039
501914,11797,Business Loan,333478.24,179500.45,9.61,Delinquent,Massachusetts,31-07-2020,09-06-2030
501915,12829,Personal Loan,51066.95,21476.19,6.15,Active,Virginia,18-12-2023,02-12-2026
501916,10255,Business Loan,336469.97,193919.87,8.73,Active,North Carolina,02-06-2024,11-04-2034
501917,12564,Business Loan,303101.22,130822.19,9.95,Fully Paid,Pennsylvania,01-08-2021,16-07-2024
501918,12967,Mortgage,157868.58,86916.39,7.93,Active,Pennsylvania,06-06-2025,31-12-2054
501919,11351,Business Loan,256012.11,94633.2,12.31,Fully Paid,Pennsylvania,13-09-2021,23-08-2025
501920,10856,Auto Loan,84399.28,46661.89,10.49,Active,Massachusetts,10-11-2022,05-06-2052
501921,10327,Personal Loan,57378.6,38632.17,11.09,Active,New Jersey,04-09-2020,14-08-2024
501922,11034,Auto Loan,40807.23,20689.5,13.6,Active,New Jersey,26-12-2021,25-11-2027
501923,11054,Mortgage,312845.27,244504.05,6.37,Active,Ohio,26-07-2020,04-06-2030
501924,11579,Business Loan,483922.92,456452.51,9.36,Active,New Jersey,05-12-2024,14-11-2028
501925,11115,Mortgage,337879.43,222290.03,13.54,Closed,Arizona,17-08-2021,26-06-2031
501926,10057,Personal Loan,70700.14,18511.65,12.51,Active,Florida,07-05-2019,16-04-2023
501927,10846,Equipment Loan,219904.1,64305.46,3.98,Active,Pennsylvania,22-05-2019,30-03-2029
501928,11869,Personal Loan,53123.47,22387.13,10.72,Active,California,14-07-2021,18-06-2026
501929,12983,Mortgage,259812.02,248130.92,8.89,Active,Georgia,25-08-2019,12-05-2039
501930,11289,Mortgage,787951.81,706879.38,7.89,Delinquent,Ohio,02-02-2022,27-12-2028
501931,10593,Business Loan,183621.36,110015.53,6.74,Fully Paid,Georgia,15-03-2022,12-02-2028
501932,12547,Auto Loan,60973.97,10783.5,8.25,Defaulted,Virginia,03-11-2024,17-08-2039
501933,10641,Business Loan,595197.8,583257.4,10.75,Delinquent,New York,20-08-2021,16-03-2051
501934,12493,Mortgage,694789.02,632940.65,14.33,Active,Texas,13-07-2025,06-06-2032
501935,11020,Auto Loan,76857.73,62143.79,9.58,Active,Florida,13-05-2025,27-04-2028
501936,11419,Personal Loan,14675.52,5492.1,14.29,Active,New Jersey,25-06-2025,09-06-2028
501937,11438,Mortgage,732258.8,665481.12,4.01,Defaulted,Georgia,24-06-2025,06-04-2040
501938,11783,Mortgage,240669.83,61339.68,9.73,Defaulted,Georgia,27-08-2024,10-06-2039
501939,12097,Personal Loan,9502.45,5029.71,12.91,Active,Massachusetts,16-07-2021,15-06-2027
501940,11429,Mortgage,273753.09,183904.72,12.89,Active,Georgia,07-06-2023,31-12-2052
501941,10004,Auto Loan,85321.11,40595.42,6.04,Defaulted,Michigan,23-04-2022,17-03-2029
501942,11602,Auto Loan,31246.75,10397.94,13.39,Delinquent,Washington,05-01-2021,01-08-2050
501943,10174,Business Loan,591809.83,425653.76,7.57,Active,Arizona,27-08-2023,21-07-2030
501944,12908,Auto Loan,54508.04,31447.96,11.08,Active,New Jersey,12-05-2022,06-12-2051
501945,12914,Mortgage,468154.19,135586.55,10.61,Active,Massachusetts,12-04-2020,12-03-2026
501946,10715,Equipment Loan,271024.29,182019.57,5.37,Active,California,31-08-2020,05-08-2025
501947,11869,Mortgage,511809.58,147924.97,7.32,Closed,California,31-05-2020,16-02-2040
501948,10034,Auto Loan,45472.49,26357.69,14.28,Defaulted,Florida,19-05-2025,18-04-2031
501949,11947,Mortgage,230219.31,95640.42,5.16,Fully Paid,New York,23-09-2021,10-06-2041
501950,11583,Business Loan,163197.26,134087.97,6.5,Active,New York,02-05-2021,11-03-2031
501951,12429,Auto Loan,17938.84,14640.07,8.84,Active,Pennsylvania,13-12-2025,27-11-2028
501952,10869,Auto Loan,62135.93,10506.77,7.86,Defaulted,Florida,25-06-2025,12-03-2045
501953,11793,Auto Loan,41402.17,12747.65,10.69,Fully Paid,New York,13-06-2024,18-05-2029
501954,10985,Equipment Loan,63639.85,54579.47,10.36,Fully Paid,Georgia,03-02-2019,08-01-2024
501955,12525,Personal Loan,35745.98,11784.93,9.75,Active,Michigan,29-02-2020,02-02-2025
501956,10944,Equipment Loan,186569.68,29827.22,5.16,Fully Paid,Florida,22-01-2022,01-01-2026
501957,10136,Personal Loan,9099.9,1600.86,8.92,Defaulted,North Carolina,24-08-2019,18-07-2026
501958,12016,Personal Loan,21166.39,18950.2,8.61,Active,Florida,02-10-2021,15-07-2036
501959,12383,Auto Loan,69612.11,45781.78,12.83,Active,Ohio,11-10-2022,19-08-2032
501960,11170,Mortgage,718062.23,587337.04,13.21,Active,Texas,15-04-2025,09-03-2032
501961,12559,Mortgage,300411.86,121379.67,8.46,Active,New Jersey,18-01-2023,23-12-2027
501962,11034,Personal Loan,17316.93,7224.67,10.81,Active,New Jersey,18-10-2020,05-07-2040
501963,11452,Mortgage,490581.37,189852.68,6.18,Closed,Washington,22-10-2020,01-10-2024
501964,10327,Personal Loan,26467.06,10395.73,10.87,Active,New Jersey,04-07-2022,08-06-2027
501965,12063,Auto Loan,59373.14,45809.01,8.57,Defaulted,Arizona,03-09-2020,03-08-2026
501966,10893,Personal Loan,17719.16,15350.09,12.67,Fully Paid,New York,06-05-2022,16-02-2037
501967,12483,Business Loan,451473.91,437848.87,13.56,Active,Illinois,26-05-2020,11-05-2023
501968,12525,Personal Loan,37461.07,9319.64,11.81,Active,Michigan,05-12-2023,13-10-2033
501969,11631,Mortgage,198372.98,181290.58,11.96,Active,Illinois,18-12-2025,14-07-2055
501970,12506,Mortgage,802934.14,591868.7,10.99,Defaulted,North Carolina,30-12-2025,16-09-2045
501971,11204,Auto Loan,18925.77,7423.55,12.25,Fully Paid,Ohio,22-10-2021,26-09-2026
501972,10073,Business Loan,356583.53,307021.74,7.49,Closed,California,16-03-2020,08-02-2027
501973,12932,Auto Loan,81408.51,70261.51,4.55,Active,Arizona,25-02-2025,30-01-2030
501974,11618,Business Loan,326509.73,62352.95,5.85,Active,Washington,15-06-2023,28-03-2038
501975,10165,Mortgage,222043.28,90537.54,6.63,Active,Illinois,24-06-2021,08-06-2024
501976,11550,Auto Loan,54583.61,16285.84,13.29,Fully Paid,Virginia,17-06-2022,30-03-2037
501977,11705,Auto Loan,80225.92,45575,7.36,Active,Ohio,23-08-2024,06-06-2039
501978,12835,Equipment Loan,132731.9,112865.06,4.37,Active,North Carolina,21-05-2020,30-03-2030
501979,12361,Auto Loan,73560.9,20807.67,12.66,Active,Georgia,27-06-2025,06-06-2029
501980,12132,Auto Loan,51648.22,45292.09,8.14,Fully Paid,Georgia,07-02-2024,06-01-2030
501981,10357,Equipment Loan,43658.78,8646.08,4.18,Fully Paid,Massachusetts,13-05-2024,28-04-2027
501982,11101,Mortgage,477362.14,169877.8,4.1,Delinquent,Florida,12-03-2022,19-01-2032
501983,10534,Mortgage,184529.06,142222.74,10.94,Active,Illinois,08-05-2022,12-04-2027
501984,10281,Personal Loan,45181.08,37555.2,5.37,Active,Ohio,08-12-2020,04-07-2050
501985,10240,Mortgage,749375.52,274692.38,6.43,Fully Paid,Pennsylvania,16-06-2019,29-03-2034
501986,11707,Personal Loan,64349.9,55439.16,5.03,Fully Paid,Pennsylvania,30-03-2024,15-03-2027
501987,12249,Mortgage,513977.24,217221.08,13.27,Active,Illinois,05-08-2023,04-07-2029
501988,12635,Equipment Loan,94394.37,51951.78,8.88,Active,Texas,03-11-2025,12-09-2035
501989,12344,Mortgage,826658.78,662854.9,10.42,Fully Paid,Texas,24-07-2020,28-06-2025
501990,10943,Mortgage,164762.32,39488.96,14.01,Active,Virginia,21-02-2022,08-11-2041
501991,10184,Mortgage,545521.39,441712.45,11.96,Fully Paid,Ohio,16-07-2019,09-06-2026
501992,11075,Personal Loan,55588.47,34122.4,14.04,Active,Ohio,16-07-2025,20-06-2030
501993,10169,Equipment Loan,267046.72,230033.1,3.76,Active,Ohio,03-06-2022,18-02-2042
501994,12286,Mortgage,311982.95,294707.48,4.81,Active,Pennsylvania,06-12-2021,23-08-2041
501995,12675,Mortgage,563797.99,382166.16,8.47,Delinquent,Pennsylvania,02-08-2025,11-06-2035
501996,10178,Personal Loan,69213.26,66357.83,4.28,Active,Ohio,30-04-2021,24-03-2028
501997,12608,Auto Loan,79934.42,31307.51,7.2,Fully Paid,Michigan,14-11-2019,13-10-2025
501998,10583,Business Loan,100854.56,78498.86,3.51,Active,Ohio,25-07-2022,09-07-2025
501999,11281,Auto Loan,85353.06,77497.62,12.31,Delinquent,Michigan,27-05-2019,20-12-2048
502000,11167,Mortgage,509589.98,219611.86,10.51,Active,Virginia,16-01-2023,24-11-2032
502001,12843,Mortgage,198995.65,68797.13,14.06,Defaulted,North Carolina,07-03-2025,19-12-2039
502002,10913,Auto Loan,49710.69,22861.07,10.64,Defaulted,Illinois,20-05-2023,04-05-2026
502003,10508,Personal Loan,36384.3,5824.31,9.39,Delinquent,New York,01-09-2025,11-08-2029
502004,12241,Auto Loan,30264,15596.08,13.04,Active,New York,29-03-2025,14-12-2044
502005,10883,Mortgage,743051.56,256143.96,6.56,Defaulted,California,09-02-2022,19-01-2026
502006,10575,Auto Loan,65259.2,56211.21,5.21,Fully Paid,Michigan,19-07-2021,12-02-2051
502007,12144,Mortgage,290918.42,204692.9,9.34,Active,Michigan,17-08-2019,11-07-2026
502008,11471,Equipment Loan,90837.44,25357.73,7.39,Active,Michigan,05-08-2023,20-07-2026
502009,11270,Mortgage,162563.63,143235.05,12.76,Active,New Jersey,02-09-2023,20-05-2043
502010,12597,Business Loan,510512.05,312135.52,11.4,Active,Massachusetts,04-03-2020,27-01-2027
502011,12609,Personal Loan,41258.77,39540.82,7.2,Active,Michigan,21-06-2020,06-06-2023
502012,12336,Equipment Loan,290516.97,221622.43,8.12,Active,Pennsylvania,24-03-2024,03-03-2028
502013,12183,Mortgage,671014.04,111322.36,4.14,Active,Virginia,13-04-2023,07-03-2030
502014,12122,Auto Loan,73138.04,67801.23,11.68,Active,Illinois,11-02-2025,21-01-2029
502015,10751,Mortgage,765455.62,445015.58,10.69,Fully Paid,Georgia,25-06-2025,09-06-2028
502016,11389,Personal Loan,26297.67,11973.91,4.89,Fully Paid,Georgia,18-05-2021,12-12-2050
502017,10695,Mortgage,552814.63,206570.04,11.63,Delinquent,Washington,21-10-2022,14-09-2029
502018,11289,Personal Loan,27539.6,9541.54,10.18,Closed,Ohio,21-05-2019,05-05-2022
502019,11707,Auto Loan,54307.59,13192.68,6.4,Fully Paid,Pennsylvania,22-02-2024,09-11-2043
502020,11178,Business Loan,369617.83,215571.25,12.03,Active,Texas,18-02-2023,27-12-2032
502021,11129,Auto Loan,88727.27,57360.6,10.09,Fully Paid,New Jersey,11-11-2020,29-07-2040
502022,12137,Mortgage,843390.64,825489.25,4.08,Active,North Carolina,04-06-2019,19-02-2039
502023,12631,Mortgage,697613.59,471455.97,10.91,Delinquent,Virginia,09-09-2021,14-08-2026
502024,12410,Personal Loan,74256.15,52798.3,6.22,Defaulted,Florida,18-02-2022,12-01-2029
502025,11141,Personal Loan,24902.64,19413.14,8.2,Delinquent,Texas,30-03-2023,23-10-2052
502026,12467,Personal Loan,37409.78,12628.4,11.55,Closed,Ohio,30-05-2025,04-05-2030
502027,10096,Personal Loan,68700.51,34558.17,8.91,Active,Illinois,31-07-2024,10-07-2028
502028,11087,Auto Loan,28674.95,20653.96,5.17,Delinquent,Pennsylvania,28-01-2021,28-12-2026
502029,12897,Mortgage,636642.14,621380.58,5.84,Active,Massachusetts,28-02-2021,15-11-2040
502030,12265,Mortgage,279608.81,72139.19,4,Defaulted,Pennsylvania,20-07-2021,06-04-2041
502031,10998,Personal Loan,16389.63,4993.38,4.7,Active,Michigan,04-01-2020,21-09-2039
502032,10964,Mortgage,830689.94,232822.23,14.2,Fully Paid,Georgia,09-09-2020,25-08-2023
502033,10488,Mortgage,251300.07,127189.59,14.13,Active,California,25-03-2019,31-01-2029
502034,11239,Mortgage,393414.42,146591.61,9.05,Fully Paid,Virginia,23-01-2021,18-12-2027
502035,11852,Auto Loan,50216.1,25568.96,6.25,Active,Pennsylvania,26-11-2020,21-10-2027
502036,12596,Equipment Loan,295962.65,224519.38,12.5,Defaulted,Massachusetts,07-01-2020,06-12-2025
502037,10303,Auto Loan,47266.32,43880.49,7.05,Active,Washington,09-08-2025,18-06-2035
502038,11409,Auto Loan,79857.03,50506.97,3.93,Fully Paid,Washington,27-04-2023,20-11-2052
502039,10247,Personal Loan,15845.36,11702.54,6.31,Closed,Arizona,30-10-2024,24-09-2031
502040,10310,Auto Loan,40992.44,10155.93,10.38,Fully Paid,New Jersey,29-12-2025,08-12-2029
502041,11810,Mortgage,594377.77,506593.84,10.18,Active,Texas,10-02-2019,19-12-2028
502042,10032,Mortgage,401220.49,172261.56,10.23,Active,Washington,04-10-2020,08-09-2025
502043,12917,Business Loan,370733.02,346109.2,13.48,Closed,Virginia,03-06-2023,07-05-2028
502044,10082,Mortgage,185816.71,110197.99,5.08,Active,Florida,12-06-2023,27-05-2026
502045,12991,Equipment Loan,190085.68,147620.81,12.66,Active,Washington,02-07-2019,26-05-2026
502046,11021,Mortgage,495573.07,330743.72,3.8,Active,Arizona,03-05-2021,18-01-2041
502047,12819,Equipment Loan,209140.66,182377.41,13.69,Active,Ohio,20-06-2022,28-04-2032
502048,11043,Mortgage,273492.59,186124.39,9.26,Active,Florida,23-03-2024,25-02-2029
502049,12498,Auto Loan,74823.2,68722.93,7.67,Active,Michigan,13-07-2021,22-05-2031
502050,12804,Mortgage,354187.81,116730.05,8.89,Active,Michigan,10-09-2022,04-08-2029
502051,11491,Mortgage,620671.1,347103.73,4.65,Defaulted,New Jersey,27-01-2022,21-12-2028
502052,11068,Mortgage,555753.88,248495.4,11.36,Active,Ohio,28-03-2025,13-12-2044
502053,11958,Auto Loan,87431.36,39795.26,4.7,Active,Georgia,22-06-2022,21-05-2028
502054,10067,Equipment Loan,284830.85,46126.42,8.58,Fully Paid,Arizona,19-08-2022,13-07-2029
502055,10327,Business Loan,238913.55,138233.9,9.11,Fully Paid,New Jersey,16-02-2021,11-01-2028
502056,12608,Personal Loan,8666.57,2566.02,6.11,Active,Michigan,14-05-2024,29-04-2027
502057,11299,Auto Loan,43722.45,21060.89,11.57,Fully Paid,Washington,08-01-2021,08-12-2026
502058,11914,Auto Loan,58430.32,25280.89,5.91,Active,Texas,09-04-2025,16-02-2035
502059,10088,Personal Loan,18440.01,3131.69,7,Fully Paid,New York,25-10-2023,09-10-2026
502060,12126,Business Loan,362351.36,174632.79,5.33,Active,Georgia,29-12-2020,23-11-2027
502061,11866,Business Loan,114452.6,103874.81,7.02,Active,Ohio,11-05-2022,19-03-2032
502062,12659,Mortgage,364676.5,143579.43,11.94,Active,Ohio,20-09-2021,30-08-2025
502063,12477,Business Loan,415049.02,348169.62,4.81,Delinquent,New York,17-08-2019,27-07-2023
502064,10715,Business Loan,169328.46,77359.84,11.35,Closed,California,10-02-2021,06-09-2050
502065,10648,Personal Loan,36778.41,18431.86,3.68,Active,Pennsylvania,14-04-2020,30-03-2023
502066,12296,Auto Loan,26600.14,16160.94,4.65,Defaulted,Washington,10-03-2024,26-11-2043
502067,11591,Auto Loan,34466.21,18183.81,14.46,Active,New York,17-03-2025,11-10-2054
502068,10794,Equipment Loan,60761.21,59210.45,8.28,Active,California,30-05-2019,23-12-2048
502069,10453,Business Loan,442577.61,152176.63,11.3,Active,Texas,15-07-2019,29-06-2022
502070,11774,Personal Loan,51240.78,25622.11,4.69,Fully Paid,Illinois,27-07-2022,06-07-2026
502071,12692,Personal Loan,33944.26,5467.72,9,Active,North Carolina,24-06-2020,24-05-2026
502072,12582,Mortgage,486164.92,260100.48,11.35,Active,Washington,09-05-2020,03-12-2049
502073,10493,Mortgage,783188.13,337663.95,10.05,Active,Georgia,26-12-2019,08-10-2034
502074,10949,Personal Loan,38651.36,32949.34,5.26,Closed,Virginia,13-06-2023,23-05-2027
502075,11605,Personal Loan,67409.36,50015.7,9.23,Active,New York,25-12-2025,21-07-2055
502076,11139,Auto Loan,85384.74,39121.08,13.62,Active,California,10-03-2024,02-02-2031
502077,10043,Mortgage,470482.52,339587.99,12.77,Delinquent,New York,19-05-2025,12-04-2032
502078,11959,Personal Loan,49965.84,13224.27,6.13,Active,Ohio,13-05-2025,28-01-2045
502079,11199,Mortgage,836596.78,156497.96,6.19,Active,Washington,09-03-2023,15-01-2033
502080,12103,Equipment Loan,167897.69,144558.86,14.28,Fully Paid,Illinois,04-01-2023,14-12-2026
502081,11014,Equipment Loan,188598.28,64322.53,13.62,Active,Massachusetts,25-04-2023,10-01-2043
502082,10321,Auto Loan,61472.66,44872.61,6.3,Active,New York,06-06-2020,01-05-2027
502083,12019,Auto Loan,38684.59,36462.95,5.13,Delinquent,Arizona,21-11-2021,03-09-2036
502084,12800,Equipment Loan,174240.36,66057.4,8.27,Active,Florida,14-06-2019,22-04-2029
502085,10695,Mortgage,325475.67,162542.82,13.66,Defaulted,Washington,07-04-2024,23-03-2027
502086,10542,Mortgage,210655.45,202184.27,4.32,Active,Washington,20-12-2020,06-09-2040
502087,12463,Business Loan,479101.61,121217.62,3.55,Fully Paid,Washington,31-07-2024,30-06-2030
502088,11024,Mortgage,639328.44,428987.06,14.11,Fully Paid,Illinois,01-06-2019,16-05-2022
502089,10270,Business Loan,95393.95,38134.26,4.11,Active,Pennsylvania,18-02-2025,03-02-2028
502090,11584,Mortgage,266737.91,212489.14,13.46,Active,Virginia,15-05-2023,08-12-2052
502091,12323,Auto Loan,16183.46,12465.89,8.65,Defaulted,Arizona,15-06-2022,14-05-2028
502092,12675,Mortgage,742318.8,505739.14,4.97,Active,Pennsylvania,23-06-2022,05-04-2037
502093,11182,Auto Loan,83625.6,65762.01,13.25,Active,Arizona,26-12-2021,19-11-2028
502094,10801,Auto Loan,51652.36,45875.66,12.62,Active,New York,04-08-2020,04-07-2026
502095,10463,Business Loan,472037.76,395974.41,13.17,Defaulted,New York,10-10-2024,25-09-2027
502096,11989,Equipment Loan,57849.4,51450.47,10.77,Fully Paid,Washington,21-04-2019,01-02-2034
502097,12504,Personal Loan,52903.83,25970.88,6.72,Fully Paid,Michigan,07-07-2025,19-04-2040
502098,12972,Business Loan,366517.59,97220.85,12.44,Active,Texas,14-12-2025,18-11-2030
502099,12147,Auto Loan,38008.71,34691.48,11.11,Closed,Georgia,21-08-2021,15-07-2028
502100,10787,Auto Loan,82638.7,64531.24,9.63,Defaulted,Washington,01-04-2025,13-01-2040
502101,10041,Mortgage,789917.58,386803.63,8.9,Active,New York,30-08-2025,30-07-2031
502102,12358,Equipment Loan,105300,38514.36,5.65,Active,California,02-03-2022,13-12-2036
502103,11414,Auto Loan,72567.34,15778.14,13.07,Active,New York,20-04-2021,14-11-2050
502104,11953,Equipment Loan,69777.9,23443.4,4.64,Active,Michigan,27-07-2024,12-07-2027
502105,11484,Mortgage,652642.93,112503.7,14.34,Active,California,10-05-2024,21-02-2039
502106,11054,Business Loan,207526.05,61857.01,4,Active,Ohio,05-08-2020,10-07-2025
502107,12246,Business Loan,249474.65,237517.33,13.61,Active,Pennsylvania,25-12-2023,18-11-2030
502108,10329,Mortgage,629547.81,296624.37,7.22,Active,Massachusetts,03-05-2020,14-02-2035
502109,10410,Business Loan,171988.91,71478.32,6.73,Active,Massachusetts,11-10-2020,28-06-2040
502110,10202,Auto Loan,68300.56,44145,12.68,Active,California,12-08-2024,12-07-2030
502111,11543,Auto Loan,20481.38,6128.89,12.57,Active,North Carolina,13-03-2021,05-02-2028
502112,12104,Mortgage,376618.17,110053.12,5.19,Active,New York,08-08-2020,18-07-2024
502113,12009,Auto Loan,47609.89,15010.26,11.6,Active,Illinois,14-11-2024,19-10-2029
502114,11973,Equipment Loan,143439,139445.97,9.6,Fully Paid,Texas,30-01-2023,08-12-2032
502115,10757,Business Loan,82569.03,32396.54,11.3,Active,Arizona,06-10-2025,02-05-2055
502116,10417,Business Loan,427705.28,307769.97,5.6,Active,Florida,06-12-2025,20-11-2028
502117,12254,Personal Loan,28834.28,6871.63,13.87,Defaulted,Illinois,07-09-2025,07-08-2031
502118,11789,Mortgage,411770.02,192231.73,13.73,Fully Paid,Illinois,28-06-2019,01-06-2024
502119,12348,Equipment Loan,75680.51,47742.83,8.45,Active,Arizona,05-02-2022,10-01-2027
502120,12916,Mortgage,509479.81,78874.62,9.36,Delinquent,Georgia,18-11-2023,05-08-2043
502121,11045,Equipment Loan,55917.27,37295.06,13.8,Closed,Florida,30-06-2021,09-05-2031
502122,10292,Auto Loan,20601.37,16389.1,4.53,Active,California,02-11-2022,07-10-2027
502123,10741,Mortgage,830340.43,218492.17,7.17,Defaulted,Michigan,09-11-2025,24-10-2028
502124,10212,Auto Loan,41735.01,24728.79,12.76,Active,New Jersey,17-07-2020,02-07-2023
502125,11496,Business Loan,177362.01,150854.91,9.18,Active,Georgia,01-04-2021,11-03-2025
502126,10107,Business Loan,479630.92,420147.13,11.89,Active,Pennsylvania,17-02-2021,12-01-2028
502127,12856,Mortgage,806636.17,186426.45,6.38,Fully Paid,Georgia,13-10-2021,22-08-2031
502128,11745,Auto Loan,41524.06,33329.66,7.55,Delinquent,New York,27-07-2021,20-02-2051
502129,10089,Auto Loan,60707.62,29402.97,13.1,Fully Paid,Ohio,07-02-2023,20-11-2037
502130,11268,Auto Loan,89257.8,21958.1,4.64,Active,Texas,28-06-2019,12-06-2022
502131,12390,Mortgage,241175.08,225288.56,14.13,Fully Paid,North Carolina,11-04-2021,18-02-2031
502132,12366,Mortgage,490853.16,436002.42,12.21,Fully Paid,Michigan,22-08-2021,04-06-2036
502133,11960,Personal Loan,6766.21,5696.88,4.76,Defaulted,Virginia,10-01-2023,23-10-2037
502134,11421,Mortgage,759719.65,609858.2,14.03,Defaulted,Florida,06-03-2025,18-12-2039
502135,12107,Auto Loan,69821.85,46113.23,13.13,Active,New Jersey,11-08-2025,20-06-2035
502136,10798,Personal Loan,33319.64,9567.74,7.61,Closed,Florida,26-07-2024,20-06-2031
502137,12609,Business Loan,74509.58,69555.57,12.58,Closed,Michigan,24-01-2019,29-12-2023
502138,10240,Auto Loan,71396.81,46357.57,4.12,Active,Pennsylvania,28-12-2024,11-10-2039
502139,12777,Personal Loan,21890.15,20264.14,7.62,Defaulted,Georgia,16-10-2019,24-08-2029
502140,12728,Auto Loan,66605.19,64725.53,5.83,Fully Paid,Washington,12-09-2025,27-08-2028
502141,11274,Business Loan,127615.01,117240.36,10.85,Defaulted,Washington,26-10-2020,25-09-2026
502142,12791,Mortgage,217796.16,174859.96,11.54,Active,Texas,13-12-2019,06-11-2026
502143,10490,Auto Loan,34995.01,28125.05,10.55,Fully Paid,Washington,14-03-2025,26-12-2039
502144,12141,Auto Loan,41666.56,16420.76,13.11,Defaulted,Pennsylvania,27-07-2019,04-06-2029
502145,10739,Equipment Loan,191103.51,66580.7,7.1,Delinquent,Florida,16-12-2025,25-11-2029
502146,11515,Auto Loan,42921.12,15669.46,11.36,Delinquent,Arizona,06-02-2024,15-12-2033
502147,12582,Auto Loan,89341.74,23324.98,9.65,Active,Washington,26-12-2025,10-12-2028
502148,11399,Mortgage,704614.16,293531.3,7.06,Delinquent,Arizona,10-10-2023,27-06-2043
502149,11764,Auto Loan,57893.77,38197.4,6.32,Active,Washington,11-05-2022,21-02-2037
502150,12761,Auto Loan,33732.59,26033.58,6.09,Active,Virginia,28-01-2020,22-12-2026
502151,10275,Auto Loan,71996.75,57174.72,6.14,Fully Paid,Michigan,05-06-2025,20-02-2045
502152,10509,Mortgage,271471.57,167100.67,12.63,Fully Paid,North Carolina,10-06-2024,26-05-2027
502153,11465,Mortgage,753916.86,213546.46,12.78,Active,Washington,10-10-2024,09-09-2030
502154,10487,Mortgage,278881.73,165954.43,11.52,Active,New York,23-04-2021,08-01-2041
502155,12463,Business Loan,508723.47,86864.22,3.83,Active,Washington,28-12-2024,06-11-2034
502156,11245,Auto Loan,16846.48,11331.43,3.85,Fully Paid,Georgia,09-05-2019,02-12-2048
502157,11144,Auto Loan,51431.69,24335.68,12.69,Defaulted,Pennsylvania,19-02-2020,18-01-2026
502158,12509,Mortgage,490494.04,469013.18,12.69,Fully Paid,Florida,12-08-2019,25-05-2034
502159,12647,Mortgage,756591.78,267447.4,12.09,Fully Paid,Arizona,20-11-2019,19-10-2025
502160,10685,Mortgage,698979.32,496806.87,4.44,Active,Illinois,04-03-2024,11-01-2034
502161,10694,Mortgage,158803.73,29693.04,6.19,Closed,Virginia,17-12-2021,10-11-2028
502162,10510,Mortgage,299208.58,134313.81,12.66,Delinquent,Pennsylvania,02-06-2020,27-12-2049
502163,10909,Business Loan,372806.39,265616.44,11.64,Active,Michigan,28-11-2024,23-10-2031
502164,12928,Business Loan,103894.28,83091.71,10.5,Active,Washington,09-12-2022,23-11-2025
502165,10964,Auto Loan,59316.54,56472.03,12.96,Active,Georgia,29-09-2019,07-08-2029
502166,10827,Personal Loan,39130.98,25931.64,13.32,Active,California,09-03-2019,16-02-2023
502167,10844,Business Loan,556343.33,420767.08,14.34,Active,Pennsylvania,22-10-2024,09-07-2044
502168,10385,Personal Loan,73184.36,19031.33,8.12,Active,New Jersey,27-10-2024,06-10-2028
502169,10598,Auto Loan,33754.79,17194.96,11.59,Closed,Ohio,24-09-2020,03-08-2030
502170,10565,Auto Loan,44329.22,35207.01,9.29,Closed,Washington,21-07-2024,15-06-2031
502171,11314,Equipment Loan,121360.14,61701.06,13.56,Closed,Florida,19-04-2023,04-01-2043
502172,10363,Mortgage,175758.76,154720.64,5.97,Delinquent,Massachusetts,24-10-2021,20-05-2051
502173,12257,Mortgage,445399.88,102610.88,4.97,Delinquent,Washington,16-07-2024,09-02-2054
502174,11218,Auto Loan,53625.09,12925.35,10.26,Active,Pennsylvania,08-12-2021,17-11-2025
502175,12598,Equipment Loan,198902.88,45545.29,9.68,Active,New Jersey,24-07-2021,02-06-2031
502176,10971,Business Loan,88149.07,36977.47,14.07,Delinquent,Illinois,21-02-2024,31-01-2028
502177,11821,Personal Loan,51432.24,9140.46,13.76,Active,Michigan,10-05-2022,04-12-2051
502178,10068,Auto Loan,22312.52,16401.63,8.63,Active,Illinois,26-11-2024,31-10-2029
502179,11252,Equipment Loan,117607.51,36325.78,3.92,Active,Pennsylvania,11-10-2021,28-06-2041
502180,10686,Business Loan,142924.94,94323.1,13.29,Active,Illinois,17-05-2022,10-04-2029
502181,12171,Business Loan,351456.82,298663.16,13.44,Active,California,17-09-2019,04-06-2039
502182,10238,Business Loan,97600.57,24641.22,13.65,Active,California,08-04-2024,20-01-2039
502183,10108,Auto Loan,68864.08,56979.17,10.63,Active,Arizona,03-07-2022,01-06-2028
502184,11388,Business Loan,199205.55,39679.16,4.31,Fully Paid,New Jersey,04-04-2025,19-03-2028
502185,12744,Mortgage,533747.97,361263.23,10.47,Fully Paid,California,19-05-2019,22-04-2024
502186,11139,Business Loan,249531.07,212386.88,6.55,Active,California,21-10-2021,30-08-2031
502187,10515,Mortgage,454130.75,320926.08,3.7,Fully Paid,California,09-01-2022,26-09-2041
502188,10132,Personal Loan,14605.22,9557.66,5.6,Active,Massachusetts,19-01-2024,23-12-2028
502189,12329,Auto Loan,69190.59,23488.82,12.12,Closed,North Carolina,27-08-2022,22-03-2052
502190,12131,Business Loan,101617.71,80606.07,8.69,Closed,Georgia,17-09-2025,11-08-2032
502191,12984,Auto Loan,65735.74,59582.32,8.92,Active,California,20-01-2019,02-11-2033
502192,11444,Personal Loan,68212.15,27953.83,7.33,Closed,California,28-06-2020,07-06-2024
502193,10548,Auto Loan,83439.69,22060.54,12.18,Active,Washington,19-12-2023,22-11-2028
502194,10795,Personal Loan,73859.2,69324.7,12.27,Active,Florida,10-11-2020,26-10-2023
502195,10533,Mortgage,662891.63,271150.04,6.41,Delinquent,New York,03-04-2023,27-10-2052
502196,11043,Auto Loan,81356.81,29105.99,3.78,Fully Paid,Florida,27-03-2021,01-03-2026
502197,10954,Mortgage,302628.09,182057.41,7.38,Fully Paid,New Jersey,11-03-2025,05-10-2054
502198,11021,Business Loan,330322.88,282569.75,13.05,Active,Arizona,07-04-2023,11-03-2028
502199,11726,Business Loan,576964.22,467772.32,8.34,Active,Washington,28-02-2025,07-02-2029
502200,11881,Auto Loan,64977.36,52688.29,8.77,Active,Arizona,24-12-2023,17-11-2030
502201,11734,Mortgage,355942.78,173777.51,9.24,Defaulted,California,26-12-2021,08-10-2036
502202,10616,Auto Loan,28834.91,27552.82,9.79,Defaulted,Georgia,22-09-2024,01-08-2034
502203,10387,Mortgage,810518.72,425814.06,13.35,Closed,Massachusetts,17-10-2025,10-09-2032
502204,12237,Business Loan,401794.31,64162.49,8.11,Active,Michigan,07-08-2021,16-06-2031
502205,10643,Mortgage,525629.54,506504.51,14.37,Active,North Carolina,01-12-2020,18-08-2040
502206,10630,Business Loan,80363.9,47242.83,5.36,Closed,Michigan,03-05-2021,02-04-2027
502207,10472,Mortgage,230675.98,193863.7,8.56,Fully Paid,Ohio,21-01-2021,31-12-2024
502208,10756,Equipment Loan,245585.43,203459.59,10.89,Fully Paid,Illinois,02-07-2021,11-06-2025
502209,11546,Mortgage,375236.37,334494.52,9.83,Fully Paid,Texas,17-05-2025,01-02-2045
502210,11210,Business Loan,219466.77,117708.62,11.47,Active,Illinois,22-09-2020,22-08-2026
502211,11621,Auto Loan,35605.71,20556.48,7.2,Fully Paid,Florida,18-01-2024,17-12-2029
502212,11763,Personal Loan,69862.87,40603.68,13.36,Active,New Jersey,13-04-2021,28-03-2024
502213,11284,Mortgage,768058.48,589488.67,14.27,Active,Michigan,24-03-2020,03-03-2024
502214,12762,Auto Loan,26084.17,23131.63,8.21,Closed,Washington,02-12-2020,28-06-2050
502215,10627,Mortgage,444738.28,118082.21,6.83,Active,Michigan,04-03-2022,15-12-2036
502216,11417,Mortgage,573548.94,401439.73,6.55,Active,Georgia,16-01-2020,20-12-2024
502217,11632,Personal Loan,71915.93,15742.46,4.38,Active,Pennsylvania,30-08-2024,09-08-2028
502218,10210,Equipment Loan,224238.54,86210.86,13.56,Fully Paid,Illinois,01-01-2024,30-11-2029
502219,12034,Mortgage,744967.75,479720.79,7.96,Delinquent,Texas,23-07-2024,09-04-2044
502220,10376,Mortgage,234528.13,170557.85,13.96,Active,Florida,02-12-2022,11-11-2026
502221,10573,Personal Loan,12266.59,4076.2,12.49,Fully Paid,Illinois,13-04-2021,07-11-2050
502222,11504,Mortgage,342135.59,90570.99,11.38,Delinquent,Pennsylvania,07-11-2021,20-08-2036
502223,10320,Mortgage,178211.5,150225.46,9.91,Active,Michigan,11-09-2024,16-08-2029
502224,10853,Auto Loan,45062.75,21326.92,14.34,Closed,Georgia,11-07-2025,23-04-2040
502225,11617,Mortgage,653830.17,593167.44,5.79,Fully Paid,Massachusetts,11-03-2021,26-11-2040
502226,12573,Auto Loan,70874.77,53949.39,7.7,Fully Paid,Washington,27-03-2019,06-03-2023
502227,11846,Equipment Loan,246388.9,228645.22,6.05,Closed,New York,30-04-2020,04-04-2025
502228,10368,Business Loan,365826.36,184515.8,7.03,Active,North Carolina,28-10-2023,07-10-2027
502229,12453,Equipment Loan,252022.28,180593.63,6.58,Active,Washington,05-06-2022,20-05-2025
502230,11290,Business Loan,439694.02,218814.01,3.72,Active,Arizona,09-03-2020,21-12-2034
502231,12506,Mortgage,845983.96,744661.87,6.69,Delinquent,North Carolina,14-12-2023,31-08-2043
502232,12478,Mortgage,288834.8,171071.77,8.26,Closed,California,01-04-2022,26-10-2051
502233,11222,Auto Loan,27224.46,25364.41,5.95,Closed,Ohio,20-07-2023,28-05-2033
502234,11291,Personal Loan,35341.7,12531.22,5.31,Fully Paid,Georgia,17-02-2025,12-01-2032
502235,12448,Business Loan,383981.18,328011.27,10.61,Delinquent,Ohio,07-08-2019,02-03-2049
502236,10528,Equipment Loan,116772.28,54295.41,12.2,Closed,Illinois,21-09-2023,30-07-2033
502237,11302,Mortgage,670607.98,389475.58,8.43,Active,Massachusetts,15-06-2024,25-05-2028
502238,12301,Mortgage,632889.37,214420.16,12.2,Active,Michigan,04-04-2020,29-10-2049
502239,11856,Mortgage,512444.46,242656.8,14.25,Active,Virginia,22-01-2019,21-12-2024
502240,10422,Personal Loan,47001.01,20436.11,9.16,Active,New Jersey,30-10-2025,14-10-2028
502241,10337,Auto Loan,57482.95,22945.74,12.95,Active,Washington,27-06-2022,26-05-2028
502242,12902,Personal Loan,39995.77,20032.8,7.96,Closed,North Carolina,01-03-2020,25-09-2049
502243,12964,Personal Loan,28232.17,14170.78,10.52,Delinquent,Arizona,10-11-2019,20-10-2023
502244,12665,Mortgage,691588.47,231349.38,5.44,Active,Massachusetts,03-01-2025,08-12-2029
502245,11985,Personal Loan,60328.46,37896.77,9.34,Active,Washington,07-01-2025,12-12-2029
502246,12778,Auto Loan,42991.24,13533.53,9.88,Defaulted,Virginia,02-12-2025,19-08-2045
502247,12767,Mortgage,688597.26,564376.07,11.05,Fully Paid,Georgia,25-01-2023,30-12-2027
502248,12813,Auto Loan,85941.16,84121.36,11.43,Closed,Pennsylvania,04-11-2020,18-08-2035
502249,11253,Auto Loan,29030.28,12623.95,14.15,Closed,Massachusetts,12-04-2019,11-03-2025
502250,11246,Business Loan,532629.49,343962.03,5.05,Delinquent,Texas,09-05-2019,12-04-2024
502251,10777,Personal Loan,37169.19,30562.84,4.18,Delinquent,Illinois,26-10-2022,03-09-2032
502252,10606,Business Loan,83290.48,62007.24,4.18,Active,Georgia,28-06-2021,28-05-2027
502253,12408,Auto Loan,67332.16,49973.98,12.92,Active,New York,04-02-2020,30-08-2049
502254,10542,Auto Loan,73237.62,18787.9,4.29,Defaulted,Washington,15-09-2025,20-08-2030
502255,11199,Business Loan,337219.04,317035.71,7.68,Fully Paid,Washington,15-02-2022,15-01-2028
502256,10205,Mortgage,297553.2,61744.88,3.8,Active,Georgia,03-03-2020,26-01-2027
502257,12343,Mortgage,711757.07,414753.14,8.78,Active,Georgia,29-11-2024,08-11-2028
502258,11017,Auto Loan,78717.8,27381.46,10.73,Active,Arizona,01-09-2024,28-03-2054
502259,12751,Business Loan,452849.07,287309.59,11.99,Active,Illinois,21-11-2020,17-06-2050
502260,11162,Auto Loan,79206.43,70790.75,9.27,Active,Illinois,21-07-2022,03-05-2037
502261,12261,Equipment Loan,193294.53,46580.42,12.07,Fully Paid,California,05-08-2025,20-07-2028
502262,11222,Auto Loan,61600.05,31948.71,9.13,Fully Paid,Ohio,26-01-2023,04-12-2032
502263,10189,Personal Loan,53573.69,20948.87,8.97,Closed,Arizona,14-01-2022,23-11-2031
502264,12793,Mortgage,671748.38,568244.38,8.37,Defaulted,Pennsylvania,27-11-2024,27-10-2030
502265,11616,Auto Loan,71373.63,31517.33,3.63,Active,Michigan,09-07-2019,21-04-2034
502266,11595,Mortgage,348777.97,143933.46,12.13,Active,Georgia,08-12-2025,22-11-2028
502267,11867,Auto Loan,30543.81,25608.37,7.98,Active,New Jersey,28-11-2021,02-11-2026
502268,10174,Personal Loan,24162.07,12189.9,7.23,Active,Arizona,12-01-2019,06-12-2025
502269,10448,Auto Loan,83893.01,61923.11,12.79,Defaulted,Texas,02-04-2024,18-03-2027
502270,12423,Mortgage,826985.9,641106.98,11.05,Fully Paid,New York,10-08-2022,15-07-2027
502271,10698,Mortgage,233389.71,67609.77,13.1,Fully Paid,Ohio,06-07-2020,31-05-2027
502272,12476,Auto Loan,56127.63,25684.04,7.69,Fully Paid,Massachusetts,30-12-2025,09-12-2029
502273,11605,Mortgage,278340.04,248887.45,8.27,Fully Paid,New York,03-07-2019,06-06-2024
502274,11107,Personal Loan,43970.45,10862.52,10.21,Active,Florida,03-08-2021,03-07-2027
502275,11586,Mortgage,246446.16,227300.58,14.06,Active,Illinois,08-05-2022,06-04-2028
502276,10482,Mortgage,338669.34,285297.05,8.74,Fully Paid,Arizona,22-08-2024,27-07-2029
502277,12671,Personal Loan,28590.25,21510.97,3.56,Active,Washington,13-11-2024,22-09-2034
502278,12485,Equipment Loan,117581.77,71178.34,13.98,Closed,Florida,11-05-2020,05-04-2027
502279,10287,Equipment Loan,170629.44,142651.8,3.76,Active,North Carolina,24-03-2020,16-02-2027
502280,10008,Auto Loan,54090.26,29429.03,13.08,Active,Illinois,20-09-2023,29-07-2033
502281,11691,Mortgage,825266.36,396540.11,8.54,Active,New York,13-08-2025,13-07-2031
502282,12507,Auto Loan,84567.86,60018.51,12.02,Active,Washington,29-09-2022,28-08-2028
502283,11050,Mortgage,170363.4,138327.29,11.31,Active,Texas,25-03-2020,11-12-2039
502284,11340,Mortgage,372323.94,167867.87,5.61,Active,Virginia,04-02-2023,19-01-2026
502285,11228,Business Loan,350965.32,335032.98,10.1,Fully Paid,New York,02-11-2023,20-07-2043
502286,12085,Equipment Loan,177891.98,29567.08,4.51,Active,Pennsylvania,15-03-2020,23-02-2024
502287,10320,Mortgage,232510.96,49229.42,8.58,Active,Michigan,27-09-2024,23-04-2054
502288,11450,Personal Loan,74390.89,27157.45,8.11,Active,Pennsylvania,28-08-2022,07-08-2026
502289,11105,Business Loan,272092.43,102540.63,3.96,Active,New York,22-07-2025,21-06-2031
502290,10262,Auto Loan,17390.08,12676.75,8.14,Defaulted,Texas,31-07-2024,09-06-2034
502291,10837,Auto Loan,53070.02,49116.16,3.89,Fully Paid,Washington,02-04-2021,25-02-2028
502292,12911,Mortgage,317708.24,188007.42,5.44,Fully Paid,Arizona,16-07-2023,30-06-2026
502293,12520,Auto Loan,22506.53,17015.58,4.93,Defaulted,New Jersey,10-04-2023,09-03-2029
502294,10132,Auto Loan,84505.71,21162.74,14.11,Active,Massachusetts,31-12-2024,16-12-2027
502295,12135,Personal Loan,56731.91,42717.95,13.09,Closed,Washington,30-12-2022,09-12-2026
502296,11171,Personal Loan,5621.48,3453.2,5.88,Active,Florida,25-12-2025,03-11-2035
502297,10679,Equipment Loan,117216.26,34002.34,9.01,Fully Paid,Arizona,10-11-2022,09-10-2028
502298,11956,Mortgage,716456.44,478180.79,10.54,Active,Massachusetts,14-02-2025,01-11-2044
502299,11754,Personal Loan,21165.68,6041.73,8.07,Active,Illinois,24-07-2025,17-06-2032
502300,12703,Personal Loan,31657.48,20426.45,9.9,Defaulted,North Carolina,04-08-2025,09-07-2030
502301,11762,Business Loan,340763.21,279174.3,7.2,Fully Paid,New York,19-01-2025,06-10-2044
502302,10367,Mortgage,730383.32,495249.41,10.22,Closed,Texas,22-04-2020,03-02-2035
502303,10182,Auto Loan,35799.79,11436.31,4.37,Active,Illinois,28-02-2021,07-02-2025
502304,10971,Mortgage,181053.4,88772.98,12.24,Active,Illinois,18-07-2020,27-05-2030
502305,11372,Personal Loan,30113.66,26614.97,7.99,Active,Florida,02-01-2020,15-10-2034
502306,12261,Auto Loan,66186.64,32669.98,8.21,Fully Paid,California,20-12-2019,15-07-2049
502307,11667,Auto Loan,42174.33,35434.17,6.64,Active,Washington,14-07-2020,07-02-2050
502308,11472,Personal Loan,59214.06,47463.44,4.78,Fully Paid,New York,11-02-2025,21-12-2034
502309,12481,Auto Loan,64001.89,46354.85,4.96,Active,Massachusetts,20-07-2019,12-02-2049
502310,10024,Auto Loan,63537.41,54270.78,13.08,Active,Virginia,18-05-2025,12-12-2054
502311,12641,Mortgage,155734.47,62160.62,7.79,Active,Arizona,06-07-2022,30-05-2029
502312,10201,Auto Loan,33018.62,22212.05,10.11,Active,Pennsylvania,11-10-2023,19-08-2033
502313,11431,Equipment Loan,43989.65,39583.78,4.61,Active,Florida,02-01-2025,19-09-2044
502314,11947,Mortgage,209450.79,184567.52,14.36,Active,New York,24-06-2025,18-01-2055
502315,12537,Business Loan,145265.69,136487.06,6.88,Active,Michigan,16-09-2024,11-08-2031
502316,11646,Auto Loan,49258.7,25533.4,12.31,Defaulted,Pennsylvania,21-09-2021,17-04-2051
502317,11817,Business Loan,121672.63,33234.39,6.13,Active,California,25-12-2025,18-11-2032
502318,10918,Auto Loan,26294.02,17196.9,5.62,Active,Florida,22-04-2019,16-03-2026
502319,10750,Equipment Loan,165223.89,67953.99,4.49,Active,Ohio,08-12-2022,16-10-2032
502320,10755,Auto Loan,38396.38,21472.05,4.61,Active,New York,10-02-2023,05-09-2052
502321,12652,Mortgage,702702.73,407175.51,4.42,Active,Florida,28-01-2020,06-12-2029
502322,12221,Mortgage,468842.33,124220.25,7.07,Defaulted,New Jersey,13-11-2021,18-10-2026
502323,12726,Business Loan,437656.66,322093.23,12.5,Active,Texas,12-02-2024,25-11-2038
502324,10641,Mortgage,795183.19,430739.13,10.87,Active,New York,18-07-2024,22-06-2029
502325,11409,Mortgage,282919.61,83290.68,8.95,Defaulted,Washington,22-10-2024,31-08-2034
502326,11238,Auto Loan,74706.02,42860.94,5.46,Delinquent,Pennsylvania,10-01-2020,05-08-2049
502327,11422,Auto Loan,64554.7,14851.25,6.73,Active,California,09-08-2022,08-07-2028
502328,10498,Personal Loan,37851.28,29351.52,9.34,Fully Paid,Virginia,06-11-2023,19-08-2038
502329,10124,Mortgage,258225.63,185866.47,5.64,Defaulted,North Carolina,13-11-2021,23-10-2025
502330,12601,Auto Loan,15669.42,10215.84,8.36,Closed,Florida,10-11-2024,05-10-2031
502331,12794,Mortgage,326410.05,67748.71,11.49,Active,Florida,24-02-2023,03-02-2027
502332,12226,Business Loan,258425.24,175996.04,9.4,Closed,Washington,11-01-2023,16-12-2027
502333,10495,Personal Loan,6621.15,5707.09,8.22,Fully Paid,Washington,27-12-2023,25-11-2029
502334,10959,Personal Loan,7346.94,2334.11,13.77,Active,Arizona,30-01-2019,29-12-2024
502335,10416,Personal Loan,29694.68,28472.29,12.04,Fully Paid,Arizona,28-10-2019,21-09-2026
502336,11457,Auto Loan,53430.56,13353.91,10.36,Active,Illinois,03-11-2025,12-09-2035
502337,11795,Business Loan,70400.28,59714.73,11.5,Closed,Michigan,30-08-2020,26-03-2050
502338,12503,Business Loan,158293.16,71565.29,13,Delinquent,Washington,20-04-2024,27-02-2034
502339,12756,Auto Loan,76563.92,72072.47,12.65,Fully Paid,New Jersey,11-11-2024,16-10-2029
502340,10806,Equipment Loan,181293.58,166475.61,4.61,Closed,Pennsylvania,31-08-2022,13-06-2037
502341,12420,Mortgage,725468.31,703654.87,9.9,Active,Pennsylvania,14-02-2024,09-09-2053
502342,12849,Auto Loan,41764.26,20376.89,11.3,Active,Ohio,26-07-2021,05-07-2025
502343,10763,Auto Loan,71197.94,44242.69,3.71,Active,Georgia,13-01-2022,13-12-2027
502344,12820,Mortgage,785697.21,329514.76,5.96,Fully Paid,Michigan,31-12-2021,05-12-2026
502345,10260,Equipment Loan,275163.99,225136.86,10.33,Active,Illinois,29-05-2025,03-05-2030
502346,11158,Mortgage,439364.84,285560.93,8.68,Active,Arizona,28-06-2025,12-06-2028
502347,11907,Personal Loan,33197.47,12877.88,4.39,Active,Washington,28-11-2019,06-10-2029
502348,12464,Business Loan,409473.59,328353.75,11.53,Delinquent,Virginia,10-02-2019,19-12-2028
502349,11036,Equipment Loan,102430.22,54203.23,7.28,Defaulted,North Carolina,23-10-2024,27-09-2029
502350,12830,Auto Loan,44575.87,13784.17,14.21,Fully Paid,New York,02-12-2019,27-06-2049
502351,10011,Mortgage,682170.45,599640.67,13.78,Active,Ohio,23-10-2020,01-09-2030
502352,12693,Auto Loan,29890.21,6047.45,13.85,Active,North Carolina,28-05-2019,21-12-2048
502353,11904,Mortgage,206329.45,169004.3,12.49,Delinquent,Florida,04-06-2024,29-12-2053
502354,12528,Personal Loan,24778.21,23047.01,10.02,Closed,New York,27-04-2025,21-03-2032
502355,12279,Mortgage,604571.54,135520.93,5.42,Fully Paid,Ohio,23-03-2023,07-03-2026
502356,12092,Personal Loan,21875.56,8831.16,14.36,Active,Michigan,25-02-2021,10-02-2024
502357,11840,Mortgage,507347.14,374319.01,13.96,Active,New York,28-04-2022,27-03-2028
502358,10193,Mortgage,506469.41,392535.94,7.17,Active,Washington,04-02-2021,22-10-2040
502359,11643,Auto Loan,76641.96,17073.65,8.04,Active,Texas,16-12-2019,28-09-2034
502360,12011,Personal Loan,35973.01,7680.93,13.71,Active,Florida,14-04-2023,24-03-2027
502361,11147,Auto Loan,41241.92,25017.4,5.6,Active,Illinois,12-01-2021,22-12-2024
502362,11049,Equipment Loan,87678.55,41328.52,4.9,Active,New York,14-09-2021,14-08-2027
502363,10165,Auto Loan,55309.22,36860.56,4.96,Active,Illinois,17-02-2020,01-02-2023
502364,11437,Mortgage,615502.89,296169.68,4.49,Active,Ohio,08-11-2025,26-07-2045
502365,11028,Auto Loan,81096.4,32147.97,6.1,Active,Arizona,26-09-2020,31-08-2025
502366,10756,Personal Loan,33701.18,25824.21,11.4,Active,Illinois,19-09-2025,03-09-2028
502367,12350,Mortgage,561827.92,111587.01,4.83,Fully Paid,Arizona,27-07-2025,01-07-2030
502368,10188,Mortgage,380436.33,369908.19,5.01,Fully Paid,Arizona,10-11-2023,18-09-2033
502369,12040,Business Loan,323703.8,189028.65,5.32,Active,Georgia,10-03-2023,25-11-2042
502370,11656,Business Loan,523228.32,317933.81,13.01,Fully Paid,Illinois,24-02-2019,08-02-2022
502371,12749,Mortgage,720746.46,321152.89,11.34,Active,New York,02-11-2021,11-09-2031
502372,11899,Equipment Loan,247694.67,164778.51,3.87,Active,Florida,10-12-2024,23-09-2039
502373,12389,Personal Loan,23960.15,7212.15,14.28,Active,Illinois,12-03-2019,23-12-2033
502374,10266,Mortgage,341005.57,189445.05,12.07,Delinquent,Massachusetts,29-07-2023,11-05-2038
502375,12946,Mortgage,746627.73,358487.22,4.96,Active,North Carolina,13-07-2023,06-06-2030
502376,10696,Equipment Loan,76621.75,49878.89,10.37,Closed,Florida,24-04-2024,18-11-2053
502377,12259,Personal Loan,67551.47,35265.17,12.86,Fully Paid,Ohio,06-10-2020,05-09-2026
502378,12274,Equipment Loan,67529.35,14259.93,13.33,Active,North Carolina,20-05-2019,29-04-2023
502379,12558,Mortgage,471022.93,314462.7,9.83,Active,Arizona,03-04-2025,08-03-2030
502380,11477,Mortgage,210611.25,152732.65,12.09,Active,Michigan,02-07-2023,19-03-2043
502381,10514,Mortgage,241967.69,220900.17,8.44,Active,Massachusetts,14-07-2025,26-04-2040
502382,12969,Auto Loan,62346.94,45256.1,12.01,Active,Ohio,12-03-2022,03-02-2029
502383,12963,Personal Loan,69062.07,61853.14,11.92,Active,Texas,08-04-2025,23-03-2028
502384,11755,Equipment Loan,69208.7,19875.44,13.63,Active,Texas,05-06-2023,18-03-2038
502385,10564,Mortgage,154532.62,115145.46,9.18,Closed,Arizona,10-08-2021,06-03-2051
502386,10505,Personal Loan,19045.02,16118.82,6.61,Closed,California,22-10-2024,01-10-2028
502387,11383,Mortgage,385238.44,219281.57,9.46,Active,Michigan,18-01-2022,12-12-2028
502388,12762,Mortgage,492364.79,255360.9,4.04,Closed,Washington,07-06-2020,16-04-2030
502389,10147,Personal Loan,67647.53,17163.21,7.9,Delinquent,New Jersey,21-09-2024,06-09-2027
502390,10002,Mortgage,498870.05,313074.46,6.67,Closed,North Carolina,28-12-2022,02-12-2027
502391,10420,Mortgage,367585.15,275459.1,12.04,Active,New York,09-11-2022,04-06-2052
502392,12331,Mortgage,680829.92,229974.43,6.1,Active,Florida,14-10-2024,28-07-2039
502393,10391,Auto Loan,71407.08,49308.22,10.73,Active,Washington,02-07-2020,19-03-2040
502394,12313,Mortgage,481115.99,398869.39,10.14,Active,Virginia,01-03-2020,03-02-2025
502395,12955,Personal Loan,50483.05,24605.37,8.09,Active,Ohio,19-05-2019,12-12-2048
502396,11394,Auto Loan,63788.83,49386.02,7.99,Fully Paid,Illinois,15-05-2020,24-04-2024
502397,12614,Business Loan,268158.19,92457.11,5.61,Fully Paid,New York,28-05-2025,21-04-2032
502398,12917,Personal Loan,5441.06,4192.78,11.27,Active,Virginia,24-03-2023,20-02-2029
502399,12988,Equipment Loan,204151.23,197521.78,14.29,Active,New Jersey,11-04-2023,21-03-2027
502400,12904,Business Loan,461993.95,231689.96,5.26,Active,Massachusetts,19-04-2022,03-04-2025
502401,11232,Business Loan,164771.74,26387.29,12.32,Fully Paid,Arizona,05-09-2023,30-07-2030
502402,10271,Personal Loan,19687.52,15677.32,13.71,Fully Paid,New Jersey,07-08-2019,06-07-2025
502403,10241,Equipment Loan,142666.74,112518.53,11.62,Active,New Jersey,20-09-2020,20-08-2026
502404,11251,Mortgage,820309.5,442913.76,8.69,Active,Florida,09-01-2024,26-09-2043
502405,11493,Auto Loan,63381.88,21395.06,7.1,Active,Massachusetts,24-07-2024,10-04-2044
502406,12313,Auto Loan,15516.41,8175.47,10.04,Closed,Virginia,13-12-2021,30-08-2041
502407,12796,Mortgage,238477.17,147931.75,9.14,Active,North Carolina,25-12-2024,21-07-2054
502408,11021,Personal Loan,34496.1,5596.27,14.1,Fully Paid,Arizona,23-03-2025,25-02-2030
502409,10034,Equipment Loan,117479.95,57001.24,11.71,Delinquent,Florida,04-12-2025,13-11-2029
502410,10007,Personal Loan,23504.59,12144.71,9.15,Closed,Washington,18-12-2020,14-07-2050
502411,12039,Auto Loan,18845.93,7749.41,3.77,Closed,Arizona,17-01-2024,25-11-2033
502412,11094,Personal Loan,59731.77,21274.61,9.37,Active,Texas,21-11-2024,06-11-2027
502413,10648,Mortgage,416329.31,401465.71,11.16,Active,Pennsylvania,21-05-2019,14-12-2048
502414,10544,Equipment Loan,32454.56,28039.38,9.61,Fully Paid,Illinois,13-11-2025,26-08-2040
502415,11052,Business Loan,411734.49,111702.06,10.57,Delinquent,New York,20-12-2019,15-07-2049
502416,11030,Business Loan,363868.04,294862.95,5.3,Closed,Michigan,22-01-2023,04-11-2037
502417,10642,Mortgage,154991.96,57295.91,9.21,Closed,Texas,01-03-2024,17-11-2043
502418,12223,Business Loan,371091.58,331185.5,11.17,Active,Arizona,31-08-2024,16-08-2027
502419,10996,Business Loan,581978.55,239826.1,7.3,Delinquent,New York,16-02-2023,29-11-2037
502420,11558,Equipment Loan,125160.47,78221.84,13.39,Closed,Illinois,28-01-2019,15-10-2038
502421,12476,Mortgage,708879.25,289293.78,11.25,Delinquent,Massachusetts,05-01-2023,29-11-2029
502422,10231,Mortgage,474868.48,120450.56,6.15,Active,Michigan,10-03-2021,17-02-2025
502423,11301,Mortgage,275067.54,64000.61,11.27,Active,New York,30-10-2021,26-05-2051
502424,11689,Business Loan,117175.64,55894.38,12.23,Fully Paid,Illinois,18-12-2022,11-11-2029
502425,10510,Business Loan,335753.31,294838.59,13.42,Active,Pennsylvania,05-12-2023,14-11-2027
502426,11968,Auto Loan,18980.44,2906.61,11.49,Active,Massachusetts,22-07-2022,15-06-2029
502427,11390,Mortgage,623093.86,282367.86,7.56,Fully Paid,Virginia,16-10-2019,24-08-2029
502428,11959,Business Loan,395272.96,179448.62,13.61,Active,Ohio,12-03-2022,19-01-2032
502429,11529,Business Loan,546696.38,107743.55,9.8,Active,Florida,22-07-2020,16-06-2027
502430,10672,Mortgage,711703.13,497561.46,7.78,Active,Arizona,23-02-2025,02-02-2029
502431,12276,Auto Loan,46189.98,9699.12,5.83,Active,Massachusetts,23-10-2023,21-09-2029
502432,11526,Personal Loan,53839.38,35907.94,8.25,Active,California,20-11-2025,30-10-2029
502433,11282,Mortgage,432810.28,328202.43,5.43,Closed,Ohio,09-02-2022,14-01-2027
502434,11335,Mortgage,489983.42,124156.29,10,Active,North Carolina,25-04-2019,03-03-2029
502435,11551,Personal Loan,33510.74,5942.58,12.52,Active,New Jersey,13-06-2019,21-04-2029
502436,11490,Auto Loan,55857.34,40858.43,11.2,Active,North Carolina,04-06-2022,19-02-2042
502437,11355,Business Loan,197351.41,124751.44,7.6,Active,Florida,01-05-2024,05-04-2029
502438,10866,Business Loan,296758,277718.64,7.14,Active,Illinois,08-09-2022,17-07-2032
502439,11608,Mortgage,663088.25,370443.32,6.99,Delinquent,New York,02-11-2022,28-05-2052
502440,12049,Auto Loan,88991.65,74645.27,4.29,Active,Pennsylvania,19-03-2024,11-02-2031
502441,10612,Auto Loan,63319.93,15542.37,13.27,Fully Paid,California,18-06-2019,11-01-2049
502442,12829,Mortgage,205185.65,45801.28,12.15,Active,Virginia,31-07-2022,10-07-2026
502443,11026,Business Loan,242822.71,79935.29,10.42,Active,Texas,17-12-2024,26-11-2028
502444,11408,Mortgage,198813.3,169344.97,5.81,Active,Georgia,02-10-2020,01-09-2026
502445,11715,Auto Loan,85746.71,48390,8.72,Active,Ohio,26-09-2020,05-09-2024
502446,12905,Equipment Loan,180271.8,92730.53,8.91,Active,Georgia,24-12-2024,10-09-2044
502447,12421,Mortgage,638638.71,123214.98,6.31,Closed,Massachusetts,04-05-2019,07-04-2024
502448,12960,Personal Loan,33249.57,26725.36,4.77,Active,Georgia,30-12-2024,26-07-2054
502449,10332,Auto Loan,72269.52,45040.52,6.29,Active,New Jersey,06-04-2022,11-03-2027
502450,10116,Mortgage,309893.47,179703.93,13.86,Defaulted,Washington,22-09-2021,05-07-2036
502451,11721,Business Loan,174155.92,79931.52,7.28,Fully Paid,Texas,18-12-2022,16-11-2028
502452,10139,Business Loan,344453.34,333932.3,3.58,Active,North Carolina,19-05-2019,27-03-2029
502453,10747,Auto Loan,58323.99,52661.47,11.64,Active,Arizona,25-10-2025,07-08-2040
502454,12365,Equipment Loan,271892.65,122170.19,4.97,Fully Paid,Texas,08-02-2024,17-12-2033
502455,12064,Mortgage,381115.25,257298.47,6.07,Fully Paid,Massachusetts,03-05-2022,27-03-2029
502456,10170,Mortgage,219553.83,62651.85,11.78,Active,Florida,15-04-2023,25-03-2027
502457,11468,Personal Loan,63215.89,28944.38,9.57,Active,Illinois,23-06-2023,05-04-2038
502458,11262,Personal Loan,56782.79,29705.22,11.34,Delinquent,Georgia,24-05-2019,08-02-2039
502459,12567,Mortgage,756150.02,554963.19,10.58,Active,Illinois,07-12-2020,22-11-2023
502460,11816,Business Loan,125725.8,112051.06,10.04,Active,California,07-11-2019,01-10-2026
502461,10893,Personal Loan,11221.11,7333.86,3.99,Active,New York,16-07-2019,24-05-2029
502462,12196,Personal Loan,21838.25,4238.5,11.24,Active,New Jersey,10-11-2025,15-10-2030
502463,11095,Business Loan,213102.05,196010.51,10.2,Active,California,11-01-2024,28-09-2043
502464,11803,Mortgage,407108.06,199686.99,13.91,Delinquent,California,23-06-2025,17-05-2032
502465,10591,Auto Loan,57378.69,39059.08,10.27,Delinquent,Arizona,28-05-2022,05-04-2032
502466,11711,Personal Loan,47947.86,46396.56,4.5,Active,Georgia,16-02-2025,26-01-2029
502467,10595,Equipment Loan,86447.17,71294.77,4.93,Fully Paid,Florida,23-05-2024,06-03-2039
502468,10255,Auto Loan,79926.76,16467.4,7.64,Fully Paid,North Carolina,05-12-2021,29-10-2028
502469,11593,Mortgage,595284.71,275109.96,11.66,Active,North Carolina,28-01-2019,10-11-2033
502470,11286,Auto Loan,70612.39,29882.77,4.13,Fully Paid,Florida,02-01-2020,01-12-2025
502471,11698,Mortgage,432862.27,297938.88,9.11,Closed,New Jersey,23-03-2019,29-01-2029
502472,11697,Mortgage,170622.71,28548.66,4.07,Active,Texas,13-12-2019,30-08-2039
502473,12675,Personal Loan,26229.74,18109.46,13.29,Active,Pennsylvania,14-06-2021,19-05-2026
502474,11435,Mortgage,786883.2,122183.22,13.01,Delinquent,Ohio,31-12-2023,26-07-2053
502475,11584,Business Loan,136625.6,90630.13,7.77,Closed,Virginia,03-03-2021,26-01-2028
502476,10736,Auto Loan,24918.71,10256.19,13.73,Active,Texas,13-04-2023,24-01-2038
502477,12910,Personal Loan,9209.6,5884.91,7.84,Active,Ohio,21-06-2021,08-03-2041
502478,11255,Business Loan,478539.59,311604.99,10.51,Delinquent,New Jersey,31-10-2024,27-05-2054
502479,12764,Business Loan,413936.74,133444,13.48,Active,Illinois,06-04-2024,31-10-2053
502480,12674,Auto Loan,67438.27,46341.15,13.92,Delinquent,Ohio,06-11-2023,10-10-2028
502481,12443,Business Loan,336460.51,218694.58,11.59,Closed,Virginia,21-10-2021,30-08-2031
502482,12208,Auto Loan,61195.62,49840.26,14.26,Active,Virginia,04-05-2024,13-03-2034
502483,10564,Auto Loan,66172.64,17807.7,9.75,Closed,Arizona,09-03-2024,11-02-2029
502484,10869,Mortgage,640100.66,483617.5,8.71,Active,Florida,26-06-2025,05-05-2035
502485,10921,Business Loan,179932,117859.88,13.47,Closed,Florida,13-08-2025,07-07-2032
502486,10427,Mortgage,245807.25,179305.9,10.39,Active,Florida,13-10-2025,27-09-2028
502487,12941,Mortgage,169361.3,148235.9,7.49,Active,Florida,13-08-2021,22-06-2031
502488,12234,Personal Loan,7344.8,3856.02,9.56,Active,Florida,10-10-2020,24-07-2035
502489,10686,Mortgage,158393.11,84934.1,8.56,Active,Illinois,19-03-2024,04-03-2027
502490,11207,Auto Loan,75731.3,67345.6,13.72,Active,Georgia,28-07-2021,14-04-2041
502491,10605,Personal Loan,12930.22,7539.14,9.22,Active,Arizona,02-03-2019,14-02-2022
502492,10229,Business Loan,493751.29,292309.79,13.67,Fully Paid,Florida,27-04-2022,26-03-2028
502493,12015,Personal Loan,32520.5,12976.91,12.11,Delinquent,New Jersey,29-11-2019,28-10-2025
502494,12557,Auto Loan,34990.38,33503.09,11.78,Active,Washington,04-08-2024,20-07-2027
502495,11544,Business Loan,148370.11,75621.42,12.53,Fully Paid,Ohio,15-02-2023,25-01-2027
502496,11272,Auto Loan,53862.53,14133.99,8.15,Active,Illinois,05-06-2020,19-03-2035
502497,11036,Equipment Loan,253676.65,146937.23,9.34,Active,North Carolina,24-01-2020,18-12-2026
502498,11964,Business Loan,486127.95,239885.73,3.86,Active,Virginia,07-10-2025,24-06-2045
502499,12838,Personal Loan,24149.16,20331.84,12.32,Active,Michigan,07-11-2020,23-10-2023
502500,12078,Mortgage,152589.88,100768.77,8.48,Closed,Washington,26-10-2025,05-10-2029
502501,11119,Equipment Loan,53237.34,27875.39,4.28,Active,Illinois,07-08-2024,02-07-2031
502502,12095,Personal Loan,48582.35,13462.43,8.96,Active,Arizona,01-05-2023,16-01-2043
502503,11416,Personal Loan,38165.61,25070.18,5.94,Active,Florida,23-11-2024,23-10-2030
502504,11984,Personal Loan,65777.29,47380.44,9.59,Closed,New York,06-11-2022,01-06-2052
502505,10756,Auto Loan,55875.84,45313.9,6.72,Active,Illinois,12-12-2025,11-11-2031
502506,10294,Equipment Loan,160948.31,123107.54,13.27,Active,Arizona,19-02-2024,02-12-2038
502507,10727,Mortgage,406672.18,63399.46,4.48,Active,California,21-09-2020,26-08-2025
502508,11703,Equipment Loan,30569.76,10920.8,12.38,Defaulted,Pennsylvania,24-05-2024,07-03-2039
502509,11277,Equipment Loan,177102.65,50463.57,10.32,Delinquent,California,01-12-2023,10-11-2027
502510,10784,Personal Loan,53365.19,42797.02,14.26,Active,Michigan,09-07-2019,12-06-2024
502511,11677,Personal Loan,30794.87,28081.76,4.44,Active,New Jersey,20-12-2020,24-11-2025
502512,11215,Mortgage,283021.41,171815.29,3.8,Closed,Florida,14-03-2020,16-02-2025
502513,12159,Mortgage,479367.1,329353.2,5.03,Active,Illinois,30-12-2023,07-11-2033
502514,11959,Auto Loan,77187.35,19713.21,13.72,Defaulted,Ohio,08-01-2021,04-08-2050
502515,11931,Personal Loan,15733.02,5168.41,4.17,Fully Paid,Massachusetts,13-08-2019,21-06-2029
502516,11020,Personal Loan,61512.34,15926.31,5.51,Active,Florida,22-04-2025,01-03-2035
502517,11990,Business Loan,541042.48,353296.32,7.42,Active,North Carolina,24-10-2024,28-09-2029
502518,11684,Business Loan,561325.65,465455.69,12.99,Delinquent,Ohio,08-12-2021,01-11-2028
502519,11135,Business Loan,244774.65,71025.36,10.37,Fully Paid,Georgia,03-01-2022,20-09-2041
502520,12465,Mortgage,257448.22,150149.88,7.95,Active,Massachusetts,05-05-2019,29-03-2026
502521,12796,Mortgage,351361.76,120960.26,8,Active,North Carolina,01-02-2020,19-10-2039
502522,12426,Mortgage,693231.1,151420.86,14.09,Active,New Jersey,31-07-2024,25-06-2031
502523,11232,Equipment Loan,191561.37,153274.04,9.25,Active,Arizona,30-08-2024,13-06-2039
502524,11920,Auto Loan,86175.29,24475.6,13.56,Active,Illinois,18-09-2020,23-08-2025
502525,10815,Mortgage,644719.62,141457.16,9.21,Active,Florida,15-02-2025,29-11-2039
502526,12868,Auto Loan,83711.51,21651.56,12.11,Active,Virginia,02-08-2025,02-07-2031
502527,11384,Auto Loan,66171.57,42579.17,8.48,Active,New Jersey,29-09-2021,03-09-2026
502528,11648,Mortgage,745663.29,658044.63,12.87,Closed,Virginia,25-02-2023,19-01-2030
502529,11291,Auto Loan,65337.02,58902.08,5.45,Active,Georgia,09-08-2021,26-04-2041
502530,12799,Auto Loan,56828.51,41448.55,6.13,Active,Washington,18-04-2022,03-01-2042
502531,12457,Mortgage,617479.67,365186.47,14.2,Fully Paid,Washington,29-03-2020,05-02-2030
502532,11879,Personal Loan,63409.78,62074.69,8.56,Active,Arizona,29-10-2024,16-07-2044
502533,10037,Mortgage,353938.48,180100.89,6.94,Delinquent,Ohio,11-01-2019,05-12-2025
502534,10132,Equipment Loan,292777.1,146736.66,7.3,Active,Massachusetts,14-11-2020,09-10-2027
502535,11505,Personal Loan,38229.66,11310.34,12.39,Active,Virginia,16-03-2025,23-02-2029
502536,11277,Mortgage,331157.55,197985.75,14.49,Closed,California,08-09-2022,03-04-2052
502537,10004,Mortgage,482239.39,105420.77,6.82,Closed,Michigan,30-04-2023,10-02-2038
502538,11221,Mortgage,472685.71,187202.35,6.91,Fully Paid,Ohio,27-08-2024,10-06-2039
502539,12648,Mortgage,805411.34,318650.87,10.64,Active,Pennsylvania,28-07-2021,07-07-2025
502540,11926,Personal Loan,53190.4,25755.96,5.95,Fully Paid,North Carolina,21-11-2020,06-11-2023
502541,12441,Auto Loan,21142.84,14919.62,4.76,Delinquent,New Jersey,13-07-2019,25-04-2034
502542,10913,Equipment Loan,224698.54,63970.81,11.33,Delinquent,Illinois,29-10-2020,14-10-2023
502543,10310,Auto Loan,64438.87,41271.07,12.3,Fully Paid,New Jersey,01-10-2025,05-09-2030
502544,10205,Mortgage,241558.67,68267.27,11.87,Delinquent,Georgia,05-03-2023,28-09-2052
502545,11348,Mortgage,775352.08,317074.79,12.88,Active,Georgia,01-06-2023,11-05-2027
502546,10032,Personal Loan,13696.84,11821.91,8.06,Active,Washington,25-10-2023,12-07-2043
502547,12364,Personal Loan,62744.75,60251.71,7.38,Defaulted,Pennsylvania,10-01-2020,04-12-2026
502548,11112,Mortgage,263186.48,179156.14,10.59,Active,Illinois,20-01-2020,24-12-2024
502549,10908,Mortgage,621901,191640.96,9.76,Fully Paid,North Carolina,17-01-2025,22-12-2029
502550,12511,Mortgage,405232.62,383048.34,13,Active,Ohio,27-05-2024,26-04-2030
502551,11482,Mortgage,635543.48,226755.26,7.41,Active,New Jersey,05-11-2019,18-08-2034
502552,12387,Mortgage,198732.01,123094.71,8.83,Active,Ohio,13-05-2019,21-03-2029
502553,12297,Auto Loan,16540.2,5720.29,10.51,Active,New Jersey,31-12-2024,27-07-2054
502554,12674,Mortgage,344033.64,301233.81,5.37,Closed,Ohio,24-08-2024,24-07-2030
502555,11451,Auto Loan,37886.52,26918.19,8.8,Active,New York,01-02-2021,17-01-2024
502556,11835,Equipment Loan,269124.17,69330.27,14.49,Active,Arizona,11-12-2022,28-08-2042
502557,11044,Mortgage,693762.81,427426.23,8.98,Closed,Virginia,15-06-2019,25-05-2023
502558,12401,Personal Loan,54051.09,48552.89,4.37,Active,Michigan,11-09-2020,21-07-2030
502559,10692,Auto Loan,66416.3,52123.11,13.65,Closed,Michigan,05-01-2025,15-12-2028
502560,11183,Mortgage,815971.78,359337,11.56,Active,Georgia,08-10-2021,22-09-2024
502561,12108,Mortgage,480487.27,138623.34,5.74,Active,Virginia,01-07-2021,25-01-2051
502562,10577,Auto Loan,69605.56,33099.54,12.02,Active,New Jersey,22-09-2020,07-09-2023
502563,12811,Equipment Loan,59366.06,29566.68,9.06,Fully Paid,Illinois,01-06-2024,26-12-2053
502564,11454,Business Loan,78574.46,39363.61,9.91,Active,Michigan,16-09-2024,03-06-2044
502565,12201,Personal Loan,60887.48,9631.45,13.5,Closed,California,29-01-2023,11-11-2037
502566,11405,Mortgage,692696.74,399588.99,6.57,Fully Paid,Georgia,17-10-2024,11-09-2031
502567,11236,Personal Loan,47781.34,19891.34,5.37,Active,Texas,01-04-2024,26-10-2053
502568,11442,Mortgage,260805.77,154019.93,3.51,Fully Paid,Washington,08-07-2024,01-02-2054
502569,12121,Personal Loan,13605.45,9213.32,12.4,Closed,Texas,12-01-2021,28-12-2023
502570,10426,Personal Loan,18427.97,17712.59,3.77,Active,Virginia,23-10-2020,08-10-2023
502571,10946,Personal Loan,27758.1,19112.62,5.44,Active,Texas,10-12-2023,27-08-2043
502572,10738,Personal Loan,39213.51,9237.12,7.37,Fully Paid,Texas,02-08-2022,12-07-2026
502573,11360,Auto Loan,29791.69,6375.47,13.89,Fully Paid,Illinois,20-12-2020,16-07-2050
502574,10050,Auto Loan,28691.45,13368.05,9.3,Fully Paid,New York,12-08-2019,29-04-2039
502575,10663,Mortgage,612336.05,357157.32,10.9,Defaulted,Georgia,01-09-2023,11-08-2027
502576,11954,Auto Loan,17649.24,5585.8,5.31,Active,Texas,14-01-2024,24-12-2027
502577,11624,Auto Loan,23657.33,11776.24,4.64,Active,Virginia,11-07-2021,10-06-2027
502578,11106,Business Loan,70382.75,60762.76,11.63,Fully Paid,Georgia,28-08-2022,06-07-2032
502579,11236,Auto Loan,16805.61,5470.63,4.92,Fully Paid,Texas,30-01-2024,24-12-2030
502580,12345,Business Loan,488196.96,229692.54,14.36,Active,Ohio,15-11-2019,28-08-2034
502581,12013,Auto Loan,56560.77,37359.98,5.55,Fully Paid,Georgia,27-05-2020,21-04-2027
502582,10204,Personal Loan,29878.41,21470.34,12.09,Delinquent,Illinois,22-05-2022,26-04-2027
502583,10568,Auto Loan,86713.17,64857.65,12.45,Active,Massachusetts,20-04-2020,06-01-2040
502584,10918,Equipment Loan,261795.69,235168.68,13.01,Active,Florida,21-02-2024,04-12-2038
502585,11898,Business Loan,599496.83,509006.18,9.98,Active,Texas,31-03-2022,28-02-2028
502586,11592,Mortgage,627627.37,267026.84,13.81,Active,Ohio,17-07-2020,21-06-2025
502587,12365,Mortgage,752183.63,606687.82,14.32,Delinquent,Texas,20-03-2019,26-01-2029
502588,12130,Mortgage,166405.14,53634.06,11.71,Closed,New York,11-05-2023,20-04-2027
502589,11341,Business Loan,129676.04,94946.67,3.99,Active,Washington,26-07-2023,29-06-2028
502590,11950,Business Loan,595394.4,556670.46,6.26,Active,Arizona,10-06-2022,23-03-2037
502591,10042,Mortgage,422762.59,259776.43,9.34,Active,Ohio,27-09-2022,11-09-2025
502592,11546,Personal Loan,62342.78,43214.69,11.36,Fully Paid,Texas,01-06-2024,01-05-2030
502593,11647,Mortgage,715754.61,514092.45,12.23,Active,Arizona,05-07-2021,19-06-2024
502594,10291,Personal Loan,25021.76,18121.23,8.64,Delinquent,Florida,17-08-2019,21-07-2024
502595,10031,Mortgage,383098.32,276796.32,14.27,Active,California,24-09-2020,29-08-2025
502596,10349,Equipment Loan,35173.61,29662.86,3.84,Defaulted,Illinois,21-12-2025,30-10-2035
502597,10179,Business Loan,227068.7,138237.01,12.24,Active,New Jersey,31-08-2025,27-03-2055
502598,12712,Mortgage,288718.11,209351.47,8.47,Active,Illinois,11-04-2023,26-03-2026
502599,12943,Mortgage,195147.69,59463.78,5.21,Fully Paid,Illinois,02-09-2021,12-08-2025
502600,12264,Auto Loan,59256.53,17810.91,14.35,Active,Ohio,27-06-2019,11-06-2022
502601,11829,Auto Loan,53657.35,38638.32,4.09,Fully Paid,Texas,28-06-2022,06-05-2032
502602,12837,Mortgage,577974.61,440606.92,6.39,Active,Texas,28-12-2019,14-09-2039
502603,12603,Personal Loan,29157.23,13030.3,4.96,Active,California,20-04-2024,27-02-2034
502604,10255,Mortgage,287680.73,243447.68,12.74,Active,North Carolina,23-09-2022,10-06-2042
502605,10762,Business Loan,335776.21,200860.88,10.98,Active,Massachusetts,23-04-2022,02-04-2026
502606,10686,Equipment Loan,98859.59,58546.11,11.58,Defaulted,Illinois,14-04-2025,14-03-2031
502607,12651,Mortgage,415606.38,145025.41,5.07,Active,Georgia,30-01-2022,04-01-2027
502608,11877,Business Loan,77488.61,38824.97,6.9,Defaulted,Massachusetts,05-07-2020,20-06-2023
502609,11725,Mortgage,465087.41,343487.61,10.29,Active,Ohio,20-10-2022,29-09-2026
502610,10286,Business Loan,534703.03,220961.8,7.74,Active,California,18-09-2022,12-08-2029
502611,10126,Business Loan,150019.58,117807.65,7.44,Delinquent,Massachusetts,23-08-2020,08-08-2023
502612,11635,Mortgage,354675.38,261142.14,10.52,Defaulted,North Carolina,12-09-2024,28-08-2027
502613,11871,Equipment Loan,43056.45,26488.39,4.87,Fully Paid,Illinois,30-07-2019,09-07-2023
502614,12823,Auto Loan,16798.1,6710.18,7.42,Active,North Carolina,11-08-2021,05-07-2028
502615,11527,Mortgage,448227.85,368649.35,10,Active,Pennsylvania,16-06-2025,26-05-2029
502616,11641,Mortgage,435164.9,251777.56,12.97,Active,New Jersey,18-11-2024,23-10-2029
502617,11074,Mortgage,189141.05,146420.71,6.61,Closed,California,24-09-2023,08-09-2026
502618,11342,Equipment Loan,193000.51,82350.07,4.38,Delinquent,Illinois,07-07-2021,31-05-2028
502619,10516,Personal Loan,18659.23,6741.57,5.66,Delinquent,New Jersey,09-05-2021,18-03-2031
502620,10205,Equipment Loan,286369.93,243300.5,11.14,Active,Georgia,04-03-2021,17-02-2024
502621,11142,Auto Loan,69731.38,60599.41,10.41,Active,California,24-01-2021,24-12-2026
502622,12512,Business Loan,184472.89,67666.74,12.56,Defaulted,Illinois,09-08-2022,03-07-2029
502623,10774,Mortgage,640059.13,296927.58,11.34,Active,Georgia,19-04-2025,19-03-2031
502624,12448,Auto Loan,72708.5,24631.45,12.07,Defaulted,Ohio,22-07-2022,30-05-2032
502625,12163,Mortgage,717908.68,360976.52,8.3,Active,Florida,18-06-2025,12-01-2055
502626,11466,Auto Loan,37634.78,15070.86,10.92,Fully Paid,New York,25-09-2024,04-08-2034
502627,10629,Personal Loan,13952.2,6557.68,11.79,Active,Georgia,27-05-2020,12-05-2023
502628,12583,Equipment Loan,59392.79,33865.36,12.62,Closed,California,02-08-2020,18-07-2023
502629,12040,Auto Loan,78280.17,39647.61,5.44,Fully Paid,Georgia,08-05-2019,06-04-2025
502630,11868,Mortgage,438213.63,155858.57,6.09,Closed,Virginia,07-12-2023,19-09-2038
502631,11832,Auto Loan,44596.25,29409.9,3.76,Active,Ohio,07-12-2024,01-11-2031
502632,10457,Auto Loan,51127.11,20256.38,3.89,Active,Pennsylvania,20-10-2023,07-07-2043
502633,10242,Auto Loan,48575.36,38465.04,11.69,Active,New Jersey,17-06-2019,10-01-2049
502634,10617,Business Loan,589393.06,237051.82,9.28,Active,Georgia,17-06-2021,27-05-2025
502635,10663,Business Loan,108427.84,44393.16,6.19,Active,Georgia,14-02-2024,27-11-2038
502636,12975,Business Loan,402165.94,60561.25,4.78,Delinquent,Michigan,20-01-2019,15-08-2048
502637,11236,Personal Loan,15885.08,11556.3,14.37,Fully Paid,Texas,18-02-2021,13-01-2028
502638,12742,Mortgage,490329.58,199079.12,11.89,Closed,Arizona,13-07-2023,21-05-2033
502639,10111,Business Loan,296834.73,134527.52,3.73,Defaulted,Texas,11-01-2023,24-10-2037
502640,11643,Equipment Loan,108190.92,30561.35,7.3,Active,Texas,21-10-2024,30-08-2034
502641,11734,Auto Loan,39599.3,11726.23,8.48,Closed,California,16-03-2020,01-03-2023
502642,12438,Business Loan,507614.23,288199.14,7.36,Delinquent,Illinois,07-01-2019,12-12-2023
502643,11564,Mortgage,715811.4,350493.4,10.05,Active,Ohio,26-07-2025,30-06-2030
502644,12577,Business Loan,387687.87,335291.51,10.13,Defaulted,California,18-09-2020,05-06-2040
502645,12213,Business Loan,514247.76,118812.84,8.44,Active,Michigan,03-07-2021,27-05-2028
502646,10109,Mortgage,489169.15,300665.01,5.14,Active,Illinois,10-05-2022,08-04-2028
502647,11558,Mortgage,351373.06,208582,10.46,Active,Illinois,21-04-2025,21-03-2031
502648,10286,Personal Loan,28605.78,25758.93,10.08,Delinquent,California,21-09-2024,17-04-2054
502649,11952,Auto Loan,50502.38,15520.57,11.47,Active,Massachusetts,03-11-2022,21-07-2042
502650,10201,Personal Loan,17898.84,4296.11,10.3,Active,Pennsylvania,05-02-2019,30-12-2025
502651,11229,Personal Loan,15017.49,2968.49,13.11,Active,Illinois,22-07-2023,25-06-2028
502652,10784,Business Loan,561759.72,508610.62,10.12,Delinquent,Michigan,04-01-2023,21-09-2042
502653,11322,Business Loan,263007.32,63188.23,9.28,Active,Illinois,03-03-2022,05-02-2027
502654,11804,Mortgage,572399.25,137129.63,14.06,Fully Paid,Pennsylvania,14-04-2023,18-03-2028
502655,11615,Personal Loan,39335.63,9638.91,9.59,Active,Washington,04-01-2022,17-10-2036
502656,10246,Auto Loan,47157.64,32636.66,14.18,Active,New York,14-08-2023,13-07-2029
502657,10488,Personal Loan,39584.44,14786.65,8.37,Delinquent,California,18-07-2024,27-05-2034
502658,10120,Mortgage,212750.62,167621.02,4.25,Active,New Jersey,26-10-2021,10-10-2024
502659,11931,Auto Loan,73222.41,68999.83,9.06,Fully Paid,Massachusetts,31-05-2023,10-05-2027
502660,12563,Equipment Loan,202863.78,126188.86,8.45,Fully Paid,New Jersey,18-09-2025,14-04-2055
502661,12797,Business Loan,111325.35,70521.51,10.88,Active,Georgia,01-06-2022,06-05-2027
502662,11854,Business Loan,587994.72,251216.93,14.27,Active,North Carolina,20-12-2019,15-07-2049
502663,12501,Mortgage,607956.77,549834.2,5.61,Active,Illinois,15-09-2025,09-08-2032
502664,11595,Auto Loan,61270.48,47183.35,13.07,Active,Georgia,02-11-2024,11-09-2034
502665,11544,Auto Loan,57695.21,14234.98,10.48,Fully Paid,Ohio,20-06-2023,19-05-2029
502666,11566,Business Loan,571619.07,373524.28,10.09,Active,New Jersey,08-01-2020,23-12-2022
502667,10901,Business Loan,339307.95,197511.15,10.91,Active,Massachusetts,01-02-2019,10-12-2028
502668,11539,Mortgage,428296.84,245902.65,8.1,Active,Arizona,08-03-2019,23-11-2038
502669,10005,Auto Loan,60640.07,13761.39,7.39,Active,Michigan,13-06-2023,28-05-2026
502670,12854,Personal Loan,73174.48,49237.39,12.45,Active,Ohio,27-02-2024,22-09-2053
502671,11119,Personal Loan,52725.23,17054.83,6.54,Closed,Illinois,09-06-2019,22-03-2034
502672,11904,Auto Loan,74967.08,20639.08,5.54,Active,Florida,13-08-2019,26-05-2034
502673,12743,Mortgage,652247.31,335424.17,9.07,Closed,Arizona,02-11-2021,07-10-2026
502674,10108,Personal Loan,71034.14,22276.63,11.96,Active,Arizona,02-08-2025,17-07-2028
502675,11834,Business Loan,140258.27,104966.41,6.85,Active,California,11-12-2022,25-11-2025
502676,11335,Auto Loan,29733.74,16005.45,11.63,Active,North Carolina,15-02-2022,25-01-2026
502677,12339,Auto Loan,23151.23,3850.83,8.04,Delinquent,Pennsylvania,14-03-2019,05-02-2026
502678,11109,Mortgage,180042.46,125513.17,10.19,Fully Paid,Ohio,10-09-2023,04-08-2030
502679,10443,Auto Loan,23519.89,11077.97,9.18,Active,Florida,08-08-2019,03-03-2049
502680,10811,Mortgage,813564.49,239868.25,12.02,Active,Ohio,28-03-2021,12-03-2024
502681,11833,Business Loan,56707.32,37283.79,12.53,Active,Georgia,16-04-2019,26-03-2023
502682,12134,Equipment Loan,269746.03,77185.1,13.29,Delinquent,North Carolina,22-08-2024,17-07-2031
502683,11793,Mortgage,255353.23,244420.26,12.12,Active,New York,30-01-2024,29-12-2029
502684,10069,Business Loan,574718.89,400494.34,4.41,Active,Michigan,20-02-2021,20-01-2027
502685,12701,Mortgage,410356.49,300587.67,4.53,Delinquent,North Carolina,04-10-2024,29-08-2031
502686,11318,Auto Loan,24080.28,13244.17,9.85,Delinquent,Texas,08-10-2023,01-09-2030
502687,10809,Personal Loan,30577.95,8975.41,11.91,Active,North Carolina,21-11-2024,04-09-2039
502688,12846,Personal Loan,45197.06,42008.29,9.59,Defaulted,Pennsylvania,07-07-2022,31-01-2052
502689,10053,Mortgage,485927.5,89821.17,7.34,Delinquent,North Carolina,02-09-2025,17-08-2028
502690,10904,Personal Loan,5415.23,3448.93,11.81,Active,Massachusetts,26-02-2020,10-02-2023
502691,10247,Personal Loan,67624.48,24962.58,10.02,Closed,Arizona,10-07-2019,22-04-2034
502692,11536,Auto Loan,79972.13,53018.15,5.88,Fully Paid,Texas,19-03-2019,15-02-2025
502693,11199,Mortgage,230342.79,63122.06,11.8,Active,Washington,27-07-2024,01-07-2029
502694,12130,Business Loan,53383.79,15479.19,10.72,Active,New York,13-09-2021,31-05-2041
502695,10978,Business Loan,351074.26,72518.71,7.13,Closed,Washington,07-05-2021,01-12-2050
502696,11016,Personal Loan,5328.97,835.35,8.95,Defaulted,Georgia,06-02-2025,24-10-2044
502697,11805,Auto Loan,28570.05,27230.21,13.03,Defaulted,Virginia,19-09-2024,24-08-2029
502698,11667,Personal Loan,33846.48,18847,12.4,Active,Washington,01-03-2019,24-09-2048
502699,11568,Auto Loan,26120.24,22562.58,11.9,Fully Paid,North Carolina,16-04-2021,16-03-2027
502700,12723,Auto Loan,78148,38208.53,4.54,Delinquent,Michigan,18-09-2024,05-06-2044
502701,10288,Auto Loan,60363.57,19679.33,8.28,Closed,New York,06-06-2024,16-05-2028
502702,12963,Business Loan,391010.74,296470.8,12.02,Active,Texas,24-09-2025,11-06-2045
502703,11865,Mortgage,686472.85,603706.15,5.73,Active,Illinois,28-07-2020,14-04-2040
502704,10342,Mortgage,174915.83,164978.57,13.34,Closed,Illinois,04-01-2022,19-12-2024
502705,12210,Auto Loan,72766.46,54260.5,7.21,Active,Pennsylvania,05-02-2025,21-01-2028
502706,10739,Mortgage,844012.86,386912.74,9.9,Active,Florida,20-11-2022,25-10-2027
502707,10331,Mortgage,762263.92,414732.81,3.58,Fully Paid,Georgia,09-04-2020,21-01-2035
502708,12659,Mortgage,622539.49,206552.77,7.25,Defaulted,Ohio,29-10-2019,02-10-2024
502709,11957,Equipment Loan,122275.38,110257.77,11.93,Fully Paid,Washington,09-05-2023,18-04-2027
502710,12276,Mortgage,181309.07,174145.45,9.15,Active,Massachusetts,03-04-2022,25-02-2029
502711,12874,Personal Loan,18850.93,16582.94,9.11,Active,Pennsylvania,28-04-2021,07-03-2031
502712,11740,Business Loan,415071.39,150373.71,14.42,Active,Arizona,22-06-2023,15-01-2053
502713,10480,Mortgage,322244.78,278982.59,14.38,Closed,Arizona,20-03-2025,04-03-2028
502714,11773,Auto Loan,19193.34,18623.2,5.29,Active,Florida,02-11-2025,26-09-2032
502715,12255,Auto Loan,39035.54,17821.63,6.39,Delinquent,Arizona,27-06-2021,01-06-2026
502716,12213,Mortgage,487778.06,143953.1,8.49,Active,Michigan,12-03-2019,03-02-2026
502717,11702,Auto Loan,19529.32,12768.2,10.9,Active,North Carolina,06-09-2020,20-06-2035
502718,10968,Mortgage,488460.75,307425.38,6.91,Active,New York,15-06-2025,15-05-2031
502719,11507,Business Loan,171386.76,27990.45,6.29,Active,Georgia,12-02-2023,27-01-2026
502720,12121,Mortgage,766214.82,680769.76,14.47,Active,Texas,09-02-2020,18-12-2029
502721,10954,Equipment Loan,38594.8,21493.3,8.64,Fully Paid,New Jersey,12-07-2022,05-06-2029
502722,12577,Equipment Loan,272999.03,229142.65,12.9,Active,California,13-06-2024,18-05-2029
502723,11025,Auto Loan,67352.24,35446.29,7.85,Fully Paid,Ohio,06-04-2024,01-03-2031
502724,11536,Auto Loan,50761.72,7744.39,9.03,Active,Texas,29-10-2020,28-09-2026
502725,11933,Personal Loan,61916.23,43741.08,5.2,Active,Arizona,30-04-2020,15-04-2023
502726,11315,Mortgage,444338.48,264129.11,13.3,Active,Ohio,05-02-2025,10-01-2030
502727,10154,Business Loan,149669.18,51350.66,5.78,Active,New Jersey,01-01-2021,18-09-2040
502728,10147,Equipment Loan,228522.52,84023.28,11.72,Fully Paid,New Jersey,29-04-2023,02-04-2028
502729,11704,Personal Loan,34212.6,5598.89,6.19,Fully Paid,Washington,03-07-2020,12-06-2024
502730,12318,Personal Loan,13671.6,2888.26,7.23,Active,Ohio,10-03-2024,04-10-2053
502731,11518,Auto Loan,52188.17,20727.16,11.75,Fully Paid,Ohio,17-12-2023,25-10-2033
502732,11196,Personal Loan,13921.97,11725.1,10.81,Closed,Washington,05-04-2024,22-12-2043
502733,10555,Business Loan,81782.51,32585.22,6.91,Active,Georgia,25-01-2019,09-01-2022
502734,12007,Mortgage,449984.96,341892.48,9.05,Active,Florida,27-02-2023,11-02-2026
502735,11472,Personal Loan,60573.61,51926.88,4.95,Active,New York,19-06-2023,23-05-2028
502736,12381,Mortgage,708525.37,526977.03,9.71,Closed,Florida,26-02-2023,25-01-2029
502737,11770,Business Loan,157452.11,118764.14,3.62,Active,Texas,16-09-2025,29-06-2040
502738,11043,Equipment Loan,73194.5,67178.67,11.28,Closed,Florida,07-04-2020,24-12-2039
502739,12123,Personal Loan,51536.02,45058.21,5.01,Defaulted,Virginia,27-04-2021,06-04-2025
502740,10643,Business Loan,328435.65,242490.52,9.64,Fully Paid,North Carolina,01-08-2025,25-06-2032
502741,10116,Auto Loan,28478.25,22601.59,12.81,Closed,Washington,13-02-2022,23-01-2026
502742,12741,Business Loan,597699.65,284755.86,5,Active,Texas,08-05-2025,17-03-2035
502743,11054,Auto Loan,32059.71,13106.03,5.91,Active,Ohio,10-01-2021,19-11-2030
502744,11227,Auto Loan,31898.14,5597.99,3.76,Active,North Carolina,11-09-2019,26-08-2022
502745,12458,Personal Loan,45694.54,34979.55,7.02,Active,Pennsylvania,05-02-2025,10-01-2030
502746,11560,Personal Loan,69493.28,45229.7,9.98,Delinquent,New Jersey,25-01-2025,21-08-2054
502747,11259,Business Loan,59649.87,11757.36,13.62,Active,Virginia,27-05-2023,30-04-2028
502748,10352,Mortgage,180043.2,97252.18,3.67,Active,New Jersey,28-08-2022,06-07-2032
502749,12730,Business Loan,385437.22,58552.9,5.72,Active,North Carolina,16-10-2025,30-09-2028
502750,12185,Mortgage,585946.99,94757.93,8.56,Active,Washington,18-12-2019,26-10-2029
502751,12424,Business Loan,159013.44,126606.23,10.94,Active,Illinois,28-04-2024,02-04-2029
502752,10645,Mortgage,279099.25,242047.19,4.99,Active,Massachusetts,30-03-2023,26-02-2029
502753,11271,Mortgage,610543.13,394862.27,10.53,Active,Massachusetts,07-02-2023,20-11-2037
502754,10646,Business Loan,85704.48,82616.11,6.96,Delinquent,Ohio,23-03-2021,20-02-2027
502755,12854,Business Loan,226895.61,211903.88,12.73,Active,Ohio,02-03-2020,09-01-2030
502756,12278,Equipment Loan,298859.08,187664.15,13.19,Closed,New York,25-07-2024,29-06-2029
502757,12460,Mortgage,416379.67,97489.51,4.05,Defaulted,Virginia,21-09-2023,04-07-2038
502758,12609,Auto Loan,39659.54,13397.74,3.84,Defaulted,Michigan,04-04-2023,20-12-2042
502759,12675,Auto Loan,62568.49,52344.48,4.74,Active,Pennsylvania,03-03-2023,14-12-2037
502760,10397,Mortgage,196446.97,140704.07,13.43,Active,Texas,28-02-2022,07-01-2032
502761,10846,Auto Loan,73792.21,18695.17,13.37,Closed,Pennsylvania,29-07-2020,12-05-2035
502762,12392,Personal Loan,44427.03,8620.44,7.43,Active,Texas,23-02-2021,02-01-2031
502763,11828,Business Loan,310778.09,168924.35,13.57,Active,Pennsylvania,25-02-2025,20-01-2032
502764,10807,Personal Loan,6274.72,2542.19,4.04,Fully Paid,Virginia,19-04-2019,30-01-2034
502765,11244,Business Loan,380145.09,179001.93,14.29,Active,Texas,20-02-2021,04-12-2035
502766,11597,Auto Loan,87785.44,29332.17,12.92,Fully Paid,California,18-05-2025,12-12-2054
502767,12684,Mortgage,301541.79,183997.55,4.45,Active,Arizona,11-08-2024,11-07-2030
502768,11347,Mortgage,259317.2,41720.35,9.55,Defaulted,Florida,02-08-2023,06-07-2028
502769,10508,Mortgage,417598.65,285408.98,5.54,Fully Paid,New York,08-12-2023,22-11-2026
502770,11454,Mortgage,470512.86,280076.94,11.46,Defaulted,Michigan,06-02-2025,06-01-2031
502771,12925,Mortgage,566164.96,505741.49,11.92,Active,New York,14-07-2020,31-03-2040
502772,10180,Business Loan,305795.18,153506.03,14.38,Defaulted,Michigan,11-07-2019,28-03-2039
502773,11279,Personal Loan,39001.7,21753.04,13.54,Active,Washington,14-01-2022,24-12-2025
502774,11995,Mortgage,265752.71,248869.81,10.89,Active,New Jersey,13-03-2019,09-02-2025
502775,11528,Mortgage,425921.53,306358.44,4.71,Active,New York,16-12-2024,25-10-2034
502776,11607,Business Loan,562525.25,241073.42,8.92,Active,New York,30-05-2022,04-05-2027
502777,12478,Business Loan,552359.3,123317.22,9.89,Delinquent,California,29-10-2024,03-10-2029
502778,11244,Personal Loan,45134.13,34749.18,9.82,Fully Paid,Texas,20-12-2020,29-10-2030
502779,10443,Business Loan,557038.69,199653.29,9.19,Active,Florida,29-11-2019,24-06-2049
502780,12806,Equipment Loan,60021.81,16589.96,10.42,Active,Illinois,18-02-2019,05-11-2038
502781,11813,Personal Loan,59529.52,34213.56,13.01,Active,Massachusetts,07-12-2019,10-11-2024
502782,12202,Mortgage,832155.77,152866.32,5.97,Active,Texas,19-10-2019,01-08-2034
502783,10860,Auto Loan,29263.68,24246.59,13.7,Defaulted,Massachusetts,16-04-2020,01-04-2023
502784,12903,Auto Loan,22661.49,11332.73,7.99,Fully Paid,Texas,16-11-2022,15-10-2028
502785,10133,Business Loan,392977.2,329547.74,8.83,Active,Arizona,01-03-2023,23-01-2030
502786,10220,Auto Loan,26777.46,13642.64,12.59,Active,Virginia,17-01-2020,11-12-2026
502787,12436,Business Loan,91914.02,46211.11,10.11,Active,Texas,16-06-2021,31-05-2024
502788,11029,Equipment Loan,294445.8,263431.09,5.03,Active,Illinois,06-03-2020,19-02-2023
502789,11460,Mortgage,170103.16,162032.96,14.5,Active,New Jersey,04-05-2024,29-03-2031
502790,12649,Mortgage,569029.96,217830.06,10.11,Delinquent,Virginia,27-02-2022,01-02-2027
502791,12993,Auto Loan,32338.78,5653.08,12.29,Fully Paid,New York,19-02-2025,03-12-2039
502792,12703,Personal Loan,34873.27,21913.31,12.35,Delinquent,North Carolina,21-07-2019,24-06-2024
502793,10365,Business Loan,437862.83,82320.84,4.07,Fully Paid,California,19-02-2020,18-01-2026
502794,12353,Personal Loan,38213.72,10614.16,12.61,Active,Georgia,17-07-2020,30-04-2035
502795,12092,Mortgage,508232.28,288458.2,5.57,Active,Michigan,03-01-2023,20-09-2042
502796,10688,Mortgage,399902.11,336192.34,8.44,Fully Paid,Virginia,10-06-2023,09-05-2029
502797,11156,Business Loan,439631.99,425343.5,12.17,Active,Ohio,25-11-2019,09-11-2022
502798,10716,Personal Loan,33097.89,20018.9,9.26,Closed,Michigan,12-07-2022,05-02-2052
502799,11516,Business Loan,107531.97,68053.18,7.51,Closed,Washington,26-06-2021,31-05-2026
502800,11158,Auto Loan,31730.2,7262.9,12.22,Defaulted,Arizona,19-07-2022,12-06-2029
502801,11019,Auto Loan,52555.25,47482.08,9.56,Active,California,28-10-2022,07-10-2026
502802,12534,Personal Loan,23994.89,7201.29,8.91,Active,California,22-05-2020,21-04-2026
502803,12810,Mortgage,461590.57,319054.92,4.55,Delinquent,New York,27-04-2024,01-04-2029
502804,12644,Business Loan,526086.24,251912.36,9.78,Active,Illinois,01-11-2021,06-10-2026
502805,10378,Mortgage,769602.26,267647.25,5.85,Fully Paid,North Carolina,29-12-2020,15-09-2040
502806,12971,Auto Loan,41909.11,8304.2,12.65,Active,Florida,14-08-2025,01-05-2045
502807,10169,Business Loan,187301.51,50944.5,12.56,Active,Ohio,13-06-2023,17-05-2028
502808,10818,Mortgage,335587.6,296097.89,8.32,Fully Paid,Ohio,03-06-2022,27-04-2029
502809,10256,Mortgage,605310.92,393015.76,8.58,Active,Florida,10-03-2024,22-12-2038
502810,11568,Auto Loan,43468.81,6848.24,4.14,Active,North Carolina,08-02-2025,13-01-2030
502811,12249,Mortgage,415394.87,215553.81,4.55,Delinquent,Illinois,06-12-2025,05-11-2031
502812,11918,Personal Loan,40866.12,25320.11,12.58,Active,Florida,05-12-2020,14-10-2030
502813,12168,Mortgage,318745.18,170039.56,8.27,Fully Paid,Arizona,28-07-2022,10-05-2037
502814,11640,Personal Loan,46345.39,21345.86,9.67,Closed,North Carolina,01-05-2023,09-03-2033
502815,11112,Personal Loan,57237.98,24073.25,12.71,Active,Illinois,31-08-2021,27-03-2051
502816,12604,Mortgage,682233.47,662305.3,7.04,Closed,Arizona,08-08-2025,13-07-2030
502817,12072,Business Loan,445095.35,399679.16,4.34,Active,California,17-11-2024,02-11-2027
502818,11226,Auto Loan,52164.08,29009.25,9.42,Closed,Arizona,31-01-2024,30-12-2029
502819,10616,Mortgage,311781.49,79754.07,4.18,Active,Georgia,12-07-2023,10-06-2029
502820,11308,Personal Loan,12736.33,10232.49,12.21,Fully Paid,Virginia,26-06-2020,05-06-2024
502821,11469,Auto Loan,33084.29,19375.62,8.58,Delinquent,Massachusetts,26-04-2023,20-03-2030
502822,12499,Mortgage,550723.65,205712.83,10.91,Delinquent,New Jersey,20-02-2019,19-01-2025
502823,12091,Mortgage,697592.44,595128.16,4.9,Active,Florida,25-02-2024,19-01-2031
502824,10260,Mortgage,407341.85,205882.61,7.81,Active,Illinois,15-08-2021,11-03-2051
502825,11706,Personal Loan,9681.68,8350.4,12.35,Active,Michigan,24-05-2021,06-03-2036
502826,12523,Personal Loan,29392.92,25535.32,4.27,Active,North Carolina,10-03-2024,02-02-2031
502827,11983,Personal Loan,59706.7,25379.77,4.71,Active,Florida,23-01-2023,02-01-2027
502828,12991,Business Loan,427207.51,385720.22,9.21,Defaulted,Washington,06-09-2020,02-04-2050
502829,11782,Business Loan,507115.52,193855.47,12.71,Active,Pennsylvania,01-09-2023,19-05-2043
502830,12651,Business Loan,457878.08,257574.45,4.11,Delinquent,Georgia,22-05-2019,25-04-2024
502831,10460,Equipment Loan,131932.65,28853.8,3.96,Active,Illinois,12-01-2023,22-12-2026
502832,11716,Auto Loan,65775.73,56611.99,6.17,Active,New York,17-06-2021,27-05-2025
502833,11523,Business Loan,189372.64,113631.34,9.47,Delinquent,Ohio,27-10-2020,06-10-2024
502834,12241,Personal Loan,6417.73,4208.28,9.97,Fully Paid,New York,26-08-2025,10-08-2028
502835,12087,Mortgage,663523.3,272338.28,8.87,Defaulted,New Jersey,05-11-2024,15-10-2028
502836,10295,Mortgage,600839.57,418798.84,10.74,Delinquent,Illinois,03-09-2025,30-03-2055
502837,11456,Mortgage,536845.87,297558.3,13.56,Active,Virginia,07-11-2022,01-10-2029
502838,10110,Auto Loan,38306.12,31846.48,5.41,Fully Paid,New Jersey,13-11-2024,13-10-2030
502839,10940,Personal Loan,29483.78,12709.17,6.28,Delinquent,Michigan,22-03-2019,28-01-2029
502840,11199,Business Loan,508025.78,227854.1,8.87,Active,Washington,15-07-2019,18-06-2024
502841,12408,Equipment Loan,71466.23,33310.79,9.63,Active,New York,31-10-2020,18-07-2040
502842,12088,Business Loan,401794.02,130567.84,11.85,Active,North Carolina,02-08-2022,26-02-2052
502843,10737,Mortgage,846412.17,233157.29,6.58,Active,Texas,08-05-2020,23-04-2023
502844,11381,Business Loan,221035.59,189873.15,9.54,Closed,Michigan,29-11-2024,16-08-2044
502845,12074,Mortgage,295433.77,122831.63,3.67,Active,New Jersey,26-05-2019,08-03-2034
502846,10736,Mortgage,632734.56,100858.9,13.36,Fully Paid,Texas,28-09-2019,23-04-2049
502847,12893,Auto Loan,32402.99,5944.36,6.36,Defaulted,New Jersey,30-09-2020,17-06-2040
502848,11154,Auto Loan,50712.46,22813.76,10.76,Active,Pennsylvania,27-12-2023,04-11-2033
502849,10574,Auto Loan,50957.68,39395.85,8.56,Fully Paid,California,20-06-2025,30-05-2029
502850,11376,Auto Loan,24075.9,9989.05,13.72,Fully Paid,California,24-04-2024,24-03-2030
502851,12358,Business Loan,233427.33,162499.19,6.78,Active,California,27-01-2019,22-08-2048
502852,12370,Auto Loan,49913.22,28591.54,4.04,Active,Florida,17-07-2020,16-06-2026
502853,10468,Mortgage,226826.59,41244.2,12.5,Active,Washington,28-02-2024,06-01-2034
502854,11976,Auto Loan,20253.95,3672.22,7.56,Active,Illinois,07-11-2020,12-10-2025
502855,11205,Business Loan,442959.32,146977.69,12.69,Active,Arizona,18-08-2019,13-03-2049
502856,10417,Mortgage,164161.55,135476.31,13.29,Active,Florida,30-12-2025,12-10-2040
502857,10789,Mortgage,328140.42,184092.09,3.73,Closed,Georgia,06-07-2023,23-03-2043
502858,12659,Auto Loan,64692.48,18609.78,7.17,Active,Ohio,10-10-2024,27-06-2044
502859,11469,Equipment Loan,110584.63,24782.48,7.34,Fully Paid,Massachusetts,02-02-2023,20-10-2042
502860,10017,Business Loan,380726.6,170327.13,12.03,Active,North Carolina,20-12-2019,06-09-2039
502861,12701,Personal Loan,15268.76,12655.39,11.55,Active,North Carolina,30-07-2023,03-07-2028
502862,12521,Business Loan,385079.49,335982.93,5.6,Active,Virginia,07-07-2021,21-06-2024
502863,12442,Auto Loan,86152.19,33463.85,7.12,Defaulted,Massachusetts,21-03-2024,23-02-2029
502864,10560,Auto Loan,27959.43,18766.43,4.67,Closed,Ohio,24-11-2020,09-11-2023
502865,12101,Auto Loan,65580.01,14394.88,7.14,Active,Washington,20-10-2024,07-07-2044
502866,10996,Business Loan,517896.51,477896.64,12.74,Active,New York,09-01-2022,26-09-2041
502867,11208,Equipment Loan,93335.84,16006.05,8.41,Closed,Michigan,29-07-2024,15-04-2044
502868,10433,Mortgage,738824.35,653943.78,12.15,Active,Massachusetts,26-07-2024,12-04-2044
502869,12939,Mortgage,363944.38,227580.6,6.77,Active,Massachusetts,03-08-2022,08-07-2027
502870,10894,Mortgage,615719.9,494867.11,10.75,Active,Georgia,13-12-2025,12-11-2031
502871,10481,Personal Loan,21182.19,19296.02,11.85,Active,Pennsylvania,31-01-2022,10-12-2031
502872,10162,Personal Loan,12281.16,5014.52,8.72,Active,Illinois,16-03-2020,10-10-2049
502873,10492,Mortgage,279306.94,233709.9,9.83,Defaulted,Pennsylvania,28-03-2024,25-02-2030
502874,12146,Mortgage,712712.68,416379.14,8.19,Active,Pennsylvania,05-12-2025,19-11-2028
502875,11041,Personal Loan,57969.58,13320.28,11.57,Active,Texas,17-06-2025,11-05-2032
502876,10784,Auto Loan,64209.89,62882.92,3.7,Active,Michigan,31-01-2022,15-01-2025
502877,11491,Business Loan,528582.49,304831.12,4.8,Delinquent,New Jersey,06-04-2022,13-02-2032
502878,12298,Business Loan,422957.21,361645.48,7.15,Active,Massachusetts,24-06-2024,11-03-2044
502879,11024,Auto Loan,86629.68,15789.09,11.43,Fully Paid,Illinois,12-01-2023,20-11-2032
502880,11569,Mortgage,597434.92,523313.73,9.18,Closed,Arizona,18-11-2024,23-10-2029
502881,11586,Auto Loan,30435.69,10570.08,6.46,Delinquent,Illinois,28-10-2019,01-10-2024
502882,10871,Auto Loan,39021.54,33846.35,9.88,Active,Michigan,19-01-2024,13-12-2030
502883,10788,Personal Loan,72443.41,69290.97,11.67,Active,Ohio,29-05-2019,22-12-2048
502884,12280,Auto Loan,36288.89,16997.25,7.55,Closed,Ohio,21-09-2022,05-09-2025
502885,12707,Mortgage,703796.95,271711.94,6.58,Active,New Jersey,01-05-2023,09-03-2033
502886,12951,Mortgage,213965.29,195655.79,3.85,Fully Paid,Illinois,24-02-2023,08-02-2026
502887,12741,Mortgage,196535.15,95718.05,3.74,Active,Texas,20-04-2021,20-03-2027
502888,10726,Business Loan,205695.09,81653.75,12.41,Fully Paid,Virginia,10-04-2025,04-03-2032
502889,12057,Personal Loan,35685.49,13154.34,5.7,Closed,North Carolina,11-03-2025,08-02-2031
502890,11702,Auto Loan,86002.73,26255.7,9.03,Delinquent,North Carolina,14-02-2021,28-11-2035
502891,10949,Personal Loan,64309.31,39473.2,8.33,Active,Virginia,06-09-2019,05-08-2025
502892,11818,Mortgage,222404.21,129299.22,13.48,Active,Florida,16-08-2023,15-07-2029
502893,12491,Personal Loan,19971.35,13050.01,10.46,Active,Michigan,05-12-2023,30-06-2053
502894,12414,Auto Loan,42697.84,18988.42,12.14,Fully Paid,Ohio,01-03-2023,12-12-2037
502895,11150,Mortgage,836922.88,754288.2,12.67,Active,Georgia,16-01-2022,29-10-2036
502896,10403,Personal Loan,69026.81,41353.9,13.41,Fully Paid,Arizona,30-07-2019,03-07-2024
502897,11153,Mortgage,822837.73,572184.77,6.48,Active,North Carolina,14-02-2024,18-01-2029
502898,12368,Mortgage,691697.53,586392.52,7.65,Active,New York,09-03-2020,01-02-2027
502899,11385,Auto Loan,19221.14,10061.52,3.63,Closed,Florida,25-06-2024,19-01-2054
502900,11242,Auto Loan,18024.94,3402.26,6.29,Active,Washington,04-07-2022,18-06-2025
502901,12282,Mortgage,471970.22,103809.45,4.49,Fully Paid,Virginia,06-05-2023,09-04-2028
502902,12534,Business Loan,269375.97,94951.75,7.07,Active,California,06-03-2024,18-12-2038
502903,11483,Personal Loan,11177.61,4492.46,7.35,Delinquent,New York,12-11-2024,07-10-2031
502904,10496,Mortgage,404658.11,250585.73,4.76,Fully Paid,Illinois,14-07-2019,31-03-2039
502905,12298,Business Loan,213983.9,125563.85,14.22,Active,Massachusetts,27-08-2020,27-07-2026
502906,11867,Auto Loan,78766.82,72462.59,12.38,Delinquent,New Jersey,07-04-2021,17-03-2025
502907,11067,Equipment Loan,106517.52,17404.1,11.39,Delinquent,Texas,29-06-2019,13-06-2022
502908,10932,Mortgage,264261.96,194302.97,9.68,Active,Florida,27-04-2024,12-04-2027
502909,10011,Personal Loan,47577,14039.76,11.22,Active,Ohio,08-05-2020,19-02-2035
502910,10003,Personal Loan,63453.44,19613.66,12.25,Delinquent,California,12-06-2025,12-05-2031
502911,11586,Personal Loan,65204.87,46730.79,10.65,Closed,Illinois,15-10-2025,24-09-2029
502912,12220,Mortgage,154965.06,57669.12,12.22,Active,Texas,23-11-2024,28-10-2029
502913,11392,Equipment Loan,148175.35,89629.4,14.16,Fully Paid,California,12-10-2023,15-09-2028
502914,10187,Auto Loan,42848.43,36067.28,12.49,Delinquent,Texas,23-06-2019,17-05-2026
502915,10109,Auto Loan,87420.06,63162,9.38,Active,Illinois,25-07-2021,04-07-2025
502916,11709,Mortgage,510467.82,397491.45,3.83,Closed,Michigan,05-09-2023,23-05-2043
502917,11695,Equipment Loan,263785.52,177734.09,13.71,Active,North Carolina,25-08-2022,12-05-2042
502918,12380,Personal Loan,40815.43,9782.38,4.31,Active,California,06-10-2023,30-08-2030
502919,10383,Mortgage,422406.37,157795.44,6.76,Closed,New York,20-10-2022,29-09-2026
502920,11655,Mortgage,607068.32,590549.7,14.42,Fully Paid,New York,31-07-2022,15-07-2025
502921,10848,Business Loan,153378.05,70704.73,13.16,Fully Paid,Pennsylvania,22-06-2023,16-05-2030
502922,12110,Equipment Loan,55618.46,47392.88,11.22,Active,Texas,20-07-2021,24-06-2026
502923,12831,Mortgage,675064.22,631644.94,10.19,Closed,New Jersey,03-01-2019,29-07-2048
502924,12757,Equipment Loan,45956.65,30280.86,9.35,Active,Michigan,24-03-2023,04-01-2038
502925,11258,Personal Loan,35969.6,33032.88,4.91,Active,California,31-01-2023,26-08-2052
502926,11344,Mortgage,602648.06,499034.94,13.36,Active,Pennsylvania,12-03-2020,25-02-2023
502927,10236,Auto Loan,27915.62,11564,3.5,Closed,Massachusetts,26-09-2025,31-08-2030
502928,10076,Auto Loan,59835.11,40309.92,11.09,Closed,Ohio,10-08-2022,23-05-2037
502929,11728,Auto Loan,41869.57,15222.23,5.1,Delinquent,Pennsylvania,23-06-2020,18-05-2027
502930,11942,Auto Loan,37222.98,13764.61,14.01,Active,Washington,09-10-2022,23-09-2025
502931,12334,Business Loan,451403.14,79854.38,11.42,Active,Massachusetts,18-01-2020,05-10-2039
502932,12759,Mortgage,306480.79,193339.36,8.74,Active,Illinois,29-03-2019,09-01-2034
502933,12779,Auto Loan,75298.3,12190.62,10.32,Active,Texas,22-04-2025,16-11-2054
502934,11527,Equipment Loan,259422.7,162788.93,9.7,Fully Paid,Pennsylvania,18-04-2025,23-03-2030
502935,11274,Business Loan,336522.6,225303.48,10.81,Defaulted,Washington,04-01-2024,08-12-2028
502936,10420,Equipment Loan,288115.17,253952.19,4,Fully Paid,New York,03-10-2019,20-06-2039
502937,12871,Auto Loan,36594.32,18124.72,10.34,Closed,Texas,18-04-2021,03-01-2041
502938,11249,Auto Loan,63840.06,12577.57,12.3,Fully Paid,Pennsylvania,22-11-2023,21-10-2029
502939,12097,Personal Loan,61243.12,53396.41,11.04,Active,Massachusetts,11-07-2019,25-06-2022
502940,10439,Personal Loan,14750.39,5342.17,5.58,Active,Arizona,19-10-2024,13-09-2031
502941,10745,Equipment Loan,116462.76,41480.51,7.6,Active,Arizona,17-01-2019,30-10-2033
502942,10412,Mortgage,221504.86,60565.13,10.64,Active,North Carolina,01-11-2022,30-09-2028
502943,11877,Mortgage,794459.96,344575.22,9.77,Defaulted,Massachusetts,15-04-2019,14-03-2025
502944,10895,Business Loan,149156.11,116268.18,7.84,Fully Paid,California,10-06-2019,20-05-2023
502945,12609,Mortgage,617772.52,252812.69,8.41,Active,Michigan,20-07-2022,28-05-2032
502946,12872,Auto Loan,19685.76,15802.1,12.97,Fully Paid,Ohio,16-12-2019,11-07-2049
502947,12482,Auto Loan,49601.15,36720.1,6.5,Fully Paid,Florida,01-12-2024,14-09-2039
502948,10206,Mortgage,673822.38,111494.82,10.97,Fully Paid,Pennsylvania,16-11-2020,11-10-2027
502949,11842,Business Loan,370968.23,62900.07,9.41,Fully Paid,Ohio,13-02-2025,23-01-2029
502950,10899,Auto Loan,73205.32,13435.48,3.99,Active,Massachusetts,09-05-2024,24-04-2027
502951,11530,Mortgage,772548.46,719604.92,7.69,Active,Texas,15-10-2025,19-09-2030
502952,11409,Auto Loan,17824.73,5662.25,9.85,Delinquent,Washington,22-04-2025,07-01-2045
502953,11337,Business Loan,310690.87,68668.29,12.97,Delinquent,Washington,02-05-2023,16-04-2026
502954,10494,Business Loan,267637.31,249324.56,4.99,Active,Massachusetts,13-06-2024,08-05-2031
502955,10020,Mortgage,553475.52,518526.03,7.11,Defaulted,Illinois,25-03-2024,10-03-2027
502956,11699,Auto Loan,35879.45,9429.47,8.75,Defaulted,Illinois,07-05-2022,11-04-2027
502957,11710,Personal Loan,20299.65,6058.04,7.01,Fully Paid,Michigan,16-11-2023,24-09-2033
502958,10559,Personal Loan,69672.04,56613.38,9.7,Closed,New Jersey,06-08-2021,21-07-2024
502959,12922,Mortgage,262836.12,41332.67,11.55,Fully Paid,Arizona,30-04-2025,30-03-2031
502960,12269,Auto Loan,29412.66,14501.49,9.75,Active,Texas,13-08-2025,13-07-2031
502961,10137,Auto Loan,37109.86,20479.27,9.43,Closed,Florida,30-12-2023,03-12-2028
502962,10005,Personal Loan,70278.94,38646.88,8.66,Delinquent,Michigan,31-08-2025,10-08-2029
502963,11388,Mortgage,312252.32,103052.1,8.94,Active,New Jersey,23-02-2019,22-01-2025
502964,12649,Auto Loan,54044.74,27514.06,5.09,Delinquent,Virginia,27-04-2024,21-11-2053
502965,11462,Personal Loan,61722.24,32785.13,7.2,Active,Pennsylvania,19-02-2024,28-12-2033
502966,11601,Auto Loan,58682.94,33931.55,5.87,Active,Pennsylvania,02-09-2023,11-07-2033
502967,11941,Mortgage,773735.6,405219.4,8.46,Delinquent,Illinois,05-01-2021,10-12-2025
502968,11887,Personal Loan,34891.76,23992.44,12.56,Defaulted,Texas,14-05-2019,07-12-2048
502969,10268,Auto Loan,43108.95,24125.98,12.39,Active,New York,16-03-2020,18-02-2025
502970,10320,Auto Loan,21711.64,10189.72,4.5,Delinquent,Michigan,24-01-2025,19-12-2031
502971,11376,Personal Loan,54922.25,49104.77,11.6,Active,California,15-12-2020,11-07-2050
502972,12820,Business Loan,121655.97,29510.18,10.57,Closed,Michigan,09-03-2020,16-01-2030
502973,11792,Mortgage,520243.06,327175.1,14.25,Active,Washington,04-04-2020,11-02-2030
502974,12771,Mortgage,614691.26,125864.79,10.75,Active,Virginia,01-07-2021,18-03-2041
502975,12939,Mortgage,558574.67,130968.98,4.97,Active,Massachusetts,10-12-2023,08-11-2029
502976,11178,Auto Loan,76488.23,61023.63,10.23,Closed,Texas,08-11-2024,08-10-2030
502977,12557,Equipment Loan,91566.98,46874.27,4.25,Fully Paid,Washington,18-08-2019,22-07-2024
502978,12254,Personal Loan,24098.64,7622.72,10.1,Active,Illinois,11-04-2021,23-01-2036
502979,10499,Auto Loan,78637.72,13872.85,7.24,Active,Arizona,11-03-2024,05-10-2053
502980,11689,Equipment Loan,212573.41,181627.6,3.97,Active,Illinois,31-03-2020,05-03-2025
502981,12428,Personal Loan,16614.33,4064.33,8.75,Active,Michigan,06-09-2021,16-08-2025
502982,10831,Mortgage,542522.34,128455.15,6.88,Active,Georgia,11-09-2022,29-05-2042
502983,12255,Mortgage,281877.71,107782.5,3.92,Closed,Arizona,06-07-2025,30-05-2032
502984,11338,Mortgage,695685.5,324755.15,10.39,Delinquent,Illinois,02-02-2022,15-11-2036
502985,12949,Personal Loan,52612.16,29399.47,10.37,Fully Paid,Washington,16-12-2021,09-11-2028
502986,11544,Business Loan,410465.63,177984.55,11.09,Fully Paid,Ohio,08-02-2024,03-09-2053
502987,10209,Personal Loan,67903.96,59064.14,13.49,Delinquent,New York,30-03-2021,24-10-2050
502988,10172,Auto Loan,36269.35,32995.02,9.37,Delinquent,Michigan,28-12-2021,06-11-2031
502989,12776,Mortgage,527954.45,85349.53,8.76,Active,Massachusetts,08-08-2021,23-07-2024
502990,11351,Auto Loan,88228,49973.94,3.7,Fully Paid,Pennsylvania,08-03-2025,02-10-2054
502991,11534,Business Loan,557564.69,544016.01,7.51,Active,Michigan,17-10-2025,01-10-2028
502992,11008,Business Loan,348049.88,135754.93,13.31,Closed,Ohio,06-12-2021,30-10-2028
502993,10735,Personal Loan,38846.5,16725.86,5.75,Active,Michigan,05-06-2023,15-05-2027
502994,12065,Auto Loan,31013.27,22861.29,10.19,Active,Illinois,23-01-2021,06-11-2035
502995,11246,Personal Loan,57286.12,9079.95,11.11,Active,Texas,27-11-2024,22-10-2031
502996,11926,Personal Loan,12895.79,6311.55,12.79,Active,North Carolina,24-08-2021,06-06-2036
502997,10834,Auto Loan,57786.37,39152.3,6.62,Active,Pennsylvania,02-09-2024,29-03-2054
502998,10887,Mortgage,627958.85,398166.06,9.12,Active,Georgia,13-08-2022,26-05-2037
502999,11851,Mortgage,169892.6,159886.04,8.32,Active,Illinois,10-07-2021,22-04-2036
503000,12164,Mortgage,283982.24,108971.46,5.58,Active,Virginia,16-08-2023,29-05-2038
503001,10303,Auto Loan,89133.84,64665.45,13.84,Active,Washington,01-12-2024,18-08-2044
503002,10281,Personal Loan,56328.42,53007.2,6.08,Active,Ohio,03-02-2025,17-11-2039
503003,11470,Auto Loan,63699.3,21316.95,10.68,Fully Paid,North Carolina,04-04-2024,27-02-2031
503004,11487,Mortgage,406108.23,100644.6,10.25,Active,Texas,20-01-2022,29-11-2031
503005,12330,Auto Loan,77753.55,33403.41,6.78,Active,Massachusetts,23-01-2022,19-08-2051
503006,10116,Mortgage,483985.92,294420.25,9.67,Fully Paid,Washington,03-01-2022,13-12-2025
503007,10523,Mortgage,830351.17,453920.9,5.99,Active,Georgia,29-09-2024,08-09-2028
503008,11443,Mortgage,827502.95,590612.27,5.2,Active,California,05-04-2023,20-03-2026
503009,10181,Mortgage,599335.68,150904.51,12.55,Active,Massachusetts,12-01-2020,27-12-2022
503010,11459,Auto Loan,84296.38,72441.52,13.82,Delinquent,North Carolina,05-02-2019,20-01-2022
503011,10603,Business Loan,310031.35,151341.95,3.78,Closed,Georgia,08-09-2023,12-08-2028
503012,12020,Personal Loan,18972.19,14830.4,3.96,Defaulted,New Jersey,15-09-2020,25-08-2024
503013,11841,Business Loan,69211.46,30546.02,13.83,Active,Florida,19-02-2024,28-12-2033
503014,10297,Personal Loan,32495,24121.49,4.36,Fully Paid,Illinois,19-05-2019,17-04-2025
503015,12168,Mortgage,167081.77,72942.04,4.11,Active,Arizona,26-07-2019,19-06-2026
503016,12953,Mortgage,559735.74,518255.43,9.93,Active,Florida,21-05-2021,20-04-2027
503017,10270,Personal Loan,19519.76,8865.55,4.39,Active,Pennsylvania,06-10-2021,02-05-2051
503018,12040,Business Loan,467339.86,185503.99,14.46,Fully Paid,Georgia,20-08-2019,24-07-2024
503019,11280,Business Loan,265342.37,86161.47,7.06,Delinquent,North Carolina,25-04-2021,25-03-2027
503020,12335,Equipment Loan,262527.42,50387.54,10.9,Active,Pennsylvania,06-07-2020,23-03-2040
503021,12902,Personal Loan,14813.45,13310.85,9.46,Active,North Carolina,17-12-2019,10-11-2026
503022,11272,Equipment Loan,183631.7,81072.56,7.02,Active,Illinois,16-09-2022,26-08-2026
503023,12579,Personal Loan,53315.02,9143.41,10.84,Defaulted,Massachusetts,14-06-2022,27-03-2037
503024,11643,Mortgage,811753.49,702947.71,4.3,Active,Texas,27-02-2022,23-09-2051
503025,12278,Personal Loan,58099.11,21911.81,11.3,Closed,New York,28-11-2020,28-10-2026
503026,10803,Mortgage,683934.84,254253.88,13.22,Fully Paid,Texas,04-08-2022,28-06-2029
503027,11759,Mortgage,473074.6,404618.69,8.56,Fully Paid,Illinois,06-11-2024,15-09-2034
503028,11922,Business Loan,513356.28,291177.23,5.98,Active,Texas,20-01-2023,02-11-2037
503029,11240,Equipment Loan,78242.78,56421.01,9.33,Fully Paid,Pennsylvania,01-06-2019,09-04-2029
503030,10383,Auto Loan,65645.5,26071.55,7.46,Active,New York,28-01-2019,06-12-2028
503031,11919,Auto Loan,34125.37,18587.45,9.85,Fully Paid,Georgia,02-01-2021,07-12-2025
503032,11653,Personal Loan,27615.17,7238.99,12.75,Active,Georgia,08-04-2019,07-03-2025
503033,12553,Business Loan,117456.63,42781.16,4.21,Active,North Carolina,30-12-2020,16-09-2040
503034,10321,Business Loan,306833.91,129035.01,10.7,Active,New York,27-06-2025,21-01-2055
503035,10462,Personal Loan,12752.06,8954.69,10.84,Fully Paid,Illinois,05-02-2024,18-11-2038
503036,12739,Auto Loan,59023.83,52422.92,9.69,Active,Georgia,22-10-2024,21-09-2030
503037,11392,Personal Loan,43165.92,13041.27,11.08,Active,California,28-01-2020,10-11-2034
503038,11435,Mortgage,267377.58,104178.82,10.49,Closed,Ohio,01-01-2023,11-12-2026
503039,12963,Business Loan,80630.13,64610.36,4.03,Delinquent,Texas,23-09-2021,10-06-2041
503040,11412,Business Loan,110066.86,101055.23,7.57,Defaulted,New York,30-07-2022,09-07-2026
503041,12173,Personal Loan,61831.57,25071.76,5.37,Active,Illinois,23-12-2023,26-11-2028
503042,11221,Personal Loan,23496.86,17775.25,3.63,Active,Ohio,23-08-2022,10-05-2042
503043,10587,Mortgage,511722.17,389182.59,8.36,Fully Paid,Illinois,31-05-2025,09-04-2035
503044,10089,Mortgage,802884.14,738333.99,11.5,Closed,Ohio,23-06-2024,02-06-2028
503045,11552,Business Loan,464099.36,358988.96,7.87,Active,Pennsylvania,30-08-2021,26-03-2051
503046,10455,Equipment Loan,268214.81,113440.05,10.45,Active,Virginia,24-06-2019,11-03-2039
503047,10122,Mortgage,215605.97,64760.32,14.3,Active,New York,20-11-2019,19-10-2025
503048,12623,Mortgage,803142.67,600864.77,9.08,Active,Virginia,11-01-2023,06-08-2052
503049,12956,Business Loan,152306.36,48067.73,10.87,Closed,Illinois,28-11-2024,28-10-2030
503050,11050,Equipment Loan,127254.37,19218.41,10.81,Fully Paid,Texas,18-10-2020,05-07-2040
503051,11926,Mortgage,246687.87,55917.87,11.86,Active,North Carolina,25-10-2024,24-09-2030
503052,12276,Business Loan,505375.64,179741.38,8.78,Active,Massachusetts,24-02-2020,11-11-2039
503053,11137,Equipment Loan,244789.89,236980.64,8.69,Active,Washington,07-03-2024,15-02-2028
503054,10318,Personal Loan,48698.54,45530.2,13.67,Active,Massachusetts,02-08-2019,01-07-2025
503055,12072,Personal Loan,58711.21,48672.67,6.08,Active,California,13-12-2022,30-08-2042
503056,10100,Auto Loan,58882.2,17421.93,5.43,Active,Georgia,19-01-2024,18-12-2029
503057,10633,Auto Loan,43305.92,13751.42,9.13,Active,Pennsylvania,14-01-2020,27-10-2034
503058,12488,Business Loan,69285.69,45461.84,4.79,Defaulted,Ohio,07-05-2020,06-04-2026
503059,12092,Auto Loan,19097.65,11600.33,13.07,Fully Paid,Michigan,20-01-2020,15-08-2049
503060,12503,Personal Loan,58939.57,57635.57,8.43,Active,Washington,18-05-2024,22-04-2029
503061,10928,Business Loan,190376.11,125234.6,13.82,Active,Florida,11-05-2024,22-02-2039
503062,12273,Mortgage,531542.79,276735.09,9.14,Delinquent,New York,14-09-2022,29-08-2025
503063,11588,Mortgage,454934.84,388159.53,12.72,Active,Michigan,01-12-2021,25-10-2028
503064,11184,Mortgage,229463.67,215539.13,3.9,Fully Paid,New York,05-03-2022,12-01-2032
503065,12405,Mortgage,613776.75,494786.1,7.58,Active,Florida,16-05-2019,30-04-2022
503066,12916,Personal Loan,62680.95,13319.68,5.47,Fully Paid,Georgia,12-12-2020,25-09-2035
503067,12433,Mortgage,655124.5,592649.43,9.4,Active,Georgia,10-09-2022,23-06-2037
503068,10807,Mortgage,499023.4,178260.53,9.88,Active,Virginia,02-02-2019,11-12-2028
503069,12761,Auto Loan,25663.1,24807.87,6.75,Fully Paid,Virginia,22-12-2023,25-11-2028
503070,12421,Personal Loan,24117.78,20000.46,11.59,Closed,Massachusetts,04-06-2020,29-12-2049
503071,11647,Business Loan,595018.92,466540.28,8.76,Fully Paid,Arizona,05-06-2023,20-05-2026
503072,10471,Mortgage,604579.3,232254.72,10.06,Active,Washington,24-06-2021,03-05-2031
503073,11356,Personal Loan,22656.2,17226.04,4.52,Delinquent,Ohio,22-01-2021,09-10-2040
503074,10144,Personal Loan,35477.66,23517.36,4.07,Delinquent,Virginia,15-04-2024,09-11-2053
503075,10785,Auto Loan,26022.21,6261.42,13.66,Delinquent,Pennsylvania,23-09-2020,08-09-2023
503076,10729,Business Loan,594585.96,172693.54,11.58,Closed,Georgia,03-05-2022,12-04-2026
503077,10826,Mortgage,376320.69,259406.54,9.93,Active,Illinois,23-12-2025,16-11-2032
503078,12097,Mortgage,632068.11,442469,6.31,Active,Massachusetts,24-10-2023,01-09-2033
503079,12472,Auto Loan,78723.01,69361,3.78,Active,California,10-05-2021,24-04-2024
503080,11397,Mortgage,610359.45,177447.8,10.21,Active,Georgia,29-11-2025,08-10-2035
503081,11583,Business Loan,504347.54,106923.48,8.08,Active,New York,01-02-2024,19-10-2043
503082,12699,Personal Loan,69802.72,59673.33,7.99,Active,Georgia,18-06-2025,31-03-2040
503083,10676,Personal Loan,62352.5,46652.64,5.73,Fully Paid,Florida,27-02-2020,11-02-2023
503084,12286,Equipment Loan,263985.41,110678.1,12.32,Active,Pennsylvania,02-07-2024,06-06-2029
503085,11994,Mortgage,629161.45,333624.37,10.82,Closed,Illinois,20-02-2019,19-01-2025
503086,11813,Mortgage,654187.61,510548.43,7.45,Active,Massachusetts,14-04-2021,08-03-2028
503087,10837,Equipment Loan,74170.36,67214.15,3.83,Delinquent,Washington,28-12-2021,24-07-2051
503088,12889,Personal Loan,11014.44,2064.35,7.23,Active,Texas,22-08-2020,18-03-2050
503089,12139,Mortgage,516941.91,179295.69,11.65,Fully Paid,Virginia,27-07-2022,20-02-2052
503090,12355,Business Loan,306698.86,95431.93,7.4,Closed,Massachusetts,11-04-2022,26-03-2025
503091,10569,Business Loan,425058.81,136987.88,6.73,Delinquent,North Carolina,17-12-2019,03-09-2039
503092,11824,Business Loan,486055.87,248595.63,8.98,Defaulted,Texas,19-09-2020,29-07-2030
503093,10751,Business Loan,284654.17,159191.32,8.8,Fully Paid,Georgia,15-04-2025,15-03-2031
503094,11296,Business Loan,55541.15,43747.93,14.4,Active,Michigan,01-08-2020,15-05-2035
503095,10840,Personal Loan,13156.4,8923.54,7.38,Active,Virginia,22-10-2019,09-07-2039
503096,10641,Mortgage,164765.5,62000.84,4.27,Fully Paid,New York,28-12-2020,14-09-2040
503097,11975,Mortgage,454479.24,390747.63,8.8,Active,Georgia,05-03-2025,12-01-2035
503098,10825,Business Loan,260275.04,223464.66,4.58,Closed,Ohio,11-05-2022,05-12-2051
503099,10497,Auto Loan,57962.62,37514.33,10.55,Active,Washington,27-06-2020,22-05-2027
503100,10343,Personal Loan,72577.13,54299.36,13.07,Fully Paid,California,10-03-2025,25-11-2044
503101,12104,Business Loan,77094.21,20890.13,7.11,Defaulted,New York,29-09-2020,25-04-2050
503102,12945,Mortgage,547782.17,170643.16,3.9,Active,California,05-08-2022,18-05-2037
503103,10589,Equipment Loan,157735.08,48448.29,7.28,Active,Washington,18-09-2024,13-08-2031
503104,10351,Business Loan,153342.26,147206.06,5.54,Closed,Arizona,10-05-2022,08-04-2028
503105,12213,Business Loan,544641.06,419732.63,7.46,Delinquent,Michigan,13-01-2022,09-08-2051
503106,12967,Auto Loan,19419.88,16609.23,10.93,Active,Pennsylvania,28-04-2024,28-03-2030
503107,12831,Auto Loan,32626.6,18884.58,11.25,Closed,New Jersey,06-01-2022,11-12-2026
503108,10236,Auto Loan,85330.25,20497.84,10.57,Active,Massachusetts,09-03-2021,11-02-2026
503109,11155,Auto Loan,41097.85,35864.11,8.12,Active,Virginia,21-05-2024,30-03-2034
503110,11009,Auto Loan,56645.7,29842.34,5.15,Active,Washington,11-12-2019,23-09-2034
503111,10813,Auto Loan,41898.62,6594.05,9.62,Active,New Jersey,28-02-2025,24-09-2054
503112,11735,Business Loan,521891.36,95562.89,13.11,Active,Florida,16-02-2025,30-11-2039
503113,10063,Mortgage,726779.94,463983.04,6.6,Active,Michigan,22-07-2022,20-06-2028
503114,12880,Business Loan,142446,61756.45,4.86,Delinquent,Michigan,01-11-2025,25-09-2032
503115,12772,Auto Loan,23659.33,16372.09,11.54,Active,Washington,30-01-2024,12-11-2038
503116,12263,Equipment Loan,132744.78,78359.14,9.79,Active,Pennsylvania,29-01-2024,11-11-2038
503117,12986,Business Loan,470931.33,448484.4,13.99,Fully Paid,Illinois,15-09-2025,11-04-2055
503118,12536,Mortgage,719716.91,292061.48,4.15,Defaulted,Ohio,13-07-2020,26-04-2035
503119,12307,Business Loan,408154.69,97761.25,13.8,Active,Florida,18-09-2025,28-07-2035
503120,10488,Auto Loan,33485.82,15029.24,13.66,Closed,California,20-04-2022,14-11-2051
503121,10321,Mortgage,705972.75,113353.84,8.53,Closed,New York,03-09-2021,30-03-2051
503122,10463,Auto Loan,52271.81,22221.49,8.89,Delinquent,New York,02-09-2024,12-08-2028
503123,10797,Mortgage,733931.57,280257.32,12.52,Active,Massachusetts,23-02-2020,07-02-2023
503124,10133,Auto Loan,38041.12,19392.99,9.46,Defaulted,Arizona,31-08-2023,18-05-2043
503125,10304,Auto Loan,38585.31,11443.49,6.91,Active,New Jersey,18-05-2021,29-02-2036
503126,12470,Business Loan,263967.69,245266.06,12.98,Defaulted,Massachusetts,18-08-2020,28-07-2024
503127,11019,Auto Loan,41643.54,12396.26,9.87,Active,California,06-11-2023,16-10-2027
503128,10915,Auto Loan,19219.14,7840.44,11.46,Defaulted,California,13-01-2024,12-12-2029
503129,11378,Business Loan,52554.2,31641.41,8.75,Closed,Georgia,14-06-2020,24-05-2024
503130,11323,Personal Loan,55263.28,39242.36,13.15,Active,Massachusetts,25-12-2022,11-09-2042
503131,11551,Auto Loan,19408.28,8073.27,4.49,Delinquent,New Jersey,21-04-2023,14-11-2052
503132,12720,Mortgage,467242.08,389265.09,4.3,Active,Arizona,21-04-2022,31-03-2026
503133,11334,Business Loan,423669.39,314180.69,6.02,Closed,Texas,13-12-2022,17-11-2027
503134,10630,Personal Loan,20883.56,17567.12,5.33,Active,Michigan,13-11-2022,31-07-2042
503135,11593,Equipment Loan,167608.04,161205.23,13.01,Active,North Carolina,02-07-2022,16-06-2025
503136,12153,Auto Loan,38616.42,30158.07,7.05,Active,Ohio,27-11-2024,06-11-2028
503137,10998,Personal Loan,24646.04,23721.97,8.95,Active,Michigan,30-04-2019,10-02-2034
503138,12867,Mortgage,444704.5,169511.04,13.88,Active,California,15-07-2020,28-04-2035
503139,12517,Auto Loan,41850.8,22202.37,6.63,Active,California,13-12-2019,06-11-2026
503140,10242,Business Loan,555314.88,217433.91,6.33,Defaulted,New Jersey,30-12-2023,28-11-2029
503141,10091,Personal Loan,52088.44,12502.09,9.05,Fully Paid,New York,28-03-2025,07-03-2029
503142,11356,Auto Loan,88830.6,32209.84,4.14,Delinquent,Ohio,07-07-2023,31-05-2030
503143,11959,Personal Loan,27201.03,16976.28,3.87,Fully Paid,Ohio,22-11-2022,09-08-2042
503144,10056,Personal Loan,45897.95,15700.44,13.51,Active,New York,10-05-2025,19-04-2029
503145,10302,Personal Loan,5343.92,3710.17,11.22,Active,Arizona,18-10-2024,01-08-2039
503146,11573,Mortgage,154639.73,28828.86,9.17,Active,Ohio,05-01-2023,13-11-2032
503147,10628,Mortgage,795622.94,168042.22,6.67,Active,Arizona,09-02-2019,22-11-2033
503148,11234,Mortgage,500061.9,443443.01,13.32,Fully Paid,Washington,18-03-2022,15-02-2028
503149,11149,Mortgage,712926.5,138005.74,10.97,Active,Ohio,25-02-2023,30-01-2028
503150,10508,Auto Loan,27838.14,14812.08,5.65,Closed,New York,06-05-2025,20-04-2028
503151,11919,Auto Loan,87347.98,43112.78,10.09,Active,Georgia,27-02-2019,11-02-2022
503152,12485,Mortgage,695391.39,114862.1,12.28,Closed,Florida,16-01-2022,10-12-2028
503153,12777,Equipment Loan,161439.34,73640.49,5.38,Active,Georgia,29-06-2021,08-06-2025
503154,12481,Personal Loan,28235,19639.7,6.11,Active,Massachusetts,12-12-2024,25-09-2039
503155,11821,Auto Loan,62834.03,32718.9,10.13,Closed,Michigan,12-07-2019,20-05-2029
503156,12628,Mortgage,500484.22,463451.69,4.94,Active,Pennsylvania,03-03-2023,26-09-2052
503157,10284,Business Loan,102656.96,56102.86,9.51,Active,New Jersey,07-12-2021,16-11-2025
503158,12149,Auto Loan,84103.54,28802.09,11.57,Active,Virginia,29-08-2022,08-08-2026
503159,10172,Auto Loan,67859.92,20791.52,7.18,Defaulted,Michigan,14-05-2022,29-01-2042
503160,10020,Business Loan,551018.27,503597.55,4.84,Active,Illinois,27-03-2024,21-10-2053
503161,12933,Mortgage,760240.67,322725.46,5.97,Closed,California,29-12-2022,22-11-2029
503162,11359,Auto Loan,61742.73,50718.31,10.06,Active,Georgia,28-02-2022,22-01-2029
503163,12765,Mortgage,819328.06,373032.48,7.34,Active,Virginia,17-05-2019,15-04-2025
503164,12552,Auto Loan,46564.07,14878.5,8.96,Closed,Arizona,03-07-2019,27-05-2026
503165,11707,Equipment Loan,75361.28,37594.17,9.61,Active,Pennsylvania,01-06-2021,14-03-2036
503166,10439,Mortgage,457359,202029.42,4.78,Fully Paid,Arizona,06-07-2023,30-05-2030
503167,12277,Auto Loan,58837.39,23512.72,11,Active,Michigan,20-04-2024,01-02-2039
503168,11797,Personal Loan,47682.02,36238.01,9.24,Closed,Massachusetts,22-12-2022,17-07-2052
503169,10729,Mortgage,476850.57,92718.26,12.82,Active,Georgia,27-03-2025,08-01-2040
503170,12168,Mortgage,284687.85,81736.66,6.85,Active,Arizona,13-09-2019,31-05-2039
503171,10936,Mortgage,820728.48,314826.62,11.04,Defaulted,Washington,10-04-2019,21-01-2034
503172,11427,Auto Loan,64924.79,24907.38,8.09,Fully Paid,California,27-01-2025,06-12-2034
503173,10631,Mortgage,745520.4,552196.13,13.59,Defaulted,Illinois,28-11-2020,15-08-2040
503174,12429,Business Loan,229296.1,53570.23,7.24,Delinquent,Pennsylvania,26-10-2024,04-09-2034
503175,11147,Auto Loan,73304.28,38129.18,10.46,Closed,Illinois,18-01-2024,13-08-2053
503176,12085,Equipment Loan,86252.91,29146.93,13.9,Fully Paid,Pennsylvania,10-06-2023,18-04-2033
503177,11302,Equipment Loan,208839.77,58702.99,12.84,Fully Paid,Massachusetts,10-07-2019,13-06-2024
503178,11478,Business Loan,266611.55,84600.47,12.61,Active,New Jersey,02-08-2023,26-06-2030
503179,12728,Mortgage,207050.38,69739.6,4.63,Fully Paid,Washington,31-05-2019,10-05-2023
503180,11619,Mortgage,501008.01,259840.92,11.68,Active,North Carolina,02-10-2021,06-09-2026
503181,12194,Auto Loan,49986.29,19612.18,9.4,Active,California,15-10-2019,23-08-2029
503182,11391,Mortgage,788569.23,719906.12,10.94,Delinquent,Ohio,06-03-2023,13-02-2027
503183,11889,Personal Loan,32412.19,10075.83,10.57,Active,New York,29-07-2021,08-07-2025
503184,11288,Mortgage,844588.39,311274.3,8.36,Fully Paid,California,11-03-2024,23-12-2038
503185,10844,Personal Loan,15888.23,13910.97,8.9,Closed,Pennsylvania,30-10-2019,03-10-2024
503186,12941,Mortgage,823578.98,202397.4,8.77,Closed,Florida,21-09-2019,25-08-2024
503187,11922,Equipment Loan,153591.15,131396.4,6.04,Active,Texas,11-04-2024,21-03-2028
503188,11727,Personal Loan,48432.26,26129.46,9.76,Delinquent,Michigan,28-03-2019,13-12-2038
503189,11696,Auto Loan,88409.69,70595.89,10.3,Defaulted,Michigan,20-08-2022,07-05-2042
503190,10865,Personal Loan,38417.83,33634.82,12.62,Active,New York,01-10-2023,30-08-2029
503191,12986,Equipment Loan,86127.93,80992.95,5.23,Active,Illinois,28-03-2021,22-10-2050
503192,10844,Business Loan,97217.62,87419,4.36,Active,Pennsylvania,08-10-2020,25-06-2040
503193,10336,Mortgage,323697.4,298299.78,8.66,Active,Virginia,09-01-2020,03-12-2026
503194,12994,Business Loan,148585.56,26576.46,4.1,Active,Washington,06-01-2020,16-12-2023
503195,12859,Personal Loan,61718.65,40288.46,7.3,Active,Ohio,20-01-2019,15-08-2048
503196,12399,Business Loan,553893.53,401796.28,7.21,Active,Arizona,15-09-2025,20-08-2030
503197,10277,Auto Loan,30929.05,29818.15,4.93,Closed,Virginia,22-06-2022,04-04-2037
503198,10224,Mortgage,407908.19,287399.8,13.26,Active,Washington,09-12-2019,18-11-2023
503199,10395,Auto Loan,26461.87,22355.38,5.32,Active,New Jersey,27-07-2019,09-05-2034
503200,11627,Mortgage,507786.22,360282.73,8.85,Active,New York,29-12-2025,22-11-2032
503201,11293,Mortgage,600179.79,439464.08,4.36,Delinquent,Florida,29-10-2023,02-10-2028
503202,10833,Business Loan,354511.21,85815.81,7.74,Delinquent,Massachusetts,23-07-2023,26-06-2028
503203,10153,Mortgage,152658.06,23850.02,13.48,Active,Florida,14-09-2022,19-08-2027
503204,11247,Personal Loan,55365.28,43510.56,8.69,Fully Paid,Michigan,29-11-2020,16-08-2040
503205,10416,Mortgage,318312.37,53515.25,12.65,Defaulted,Arizona,03-06-2024,08-05-2029
503206,12143,Personal Loan,8996.9,4878.13,4.98,Fully Paid,Ohio,10-10-2025,19-08-2035
503207,12156,Mortgage,598006.67,461383.44,11.21,Defaulted,California,30-03-2021,22-02-2028
503208,11222,Auto Loan,22279.68,8738.84,11.52,Fully Paid,Ohio,18-07-2023,21-06-2028
503209,12939,Personal Loan,40796.85,28065.42,8.6,Active,Massachusetts,13-11-2019,08-06-2049
503210,11690,Auto Loan,68916.91,33045.34,13.27,Delinquent,Michigan,06-04-2019,12-02-2029
503211,12083,Equipment Loan,215146.05,96111.94,4.05,Defaulted,Pennsylvania,17-05-2025,11-12-2054
503212,11589,Personal Loan,22144.83,15773.4,3.81,Active,Georgia,20-04-2020,05-04-2023
503213,11219,Auto Loan,28475.76,25004.4,14.32,Active,California,03-08-2024,27-02-2054
503214,12703,Mortgage,779553.39,309715.82,6.23,Active,North Carolina,29-12-2023,11-10-2038
503215,12835,Mortgage,529733.42,358153.15,13.72,Fully Paid,North Carolina,18-04-2022,12-11-2051
503216,12006,Equipment Loan,271263.03,48453.01,7.78,Active,North Carolina,20-10-2020,29-08-2030
503217,11160,Personal Loan,28976.4,23671.02,5.33,Active,California,20-08-2019,02-06-2034
503218,10232,Equipment Loan,48673.1,12514.44,9.7,Defaulted,Georgia,08-10-2019,21-07-2034
503219,10067,Business Loan,341825.97,208326.03,7.56,Active,Arizona,04-10-2020,13-09-2024
503220,10829,Mortgage,328298.4,281742.54,9.76,Fully Paid,Michigan,14-01-2024,08-12-2030
503221,12091,Mortgage,292730.13,225765.07,6.78,Active,Florida,31-07-2019,23-02-2049
503222,10535,Auto Loan,40532.21,22589.88,7.66,Closed,New Jersey,25-11-2020,10-11-2023
503223,12621,Business Loan,209471.3,197013.83,8.09,Closed,New York,10-10-2022,05-05-2052
503224,10326,Auto Loan,82732.5,63959.02,6.55,Active,Texas,07-05-2020,23-01-2040
503225,11390,Equipment Loan,51360.4,33847.63,12.62,Active,Virginia,13-12-2021,30-08-2041
503226,10642,Business Loan,433263.82,352823.03,10.11,Closed,Texas,25-05-2024,10-05-2027
503227,11138,Personal Loan,61925.98,16882.38,4.08,Active,Massachusetts,10-12-2019,03-11-2026
503228,12329,Personal Loan,45004.35,34597.02,4.69,Active,North Carolina,17-03-2019,19-02-2024
503229,12761,Equipment Loan,176570.3,44718.99,8.91,Active,Virginia,08-04-2023,01-11-2052
503230,11175,Auto Loan,89321.39,16362.59,13.39,Active,Virginia,01-03-2021,24-01-2028
503231,10987,Mortgage,666369.67,584324.28,13.9,Active,Michigan,23-12-2021,09-09-2041
503232,10566,Personal Loan,64647.38,15191.48,8.17,Fully Paid,Georgia,30-12-2023,16-09-2043
503233,11501,Personal Loan,49324.15,40139.22,3.52,Fully Paid,Florida,21-01-2020,25-12-2024
503234,10595,Auto Loan,68907.03,18146.12,7.33,Closed,Florida,07-09-2025,17-08-2029
503235,11350,Mortgage,411625.7,144595.07,6.28,Active,Illinois,21-08-2022,16-03-2052
503236,10904,Personal Loan,31977.37,26512.12,13.46,Fully Paid,Massachusetts,02-04-2022,24-02-2029
503237,10626,Business Loan,94973.63,16979.22,10.76,Closed,New York,13-06-2019,23-05-2023
503238,10375,Equipment Loan,137861.02,90407.35,8.89,Active,Florida,02-08-2024,19-04-2044
503239,12696,Personal Loan,31001.88,25087.62,4.34,Active,Washington,25-11-2020,20-10-2027
503240,11934,Mortgage,224543.93,127141.91,10.81,Closed,Illinois,22-11-2019,16-10-2026
503241,11547,Auto Loan,15459.62,8245.75,8,Fully Paid,California,20-06-2025,30-05-2029
503242,11219,Business Loan,94832.37,56114.65,10.64,Active,California,16-06-2022,15-05-2028
503243,10107,Business Loan,421810.02,364194.87,11.09,Active,Pennsylvania,02-01-2019,12-12-2022
503244,10737,Personal Loan,64239.98,60110.91,4.76,Active,Texas,25-05-2025,18-04-2032
503245,11212,Business Loan,420094.18,296332.1,8.07,Active,Illinois,05-03-2019,28-09-2048
503246,10446,Equipment Loan,181400.39,90998.82,6.36,Active,Virginia,18-10-2023,13-05-2053
503247,10549,Business Loan,402087.81,117392.65,7.4,Active,Pennsylvania,03-07-2025,27-05-2032
503248,12622,Auto Loan,59783.56,47095.5,7.54,Active,New York,14-03-2019,26-02-2022
503249,10963,Business Loan,158132.45,149353.01,3.74,Delinquent,Georgia,02-01-2020,10-11-2029
503250,11648,Equipment Loan,133751.85,96337.7,7.56,Fully Paid,Virginia,31-08-2019,25-07-2026
503251,12318,Mortgage,320218.44,265198.9,4.58,Active,Ohio,18-04-2023,28-03-2027
503252,10052,Mortgage,248813.28,39616.06,14.1,Active,Ohio,24-03-2021,05-01-2036
503253,11164,Business Loan,458318.42,414564.21,8.04,Active,Arizona,21-12-2019,24-11-2024
503254,12947,Business Loan,168842.95,157792.94,11.04,Fully Paid,Illinois,10-02-2019,25-01-2022
503255,11882,Personal Loan,58900.04,56547.9,12.73,Active,Ohio,08-02-2021,04-09-2050
503256,11692,Auto Loan,51803.14,48962.92,9.66,Active,Massachusetts,12-02-2024,27-01-2027
503257,12782,Personal Loan,6010.13,5450.01,12.03,Fully Paid,New York,23-09-2020,02-09-2024
503258,10201,Mortgage,261206.17,161645.19,9.41,Active,Pennsylvania,01-04-2022,12-01-2037
503259,11036,Auto Loan,37563.38,36158.19,13.32,Fully Paid,North Carolina,02-06-2023,17-02-2043
503260,12166,Personal Loan,60354.39,29064.9,5.54,Active,New Jersey,15-07-2025,19-06-2030
503261,11375,Personal Loan,37890.15,28185.04,5.27,Active,Arizona,14-12-2019,28-11-2022
503262,12344,Personal Loan,72562.08,59947.23,4.02,Closed,Texas,23-04-2022,03-02-2037
503263,10498,Auto Loan,86506.47,18296.53,7.31,Active,Virginia,13-08-2020,27-05-2035
503264,12439,Personal Loan,62726.19,60756.02,14.46,Active,New York,30-07-2022,23-02-2052
503265,12144,Auto Loan,61094.02,45580.54,14.44,Delinquent,Michigan,05-04-2019,09-03-2024
503266,10344,Auto Loan,44334.87,41608.8,3.92,Fully Paid,Washington,08-02-2024,12-01-2029
503267,10054,Personal Loan,11200.41,2174.75,7.73,Active,Arizona,26-10-2020,05-10-2024
503268,11753,Mortgage,784020.53,400643.43,12.17,Closed,Michigan,16-08-2019,03-05-2039
503269,11956,Business Loan,392462.74,316671.04,12.07,Defaulted,Massachusetts,05-02-2023,14-12-2032
503270,11122,Business Loan,342608.17,172787.83,9.24,Closed,Illinois,13-03-2019,09-02-2025
503271,10191,Auto Loan,20735.82,8784.94,5.1,Fully Paid,Virginia,08-05-2020,23-04-2023
503272,10480,Business Loan,120696.26,60682.38,5,Active,Arizona,04-06-2019,03-05-2025
503273,10051,Personal Loan,52793.06,26139.64,12.41,Active,North Carolina,16-10-2025,30-09-2028
503274,12360,Personal Loan,41858.3,37449.86,12.63,Active,Georgia,12-06-2025,12-05-2031
503275,11570,Business Loan,184242.68,155920.85,11.87,Delinquent,Washington,16-12-2024,12-07-2054
503276,10250,Auto Loan,17676.06,4336.84,5.28,Closed,Michigan,12-02-2023,30-10-2042
503277,12824,Mortgage,183964.79,41499.43,3.9,Closed,Virginia,27-01-2021,01-01-2026
503278,12896,Personal Loan,58530.98,22068.06,10.88,Active,Michigan,31-05-2019,15-05-2022
503279,12071,Mortgage,255301.47,72638.16,11.64,Fully Paid,Massachusetts,14-05-2019,29-01-2039
503280,10872,Auto Loan,70658.27,26346.55,5.52,Fully Paid,New York,18-08-2022,02-08-2025
503281,10039,Auto Loan,20756.79,19124.64,11.49,Delinquent,Ohio,16-06-2024,01-06-2027
503282,10398,Equipment Loan,163534.53,63832.97,9.13,Active,Illinois,09-01-2023,17-11-2032
503283,12819,Auto Loan,60169.14,18096.8,10.04,Active,Ohio,26-01-2023,10-01-2026
503284,10826,Business Loan,308416.59,281974.57,6.33,Defaulted,Illinois,05-10-2020,04-09-2026
503285,11479,Personal Loan,24588.18,4488.93,7.25,Active,Pennsylvania,12-10-2021,05-09-2028
503286,11316,Business Loan,216782.6,120833.54,10.09,Active,Massachusetts,25-06-2024,12-03-2044
503287,11149,Auto Loan,86544.98,46498.29,13.97,Fully Paid,Ohio,17-08-2020,31-05-2035
503288,11513,Mortgage,178719.2,61530.6,3.88,Active,Michigan,15-08-2019,25-07-2023
503289,12086,Business Loan,289582.44,48016,5.23,Active,Illinois,02-11-2020,12-10-2024
503290,10552,Auto Loan,59211.09,22847.09,3.96,Active,Pennsylvania,20-05-2020,14-04-2027
503291,12354,Mortgage,740261.79,673523.44,14.38,Delinquent,Pennsylvania,30-07-2019,28-06-2025
503292,10439,Auto Loan,21380.08,13847.55,6,Closed,Arizona,06-11-2021,02-06-2051
503293,12058,Mortgage,241768.81,137287.56,6.94,Fully Paid,California,15-02-2023,24-12-2032
503294,10130,Business Loan,249508.12,167210.82,12.26,Delinquent,Illinois,04-02-2025,31-08-2054
503295,10928,Equipment Loan,203899.33,194423.69,8.24,Active,Florida,21-01-2019,26-12-2023
503296,10983,Mortgage,472824.55,228272.26,8.55,Active,Arizona,11-03-2021,18-02-2025
503297,10453,Auto Loan,26617.23,10657.61,9.92,Active,Texas,28-10-2024,02-10-2029
503298,11725,Mortgage,153139.71,79541.23,11.96,Active,Ohio,12-08-2025,06-07-2032
503299,10265,Auto Loan,31571.6,25061.25,8.44,Fully Paid,Pennsylvania,26-11-2023,04-10-2033
503300,11183,Equipment Loan,73510.7,56582.26,5.46,Active,Georgia,23-02-2025,02-02-2029
503301,12754,Auto Loan,74183.04,47213.17,6.77,Active,North Carolina,23-04-2020,02-04-2024
503302,11686,Personal Loan,40794.17,13209.39,9.27,Defaulted,Georgia,08-10-2020,23-09-2023
503303,12697,Mortgage,418326.34,383786.01,9.37,Active,Illinois,21-10-2021,14-09-2028
503304,12810,Personal Loan,46088.84,7559.76,7.26,Closed,New York,19-06-2021,13-05-2028
503305,11666,Business Loan,374160.4,82891.34,7.44,Active,California,31-05-2024,16-02-2044
503306,10561,Business Loan,213267.34,124350.68,12.77,Active,Ohio,22-08-2021,27-07-2026
503307,10494,Auto Loan,19012.9,8409.33,5.75,Closed,Massachusetts,11-12-2025,04-11-2032
503308,10611,Business Loan,68960.87,48539.93,7.65,Active,California,28-10-2024,22-09-2031
503309,10904,Auto Loan,38197.56,13859.24,7.71,Active,Massachusetts,17-10-2023,26-09-2027
503310,11317,Business Loan,451407.21,244246.21,4.38,Delinquent,Texas,06-01-2021,02-08-2050
503311,10425,Auto Loan,23007.34,4119.68,4.12,Defaulted,New Jersey,13-09-2025,23-08-2029
503312,11267,Business Loan,224320.05,96035.92,13.72,Fully Paid,Pennsylvania,11-08-2024,25-05-2039
503313,11209,Personal Loan,56749.32,23331.01,12.47,Active,New York,13-06-2023,07-05-2030
503314,11570,Mortgage,786792.02,559410.6,13,Active,Washington,21-11-2023,15-10-2030
503315,10367,Mortgage,777992.4,276649.39,12.59,Active,Texas,06-12-2025,15-11-2029
503316,12388,Personal Loan,50862.04,8329.81,14.16,Delinquent,New Jersey,03-03-2019,18-11-2038
503317,10899,Auto Loan,39475.96,15796.63,7.52,Closed,Massachusetts,03-02-2020,02-01-2026
503318,12935,Business Loan,123265.8,119055.33,4.68,Active,Texas,30-10-2019,07-09-2029
503319,12349,Mortgage,352940.69,97951.3,7.88,Fully Paid,California,15-12-2022,01-09-2042
503320,10547,Business Loan,57959.11,35907.2,9.48,Active,Illinois,26-03-2020,07-01-2035
503321,11726,Mortgage,354171.63,201173.1,12.19,Fully Paid,Washington,16-06-2022,03-03-2042
503322,11335,Auto Loan,35721.96,33767.12,6.01,Active,North Carolina,07-05-2025,22-01-2045
503323,10646,Personal Loan,31676.63,8241.56,14.32,Fully Paid,Ohio,17-06-2020,11-01-2050
503324,11265,Personal Loan,33430.39,13549.44,8.35,Fully Paid,Illinois,09-10-2019,12-09-2024
503325,12286,Equipment Loan,240043.54,37994.59,10.84,Fully Paid,Pennsylvania,04-07-2025,08-06-2030
503326,11744,Business Loan,468439.35,114221.58,7.86,Fully Paid,Arizona,22-06-2019,09-03-2039
503327,12755,Auto Loan,70587.55,66991.34,9.57,Defaulted,Ohio,16-11-2019,15-10-2025
503328,12149,Business Loan,262596.31,185098.35,5.61,Active,Virginia,14-06-2025,23-04-2035
503329,10306,Mortgage,248651.21,183573.81,4.43,Active,New Jersey,16-08-2025,21-07-2030
503330,12602,Equipment Loan,35695.69,24015.05,8.85,Active,Virginia,07-02-2024,22-01-2027
503331,12577,Auto Loan,33442.15,10616.22,10.18,Delinquent,California,29-01-2024,11-11-2038
503332,11260,Auto Loan,75636.91,59124.83,4.48,Active,North Carolina,09-09-2023,08-08-2029
503333,10149,Equipment Loan,95983.06,43935.12,8.91,Closed,Ohio,30-07-2020,04-07-2025
503334,10915,Personal Loan,16747.08,7751.44,10.27,Defaulted,California,16-10-2023,09-09-2030
503335,11263,Business Loan,378868.77,183747.56,9.95,Defaulted,Michigan,15-04-2019,31-12-2038
503336,11810,Personal Loan,49863.18,29281.79,6.61,Active,Texas,27-03-2024,01-03-2029
503337,12930,Mortgage,832010.16,784124.19,6.05,Active,California,30-01-2022,09-01-2026
503338,11456,Auto Loan,72760.37,11341.09,8.83,Fully Paid,Virginia,22-04-2020,03-02-2035
503339,11588,Auto Loan,70506.98,21281.75,5.69,Closed,Michigan,13-01-2023,21-11-2032
503340,11395,Mortgage,432346.2,96773.42,6.98,Fully Paid,Florida,27-10-2022,25-09-2028
503341,12716,Business Loan,268243.84,205270.19,12.7,Active,Arizona,21-11-2024,16-10-2031
503342,12815,Auto Loan,65932.49,51441.29,10.17,Delinquent,New Jersey,26-05-2021,25-04-2027
503343,10958,Equipment Loan,179063.83,145354.42,12.27,Active,California,30-08-2025,30-07-2031
503344,12969,Business Loan,388493.32,301698.47,14.08,Defaulted,Ohio,26-05-2025,04-04-2035
503345,12196,Auto Loan,38699.8,37889.09,6.53,Active,New Jersey,22-07-2019,06-07-2022
503346,12863,Mortgage,769809.29,600492.77,8.65,Closed,New Jersey,15-12-2022,23-10-2032
503347,12474,Equipment Loan,258157.75,104597.02,3.51,Delinquent,Pennsylvania,14-02-2021,24-12-2030
503348,12569,Mortgage,335204.25,160515.32,6.19,Fully Paid,Massachusetts,11-12-2019,04-11-2026
503349,11479,Auto Loan,26973.1,22718.56,9.7,Active,Pennsylvania,09-05-2021,18-04-2025
503350,11502,Mortgage,152736.41,127262.66,5.37,Active,Ohio,03-01-2022,16-10-2036
503351,12728,Equipment Loan,224342.66,41579.65,7.43,Closed,Washington,06-06-2021,21-02-2041
503352,11436,Business Loan,143642.54,26863.1,12.23,Active,Illinois,02-10-2023,26-08-2030
503353,12752,Mortgage,780071.88,537910.68,11.84,Active,Pennsylvania,27-11-2022,06-11-2026
503354,12648,Mortgage,718419.3,147155.61,13.92,Active,Pennsylvania,09-09-2019,22-06-2034
503355,11579,Mortgage,523708.38,416756.81,5.94,Active,New Jersey,19-10-2024,02-08-2039
503356,11154,Mortgage,212337.05,108282.84,14.18,Active,Pennsylvania,17-11-2022,12-06-2052
503357,10776,Mortgage,206018.9,125847.35,7.11,Active,New Jersey,05-09-2019,09-08-2024
503358,12906,Auto Loan,34354.8,8361.86,7.57,Delinquent,Texas,25-07-2025,18-02-2055
503359,12856,Auto Loan,65814.57,44263.59,10.07,Active,Georgia,02-07-2020,01-06-2026
503360,12779,Personal Loan,32848.14,24600.6,9.35,Active,Texas,11-04-2021,18-02-2031
503361,12324,Mortgage,330465.34,247830.13,11.86,Active,New York,22-10-2022,06-10-2025
503362,12631,Mortgage,781735,581855.54,8.69,Active,Virginia,19-07-2024,12-02-2054
503363,10756,Personal Loan,20051.65,16215.96,11.04,Delinquent,Illinois,26-03-2021,07-01-2036
503364,11691,Mortgage,577451.68,377239.25,10.11,Active,New York,09-11-2020,05-06-2050
503365,10008,Auto Loan,83680.32,81652.04,7.67,Active,Illinois,14-01-2023,27-10-2037
503366,10543,Equipment Loan,70492.16,50600.64,9.09,Active,Massachusetts,05-09-2020,01-04-2050
503367,12616,Mortgage,656705.1,161901.61,12.39,Active,Michigan,09-05-2024,03-04-2031
503368,12873,Auto Loan,50810.8,33324.98,6.15,Fully Paid,Washington,06-03-2021,19-02-2024
503369,10193,Auto Loan,59300.98,33044.2,12.95,Active,Washington,16-07-2024,02-04-2044
503370,12859,Personal Loan,33493.2,15944.66,6.51,Defaulted,Ohio,16-12-2019,24-10-2029
503371,12074,Business Loan,163306.84,139290.25,6.09,Defaulted,New Jersey,21-08-2020,31-07-2024
503372,12183,Auto Loan,64371.02,13340.39,6.99,Active,Virginia,07-12-2022,24-08-2042
503373,12265,Personal Loan,8822.48,8078.89,4.77,Closed,Pennsylvania,03-09-2025,08-08-2030
503374,10397,Mortgage,231583.48,102442.56,9.63,Closed,Texas,23-06-2021,17-01-2051
503375,10375,Auto Loan,35126.84,8104.79,14.21,Delinquent,Florida,18-04-2022,03-01-2042
503376,10252,Auto Loan,72512.08,29661.07,10.95,Active,Michigan,28-03-2020,02-03-2025
503377,12210,Auto Loan,35429.22,14138.95,4.31,Fully Paid,Pennsylvania,01-01-2020,11-12-2023
503378,10719,Personal Loan,53327.26,27888.17,8.96,Delinquent,Florida,02-08-2024,11-06-2034
503379,11239,Business Loan,290128.56,185920.47,5.24,Active,Virginia,07-12-2024,24-08-2044
503380,11923,Personal Loan,10417.03,7055.24,3.71,Fully Paid,Georgia,20-10-2025,19-09-2031
503381,10033,Personal Loan,21669.26,4657.79,11,Active,Arizona,27-05-2025,20-04-2032
503382,11426,Mortgage,783597.35,244273.32,8.1,Active,Virginia,11-08-2019,24-05-2034
503383,11394,Personal Loan,43968.89,38713.87,9.8,Active,Illinois,09-04-2023,20-01-2038
503384,12851,Mortgage,582302.9,506236.88,8.43,Active,Washington,01-10-2025,15-09-2028
503385,11464,Business Loan,211147.68,72558.68,14.1,Fully Paid,Ohio,20-05-2019,28-03-2029
503386,11418,Mortgage,544948.87,107892.81,7.86,Active,California,11-02-2025,06-01-2032
503387,12649,Mortgage,308317.32,161181.37,12.73,Active,Virginia,23-10-2021,05-08-2036
503388,11388,Personal Loan,11971.91,4278.97,4.23,Active,New Jersey,30-10-2019,28-09-2025
503389,12092,Auto Loan,30689.5,23978,11.6,Fully Paid,Michigan,02-01-2022,17-12-2024
503390,12083,Mortgage,409803.42,243742.43,10.22,Active,Pennsylvania,25-01-2022,04-01-2026
503391,10512,Mortgage,409301.92,278752.06,10.42,Fully Paid,Florida,28-11-2023,27-10-2029
503392,11581,Mortgage,471294.6,94743.63,6.1,Active,Washington,11-12-2023,06-07-2053
503393,10006,Auto Loan,44391.23,22071.09,6.18,Active,Pennsylvania,11-07-2024,05-06-2031
503394,12835,Auto Loan,29864.13,9498.01,11.18,Defaulted,North Carolina,24-05-2020,23-04-2026
503395,12378,Mortgage,357233.76,57239.64,8.3,Active,Texas,30-06-2020,04-06-2025
503396,12375,Business Loan,388954.09,128312.55,8.15,Active,North Carolina,16-07-2022,25-06-2026
503397,10775,Mortgage,571563.66,294605.85,6.15,Active,Georgia,11-05-2024,20-04-2028
503398,11263,Mortgage,288347.73,104246.21,9.27,Fully Paid,Michigan,03-07-2025,07-06-2030
503399,10553,Business Loan,310139.19,62186,8.5,Active,North Carolina,28-01-2023,10-11-2037
503400,10651,Personal Loan,24700.13,13006.58,4.63,Active,Pennsylvania,23-05-2022,27-04-2027
503401,11481,Personal Loan,18831.59,10613.13,5.3,Active,Washington,06-10-2024,20-07-2039
503402,12621,Business Loan,136840.84,127924.7,7.75,Active,New York,05-07-2023,17-04-2038
503403,10166,Personal Loan,22925.02,12117.64,12.81,Active,Arizona,05-09-2021,20-08-2024
503404,11173,Auto Loan,73879.6,39511.59,6.75,Fully Paid,Georgia,04-07-2022,16-04-2037
503405,12363,Equipment Loan,42840.64,9977.01,12.21,Active,Virginia,02-01-2022,12-12-2025
503406,12409,Mortgage,182984.43,42179.42,11.16,Active,Massachusetts,25-04-2019,29-03-2024
503407,12286,Mortgage,337708.88,273757.72,12.83,Closed,Pennsylvania,24-11-2019,19-06-2049
503408,10984,Equipment Loan,232797.93,111143.14,14.34,Active,Texas,23-12-2025,07-12-2028
503409,10158,Auto Loan,18111.85,11745.71,12.28,Fully Paid,Georgia,18-11-2023,12-10-2030
503410,12476,Personal Loan,53513.48,44283.76,8.8,Closed,Massachusetts,13-03-2019,19-01-2029
503411,10857,Mortgage,352729.24,248606.09,8.39,Active,Ohio,23-08-2022,07-08-2025
503412,12859,Auto Loan,57742.49,51150.33,8.41,Fully Paid,Ohio,28-04-2019,13-01-2039
503413,11971,Auto Loan,72143.38,58686.3,4.76,Active,Washington,01-10-2021,15-09-2024
503414,10573,Equipment Loan,226055.89,59359.03,12.84,Active,Illinois,03-04-2019,14-01-2034
503415,11752,Personal Loan,62949.12,14355.56,6.93,Active,California,22-10-2020,07-10-2023
503416,12223,Business Loan,515677.48,358067.68,6.6,Defaulted,Arizona,02-10-2020,11-08-2030
503417,12277,Equipment Loan,221392.38,110238.25,6.91,Active,Michigan,13-11-2020,08-10-2027
503418,12317,Mortgage,236278.88,38935.92,7.75,Delinquent,New York,09-06-2023,24-02-2043
503419,12127,Mortgage,523664.97,231314.61,5.22,Delinquent,Texas,09-07-2020,24-06-2023
503420,10214,Personal Loan,62089.23,12736.03,12.31,Fully Paid,Illinois,24-08-2023,02-07-2033
503421,11351,Equipment Loan,291081.48,195928.39,12.01,Active,Pennsylvania,23-07-2022,05-05-2037
503422,11439,Mortgage,389435.33,297705,10.83,Active,Washington,05-12-2022,30-06-2052
503423,12454,Business Loan,352004.74,79170.16,8.88,Closed,Pennsylvania,19-10-2025,28-09-2029
503424,12488,Mortgage,478179.81,77529.31,3.66,Active,Ohio,20-06-2021,14-05-2028
503425,12696,Auto Loan,34003.22,27444.81,10.3,Active,Washington,17-09-2025,22-08-2030
503426,11506,Auto Loan,79220.99,29300.37,7.7,Active,Florida,14-05-2022,22-03-2032
503427,12697,Auto Loan,83885.5,34212.93,4.54,Active,Illinois,24-04-2023,28-03-2028
503428,10381,Auto Loan,44047.72,39592.93,13.27,Active,Massachusetts,12-03-2021,19-01-2031
503429,10892,Mortgage,394529.67,134408.76,4.39,Fully Paid,Florida,17-05-2025,26-03-2035
503430,12252,Personal Loan,61223.04,48391.31,6.99,Delinquent,Georgia,16-12-2019,24-10-2029
503431,10817,Auto Loan,57294.43,12216.5,4.68,Active,Massachusetts,25-03-2023,27-02-2028
503432,11483,Business Loan,364030.8,236431.09,14.44,Active,New York,26-12-2025,25-11-2031
503433,11796,Business Loan,521419.66,99417.2,7.79,Active,California,24-12-2025,06-10-2040
503434,11290,Auto Loan,70559.13,48316.35,5.85,Defaulted,Arizona,14-08-2020,24-07-2024
503435,10731,Personal Loan,18595.83,13254.25,8.18,Active,Ohio,04-02-2025,14-01-2029
503436,10500,Business Loan,388047.7,276726.06,7.99,Fully Paid,Massachusetts,22-08-2023,09-05-2043
503437,12718,Auto Loan,76336.52,45916.48,8.73,Closed,Florida,24-08-2025,08-08-2028
503438,10808,Business Loan,399978.65,155044.65,12.14,Active,New York,22-09-2020,17-08-2027
503439,10585,Personal Loan,56671.33,44202.26,9.94,Active,Virginia,10-01-2021,06-08-2050
503440,10067,Business Loan,343143.85,238831.79,6.49,Active,Arizona,08-02-2023,21-11-2037
503441,12629,Mortgage,380468.12,203058.5,10.42,Active,Arizona,25-01-2019,07-11-2033
503442,10132,Mortgage,797949.51,518880.63,5.83,Active,Massachusetts,07-06-2020,07-05-2026
503443,11077,Personal Loan,26895.75,11713.21,12.01,Closed,Washington,27-10-2020,26-09-2026
503444,11120,Mortgage,198577.87,141522.2,9.27,Defaulted,Virginia,28-04-2019,27-03-2025
503445,10006,Equipment Loan,234450.03,123065.33,7.85,Active,Pennsylvania,10-06-2024,26-02-2044
503446,10364,Auto Loan,44417.68,14148.82,10.59,Closed,Texas,21-07-2025,14-06-2032
503447,12872,Mortgage,338562.82,99388.01,10.02,Active,Ohio,08-08-2025,18-07-2029
503448,12212,Mortgage,804211.76,708782.61,7.14,Active,California,11-03-2023,04-10-2052
503449,12374,Personal Loan,11747.66,4922.27,9.55,Active,New York,29-07-2021,07-06-2031
503450,12642,Auto Loan,26368.84,19759.1,8.52,Active,Ohio,08-05-2021,07-04-2027
503451,10104,Mortgage,584464.74,406838.22,6.33,Active,Virginia,26-12-2023,24-11-2029
503452,11390,Mortgage,722001.91,245940.36,12.58,Fully Paid,Virginia,13-04-2022,12-03-2028
503453,12779,Auto Loan,77700.94,28495.7,13.3,Active,Texas,03-05-2019,27-03-2026
503454,11057,Business Loan,359587.71,192928.89,10.74,Active,Michigan,08-05-2021,17-04-2025
503455,11653,Personal Loan,64203.89,13606.6,4.66,Active,Georgia,17-11-2023,01-11-2026
503456,10338,Personal Loan,65196.53,27764.84,11.78,Active,Massachusetts,02-06-2019,17-02-2039
503457,10769,Mortgage,829036.05,192222.36,4.12,Fully Paid,New Jersey,23-07-2022,21-06-2028
503458,12333,Equipment Loan,178763.99,137824.61,11.29,Active,New York,01-07-2025,31-05-2031
503459,12403,Business Loan,529322.39,256746.69,10.34,Closed,Michigan,25-09-2023,09-09-2026
503460,10047,Mortgage,705705.06,466715.02,12.44,Active,Texas,21-04-2022,05-04-2025
503461,10784,Business Loan,351913.04,244495.11,9.33,Defaulted,Michigan,16-04-2023,15-03-2029
503462,11896,Mortgage,357932.94,199188.23,9.94,Active,Ohio,29-06-2024,14-06-2027
503463,12010,Personal Loan,73625.38,51608.31,12.67,Closed,New York,01-08-2021,01-07-2027
503464,12453,Mortgage,803779.3,479456.17,7.32,Active,Washington,27-05-2023,25-04-2029
503465,12876,Personal Loan,23085.92,12283.63,5,Active,North Carolina,14-10-2019,09-05-2049
503466,12149,Business Loan,326951.03,314818.82,14.26,Active,Virginia,23-10-2024,01-09-2034
503467,12237,Mortgage,744635.68,266080.71,13.79,Active,Michigan,14-11-2024,01-08-2044
503468,11632,Business Loan,116091.97,64730.59,7.37,Active,Pennsylvania,21-05-2021,30-03-2031
503469,12422,Auto Loan,41121.54,39840.24,6.08,Active,Georgia,10-03-2023,03-10-2052
503470,11152,Business Loan,468059.84,299689.58,12.81,Active,Arizona,03-02-2023,28-12-2029
503471,12693,Personal Loan,64538.15,47419.85,10.67,Delinquent,North Carolina,31-07-2019,10-07-2023
503472,10139,Auto Loan,61957.53,35362.07,11.12,Active,North Carolina,02-11-2024,11-09-2034
503473,11879,Personal Loan,24841.4,4166.82,8.81,Delinquent,Arizona,03-03-2025,26-01-2032
503474,11802,Equipment Loan,197754.74,33197.01,9.91,Active,North Carolina,06-03-2020,18-12-2034
503475,10729,Business Loan,355590.65,65620.34,11.77,Closed,Georgia,09-10-2022,07-09-2028
503476,10430,Personal Loan,15506.44,2514.26,8.22,Closed,North Carolina,03-02-2023,02-01-2029
503477,11947,Business Loan,542873.94,179298.61,7.87,Defaulted,New York,23-10-2024,06-08-2039
503478,12627,Personal Loan,49823.24,12762.27,5.91,Active,Georgia,10-08-2021,06-03-2051
503479,10273,Business Loan,338836.72,213844.7,11.97,Active,Arizona,24-12-2020,02-11-2030
503480,10341,Auto Loan,76936.31,66497.85,6.62,Fully Paid,New Jersey,30-12-2023,12-10-2038
503481,10230,Personal Loan,69663.18,38928.03,4.19,Closed,Ohio,28-04-2022,02-04-2027
503482,12962,Mortgage,323302.5,156963.66,14.44,Active,Illinois,18-12-2022,02-12-2025
503483,12270,Personal Loan,25230.77,5905.68,10.84,Active,Illinois,04-05-2025,19-01-2045
503484,10584,Personal Loan,35538.76,28162.3,4.29,Closed,Virginia,21-04-2022,05-04-2025
503485,10405,Mortgage,611038.38,398016.3,3.84,Fully Paid,North Carolina,25-12-2021,03-11-2031
503486,11002,Auto Loan,55797.21,15484.02,3.63,Active,Pennsylvania,15-09-2023,14-08-2029
503487,10513,Mortgage,264310.58,91943.98,10.29,Active,California,25-02-2023,30-01-2028
503488,10498,Mortgage,433732.88,101859.45,6.87,Active,Virginia,11-08-2020,07-03-2050
503489,12291,Personal Loan,37163.78,8046.22,12.3,Fully Paid,North Carolina,19-02-2019,29-01-2023
503490,12350,Equipment Loan,184698.44,162047.08,14.44,Fully Paid,Arizona,30-12-2019,12-10-2034
503491,12873,Business Loan,510676.49,231383.36,3.71,Fully Paid,Washington,15-01-2021,29-10-2035
503492,10816,Auto Loan,83897.39,75532.95,3.62,Fully Paid,New York,11-04-2023,05-03-2030
503493,12191,Equipment Loan,278860.06,61925.06,4.61,Active,Michigan,03-06-2023,18-05-2026
503494,12432,Equipment Loan,192859.78,175251.02,5.12,Delinquent,Massachusetts,14-02-2022,01-11-2041
503495,11921,Personal Loan,21013.27,4782.73,6.95,Active,California,03-05-2023,26-11-2052
503496,12790,Personal Loan,15629.92,7382.51,4.46,Fully Paid,North Carolina,23-01-2022,17-12-2028
503497,10296,Mortgage,339377.04,253500.74,6.96,Active,Washington,21-08-2019,16-03-2049
503498,10805,Personal Loan,72081.86,27926.54,5.02,Defaulted,Virginia,15-01-2020,25-12-2023
503499,11870,Mortgage,727392.79,589831.97,10.55,Active,California,16-02-2023,11-09-2052
503500,12503,Personal Loan,33799.11,23058.69,8.8,Active,Washington,20-06-2022,02-04-2037
503501,12704,Mortgage,553943.97,129237.47,12.82,Fully Paid,Illinois,14-04-2025,26-01-2040
503502,11229,Auto Loan,32815.24,12260.04,12.31,Defaulted,Illinois,02-07-2025,26-01-2055
503503,10284,Personal Loan,59355.3,31746.17,6.67,Active,New Jersey,05-11-2019,31-05-2049
503504,10338,Mortgage,552777.7,516737.5,4.99,Active,Massachusetts,26-02-2022,05-02-2026
503505,10919,Auto Loan,53681.42,14971.17,11.06,Active,California,13-05-2023,23-02-2038
503506,10531,Mortgage,358113.01,326230.42,3.63,Active,Georgia,10-12-2023,08-11-2029
503507,11309,Auto Loan,61178.39,10513.22,3.99,Active,Arizona,09-07-2020,24-06-2023
503508,12938,Auto Loan,35435.61,19451.17,9.82,Active,Ohio,22-03-2019,01-03-2023
503509,11340,Mortgage,519402.28,228082.32,4.72,Active,Virginia,04-06-2022,29-12-2051
503510,12296,Personal Loan,24340.58,18228.21,7.65,Active,Washington,28-11-2020,28-10-2026
503511,12982,Equipment Loan,149525.06,29095.35,13.9,Active,California,20-10-2019,28-08-2029
503512,10857,Mortgage,641943.02,537855.2,7.94,Active,Ohio,10-04-2024,15-03-2029
503513,12091,Auto Loan,65495.66,50065.66,12.53,Active,Florida,02-01-2022,17-12-2024
503514,12553,Equipment Loan,229782.42,182415.01,3.93,Active,North Carolina,11-07-2019,28-03-2039
503515,12413,Mortgage,566628.45,96690.26,8.42,Fully Paid,New York,16-12-2023,30-11-2026
503516,11079,Auto Loan,62502.33,40522,6.78,Delinquent,Texas,26-04-2020,31-03-2025
503517,10602,Auto Loan,65889.93,42940.51,9.39,Active,Washington,06-08-2021,30-06-2028
503518,11148,Auto Loan,58736.71,30804.14,7.18,Active,California,22-10-2022,26-09-2027
503519,10433,Auto Loan,78995.41,36297.18,8.22,Active,Massachusetts,16-11-2020,03-08-2040
503520,11167,Auto Loan,52395.02,27343.64,4.3,Delinquent,Virginia,03-10-2019,17-09-2022
503521,10384,Mortgage,262414.35,100336.98,3.61,Active,New York,04-03-2024,16-12-2038
503522,10886,Business Loan,480687.72,74199.81,10.86,Defaulted,California,06-04-2022,05-03-2028
503523,10049,Mortgage,685955.84,113987.03,6.04,Fully Paid,Arizona,04-08-2023,17-05-2038
503524,12253,Personal Loan,21543.96,16991.09,8.26,Closed,Massachusetts,11-02-2021,07-09-2050
503525,10162,Personal Loan,65211.02,30948.4,7.42,Delinquent,Illinois,27-04-2024,13-01-2044
503526,12344,Mortgage,667342.75,271461.85,5.54,Active,Texas,23-12-2021,16-11-2028
503527,11144,Mortgage,774974.21,467966.47,12.22,Active,Pennsylvania,02-10-2020,11-09-2024
503528,10655,Personal Loan,47358.89,43501.06,13.53,Active,Pennsylvania,07-02-2020,01-01-2027
503529,10532,Auto Loan,45936.6,15254.24,8.87,Fully Paid,Washington,11-01-2025,06-12-2031
503530,10896,Business Loan,517347.29,399316.47,4.28,Active,Michigan,08-03-2024,02-10-2053
503531,10052,Mortgage,405951.11,337855.52,7.66,Active,Ohio,21-12-2024,06-12-2027
503532,11900,Personal Loan,12014.11,6816.31,6.74,Closed,North Carolina,14-11-2022,22-09-2032
503533,11128,Equipment Loan,61550.66,52300.49,3.93,Active,California,03-12-2020,12-10-2030
503534,12023,Auto Loan,74168.49,57855.49,14.23,Active,Pennsylvania,30-05-2021,08-04-2031
503535,10547,Mortgage,183477.09,118792.05,4.57,Active,Illinois,30-06-2024,04-06-2029
503536,12525,Business Loan,113487.59,66790.64,7.78,Fully Paid,Michigan,04-11-2025,04-10-2031
503537,11112,Mortgage,470761.05,312385.04,3.97,Delinquent,Illinois,03-05-2024,12-04-2028
503538,11174,Mortgage,587727.25,202836.42,7.38,Closed,Florida,10-06-2025,04-01-2055
503539,12932,Mortgage,817348.33,252690.72,4.54,Active,Arizona,17-06-2024,27-05-2028
503540,11222,Business Loan,87946.83,66094.56,6,Defaulted,Ohio,25-05-2022,09-05-2025
503541,11934,Equipment Loan,270846.84,206606.76,14.45,Fully Paid,Illinois,04-08-2019,28-06-2026
503542,10903,Business Loan,202120.86,144881.18,5.9,Fully Paid,Pennsylvania,17-03-2019,10-10-2048
503543,11395,Auto Loan,58534.85,26904.07,11.7,Fully Paid,Florida,17-01-2022,22-12-2026
503544,12122,Auto Loan,50314.58,9871.95,9.72,Delinquent,Illinois,21-10-2019,05-10-2022
503545,12116,Mortgage,424144.02,345702.35,6.44,Active,New York,14-01-2023,13-12-2028
503546,10243,Mortgage,524029.99,151793.65,10.92,Active,Michigan,26-11-2020,05-10-2030
503547,11172,Mortgage,488460.35,101685.95,11.44,Fully Paid,Virginia,19-04-2023,04-01-2043
503548,12537,Business Loan,488627.95,257376.31,13.86,Active,Michigan,18-07-2022,02-07-2025
503549,10466,Personal Loan,22622.04,14571.77,13.55,Defaulted,New York,18-07-2024,22-06-2029
503550,12117,Personal Loan,12009.26,3884.64,12.83,Active,Illinois,01-10-2023,26-04-2053
503551,11174,Auto Loan,23164.68,4336.8,14.09,Active,Florida,30-03-2019,10-01-2034
503552,12197,Auto Loan,45352.27,21325.77,9.94,Defaulted,Washington,07-03-2021,09-02-2026
503553,11001,Personal Loan,29832.71,24126.93,6.08,Active,Massachusetts,11-03-2023,18-02-2027
503554,10012,Equipment Loan,254793.67,117271.16,5.86,Closed,Ohio,12-11-2025,22-10-2029
503555,12457,Auto Loan,18232.93,15395.55,7.41,Delinquent,Washington,05-03-2023,28-09-2052
503556,12542,Equipment Loan,136145.19,37766.53,6.33,Closed,New York,11-02-2019,26-01-2022
503557,12152,Equipment Loan,65312.37,10186.18,10.32,Closed,Illinois,03-02-2025,21-10-2044
503558,10561,Auto Loan,71694.24,62277.19,5.13,Active,Ohio,21-05-2020,20-04-2026
503559,10557,Auto Loan,34127.92,15467.43,12.36,Active,North Carolina,26-04-2020,11-04-2023
503560,11763,Mortgage,211662.11,188997.9,3.83,Active,New Jersey,19-05-2020,18-04-2026
503561,11375,Mortgage,435531.76,242737.02,6.35,Active,Arizona,04-10-2020,18-07-2035
503562,10811,Equipment Loan,150023.43,69922.48,14.21,Active,Ohio,21-03-2023,12-02-2030
503563,11965,Auto Loan,33013.69,13022.12,7.98,Active,Georgia,19-07-2025,12-06-2032
503564,10585,Business Loan,290276.43,185347.62,7.41,Delinquent,Virginia,19-04-2019,25-02-2029
503565,12302,Business Loan,490692.06,145501.78,11.45,Active,Ohio,07-06-2023,31-12-2052
503566,11741,Business Loan,122947.3,111735.56,5.87,Fully Paid,Georgia,15-08-2021,09-07-2028
503567,12023,Auto Loan,19827.21,9173.92,3.83,Active,Pennsylvania,04-11-2025,31-05-2055
503568,11039,Auto Loan,76346.47,61051.31,3.92,Active,Massachusetts,09-05-2025,24-01-2045
503569,11438,Business Loan,51870.6,21936.63,11.18,Active,Georgia,22-01-2022,22-12-2027
503570,11486,Business Loan,321321.51,82624.39,13.73,Active,Illinois,16-04-2022,31-03-2025
503571,11293,Auto Loan,33423.24,22440.71,8.53,Fully Paid,Florida,11-07-2023,03-02-2053
503572,11909,Business Loan,401975.97,254437.97,8.31,Active,North Carolina,03-08-2025,27-02-2055
503573,11422,Auto Loan,54096.62,33461.78,13.01,Defaulted,California,13-03-2024,29-11-2043
503574,12115,Equipment Loan,110830.85,17352.64,7.89,Active,Pennsylvania,03-04-2022,14-01-2037
503575,11148,Equipment Loan,71851.4,69413.55,7.57,Active,California,26-08-2023,21-03-2053
503576,11921,Auto Loan,67787.17,36916.31,13.94,Delinquent,California,23-04-2020,08-04-2023
503577,10511,Mortgage,711006.99,622377.02,6.95,Active,Florida,03-10-2019,12-09-2023
503578,11342,Personal Loan,69341.71,39475.62,5.02,Closed,Illinois,06-09-2020,24-05-2040
503579,10621,Personal Loan,59330.93,35773.5,14.34,Active,Georgia,22-03-2022,02-01-2037
503580,11366,Mortgage,326794.92,211429.53,8.83,Active,Illinois,30-12-2025,16-09-2045
503581,11987,Mortgage,420455.9,130380.34,13.17,Active,Georgia,01-08-2021,14-05-2036
503582,10808,Auto Loan,49645.5,46016.85,10.71,Fully Paid,New York,22-05-2019,25-04-2024
503583,10108,Personal Loan,16134.96,3689.05,10.17,Active,Arizona,29-05-2019,22-12-2048
503584,12536,Business Loan,87715.31,51935.32,14.34,Active,Ohio,31-03-2020,07-02-2030
503585,12554,Auto Loan,82561.12,42360.02,11.57,Fully Paid,Washington,14-07-2019,23-06-2023
503586,12522,Mortgage,516188.86,431857.26,13.7,Closed,Massachusetts,05-05-2020,29-11-2049
503587,11614,Mortgage,348247.39,61801.32,11.79,Active,New Jersey,12-02-2025,22-12-2034
503588,10229,Auto Loan,36844.52,9185.65,12.2,Active,Florida,24-02-2023,02-01-2033
503589,10710,Business Loan,227509.64,192786.32,9.44,Delinquent,Michigan,19-12-2025,05-09-2045
503590,12756,Business Loan,394078.36,295773.09,13.35,Fully Paid,New Jersey,30-12-2023,23-11-2030
503591,10950,Auto Loan,50549.15,22228.06,9.52,Active,Washington,10-11-2021,06-06-2051
503592,11062,Auto Loan,15295.57,7662.96,6.77,Delinquent,New Jersey,31-08-2019,18-05-2039
503593,11848,Equipment Loan,246340.08,47604.07,14.01,Active,New Jersey,01-03-2022,23-01-2029
503594,10568,Mortgage,369605.73,350522.64,4.84,Active,Massachusetts,22-04-2020,08-01-2040
503595,11594,Personal Loan,17393.22,6024.89,13.94,Active,Florida,24-08-2023,28-07-2028
503596,10540,Mortgage,579072.84,130269.89,8.09,Defaulted,New Jersey,02-04-2021,02-03-2027
503597,10236,Auto Loan,32050.55,19392.05,4.69,Active,Massachusetts,01-07-2025,18-03-2045
503598,11584,Business Loan,233883.11,149316.51,13.94,Active,Virginia,07-10-2025,20-07-2040
503599,12715,Personal Loan,15757,12400,12.97,Delinquent,Georgia,07-07-2020,31-01-2050
503600,10853,Personal Loan,67017.15,22591.88,11.94,Fully Paid,Georgia,22-10-2022,15-09-2029
503601,11846,Personal Loan,18964.8,6599.86,13.83,Active,New York,11-02-2021,06-01-2028
503602,10258,Personal Loan,42824.95,20435.62,6.26,Closed,North Carolina,03-07-2022,01-06-2028
503603,10779,Personal Loan,24125.08,7548.51,12.9,Fully Paid,Massachusetts,11-07-2025,20-06-2029
503604,12849,Equipment Loan,110827.79,73504.89,8.97,Active,Ohio,21-09-2022,20-08-2028
503605,12170,Personal Loan,69311.75,25941.33,14.43,Fully Paid,Georgia,22-06-2020,01-06-2024
503606,10007,Mortgage,783149.77,339182.07,14.06,Defaulted,Washington,16-10-2023,11-05-2053
503607,11683,Mortgage,615300.02,482067.42,9.22,Active,Florida,09-09-2022,19-08-2026
503608,12006,Business Loan,271225.88,174777.75,4.54,Fully Paid,North Carolina,12-04-2023,05-11-2052
503609,12662,Equipment Loan,182999.49,168415.03,8.75,Active,California,02-02-2021,18-01-2024
503610,12927,Auto Loan,44648.29,39865.34,9.34,Closed,North Carolina,12-02-2020,22-01-2024
503611,10373,Auto Loan,57305.95,46790.38,7.94,Fully Paid,Texas,03-12-2020,18-11-2023
503612,10917,Personal Loan,60467.45,25135.07,8.69,Fully Paid,New York,04-04-2025,14-03-2029
503613,11982,Mortgage,790348.89,567523.73,9.34,Active,Pennsylvania,05-08-2019,04-07-2025
503614,12661,Mortgage,784201.96,122035.8,4.43,Delinquent,Virginia,24-07-2022,06-05-2037
503615,11424,Mortgage,750091.29,547836.55,8.97,Fully Paid,New York,23-08-2025,17-07-2032
503616,10231,Equipment Loan,175969.31,38333.57,5.46,Fully Paid,Michigan,26-10-2024,11-10-2027
503617,10241,Personal Loan,27915.62,27086.35,3.91,Active,New Jersey,15-08-2021,30-07-2024
503618,12080,Mortgage,328886.35,112450.28,4.03,Fully Paid,Illinois,21-07-2022,05-07-2025
503619,10632,Auto Loan,47860.48,46582.01,9.18,Closed,Washington,07-02-2021,02-01-2028
503620,11260,Equipment Loan,160055.22,134489.42,7.01,Fully Paid,North Carolina,07-06-2020,07-05-2026
503621,12051,Mortgage,209955.35,155020.05,6.38,Fully Paid,Georgia,07-04-2019,01-03-2026
503622,11284,Business Loan,535120.57,512711.81,8.35,Delinquent,Michigan,02-02-2025,20-10-2044
503623,11273,Auto Loan,47599.01,29507.69,6.63,Fully Paid,Virginia,03-06-2019,27-12-2048
503624,11587,Business Loan,69518.32,44651.73,11.63,Closed,Illinois,02-04-2019,06-03-2024
503625,11831,Personal Loan,73595.59,71243.03,14.05,Fully Paid,Washington,25-04-2024,04-04-2028
503626,11818,Auto Loan,59458.79,57151.45,3.84,Closed,Florida,11-01-2020,06-08-2049
503627,12191,Auto Loan,85516.94,14474.35,6.86,Active,Michigan,07-06-2021,16-04-2031
503628,10313,Mortgage,457745.69,78673.83,9.27,Active,New York,21-11-2019,05-11-2022
503629,12737,Mortgage,731842.9,507424.87,9.46,Active,Michigan,07-07-2023,10-06-2028
503630,11995,Personal Loan,28039.69,22990.64,5.51,Active,New Jersey,10-12-2020,09-11-2026
503631,12178,Mortgage,523070.36,431518.07,3.95,Fully Paid,Georgia,07-09-2025,03-04-2055
503632,12779,Auto Loan,39246.23,29071.68,14.17,Active,Texas,25-09-2024,12-06-2044
503633,12635,Mortgage,469416.08,306724.41,10.16,Fully Paid,Texas,19-12-2021,15-07-2051
503634,11641,Equipment Loan,190303.22,96891.76,10.21,Active,New Jersey,03-11-2025,30-05-2055
503635,10846,Personal Loan,22639.3,9197.31,12.7,Active,Pennsylvania,01-09-2020,01-08-2026
503636,11917,Mortgage,230381.63,87733.38,12.45,Delinquent,North Carolina,06-03-2025,03-02-2031
503637,10787,Mortgage,589482.15,236309.64,7.74,Active,Washington,25-07-2025,18-06-2032
503638,11153,Auto Loan,33975.59,19435.76,11.43,Fully Paid,North Carolina,22-09-2021,18-04-2051
503639,12789,Auto Loan,40036.81,13380.79,9.88,Closed,New York,14-09-2025,01-06-2045
503640,12717,Auto Loan,43638.94,35757.02,4.65,Fully Paid,Georgia,20-11-2024,05-11-2027
503641,10401,Auto Loan,48181.85,22009.86,5.35,Active,Florida,29-10-2025,25-05-2055
503642,12523,Personal Loan,46810.79,45325.67,4.75,Active,North Carolina,24-07-2024,02-06-2034
503643,10036,Business Loan,557320.8,270577.62,13.23,Closed,New Jersey,16-03-2021,01-12-2040
503644,10726,Auto Loan,39747.26,6037.01,5.57,Defaulted,Virginia,18-04-2021,23-03-2026
503645,12701,Mortgage,600092.47,353319.16,4.54,Active,North Carolina,15-01-2019,09-12-2025
503646,12933,Personal Loan,58314.27,43566.23,13.75,Active,California,16-12-2025,15-11-2031
503647,12851,Personal Loan,34092.95,24467.9,8.96,Active,Washington,06-04-2022,05-03-2028
503648,10077,Auto Loan,62458.54,48809.77,13.83,Fully Paid,Pennsylvania,11-10-2023,09-09-2029
503649,11358,Auto Loan,56265.77,40991.11,11.82,Active,Illinois,25-12-2019,28-11-2024
503650,10394,Auto Loan,21828.21,16945.71,4.03,Fully Paid,Virginia,14-02-2020,09-09-2049
503651,10822,Personal Loan,70906.06,60947.59,9.7,Closed,North Carolina,31-08-2019,09-07-2029
503652,10876,Mortgage,809018.31,300392.16,10.35,Fully Paid,New York,22-01-2021,09-10-2040
503653,10322,Business Loan,565560.95,138132.95,10.96,Delinquent,Texas,18-07-2022,11-02-2052
503654,12958,Equipment Loan,221905.19,109074.91,7.48,Closed,California,06-04-2023,10-03-2028
503655,10931,Mortgage,309133.83,235965.09,13.74,Active,Washington,26-04-2019,11-01-2039
503656,10065,Mortgage,785225.35,266685.19,14.5,Delinquent,Arizona,29-06-2020,12-04-2035
503657,10847,Business Loan,171604.75,99726.8,11.45,Closed,Ohio,21-10-2023,19-09-2029
503658,10073,Business Loan,114239.07,106966.05,5.96,Delinquent,California,11-11-2025,11-10-2031
503659,11322,Auto Loan,84773.85,46597.94,6.97,Active,Illinois,15-09-2022,10-04-2052
503660,10365,Mortgage,567355.9,344453.26,10.14,Active,California,21-08-2023,05-08-2026
503661,11485,Personal Loan,41238.53,25701.5,7.1,Active,Florida,31-03-2025,12-01-2040
503662,10676,Auto Loan,25165.49,15502.2,9.16,Active,Florida,19-03-2019,30-12-2033
503663,12171,Mortgage,493513.83,287176.76,8.18,Active,California,24-03-2025,05-01-2040
503664,10860,Mortgage,459063.42,422554.34,6.59,Active,Massachusetts,09-12-2021,02-11-2028
503665,12591,Mortgage,479140.59,234874.49,4.97,Active,California,15-11-2019,09-10-2026
503666,11446,Mortgage,551566.66,425036.55,13.32,Fully Paid,Texas,23-05-2025,17-12-2054
503667,11199,Auto Loan,33232.42,21925.93,7.98,Active,Washington,06-09-2024,02-04-2054
503668,10021,Mortgage,159540.17,29591.65,3.94,Fully Paid,Florida,21-05-2020,20-04-2026
503669,12389,Mortgage,559527.92,417093,8.74,Defaulted,Illinois,11-01-2021,20-11-2030
503670,11848,Mortgage,823566.8,784754.51,7.25,Fully Paid,New Jersey,03-07-2021,20-03-2041
503671,11828,Mortgage,760368.72,122906.99,13.12,Fully Paid,Pennsylvania,10-04-2022,20-03-2026
503672,10098,Auto Loan,42437.88,17548.54,3.68,Fully Paid,Massachusetts,24-04-2021,18-11-2050
503673,12939,Business Loan,455561.33,232577,11.47,Delinquent,Massachusetts,01-11-2025,06-10-2030
503674,12492,Business Loan,173184.95,61846.58,5.74,Closed,Michigan,20-05-2022,04-02-2042
503675,11886,Auto Loan,72741.38,41352.12,10.49,Fully Paid,New York,05-08-2021,22-04-2041
503676,11546,Business Loan,281049.01,157608.84,6.27,Fully Paid,Texas,28-09-2025,12-09-2028
503677,10525,Auto Loan,24905.44,7077.45,12.28,Fully Paid,Texas,19-06-2022,01-04-2037
503678,11315,Personal Loan,32683.33,11705.03,12.63,Active,Ohio,12-07-2019,15-06-2024
503679,10543,Mortgage,314534.92,75846.27,12.96,Active,Massachusetts,13-04-2022,18-03-2027
503680,11958,Auto Loan,45952.87,20522.21,12.54,Fully Paid,Georgia,26-07-2020,09-05-2035
503681,10458,Personal Loan,29716.12,18317.94,6.05,Active,North Carolina,06-08-2019,01-03-2049
503682,11862,Mortgage,497142.65,415901.18,11.55,Defaulted,New York,04-02-2024,13-12-2033
503683,10079,Auto Loan,22678.27,13275.87,6.4,Defaulted,New Jersey,30-07-2020,08-06-2030
503684,12594,Auto Loan,25125.95,13633.86,14.3,Delinquent,Ohio,28-04-2023,22-03-2030
503685,10747,Mortgage,706559.4,488317.19,11.81,Fully Paid,Arizona,06-06-2020,01-05-2027
503686,12339,Business Loan,538729.05,142737.42,5.1,Active,Pennsylvania,02-11-2019,26-09-2026
503687,10423,Mortgage,313576.49,80453.28,12,Active,Pennsylvania,07-12-2025,16-10-2035
503688,12163,Mortgage,387464.94,330479.5,12.32,Active,Florida,27-03-2023,02-02-2033
503689,11590,Personal Loan,30370.62,14575.1,4.09,Active,Massachusetts,19-05-2019,12-12-2048
503690,10898,Mortgage,399028.04,166495.74,12.27,Active,Massachusetts,03-12-2023,27-10-2030
503691,12479,Mortgage,395230.5,351748.43,4.27,Active,Illinois,23-01-2025,19-08-2054
503692,11381,Business Loan,63020.45,30177.4,12.65,Active,Michigan,28-09-2019,27-08-2025
503693,11395,Auto Loan,20628.7,5256.28,9.15,Active,Florida,08-09-2022,18-08-2026
503694,11486,Mortgage,220554.4,166360.57,13.02,Closed,Illinois,09-01-2019,04-08-2048
503695,11509,Auto Loan,41075.07,11207.72,4.62,Active,Florida,09-12-2023,07-11-2029
503696,10563,Equipment Loan,136890.24,110161.06,9.51,Active,Pennsylvania,16-12-2025,30-11-2028
503697,12288,Equipment Loan,63390.35,28688.87,5.81,Active,Virginia,09-11-2022,27-07-2042
503698,10515,Auto Loan,75106.52,57501.48,12.35,Closed,California,05-09-2020,01-04-2050
503699,12734,Personal Loan,35247.97,32908.96,13.91,Delinquent,Pennsylvania,19-09-2023,18-08-2029
503700,11306,Auto Loan,88361.18,73560,13.71,Active,Washington,25-08-2019,03-07-2029
503701,10805,Business Loan,387635.98,130545.41,7.07,Active,Virginia,12-02-2020,22-01-2024
503702,11545,Personal Loan,30805.53,6488.62,13.25,Active,Massachusetts,13-05-2022,22-04-2026
503703,10158,Mortgage,160981.5,76294.96,3.93,Active,Georgia,24-03-2019,08-03-2022
503704,10293,Mortgage,501309.06,432491.7,8.18,Closed,Ohio,25-09-2023,20-04-2053
503705,12491,Equipment Loan,170898.94,89220.7,4.19,Fully Paid,Michigan,16-06-2019,24-04-2029
503706,11949,Auto Loan,52851.33,12442.86,5.76,Delinquent,Washington,07-08-2021,07-07-2027
503707,12382,Personal Loan,26476.47,14552.98,10.21,Delinquent,California,23-06-2025,10-03-2045
503708,11128,Equipment Loan,169726.83,74535.09,6.89,Active,California,23-11-2019,01-10-2029
503709,11673,Auto Loan,71729.87,45225.65,8.84,Active,Arizona,16-10-2024,10-09-2031
503710,12763,Personal Loan,56422.34,48142.16,8.95,Active,Virginia,09-03-2024,21-12-2038
503711,11569,Auto Loan,16382.82,7840.17,5.07,Active,Arizona,28-07-2022,07-07-2026
503712,12220,Personal Loan,14925.37,4477.38,7.58,Fully Paid,Texas,20-02-2025,20-01-2031
503713,12884,Auto Loan,31751.13,20802.73,12.99,Active,New Jersey,10-04-2020,17-02-2030
503714,10992,Auto Loan,70287.77,62370.41,11.58,Active,California,19-12-2025,28-10-2035
503715,10293,Equipment Loan,156301.95,55785.24,3.65,Delinquent,Ohio,05-06-2021,29-04-2028
503716,11898,Auto Loan,60150.24,39011.94,11.66,Fully Paid,Texas,15-11-2020,20-10-2025
503717,12014,Personal Loan,17010.95,11723.48,12.91,Active,Arizona,18-08-2021,18-07-2027
503718,10637,Auto Loan,20722.9,8808.97,12.36,Active,Washington,15-04-2025,15-03-2031
503719,10419,Auto Loan,57393.8,12028.71,11.75,Active,California,09-01-2020,22-10-2034
503720,10504,Equipment Loan,139628.26,26621.93,5.51,Fully Paid,Virginia,10-06-2024,24-03-2039
503721,10018,Personal Loan,67107.4,24112.12,9.37,Active,Illinois,15-06-2020,29-03-2035
503722,12702,Business Loan,116117.43,64692.18,7.55,Delinquent,Michigan,03-06-2024,08-05-2029
503723,12513,Personal Loan,48842.51,34158.11,7.28,Closed,Georgia,07-11-2025,22-10-2028
503724,12643,Business Loan,212952.85,146028.34,12.51,Active,Texas,28-05-2022,12-05-2025
503725,11129,Personal Loan,34302.69,31465.41,4,Active,New Jersey,24-09-2025,24-08-2031
503726,12960,Business Loan,478582.08,423643.08,13.04,Defaulted,Georgia,16-03-2022,23-01-2032
503727,11181,Auto Loan,28962.98,11611.81,12.68,Active,Washington,27-01-2019,09-11-2033
503728,11832,Business Loan,456728.51,302059.99,12.1,Closed,Ohio,31-08-2021,10-08-2025
503729,10379,Personal Loan,34083.68,16655.43,12.2,Active,Michigan,10-03-2023,22-02-2026
503730,10125,Business Loan,295204.85,259824.57,5.01,Active,Massachusetts,08-12-2023,17-11-2027
503731,12728,Personal Loan,70506.65,40272.17,6.36,Delinquent,Washington,10-07-2025,09-06-2031
503732,12859,Mortgage,304348.23,259510.82,13.38,Active,Ohio,31-12-2023,13-10-2038
503733,11219,Equipment Loan,85846.07,77603.06,6.14,Active,California,17-04-2023,16-03-2029
503734,11303,Mortgage,170793.28,104547.31,8.98,Active,Virginia,10-01-2019,25-12-2021
503735,11289,Personal Loan,67579.93,18574.84,4.03,Active,Ohio,27-08-2022,06-08-2026
503736,10835,Auto Loan,47337.85,26098.86,13.11,Active,Massachusetts,15-01-2022,15-12-2027
503737,12975,Mortgage,362962.87,55858.43,9.38,Defaulted,Michigan,14-08-2025,10-03-2055
503738,12556,Equipment Loan,159070.36,140191.26,12.32,Active,Massachusetts,03-07-2025,27-05-2032
503739,10893,Equipment Loan,170046.37,75854.32,13.74,Fully Paid,New York,20-08-2021,29-06-2031
503740,12085,Equipment Loan,148639.11,98114.55,7.09,Active,Pennsylvania,04-02-2024,22-10-2043
503741,10593,Auto Loan,63122.1,31051.1,14.12,Defaulted,Georgia,14-11-2024,10-06-2054
503742,11450,Personal Loan,54743.79,18413.45,5.3,Active,Pennsylvania,17-01-2023,22-12-2027
503743,10404,Auto Loan,53155.18,27671.82,8,Closed,Washington,29-12-2021,13-12-2024
503744,12984,Auto Loan,88975.8,14710.85,5.51,Closed,California,28-10-2019,23-05-2049
503745,10293,Auto Loan,25767.78,6827.52,9.41,Active,Ohio,25-01-2023,12-10-2042
503746,12639,Personal Loan,27812.25,13826.65,8.69,Defaulted,New Jersey,23-10-2019,10-07-2039
503747,12942,Auto Loan,84869.56,70507.68,14.09,Active,Pennsylvania,14-01-2022,29-12-2024
503748,12993,Mortgage,253440.48,206697.92,6.15,Closed,New York,24-01-2025,19-12-2031
503749,11638,Mortgage,507927.25,125752.61,11.54,Closed,Georgia,28-10-2021,07-10-2025
503750,12655,Mortgage,528510.45,221495.8,12.87,Closed,New York,17-12-2020,03-09-2040
503751,12328,Auto Loan,70177.29,44952.13,9.61,Active,Ohio,18-09-2019,13-04-2049
503752,11607,Mortgage,168175.83,87608.56,9.76,Active,New York,02-07-2021,19-03-2041
503753,10014,Auto Loan,17089.87,12251.86,5.09,Active,Michigan,21-10-2025,05-10-2028
503754,11484,Auto Loan,62360.14,57652.1,13.26,Active,California,02-08-2019,06-07-2024
503755,11441,Business Loan,323017,227703.81,5.82,Active,Virginia,03-06-2023,07-05-2028
503756,11188,Business Loan,207393.59,144827.66,4.29,Active,Texas,20-08-2022,19-07-2028
503757,12570,Mortgage,655853.47,116832.72,8.56,Active,Florida,17-09-2019,26-07-2029
503758,11943,Business Loan,570439.57,311371.34,9.25,Fully Paid,Texas,21-04-2022,15-03-2029
503759,11978,Auto Loan,70072.06,37028.66,10.47,Active,Washington,12-02-2023,21-12-2032
503760,10972,Auto Loan,69198.41,53323.55,9.25,Active,Illinois,01-04-2021,11-03-2025
503761,12695,Mortgage,174344.11,29081.7,11.49,Fully Paid,Michigan,07-06-2020,23-05-2023
503762,11464,Mortgage,828497.03,718026.04,13.35,Active,Ohio,29-09-2019,16-06-2039
503763,12568,Business Loan,461297.06,394503.41,5.77,Active,Florida,21-09-2025,04-07-2040
503764,10452,Auto Loan,18633.45,9632.29,13.86,Active,Virginia,08-10-2024,12-09-2029
503765,10064,Mortgage,557482.87,180651.63,4.31,Active,Michigan,20-08-2021,16-03-2051
503766,11958,Business Loan,450368.62,388175.41,13.89,Delinquent,Georgia,30-09-2020,26-04-2050
503767,10463,Personal Loan,59608.21,48969.57,7.28,Active,New York,27-01-2020,09-11-2034
503768,12911,Business Loan,201269.57,90808.66,5.95,Closed,Arizona,18-12-2024,27-11-2028
503769,11118,Auto Loan,81625.71,78744.2,4.23,Active,Arizona,08-02-2021,18-01-2025
503770,11344,Auto Loan,47116.03,20066.05,7.87,Fully Paid,Pennsylvania,26-09-2022,20-08-2029
503771,12489,Business Loan,478898.12,318768.33,8.39,Active,New Jersey,10-06-2023,04-05-2030
503772,12732,Personal Loan,52006.87,47626.37,10.15,Closed,Texas,23-03-2020,02-03-2024
503773,10690,Personal Loan,29285.97,8067.6,14.3,Delinquent,Massachusetts,04-05-2025,28-03-2032
503774,10168,Mortgage,253535.07,132350.81,9.73,Delinquent,Virginia,12-10-2025,29-06-2045
503775,12270,Auto Loan,84451.37,37544.57,9.81,Active,Illinois,04-12-2024,13-10-2034
503776,10443,Auto Loan,56859.77,13352.17,8.36,Active,Florida,13-11-2020,13-10-2026
503777,11763,Auto Loan,38724.73,22336.33,10.93,Active,New Jersey,06-10-2019,19-07-2034
503778,12402,Equipment Loan,246898.39,42108.12,9.95,Active,Virginia,07-04-2024,12-03-2029
503779,12554,Business Loan,166299.3,158171.21,5.83,Delinquent,Washington,16-01-2023,11-08-2052
503780,12761,Auto Loan,32634.04,15401.95,10.3,Fully Paid,Virginia,23-07-2019,21-06-2025
503781,10339,Equipment Loan,94038.1,16551.55,4.04,Fully Paid,California,11-03-2022,18-01-2032
503782,10202,Business Loan,583068.87,385477.87,12.73,Fully Paid,California,13-07-2019,22-06-2023
503783,10476,Mortgage,795813.43,532963.62,4.82,Active,New York,06-05-2024,15-04-2028
503784,12465,Equipment Loan,219558.22,205675.43,3.96,Delinquent,Massachusetts,05-09-2020,21-08-2023
503785,12344,Business Loan,435843.83,411419.12,11.61,Active,Texas,24-07-2024,02-06-2034
503786,10998,Business Loan,138573.63,86408.13,4.79,Defaulted,Michigan,01-09-2023,14-06-2038
503787,11449,Equipment Loan,150092.7,97528.89,6.38,Fully Paid,Illinois,28-12-2023,05-11-2033
503788,10590,Auto Loan,44572.31,42914.34,9.77,Active,Arizona,03-11-2021,03-10-2027
503789,12500,Business Loan,212958.32,41403.33,14.04,Active,Massachusetts,22-06-2023,26-05-2028
503790,11426,Auto Loan,83199.23,72042.36,7.75,Active,Virginia,02-05-2019,05-04-2024
503791,10222,Personal Loan,5894.71,4423.71,10.51,Active,Florida,17-06-2020,12-05-2027
503792,12252,Equipment Loan,291415.24,274758.8,4.75,Active,Georgia,02-07-2025,16-06-2028
503793,11125,Equipment Loan,235045.82,162175.07,5.02,Defaulted,Washington,02-02-2022,12-12-2031
503794,11625,Auto Loan,55375.36,39853.04,11.93,Active,Illinois,05-12-2025,14-11-2029
503795,12651,Auto Loan,42318.69,27650.05,5.08,Active,Georgia,25-07-2021,11-04-2041
503796,11386,Equipment Loan,179353.18,107314.11,8.66,Closed,Pennsylvania,21-02-2025,06-02-2028
503797,11546,Equipment Loan,295669.13,106567.14,13.59,Active,Texas,04-12-2025,28-10-2032
503798,10516,Mortgage,246646.97,183077.54,10.03,Active,New Jersey,12-11-2021,12-10-2027
503799,11118,Mortgage,768238.86,559228.86,5.77,Closed,Arizona,02-01-2020,17-12-2022
503800,10405,Mortgage,747861.21,201500.51,10.69,Closed,North Carolina,21-12-2025,05-12-2028
503801,12780,Auto Loan,81947.51,30340.35,10.63,Fully Paid,California,24-04-2020,10-01-2040
503802,12724,Mortgage,307217.51,150293.63,7.31,Closed,Georgia,04-12-2022,13-11-2026
503803,10593,Business Loan,575784.29,377639.92,10.03,Active,Georgia,24-01-2025,29-12-2029
503804,12781,Business Loan,573386.16,448593.48,8.98,Active,Arizona,23-04-2022,22-03-2028
503805,10425,Auto Loan,74375.94,39941.13,11.56,Active,New Jersey,08-03-2023,01-10-2052
503806,12532,Auto Loan,62730.2,15631.37,8.75,Active,California,04-04-2025,09-03-2030
503807,10901,Personal Loan,60317.11,48706.02,13.36,Active,Massachusetts,24-11-2025,11-08-2045
503808,10837,Mortgage,592265.7,358623.74,6.71,Active,Washington,27-08-2025,01-08-2030
503809,10766,Mortgage,631218.4,194874.77,10.38,Fully Paid,Pennsylvania,06-04-2020,31-10-2049
503810,12518,Auto Loan,72058.46,53160.81,4.45,Fully Paid,Virginia,11-12-2025,04-11-2032
503811,10614,Mortgage,165738.85,60278.16,14.37,Closed,North Carolina,07-06-2019,01-05-2026
503812,10130,Mortgage,354425.45,227634.29,7.93,Active,Illinois,13-07-2025,17-06-2030
503813,12066,Equipment Loan,187178.46,159841.84,8.97,Active,Ohio,27-05-2022,20-04-2029
503814,11697,Equipment Loan,267158.76,172765.22,6.93,Fully Paid,Texas,15-01-2019,25-12-2022
503815,11770,Personal Loan,70630.31,59782.79,13.58,Closed,Texas,02-10-2019,10-08-2029
503816,10986,Business Loan,451517.86,402663.67,6.81,Active,Virginia,09-05-2025,13-04-2030
503817,11010,Mortgage,816582.1,322107.71,10.25,Active,Arizona,05-06-2022,29-04-2029
503818,10894,Business Loan,348154.51,217108.27,5.35,Active,Georgia,06-11-2024,22-10-2027
503819,10459,Mortgage,700578.26,433051.8,13.13,Delinquent,Georgia,17-11-2025,04-08-2045
503820,11917,Personal Loan,13461.4,8288.19,5.63,Fully Paid,North Carolina,24-06-2021,08-06-2024
503821,10379,Auto Loan,83810.45,78095.73,4.31,Active,Michigan,31-07-2022,15-07-2025
503822,10956,Equipment Loan,260027.61,82135.52,4.35,Active,New York,03-04-2019,14-01-2034
503823,10427,Business Loan,136342.48,132097.82,8.17,Active,Florida,22-04-2022,16-11-2051
503824,11297,Auto Loan,20009.57,7955.29,9.67,Active,Massachusetts,05-03-2025,28-01-2032
503825,10233,Auto Loan,30074.64,6863.37,3.9,Active,Georgia,27-05-2025,06-05-2029
503826,12481,Personal Loan,7282.74,6868.83,13.5,Defaulted,Massachusetts,17-07-2023,25-05-2033
503827,10131,Personal Loan,24969.93,8756.67,5.79,Active,California,11-06-2022,26-05-2025
503828,11236,Mortgage,750009.19,579891.23,3.69,Closed,Texas,07-03-2019,19-02-2022
503829,10416,Mortgage,173447.19,100759.84,9.24,Active,Arizona,24-01-2025,19-12-2031
503830,10951,Personal Loan,33892.6,24640.92,10.83,Active,Arizona,12-04-2023,18-02-2033
503831,10322,Auto Loan,26218.34,3967.14,6.37,Fully Paid,Texas,09-11-2022,27-07-2042
503832,10249,Personal Loan,74926.51,18066.48,4.9,Active,Florida,03-02-2023,29-08-2052
503833,12843,Auto Loan,35132.59,9697.6,6.63,Active,North Carolina,24-03-2024,05-01-2039
503834,11053,Mortgage,725948.62,239701.41,12.96,Active,Illinois,05-01-2021,19-10-2035
503835,10655,Auto Loan,33747.72,6197.23,11.3,Active,Pennsylvania,21-11-2020,06-11-2023
503836,10780,Business Loan,423253.12,240601.56,8.07,Active,Ohio,08-08-2025,08-07-2031
503837,10224,Mortgage,657285.89,513644.09,9.98,Fully Paid,Washington,03-06-2021,08-05-2026
503838,11566,Business Loan,481827.89,272340.09,13.49,Fully Paid,New Jersey,20-03-2019,13-10-2048
503839,12517,Mortgage,412194.7,389598.89,5.75,Closed,California,11-05-2025,20-04-2029
503840,12205,Business Loan,80694.18,55475.96,6.54,Fully Paid,Arizona,18-03-2020,12-10-2049
503841,12433,Auto Loan,38836.8,33553.89,6.4,Active,Georgia,31-12-2024,10-12-2028
503842,12661,Personal Loan,16842.55,9602.05,9.15,Active,Virginia,11-01-2019,06-08-2048
503843,12423,Mortgage,454302.89,271562.43,11.51,Active,New York,07-09-2023,25-05-2043
503844,10359,Business Loan,521674.39,203381.1,9.19,Fully Paid,Pennsylvania,20-01-2021,29-11-2030
503845,12296,Mortgage,462667.03,446459.15,3.81,Active,Washington,08-03-2023,20-02-2026
503846,12807,Auto Loan,33125.55,15090.42,10.66,Active,New Jersey,07-07-2019,31-05-2026
503847,11247,Auto Loan,66554.99,16611.17,8.08,Active,Michigan,08-05-2019,01-12-2048
503848,11814,Mortgage,788359.77,219160.36,13.61,Fully Paid,Illinois,26-07-2022,24-06-2028
503849,10617,Auto Loan,51681.55,36900.1,8,Active,Georgia,30-08-2024,26-03-2054
503850,10029,Equipment Loan,151822.66,78884.4,11.23,Closed,North Carolina,12-07-2020,16-06-2025
503851,11730,Auto Loan,15478.81,5215.66,12.24,Active,Ohio,23-12-2021,16-11-2028
503852,10667,Business Loan,266830.13,47906.99,10.57,Active,Virginia,16-04-2021,26-03-2025
503853,11332,Equipment Loan,223191.64,177450.83,11.42,Delinquent,California,11-12-2022,09-11-2028
503854,11328,Auto Loan,67535.27,29122.85,8.83,Defaulted,Massachusetts,22-11-2024,27-10-2029
503855,11977,Business Loan,151865.45,136987.56,11.17,Fully Paid,Massachusetts,27-03-2021,06-03-2025
503856,10738,Mortgage,764055.56,264516.88,9.86,Fully Paid,Texas,21-02-2023,08-11-2042
503857,12685,Equipment Loan,206672.59,115665.03,8.79,Active,North Carolina,23-11-2023,27-10-2028
503858,11440,Auto Loan,30016.36,7996.43,11.75,Active,New Jersey,07-04-2022,23-12-2041
503859,11071,Mortgage,717816.57,360748.97,13.18,Fully Paid,New York,10-02-2021,28-10-2040
503860,12212,Mortgage,194576.88,59221.25,9.43,Active,California,31-08-2021,15-08-2024
503861,10405,Auto Loan,33831.67,7862.51,14.44,Defaulted,North Carolina,17-07-2019,03-04-2039
503862,10599,Auto Loan,16742.9,8664.29,4.46,Active,Massachusetts,12-09-2021,06-08-2028
503863,12165,Business Loan,357497.15,145697.62,4.2,Delinquent,New York,04-09-2023,17-06-2038
503864,12624,Personal Loan,12090.1,7720.57,8.18,Closed,Ohio,17-08-2025,30-05-2040
503865,10830,Mortgage,483538.94,117785.13,6.34,Fully Paid,North Carolina,13-09-2024,13-08-2030
503866,11801,Equipment Loan,120097.48,115371.53,11.33,Closed,Ohio,03-01-2024,13-12-2027
503867,11032,Auto Loan,65484.08,12337.53,10.22,Active,North Carolina,03-01-2024,02-12-2029
503868,11250,Business Loan,353709.56,270267.87,9.39,Delinquent,Georgia,18-09-2023,02-09-2026
503869,12057,Business Loan,423128.51,240347.3,9.04,Closed,North Carolina,22-12-2020,18-07-2050
503870,11329,Mortgage,470507.58,251064.31,8.11,Defaulted,New Jersey,27-01-2024,26-12-2029
503871,12612,Mortgage,261273.34,180941.49,14.05,Closed,New York,02-08-2022,12-07-2026
503872,11921,Personal Loan,6752.58,6148.2,5.57,Active,California,15-04-2022,31-12-2041
503873,12750,Auto Loan,17812.18,11216.17,12.67,Delinquent,Pennsylvania,08-01-2025,17-11-2034
503874,11283,Mortgage,385150.8,169874.95,9.94,Active,Texas,24-05-2025,18-12-2054
503875,12814,Auto Loan,76658.62,55257.88,10.97,Defaulted,New Jersey,23-10-2019,16-09-2026
503876,12834,Auto Loan,48624.87,35110.13,11.32,Defaulted,Illinois,23-08-2019,17-07-2026
503877,11754,Business Loan,220858.44,146223.47,5.17,Closed,Illinois,02-10-2025,01-09-2031
503878,10989,Mortgage,181082.84,139714.98,7.69,Delinquent,Virginia,01-09-2020,17-08-2023
503879,10418,Business Loan,157683.3,55778.24,10.4,Fully Paid,Pennsylvania,19-07-2022,05-04-2042
503880,12071,Equipment Loan,259348.52,134342.34,10.72,Fully Paid,Massachusetts,23-09-2023,22-08-2029
503881,10606,Business Loan,258377.95,183262.59,5.46,Active,Georgia,18-01-2023,12-12-2029
503882,10486,Mortgage,390050.04,131308.76,13.09,Fully Paid,Illinois,28-03-2020,02-03-2025
503883,11873,Business Loan,329304.87,175563.87,10.57,Active,Georgia,05-06-2020,30-12-2049
503884,11323,Equipment Loan,223912.11,85590.44,3.75,Active,Massachusetts,07-10-2021,24-06-2041
503885,10566,Mortgage,840142.83,735675.16,11.98,Active,Georgia,04-04-2020,29-10-2049
503886,11629,Mortgage,847672.75,269101.63,8.66,Delinquent,Ohio,05-06-2024,30-12-2053
503887,12173,Mortgage,596425.22,251832.49,3.56,Fully Paid,Illinois,27-08-2020,23-03-2050
503888,10145,Business Loan,275908.95,47890.67,7.76,Delinquent,Arizona,28-08-2025,10-06-2040
503889,11849,Equipment Loan,199842.43,66493.72,8.4,Closed,Michigan,13-01-2024,23-12-2027
503890,10173,Auto Loan,64789.2,58715.79,9.74,Fully Paid,Washington,08-11-2024,04-06-2054
503891,10676,Mortgage,829757.97,263975.06,12.17,Active,Florida,14-02-2021,09-01-2028
503892,12955,Equipment Loan,290539.08,272707.41,9.06,Active,Ohio,22-04-2024,01-03-2034
503893,10054,Equipment Loan,256460.12,87768.77,11.96,Delinquent,Arizona,31-12-2019,10-12-2023
503894,10860,Business Loan,296528.74,93493.27,8.72,Active,Massachusetts,09-02-2019,24-01-2022
503895,10972,Personal Loan,15414.68,4433.61,5.1,Active,Illinois,23-01-2022,23-12-2027
503896,10838,Equipment Loan,222193.08,150673.05,14.44,Active,Pennsylvania,30-08-2020,13-06-2035
503897,11230,Equipment Loan,207073.27,54885.24,11.97,Closed,Florida,24-01-2022,11-10-2041
503898,12305,Business Loan,381715.06,89598.44,12.51,Active,Arizona,03-10-2022,20-06-2042
503899,12174,Business Loan,237431.47,120352.1,9.71,Active,New Jersey,03-08-2021,16-05-2036
503900,12978,Mortgage,616660.4,200182.92,10.99,Active,Pennsylvania,18-11-2023,26-09-2033
503901,12336,Business Loan,283640.76,274329.26,4.6,Active,Pennsylvania,26-11-2021,05-10-2031
503902,11391,Mortgage,635391.64,523805.84,10.4,Active,Ohio,14-06-2021,24-05-2025
503903,10510,Personal Loan,15611.68,8734.55,13.14,Closed,Pennsylvania,24-02-2023,18-01-2030
503904,12287,Mortgage,587100.66,292364.15,13.62,Active,New York,07-06-2021,12-05-2026
503905,12969,Business Loan,351245.58,171485.24,12.03,Active,Ohio,15-02-2020,09-01-2027
503906,10016,Mortgage,410676.3,277926.39,4.54,Fully Paid,Florida,30-09-2021,04-09-2026
503907,11837,Personal Loan,43920.09,22236.24,7.45,Active,California,14-05-2020,25-02-2035
503908,12395,Auto Loan,72097.09,45754.14,13.87,Fully Paid,Michigan,27-08-2020,22-07-2027
503909,11546,Personal Loan,7303.51,1791.71,5.37,Closed,Texas,13-12-2020,07-11-2027
503910,10234,Auto Loan,54147.88,40453.65,5.41,Active,Illinois,15-01-2021,24-11-2030
503911,11652,Personal Loan,60724.15,25126.46,7.19,Fully Paid,Ohio,14-01-2022,08-12-2028
503912,12039,Personal Loan,20699.58,12463.83,7.08,Active,Arizona,16-04-2021,10-03-2028
503913,11565,Equipment Loan,137895.15,69224.15,5.66,Fully Paid,Arizona,25-09-2024,20-08-2031
503914,12606,Business Loan,127895.92,29967.6,8.93,Active,New York,21-07-2022,14-06-2029
503915,11416,Auto Loan,44726.65,8578.25,14.42,Active,Florida,17-04-2020,03-01-2040
503916,11028,Mortgage,533942.21,238594.31,11.69,Active,Arizona,16-08-2025,25-06-2035
503917,10559,Business Loan,444061.89,217213.14,12.1,Delinquent,New Jersey,10-03-2025,25-11-2044
503918,10954,Auto Loan,45538.99,16793.63,12.04,Delinquent,New Jersey,10-04-2025,04-11-2054
503919,12847,Business Loan,567241.2,361185.56,9.56,Defaulted,Ohio,05-04-2023,04-03-2029
503920,10764,Mortgage,666291.69,611547.47,11.6,Active,Arizona,18-09-2023,27-07-2033
503921,10210,Auto Loan,15245.55,12934.82,8.39,Closed,Illinois,20-04-2019,05-01-2039
503922,10147,Auto Loan,57139.89,33097.11,12.64,Active,New Jersey,13-04-2025,18-03-2030
503923,11562,Personal Loan,53755.55,14236.09,9.13,Active,New Jersey,28-02-2020,12-02-2023
503924,11407,Auto Loan,60106.64,30941.11,10.8,Active,North Carolina,02-03-2023,17-11-2042
503925,12925,Business Loan,269120.62,53436.27,11.72,Active,New York,11-10-2019,06-05-2049
503926,11729,Mortgage,270123.53,184239.25,13.35,Active,New York,09-07-2024,26-03-2044
503927,12338,Business Loan,516229.3,365314.83,12.67,Delinquent,Florida,17-08-2022,30-05-2037
503928,10804,Personal Loan,50742.33,28484.57,14,Active,North Carolina,19-09-2019,03-09-2022
503929,12502,Auto Loan,19509.57,8406.65,4.93,Active,Georgia,21-11-2022,26-10-2027
503930,10823,Personal Loan,12138.69,3809.77,6.24,Active,California,21-06-2020,06-06-2023
503931,11087,Business Loan,339430.98,270912.28,10.5,Closed,Pennsylvania,22-10-2023,09-07-2043
503932,10683,Mortgage,681020.7,541037.54,9.29,Delinquent,Illinois,16-06-2020,11-05-2027
503933,11034,Mortgage,686617.96,180725.02,7.96,Active,New Jersey,14-07-2022,31-03-2042
503934,11143,Business Loan,548493.27,166639.73,4.21,Fully Paid,Illinois,14-06-2021,19-05-2026
503935,10867,Personal Loan,55600.13,23202.74,14.11,Closed,North Carolina,17-01-2021,27-12-2024
503936,10864,Auto Loan,21960.09,15429.49,11.09,Fully Paid,New Jersey,21-05-2025,14-04-2032
503937,10488,Auto Loan,21833.44,14611.2,7.97,Active,California,11-04-2023,21-03-2027
503938,10568,Personal Loan,70220.66,22070.22,13.16,Fully Paid,Massachusetts,15-04-2021,15-03-2027
503939,11108,Mortgage,167536,54103.61,10.57,Active,Georgia,08-02-2020,18-01-2024
503940,11423,Mortgage,207486.26,147152.67,4.5,Delinquent,Arizona,04-08-2021,09-07-2026
503941,11135,Auto Loan,76125.8,33184.8,13.94,Fully Paid,Georgia,12-08-2021,22-07-2025
503942,11833,Auto Loan,88317.82,28776.55,4.34,Closed,Georgia,17-05-2025,16-04-2031
503943,10008,Mortgage,795815.63,576374.84,4.06,Active,Illinois,12-12-2019,20-10-2029
503944,11964,Business Loan,195304.74,184252.71,6.69,Active,Virginia,28-06-2025,22-05-2032
503945,11398,Auto Loan,73234.69,39518.32,9.99,Closed,California,26-05-2024,20-12-2053
503946,10059,Business Loan,370802.81,187347.98,10.7,Active,Arizona,23-08-2019,22-07-2025
503947,11215,Business Loan,528100.11,485380.84,9.46,Defaulted,Florida,07-01-2022,03-08-2051
503948,12791,Business Loan,495830.5,120314.8,11,Active,Texas,01-10-2021,15-09-2024
503949,10411,Business Loan,87750.33,76383.59,8.36,Delinquent,Pennsylvania,17-08-2024,31-05-2039
503950,12567,Mortgage,399162.57,336889.18,14.08,Fully Paid,Illinois,01-09-2021,11-07-2031
503951,10109,Mortgage,663567.52,509658.01,4.53,Fully Paid,Illinois,14-01-2019,27-10-2033
503952,10242,Mortgage,299158.94,208473.86,6.35,Active,New Jersey,26-09-2020,10-07-2035
503953,12827,Business Loan,509308.34,317003.95,7.74,Active,Michigan,02-03-2022,13-12-2036
503954,11230,Auto Loan,41604.26,35876.12,12.69,Active,Florida,13-06-2025,26-03-2040
503955,12159,Business Loan,367556.03,62456.7,9.59,Active,Illinois,03-04-2023,02-03-2029
503956,11015,Auto Loan,44896.14,22786.41,4.18,Active,Michigan,13-12-2023,16-11-2028
503957,10236,Equipment Loan,37181.15,12536.68,6.44,Active,Massachusetts,21-09-2020,21-08-2026
503958,11255,Auto Loan,26769.73,14619.94,5.92,Active,New Jersey,16-06-2025,10-01-2055
503959,11155,Mortgage,637150.76,579033,4.38,Active,Virginia,21-04-2019,20-03-2025
503960,11570,Mortgage,214153.29,89351.77,4.88,Active,Washington,12-12-2022,07-07-2052
503961,11736,Mortgage,427228.53,140824.76,13.81,Defaulted,Pennsylvania,07-02-2022,07-01-2028
503962,10855,Personal Loan,51598.58,9156.15,9.95,Active,New Jersey,01-10-2025,14-07-2040
503963,12210,Personal Loan,38723.78,20685.57,8.21,Active,Pennsylvania,28-08-2021,15-05-2041
503964,11207,Business Loan,315516.04,232424.59,11.46,Active,Georgia,15-03-2020,22-01-2030
503965,12097,Mortgage,466695.14,200469.52,12.85,Active,Massachusetts,19-03-2024,13-10-2053
503966,12499,Business Loan,306132.8,166760.77,13.51,Active,New Jersey,13-10-2020,27-07-2035
503967,12707,Business Loan,58171.3,43265.48,9.39,Delinquent,New Jersey,04-03-2025,19-11-2044
503968,12407,Mortgage,386447.72,270682.83,4.49,Fully Paid,Washington,07-11-2023,06-10-2029
503969,10104,Business Loan,363126.67,124675.58,11.6,Closed,Virginia,26-05-2024,20-12-2053
503970,10745,Business Loan,122217.59,51745.6,4.95,Active,Arizona,02-12-2022,27-06-2052
503971,11690,Auto Loan,33418.18,22450.6,4.16,Active,Michigan,13-03-2020,29-11-2039
503972,11099,Business Loan,531497.29,88829.27,4.46,Active,Texas,10-08-2021,10-07-2027
503973,10976,Equipment Loan,286697.99,128904.68,12.93,Active,Massachusetts,04-07-2025,13-05-2035
503974,11982,Equipment Loan,66161.16,20343.52,11.54,Active,Pennsylvania,25-09-2021,19-08-2028
503975,11101,Auto Loan,28291.47,12444.48,11.86,Fully Paid,Florida,15-06-2021,30-05-2024
503976,10218,Auto Loan,26073.59,11050.66,14.21,Active,Massachusetts,20-01-2020,04-01-2023
503977,10744,Business Loan,495157.43,361705.09,14.17,Defaulted,Florida,16-07-2021,30-06-2024
503978,12010,Business Loan,129319.3,26699.45,6.2,Closed,New York,22-02-2023,16-01-2030
503979,10974,Business Loan,326697.18,159947.69,3.51,Closed,Massachusetts,16-03-2021,01-12-2040
503980,11659,Personal Loan,54750.15,18138.48,8.1,Active,Pennsylvania,20-04-2021,04-04-2024
503981,12932,Personal Loan,17065.3,4162.07,12.6,Active,Arizona,14-01-2020,18-12-2024
503982,11609,Equipment Loan,107689.86,62699,5.15,Active,Washington,17-08-2022,27-07-2026
503983,11265,Mortgage,220833.6,104009.63,6.41,Active,Illinois,15-04-2024,10-03-2031
503984,12008,Mortgage,555838.73,158156.02,8.11,Fully Paid,Illinois,25-01-2023,30-12-2027
503985,12611,Personal Loan,11610.66,9297.37,3.53,Active,Illinois,15-03-2020,28-02-2023
503986,10187,Personal Loan,55497.74,44644.21,7.19,Active,Texas,31-01-2022,27-08-2051
503987,12249,Auto Loan,78308.45,34980.94,11.19,Fully Paid,Illinois,15-05-2021,14-04-2027
503988,12282,Mortgage,550753.36,489717.92,13.02,Active,Virginia,15-12-2021,29-11-2024
503989,11783,Mortgage,465373.16,315779.87,8.34,Active,Georgia,02-10-2021,11-08-2031
503990,11384,Auto Loan,50896.34,17871.51,10.44,Active,New Jersey,22-11-2025,09-08-2045
503991,11886,Business Loan,506643.35,444263.38,8.47,Active,New York,14-06-2020,19-05-2025
503992,12245,Mortgage,584486.92,121025.37,3.54,Active,New Jersey,19-01-2024,18-12-2029
503993,10615,Mortgage,188714.87,74291.36,13.54,Delinquent,New Jersey,31-05-2025,09-04-2035
503994,11271,Auto Loan,24258.43,5767.94,14.04,Delinquent,Massachusetts,12-11-2025,30-07-2045
503995,10471,Mortgage,426841.41,137609.24,6.9,Fully Paid,Washington,11-11-2025,20-09-2035
503996,12148,Auto Loan,15230.66,5138.79,14.2,Active,Ohio,26-11-2022,25-10-2028
503997,11182,Equipment Loan,219602.89,153317.17,5.76,Active,Arizona,01-05-2024,31-03-2030
503998,10932,Mortgage,206157.59,193370.35,4.69,Fully Paid,Florida,29-11-2024,03-11-2029
503999,10219,Equipment Loan,143165.92,93176.82,11.04,Active,Pennsylvania,10-10-2021,14-09-2026
504000,12764,Auto Loan,35616.57,26633.25,10.48,Fully Paid,Illinois,25-11-2020,21-06-2050
504001,12313,Mortgage,246613.85,78690.68,10.61,Active,Virginia,02-05-2023,26-03-2030
504002,10780,Auto Loan,37809.99,15696.34,12.22,Defaulted,Ohio,08-09-2023,18-08-2027
504003,11800,Auto Loan,42590.46,28974.25,9.96,Active,Virginia,07-03-2019,29-01-2026
504004,10795,Personal Loan,74299.62,35662.28,7.19,Fully Paid,Florida,24-08-2020,29-07-2025
504005,10987,Personal Loan,52869.92,11669.29,4.44,Fully Paid,Michigan,25-02-2025,09-12-2039
504006,11869,Auto Loan,50658.57,14680.54,9.5,Active,California,19-05-2020,02-03-2035
504007,12624,Business Loan,170611.94,145362.37,8.85,Delinquent,Ohio,11-03-2019,22-12-2033
504008,10117,Personal Loan,57971.65,33375.69,5.06,Active,Florida,09-02-2022,22-11-2036
504009,11763,Business Loan,439800.21,212135.72,7.98,Active,New Jersey,25-11-2020,04-11-2024
504010,10986,Personal Loan,69845.58,54722.09,12.1,Active,Virginia,13-06-2020,08-05-2027
504011,10923,Equipment Loan,37924.62,32936.08,4.2,Delinquent,Washington,10-11-2021,10-10-2027
504012,12215,Auto Loan,17536.57,8450.13,13.01,Fully Paid,Arizona,27-11-2024,10-09-2039
504013,12065,Auto Loan,76235.5,56430.03,7.66,Active,Illinois,30-04-2019,09-04-2023
504014,12028,Mortgage,476996.46,370832.66,13.55,Active,Pennsylvania,21-09-2019,04-07-2034
504015,12059,Auto Loan,33334.01,9212.57,5.25,Active,Illinois,27-12-2025,11-12-2028
504016,10480,Mortgage,832664.18,213229.73,7.78,Active,Arizona,21-12-2024,25-11-2029
504017,11898,Auto Loan,84621.52,44011.08,11.61,Active,Texas,15-04-2022,25-03-2026
504018,10810,Business Loan,146679.96,43962.36,3.82,Active,Texas,05-01-2022,01-08-2051
504019,10537,Auto Loan,18934.8,12361.88,8.45,Delinquent,New Jersey,16-06-2021,21-05-2026
504020,11741,Personal Loan,58690.9,30886.25,5.42,Active,Georgia,20-12-2021,06-09-2041
504021,11061,Personal Loan,58378.09,30835.83,6.12,Defaulted,California,15-04-2019,30-03-2022
504022,12955,Mortgage,769148.79,325879.89,7.58,Defaulted,Ohio,04-07-2021,13-06-2025
504023,12259,Mortgage,775427.67,341230.5,14.26,Active,Ohio,15-12-2023,08-11-2030
504024,11068,Mortgage,326257.31,188060.61,5.11,Delinquent,Ohio,30-09-2025,09-08-2035
504025,10009,Mortgage,667402.03,150372.75,12.49,Active,Virginia,03-09-2022,21-05-2042
504026,12105,Mortgage,620506.65,277911.18,10.18,Active,Virginia,04-01-2024,28-11-2030
504027,11546,Personal Loan,67472.31,42598.15,8.12,Fully Paid,Texas,27-07-2024,12-07-2027
504028,11550,Equipment Loan,281234.28,136603.24,10.98,Active,Virginia,04-05-2022,13-04-2026
504029,10776,Auto Loan,87550.17,30921.87,3.69,Fully Paid,New Jersey,27-04-2022,12-01-2042
504030,12959,Business Loan,174235.84,26459.37,5.64,Active,Virginia,12-03-2020,20-02-2024
504031,11919,Mortgage,308103.77,271736.14,6.58,Delinquent,Georgia,02-10-2024,11-08-2034
504032,12323,Mortgage,286394.23,164251.66,13.06,Active,Arizona,08-03-2022,19-12-2036
504033,11460,Auto Loan,15469.84,9354.36,9.16,Defaulted,New Jersey,24-08-2025,20-03-2055
504034,12912,Mortgage,724153.79,336619.6,13.97,Active,New Jersey,20-06-2021,30-05-2025
504035,11664,Personal Loan,47782.51,40688.57,4.11,Closed,Texas,25-06-2019,18-01-2049
504036,10875,Auto Loan,70969.01,28029.9,3.58,Defaulted,Florida,25-07-2021,03-06-2031
504037,10487,Personal Loan,5906.61,5483.77,12.68,Active,New York,27-01-2023,09-11-2037
504038,11529,Mortgage,255240.66,69703,4.84,Active,Florida,27-02-2023,06-02-2027
504039,11333,Mortgage,807194.77,506776.02,9.2,Delinquent,Massachusetts,28-08-2020,11-06-2035
504040,12491,Mortgage,245421.87,162782.48,14.13,Active,Michigan,11-08-2023,19-06-2033
504041,11956,Business Loan,431422.56,66290.64,7.2,Fully Paid,Massachusetts,23-10-2023,07-10-2026
504042,11601,Auto Loan,37298.39,18362.87,9.26,Active,Pennsylvania,17-04-2020,03-01-2040
504043,12850,Business Loan,217520.72,47835.34,8.39,Fully Paid,Texas,24-09-2020,03-08-2030
504044,11460,Equipment Loan,221988.49,191647.55,10.58,Fully Paid,New Jersey,19-06-2023,27-04-2033
504045,11106,Business Loan,387328.28,167468.41,8,Active,Georgia,16-02-2022,10-01-2029
504046,12620,Personal Loan,17875.7,11130.49,11.99,Closed,Ohio,09-01-2019,19-12-2022
504047,12212,Auto Loan,50041.12,37880.75,11.85,Active,California,30-06-2022,04-06-2027
504048,10920,Business Loan,370447.21,113505.39,12.62,Active,North Carolina,31-08-2024,31-07-2030
504049,11209,Business Loan,448625.78,204651.3,6.47,Delinquent,New York,08-12-2025,07-11-2031
504050,11770,Equipment Loan,231082.64,120952.55,10.05,Active,Texas,06-06-2025,06-05-2031
504051,11615,Mortgage,794448.53,728593.28,11.95,Active,Washington,14-02-2023,01-11-2042
504052,10640,Business Loan,497757.71,409168.59,11.48,Fully Paid,Virginia,18-07-2022,11-02-2052
504053,11939,Equipment Loan,72245.67,27674.5,3.89,Active,Virginia,01-12-2020,10-10-2030
504054,11466,Personal Loan,60809.81,51521.63,9.1,Fully Paid,New York,13-03-2020,20-01-2030
504055,12647,Mortgage,799258.17,204150.6,7.75,Active,Arizona,11-05-2023,21-02-2038
504056,12392,Business Loan,315245.77,263312.67,12.38,Active,Texas,11-03-2020,13-02-2025
504057,12689,Auto Loan,52229.81,38628.23,11.27,Defaulted,Arizona,13-03-2022,20-02-2026
504058,10031,Auto Loan,16605.04,4026.46,4.66,Active,California,09-12-2019,02-11-2026
504059,10166,Business Loan,100302.88,16260.22,10.76,Fully Paid,Arizona,11-11-2021,16-10-2026
504060,12331,Mortgage,210416.85,97944.09,12.09,Active,Florida,06-10-2021,02-05-2051
504061,10693,Auto Loan,39207.76,24583.63,9.37,Active,Georgia,20-06-2023,02-04-2038
504062,10249,Equipment Loan,282109.33,164154.74,6.13,Active,Florida,18-10-2023,13-05-2053
504063,10463,Business Loan,238059.85,142168.83,6.69,Fully Paid,New York,01-05-2020,31-03-2026
504064,12431,Mortgage,335866.16,305964.05,12.85,Active,New Jersey,28-06-2023,15-03-2043
504065,11186,Personal Loan,37645.63,13022.51,9.32,Fully Paid,Virginia,15-01-2025,20-12-2029
504066,12433,Mortgage,533581.85,210944.06,7.94,Active,Georgia,23-09-2021,06-07-2036
504067,10138,Mortgage,593198.92,507417.27,6.28,Active,New Jersey,25-06-2024,04-06-2028
504068,11255,Mortgage,521987.61,130400.05,3.95,Active,New Jersey,21-11-2021,21-10-2027
504069,12880,Auto Loan,21402.6,10916.99,10.95,Active,Michigan,28-03-2022,08-01-2037
504070,11084,Mortgage,152096.12,71952.85,10.41,Fully Paid,New Jersey,25-07-2021,09-07-2024
504071,11194,Personal Loan,27778.29,8596.32,9.28,Closed,Florida,31-01-2020,15-01-2023
504072,12262,Business Loan,107993.06,102427.6,5.96,Active,New York,19-03-2023,10-02-2030
504073,11525,Personal Loan,66686.06,10098,7.2,Active,Arizona,01-09-2023,16-08-2026
504074,11663,Auto Loan,88041.6,49821.14,6.41,Fully Paid,California,11-09-2024,16-08-2029
504075,10340,Equipment Loan,248483.4,167498.13,6.15,Closed,New York,11-01-2022,05-12-2028
504076,11733,Mortgage,849072.85,162755.79,5.8,Fully Paid,Virginia,30-07-2021,29-06-2027
504077,11223,Personal Loan,28649.5,23472.61,5.63,Active,North Carolina,19-01-2024,18-12-2029
504078,12597,Personal Loan,23784.96,3720.97,13.4,Active,Massachusetts,31-03-2025,23-02-2032
504079,10238,Equipment Loan,52730.18,39267.23,11.85,Active,California,25-07-2025,18-02-2055
504080,10592,Business Loan,304961.14,48097.19,13.05,Delinquent,North Carolina,12-07-2021,11-06-2027
504081,10597,Auto Loan,48982.14,39452.71,10.86,Fully Paid,Arizona,19-08-2023,14-03-2053
504082,10495,Auto Loan,73521.7,46281.49,11.62,Active,Washington,23-11-2019,07-11-2022
504083,10797,Personal Loan,45584.43,37258.55,9.35,Active,Massachusetts,18-07-2020,12-06-2027
504084,12370,Auto Loan,73174.45,67535.12,11.81,Active,Florida,21-11-2025,05-11-2028
504085,11195,Personal Loan,15354.58,13736.12,4.8,Delinquent,Arizona,08-12-2021,17-11-2025
504086,10186,Auto Loan,40488,33779.48,5.59,Active,Michigan,24-12-2023,22-11-2029
504087,11117,Auto Loan,89813.88,28628.49,8.18,Active,Illinois,27-03-2023,29-02-2028
504088,10736,Business Loan,240888.11,51669.88,4.49,Delinquent,Texas,02-08-2023,25-02-2053
504089,10122,Auto Loan,57581.39,48490.63,12.98,Active,New York,18-05-2020,01-03-2035
504090,10816,Mortgage,522690.79,133119.56,5.73,Active,New York,14-02-2022,14-01-2028
504091,10871,Auto Loan,72184.21,59285.53,11.08,Fully Paid,Michigan,10-02-2023,28-10-2042
504092,11911,Personal Loan,60521.33,56726.37,7.32,Delinquent,Arizona,05-10-2020,30-08-2027
504093,11634,Mortgage,187161.89,65260.82,7.45,Active,Illinois,23-12-2020,19-07-2050
504094,10017,Auto Loan,82996,42036.11,14.19,Active,North Carolina,20-06-2023,13-01-2053
504095,12747,Auto Loan,32529.58,18497.77,13.47,Delinquent,Michigan,05-10-2020,19-07-2035
504096,10482,Mortgage,334525.77,100967.58,5.53,Delinquent,Arizona,01-04-2025,08-02-2035
504097,10486,Business Loan,151177.5,50081.68,13.01,Active,Illinois,22-01-2019,17-08-2048
504098,12958,Mortgage,178607.12,57945.03,14.43,Active,California,25-04-2025,19-03-2032
504099,11582,Auto Loan,76829.95,23318.33,11.74,Fully Paid,New York,05-08-2019,09-07-2024
504100,10934,Business Loan,529391.25,493480.32,4.03,Delinquent,Illinois,16-08-2023,26-07-2027
504101,12955,Mortgage,316982.37,63814.6,4.78,Active,Ohio,09-06-2019,22-03-2034
504102,10447,Auto Loan,21752.4,13955.94,10.3,Closed,Virginia,03-08-2019,07-07-2024
504103,11517,Mortgage,553762.37,517764.54,11.16,Active,New York,10-01-2025,20-12-2028
504104,12344,Business Loan,469790.34,217181.39,10.93,Active,Texas,03-11-2024,03-10-2030
504105,10365,Business Loan,594584.35,555721.31,4.56,Active,California,21-03-2022,15-10-2051
504106,12710,Business Loan,76225.43,37570.97,13.47,Delinquent,New Jersey,26-06-2024,05-06-2028
504107,12619,Mortgage,506538.12,360750.92,11.07,Active,Texas,20-12-2020,29-10-2030
504108,11666,Business Loan,501412.66,149841.79,6.65,Active,California,22-03-2024,03-01-2039
504109,12459,Mortgage,543486.53,369588.99,5.26,Fully Paid,Texas,03-11-2020,30-05-2050
504110,10943,Equipment Loan,96809.78,32028.05,5.35,Fully Paid,Virginia,24-12-2024,20-07-2054
504111,12397,Auto Loan,61831.98,26167.94,3.8,Fully Paid,Pennsylvania,01-07-2019,13-04-2034
504112,11776,Auto Loan,31530.56,16883.59,7.02,Active,Texas,23-12-2025,05-10-2040
504113,10035,Equipment Loan,31158.41,18666.25,8.21,Active,New Jersey,17-02-2023,26-12-2032
504114,11385,Business Loan,251079.24,92913.76,14.01,Active,Florida,13-09-2024,18-08-2029
504115,12027,Mortgage,552615.49,185293.46,6.47,Fully Paid,New York,30-10-2025,14-10-2028
504116,11197,Mortgage,594071.89,253392.39,11.06,Closed,Washington,31-07-2025,10-07-2029
504117,11498,Personal Loan,72355.71,44225.4,5.48,Active,Ohio,12-02-2019,30-10-2038
504118,11577,Auto Loan,22183.51,12374.58,6.76,Active,Texas,16-06-2019,29-03-2034
504119,10692,Mortgage,273375.97,250355.22,8.48,Fully Paid,Michigan,21-02-2019,20-01-2025
504120,12906,Mortgage,757591.56,407354.07,4.01,Active,Texas,26-07-2025,04-06-2035
504121,12175,Mortgage,266227.68,247498.05,9.76,Fully Paid,Florida,25-04-2021,04-04-2025
504122,11641,Business Loan,238046.63,196070.67,13.89,Active,New Jersey,08-09-2021,23-08-2024
504123,10031,Personal Loan,21370.26,4254.7,12.92,Active,California,12-03-2020,28-11-2039
504124,10504,Mortgage,829805.11,786125.25,13.06,Active,Virginia,13-04-2023,06-11-2052
504125,12782,Personal Loan,56845.79,40645.67,7.72,Fully Paid,New York,06-05-2021,05-04-2027
504126,11626,Personal Loan,23356.14,21599.29,7.99,Active,Florida,29-08-2019,02-08-2024
504127,12842,Business Loan,198088.7,36807.86,4.69,Closed,Arizona,08-06-2025,21-03-2040
504128,11877,Mortgage,153211.21,40522.02,14.47,Active,Massachusetts,05-04-2024,21-03-2027
504129,12546,Mortgage,826891.71,315455.45,11.28,Active,Washington,07-05-2025,22-01-2045
504130,10197,Auto Loan,56268.26,28641.52,9.54,Fully Paid,Florida,30-10-2023,03-10-2028
504131,11384,Auto Loan,39816.91,19267.59,9.34,Fully Paid,New Jersey,18-12-2021,17-11-2027
504132,11552,Business Loan,222898.41,206585.67,10.07,Fully Paid,Pennsylvania,11-10-2025,28-06-2045
504133,10342,Equipment Loan,297821.4,207127.56,9.93,Delinquent,Illinois,04-10-2023,21-06-2043
504134,12007,Mortgage,535275.66,141360.75,9.04,Closed,Florida,11-01-2023,24-10-2037
504135,11208,Personal Loan,9367.58,1768.88,5.23,Active,Michigan,28-08-2019,10-06-2034
504136,12640,Mortgage,736096.89,306843.44,7.65,Active,Texas,21-04-2023,01-02-2038
504137,11077,Business Loan,368302.65,176653.27,7.51,Active,Washington,14-04-2025,19-03-2030
504138,10076,Personal Loan,33288.25,24900.15,12.2,Active,Ohio,18-08-2022,31-05-2037
504139,10498,Mortgage,373549.08,334774.85,8.42,Active,Virginia,20-12-2024,14-11-2031
504140,10796,Auto Loan,66541.46,10295.45,4.62,Fully Paid,Virginia,24-01-2021,24-12-2026
504141,11465,Business Loan,53187.43,40724.56,14.29,Fully Paid,Washington,15-03-2025,07-02-2032
504142,10158,Personal Loan,58508.47,19260.32,3.81,Active,Georgia,14-10-2022,18-09-2027
504143,11268,Business Loan,355606.75,335530.14,6.81,Closed,Texas,13-08-2020,27-05-2035
504144,12305,Auto Loan,28626.62,14488.99,8.52,Active,Arizona,10-11-2019,09-10-2025
504145,12327,Mortgage,294322.95,73874.88,13.4,Active,Arizona,04-04-2019,19-03-2022
504146,12272,Business Loan,143659.98,45077.42,5.43,Defaulted,Florida,17-03-2020,03-12-2039
504147,12413,Business Loan,381134.54,359213.6,8.22,Active,New York,11-05-2024,05-12-2053
504148,10282,Business Loan,491359.27,138733.55,7.45,Active,California,27-06-2019,26-05-2025
504149,12029,Personal Loan,15020.37,5623.3,13.19,Active,Washington,16-07-2022,30-06-2025
504150,12883,Auto Loan,84097.87,35419.13,6.48,Active,Pennsylvania,28-06-2023,01-06-2028
504151,12071,Mortgage,741017.85,191767.43,13.56,Active,Massachusetts,05-12-2022,09-11-2027
504152,11176,Mortgage,408448.71,179638.46,9.34,Active,Virginia,27-08-2022,26-07-2028
504153,12181,Mortgage,847675.14,381697.11,5.64,Active,Washington,17-08-2023,25-06-2033
504154,11739,Personal Loan,21802.18,16447.36,13.39,Fully Paid,Ohio,04-10-2025,30-04-2055
504155,10124,Mortgage,515026.62,288823.83,12.5,Active,North Carolina,29-08-2023,28-07-2029
504156,12782,Business Loan,507536.69,260126.57,9.73,Defaulted,New York,19-07-2021,05-04-2041
504157,10248,Mortgage,354254.61,136872.6,14.02,Defaulted,Massachusetts,28-10-2019,26-09-2025
504158,12177,Auto Loan,15386.73,9850.63,3.94,Fully Paid,Massachusetts,02-04-2019,17-03-2022
504159,10360,Personal Loan,31358.69,16995.77,8.73,Active,Florida,04-09-2020,14-08-2024
504160,10133,Equipment Loan,219741.99,162711.82,4.05,Active,Arizona,19-02-2020,28-12-2029
504161,10027,Business Loan,373362.04,189971.1,4.68,Delinquent,Illinois,23-12-2021,27-11-2026
504162,10998,Auto Loan,54545.82,39242.32,7.52,Fully Paid,Michigan,29-12-2023,08-12-2027
504163,10481,Mortgage,281657.31,262058.2,10.8,Active,Pennsylvania,14-09-2022,27-06-2037
504164,10783,Personal Loan,74074.65,68141.38,6.91,Fully Paid,Washington,05-02-2022,15-01-2026
504165,10172,Personal Loan,44269.51,42061.61,4.5,Fully Paid,Michigan,13-10-2020,27-07-2035
504166,10706,Personal Loan,48668.93,12952.56,12.69,Active,Washington,20-09-2024,20-08-2030
504167,10888,Auto Loan,52296.57,15588.6,11.73,Fully Paid,New York,02-10-2021,01-09-2027
504168,11312,Auto Loan,68224.85,62538.01,5.42,Delinquent,Arizona,29-03-2022,26-02-2028
504169,10312,Mortgage,657730.76,218024.13,13.97,Active,Pennsylvania,29-11-2020,08-10-2030
504170,10336,Business Loan,59724.98,28306.58,9.94,Delinquent,Virginia,09-12-2024,22-09-2039
504171,11326,Business Loan,384653.46,370643.58,7.13,Fully Paid,Ohio,23-07-2021,09-04-2041
504172,11762,Mortgage,515337.08,491259.69,3.79,Active,New York,21-08-2024,30-06-2034
504173,11007,Personal Loan,28728.42,5269.05,10.35,Delinquent,Michigan,24-06-2019,11-03-2039
504174,11055,Business Loan,134069.1,53820.4,4.81,Active,Ohio,16-05-2023,24-03-2033
504175,12039,Personal Loan,16516.67,11256.69,14.03,Active,Arizona,15-05-2021,14-04-2027
504176,10114,Personal Loan,30024.86,23274.23,8.9,Active,New Jersey,18-07-2020,27-06-2024
504177,10973,Business Loan,492304.11,238285.73,6.25,Active,California,09-11-2021,18-09-2031
504178,11047,Personal Loan,62305.92,47340.1,4.18,Fully Paid,Georgia,12-06-2023,27-05-2026
504179,10797,Auto Loan,88381.42,48589.81,6.72,Fully Paid,Massachusetts,11-08-2021,21-07-2025
504180,12367,Auto Loan,19107.51,16385.23,9,Active,New Jersey,12-03-2020,14-02-2025
504181,11690,Auto Loan,73964.49,12634.54,13.98,Fully Paid,Michigan,06-12-2025,02-07-2055
504182,12015,Business Loan,142979.08,68820.86,7.33,Active,New Jersey,27-07-2022,09-05-2037
504183,11006,Auto Loan,35443.31,19057.18,12.5,Defaulted,North Carolina,02-11-2019,10-09-2029
504184,10895,Mortgage,336688.46,145110.22,14.06,Active,California,21-10-2021,17-05-2051
504185,10562,Mortgage,464785.42,360702.58,8.45,Active,Washington,09-09-2020,09-08-2026
504186,10608,Auto Loan,37285.17,19001.69,13.65,Active,Arizona,13-01-2019,21-11-2028
504187,10005,Mortgage,752965.89,449378.08,5.13,Active,Michigan,01-06-2021,25-04-2028
504188,12476,Personal Loan,27333.23,8145.52,5.54,Fully Paid,Massachusetts,05-09-2023,31-03-2053
504189,10457,Personal Loan,68143.29,59867.89,5.79,Active,Pennsylvania,23-01-2023,28-12-2027
504190,12783,Mortgage,326116.04,232343.78,13.43,Fully Paid,Georgia,10-05-2020,09-04-2026
504191,12504,Mortgage,813207.54,257974.09,13.91,Defaulted,Michigan,31-12-2021,15-12-2024
504192,11384,Business Loan,498599.52,452600.54,10.97,Fully Paid,New Jersey,17-02-2025,17-01-2031
504193,10393,Auto Loan,46944.23,45675.59,13.73,Active,New Jersey,15-05-2024,19-04-2029
504194,12248,Mortgage,287552.55,50553.27,4.19,Active,Georgia,10-07-2020,03-02-2050
504195,11282,Auto Loan,78461.88,32109.45,12.76,Active,Ohio,13-11-2021,07-10-2028
504196,12690,Business Loan,289466.05,137211.55,6.81,Active,California,03-10-2021,12-08-2031
504197,11411,Mortgage,240726.1,190305.99,7.86,Delinquent,Texas,24-11-2022,11-08-2042
504198,12888,Mortgage,670532.45,637775.87,11.15,Active,Arizona,20-04-2023,31-01-2038
504199,11092,Personal Loan,26175.96,22115.81,13.23,Active,New Jersey,16-01-2023,29-10-2037
504200,11471,Auto Loan,48145.04,32209.36,6.07,Active,Michigan,01-02-2020,26-12-2026
504201,12006,Business Loan,374659.13,333013.48,4.05,Fully Paid,North Carolina,03-02-2024,13-01-2028
504202,11616,Mortgage,835731.18,207484.31,8.72,Delinquent,Michigan,23-11-2019,05-09-2034
504203,11819,Business Loan,390195.39,171823.54,6.72,Defaulted,Texas,02-09-2022,17-08-2025
504204,11975,Mortgage,272917.8,169965.54,5.26,Active,Georgia,04-08-2020,21-04-2040
504205,10217,Personal Loan,8123.1,2929.46,9.82,Active,New Jersey,01-11-2020,10-09-2030
504206,10863,Personal Loan,48109.97,35610.29,13.11,Closed,Virginia,18-09-2022,02-09-2025
504207,12057,Personal Loan,11059.75,3606.9,10.98,Active,North Carolina,20-03-2021,17-02-2027
504208,11225,Auto Loan,71391.45,44339.97,6.08,Defaulted,Pennsylvania,01-06-2019,11-05-2023
504209,10711,Mortgage,816902.79,278190.99,10.37,Defaulted,Michigan,26-09-2023,21-04-2053
504210,10989,Business Loan,283212.36,147269.54,12.08,Delinquent,Virginia,22-09-2025,05-07-2040
504211,11283,Mortgage,523879.16,288409.7,9.86,Fully Paid,Texas,06-05-2021,15-04-2025
504212,11804,Personal Loan,22068.87,14970.57,8.09,Fully Paid,Pennsylvania,21-06-2022,15-05-2029
504213,12219,Business Loan,243004.92,104536.4,8.13,Active,Arizona,24-02-2019,11-11-2038
504214,10908,Business Loan,508039.15,119331.94,11.92,Fully Paid,North Carolina,18-06-2023,17-05-2029
504215,12981,Auto Loan,30230.46,10417.98,8.46,Active,Texas,15-06-2021,28-03-2036
504216,11124,Equipment Loan,184555.37,100415.39,11.63,Active,Ohio,26-01-2024,25-12-2029
504217,11671,Auto Loan,63040.38,24032.84,13.87,Closed,Ohio,19-02-2024,14-09-2053
504218,11960,Personal Loan,33917.98,8691.97,5.95,Active,Virginia,05-02-2020,14-12-2029
504219,12430,Auto Loan,20376.79,7224.69,14.5,Defaulted,Florida,15-05-2021,24-03-2031
504220,12352,Personal Loan,28048.56,22981.22,13.33,Fully Paid,California,04-09-2019,08-08-2024
504221,10316,Equipment Loan,93233.93,77955.65,7.02,Fully Paid,Massachusetts,07-05-2025,22-01-2045
504222,11731,Business Loan,184357.19,180484.48,6.66,Closed,New Jersey,04-01-2020,17-10-2034
504223,12959,Personal Loan,40678.47,6637.75,6.54,Active,Virginia,01-06-2019,25-12-2048
504224,12560,Auto Loan,31394.17,25306.69,5.44,Active,New York,06-01-2021,15-11-2030
504225,10565,Mortgage,470266.98,388285.55,11.16,Active,Washington,17-10-2024,26-09-2028
504226,11158,Equipment Loan,269895.59,235780.67,4.48,Delinquent,Arizona,21-10-2023,08-07-2043
504227,11208,Mortgage,273621.11,64589.44,7.05,Active,Michigan,09-06-2025,24-02-2045
504228,12486,Auto Loan,48163.16,14497.94,10.49,Active,California,27-06-2019,21-05-2026
504229,11495,Mortgage,325263.3,280640.08,11.57,Active,New Jersey,08-04-2019,02-03-2026
504230,10409,Mortgage,458022.18,443495.38,8.5,Fully Paid,New York,22-01-2019,01-01-2023
504231,10974,Auto Loan,15024.53,5960.96,9.66,Active,Massachusetts,26-01-2019,20-12-2025
504232,10784,Personal Loan,61557.51,56998.65,9.83,Active,Michigan,18-11-2020,01-09-2035
504233,12928,Auto Loan,62082.96,30378.68,13.9,Active,Washington,23-06-2023,27-05-2028
504234,10765,Business Loan,200644.31,110452.45,7.44,Active,Arizona,23-08-2024,02-07-2034
504235,12279,Mortgage,339859.23,88642.02,4.83,Active,Ohio,08-12-2019,17-11-2023
504236,10124,Equipment Loan,125791.05,39507.61,3.64,Active,North Carolina,12-02-2022,06-01-2029
504237,11160,Personal Loan,23566.47,17584.5,7.92,Active,California,11-01-2025,16-12-2029
504238,10843,Mortgage,640591.86,129828.75,10.88,Active,Michigan,08-06-2025,21-03-2040
504239,11738,Auto Loan,26081.67,4897.26,6.48,Closed,Michigan,05-11-2025,10-10-2030
504240,10267,Auto Loan,49849.79,12409.1,8.71,Fully Paid,Georgia,09-07-2023,26-03-2043
504241,11346,Personal Loan,57008.94,16670.15,10.77,Active,North Carolina,28-06-2021,07-06-2025
504242,12416,Personal Loan,48202.52,42960.09,7.55,Active,Ohio,23-01-2021,08-01-2024
504243,10674,Business Loan,395866.25,337828.76,12.67,Closed,New Jersey,24-06-2025,06-04-2040
504244,11595,Mortgage,161332.71,91481.16,6.83,Fully Paid,Georgia,11-06-2021,24-03-2036
504245,10036,Personal Loan,20592.45,17266.28,13.46,Closed,New Jersey,16-02-2020,10-01-2027
504246,10028,Auto Loan,74096.43,49083.89,8.61,Defaulted,New York,30-05-2025,29-04-2031
504247,12131,Auto Loan,46947.06,22863.68,10.03,Active,Georgia,23-11-2023,05-09-2038
504248,12010,Mortgage,848770.3,249362.84,9.98,Fully Paid,New York,08-09-2019,17-07-2029
504249,11990,Personal Loan,63968.55,29557.81,5.23,Active,North Carolina,24-07-2019,03-07-2023
504250,11109,Mortgage,180784.51,29093.91,8.52,Active,Ohio,06-03-2020,22-11-2039
504251,11981,Business Loan,246055.77,138026.84,13.54,Active,New Jersey,11-09-2022,06-04-2052
504252,11812,Equipment Loan,65294.72,49729.04,4.13,Closed,Michigan,19-01-2021,28-11-2030
504253,12591,Personal Loan,25644.09,22706.9,3.53,Fully Paid,California,13-01-2020,21-11-2029
504254,10410,Auto Loan,83943.03,13790.96,13.64,Closed,Massachusetts,28-04-2025,07-04-2029
504255,10617,Business Loan,515035.61,406714.99,10.76,Active,Georgia,15-02-2022,11-09-2051
504256,12813,Personal Loan,21856.57,15029.44,14.1,Active,Pennsylvania,09-09-2023,22-06-2038
504257,10667,Mortgage,324999.98,195787.07,7.02,Active,Virginia,02-07-2020,17-06-2023
504258,11340,Auto Loan,42104.2,7213.53,8.26,Active,Virginia,01-11-2023,27-05-2053
504259,12553,Personal Loan,74792.93,51219.57,11.48,Fully Paid,North Carolina,13-12-2023,30-08-2043
504260,10125,Personal Loan,53328.78,29993.19,3.68,Closed,Massachusetts,21-10-2025,20-09-2031
504261,11717,Mortgage,477792.73,121837.41,14.14,Fully Paid,Georgia,03-11-2024,03-10-2030
504262,10898,Mortgage,219166.28,180742.23,9.98,Closed,Massachusetts,02-01-2021,02-12-2026
504263,10300,Auto Loan,19268.92,18126.75,13.25,Fully Paid,Virginia,10-03-2021,12-02-2026
504264,11966,Mortgage,333309.39,143153.65,5.32,Active,North Carolina,17-11-2020,17-10-2026
504265,10207,Business Loan,78364.19,61171.57,3.89,Active,New York,17-12-2024,11-11-2031
504266,10152,Mortgage,538015.43,240452.02,6.48,Active,Ohio,13-05-2019,23-02-2034
504267,10422,Mortgage,568154.41,464876.76,12.62,Fully Paid,New Jersey,14-10-2020,01-07-2040
504268,11153,Mortgage,557998.35,432245.18,12.97,Fully Paid,North Carolina,11-03-2024,05-10-2053
504269,11994,Business Loan,414705.17,239626.81,6.49,Defaulted,Illinois,08-03-2024,16-02-2028
504270,10414,Personal Loan,73521.93,37655.24,8.38,Closed,Illinois,01-05-2021,31-03-2027
504271,10190,Mortgage,666050.5,515002.47,7.65,Active,Arizona,13-07-2021,17-06-2026
504272,11987,Auto Loan,17649.6,4796.96,9.37,Active,Georgia,23-06-2021,07-06-2024
504273,10847,Mortgage,592766.47,501101.93,5.43,Delinquent,Ohio,17-08-2019,27-07-2023
504274,12828,Auto Loan,79616.32,17507.84,8.8,Fully Paid,Arizona,02-04-2022,18-12-2041
504275,11465,Mortgage,417467.22,116598.72,14,Active,Washington,21-10-2022,19-09-2028
504276,10539,Auto Loan,63566.2,52911.48,6.73,Active,Michigan,09-11-2021,09-10-2027
504277,12943,Mortgage,276187.98,224663.1,3.52,Closed,Illinois,03-12-2019,28-06-2049
504278,12823,Business Loan,521566.54,361760.48,12.86,Active,North Carolina,21-12-2019,03-10-2034
504279,10222,Personal Loan,18945.64,11591.91,3.98,Active,Florida,12-06-2024,12-05-2030
504280,11435,Equipment Loan,125321.13,29773.9,6.86,Active,Ohio,20-07-2021,04-07-2024
504281,10785,Mortgage,548203.29,183557.18,11.4,Delinquent,Pennsylvania,05-04-2025,20-03-2028
504282,10802,Mortgage,183168,44262.93,5.66,Delinquent,Pennsylvania,20-11-2023,14-10-2030
504283,12640,Personal Loan,22623.21,13681.02,8.69,Active,Texas,28-11-2020,13-11-2023
504284,12839,Mortgage,808158.78,251931.28,11.75,Delinquent,Pennsylvania,15-03-2021,28-02-2024
504285,12831,Auto Loan,79287.68,24047.21,5.99,Fully Paid,New Jersey,28-11-2022,07-11-2026
504286,12235,Mortgage,510689.55,301490.68,13.03,Active,Illinois,05-10-2021,09-09-2026
504287,12747,Auto Loan,39081.7,26196.34,6.58,Closed,Michigan,09-04-2025,16-02-2035
504288,10963,Business Loan,406456.73,342177.48,12.75,Fully Paid,Georgia,20-05-2024,19-04-2030
504289,10573,Auto Loan,33116.37,11059.11,8.8,Active,Illinois,15-08-2019,19-07-2024
504290,10952,Mortgage,299917.67,146609.15,10.15,Active,Massachusetts,25-09-2021,19-08-2028
504291,12111,Mortgage,499630.91,352357.38,12.86,Fully Paid,California,28-10-2022,23-05-2052
504292,11044,Mortgage,307081.33,70885.85,10.89,Active,Virginia,10-04-2023,21-01-2038
504293,11088,Mortgage,629099.25,283333.98,3.98,Active,New York,14-02-2019,09-09-2048
504294,10285,Mortgage,167504.47,25777.98,10.75,Delinquent,Arizona,04-03-2019,31-01-2025
504295,12394,Mortgage,240231.81,57765.48,5.55,Active,Virginia,18-02-2019,28-01-2023
504296,10997,Business Loan,289610.12,196020.71,9.23,Active,Massachusetts,26-04-2023,19-11-2052
504297,12675,Personal Loan,38185.67,30034.6,4.09,Closed,Pennsylvania,27-08-2022,14-05-2042
504298,10981,Auto Loan,83130.97,16492.37,4.28,Fully Paid,North Carolina,31-05-2022,25-12-2051
504299,10497,Auto Loan,28150.47,13093.64,11.76,Delinquent,Washington,30-03-2020,16-12-2039
504300,11097,Auto Loan,79262.49,61829.2,3.86,Closed,Illinois,15-03-2021,17-02-2026
504301,11548,Auto Loan,89749.45,54097.49,11.74,Closed,New York,21-09-2022,15-08-2029
504302,10428,Equipment Loan,169983.12,77431.83,11.62,Active,Georgia,06-02-2023,24-10-2042
504303,10454,Mortgage,609537.04,437953.06,11.26,Closed,New Jersey,07-12-2024,20-09-2039
504304,10429,Mortgage,600023.02,190056.21,5.43,Active,Illinois,03-10-2024,12-09-2028
504305,12879,Mortgage,705393.43,134051.13,12.15,Fully Paid,New Jersey,23-08-2024,10-05-2044
504306,11990,Mortgage,277086.56,214703.17,5.51,Defaulted,North Carolina,19-09-2024,04-09-2027
504307,11932,Mortgage,160604.28,78322.98,3.85,Delinquent,New York,07-11-2024,25-07-2044
504308,11350,Mortgage,781299.65,305334.77,7.3,Defaulted,Illinois,03-05-2020,14-02-2035
504309,11440,Equipment Loan,271556.25,59752.08,11.38,Delinquent,New Jersey,21-10-2025,03-08-2040
504310,11554,Personal Loan,41542.88,12363.77,10.66,Fully Paid,New York,14-10-2022,09-05-2052
504311,11285,Personal Loan,15167.91,2955.26,8.19,Fully Paid,Pennsylvania,04-11-2023,30-05-2053
504312,10997,Auto Loan,25485.83,12444.09,4.72,Fully Paid,Massachusetts,12-08-2020,21-06-2030
504313,10926,Business Loan,468177.65,184344.72,7.4,Active,Ohio,16-06-2025,10-05-2032
504314,12316,Equipment Loan,35058.21,30076.91,8.86,Defaulted,Georgia,18-12-2023,26-10-2033
504315,10379,Equipment Loan,138442.49,65779.2,10.2,Defaulted,Michigan,18-01-2024,05-10-2043
504316,10206,Mortgage,466681.76,157703.3,5.53,Active,Pennsylvania,07-01-2023,22-12-2025
504317,10543,Business Loan,518703.96,120221.18,3.95,Closed,Massachusetts,03-08-2024,19-07-2027
504318,10806,Mortgage,172974.22,35362.71,6.4,Closed,Pennsylvania,23-08-2023,07-08-2026
504319,11524,Personal Loan,60963.26,43081.31,8.67,Defaulted,Georgia,06-01-2020,23-09-2039
504320,10557,Equipment Loan,35999.89,29377.24,13.47,Active,North Carolina,12-04-2020,29-12-2039
504321,12505,Mortgage,421137.56,242619.28,9.74,Closed,Virginia,09-11-2022,24-10-2025
504322,12507,Mortgage,444325.93,92627.03,11.82,Fully Paid,Washington,15-03-2024,12-02-2030
504323,12457,Mortgage,261196.17,129380.58,11.43,Active,Washington,28-10-2022,15-07-2042
504324,10580,Personal Loan,58329.25,50202.91,12.39,Active,Ohio,30-10-2021,14-10-2024
504325,11183,Business Loan,577608.63,555917.86,3.65,Active,Georgia,26-08-2021,05-08-2025
504326,12918,Equipment Loan,126306.23,86271.44,10.01,Active,Virginia,22-11-2023,04-09-2038
504327,11019,Mortgage,295055.99,239467.68,7.72,Defaulted,California,01-04-2023,11-03-2027
504328,10156,Personal Loan,71910.58,28200.56,13.59,Active,Florida,26-05-2019,03-04-2029
504329,12716,Business Loan,153372.75,95027.81,8.6,Active,Arizona,20-12-2019,04-12-2022
504330,10110,Auto Loan,40056.56,15330.86,4.79,Delinquent,New Jersey,05-11-2021,18-08-2036
504331,10668,Auto Loan,32585.81,15896.69,6.98,Defaulted,Texas,22-05-2020,21-04-2026
504332,10580,Auto Loan,58954.84,26318.34,14.33,Active,Ohio,30-10-2024,26-05-2054
504333,10324,Mortgage,183700.93,30576.38,10.71,Closed,New York,13-07-2020,30-03-2040
504334,10323,Mortgage,603304.43,114526.45,11.19,Active,Washington,17-07-2020,26-05-2030
504335,10705,Auto Loan,18488.2,3644.26,9.15,Closed,Pennsylvania,09-11-2024,25-10-2027
504336,10474,Equipment Loan,49530.7,29598.75,7.02,Active,Illinois,31-05-2022,15-05-2025
504337,10720,Mortgage,473871.21,172019.36,6.17,Delinquent,Pennsylvania,18-05-2022,28-02-2037
504338,11818,Auto Loan,68468.44,58586.67,10.26,Active,Florida,23-01-2023,01-12-2032
504339,13000,Personal Loan,7568.48,1244.76,12.01,Active,Georgia,25-08-2022,09-08-2025
504340,10631,Mortgage,764778.36,527960.15,8.17,Fully Paid,Illinois,23-07-2020,27-06-2025
504341,12353,Personal Loan,45392.04,17255.05,5.49,Active,Georgia,22-10-2021,26-09-2026
504342,12603,Auto Loan,31999.58,10443.93,4.21,Fully Paid,California,08-05-2021,22-04-2024
504343,10411,Personal Loan,42900.96,23055.54,6.51,Fully Paid,Pennsylvania,12-07-2025,26-06-2028
504344,12280,Mortgage,379419.58,185779.8,4.63,Active,Ohio,12-05-2023,05-04-2030
504345,10417,Personal Loan,7371.71,1937.18,3.93,Active,Florida,21-05-2025,15-12-2054
504346,12101,Mortgage,282421.55,145433.07,5.58,Delinquent,Washington,28-08-2025,12-08-2028
504347,10669,Business Loan,584012.82,220731.99,11.75,Defaulted,New York,12-02-2023,22-01-2027
504348,11840,Personal Loan,13074.58,8673.74,11.25,Active,New York,01-09-2021,06-08-2026
504349,11580,Personal Loan,74932.5,18122.86,11.4,Active,Ohio,20-09-2020,20-08-2026
504350,11678,Mortgage,517058.59,203663.56,11.36,Active,New Jersey,18-01-2023,05-10-2042
504351,12239,Equipment Loan,71687.12,16790.66,9.37,Active,Michigan,03-02-2023,18-01-2026
504352,10520,Mortgage,579330.14,409458.2,7.13,Active,California,10-10-2024,25-09-2027
504353,10656,Mortgage,623122.62,472135.64,13.15,Active,Pennsylvania,07-07-2021,31-01-2051
504354,11254,Auto Loan,88852.78,21822.47,8.44,Fully Paid,New York,01-09-2022,31-07-2028
504355,11166,Mortgage,634472.42,296969.27,13.26,Delinquent,Massachusetts,25-02-2022,12-11-2041
504356,10584,Mortgage,338353.85,71021.41,13.25,Active,Virginia,23-10-2024,27-09-2029
504357,10096,Mortgage,256263.29,152272.45,4.01,Fully Paid,Illinois,01-03-2022,23-01-2029
504358,12445,Mortgage,288425.11,110914.6,8.43,Active,Massachusetts,05-06-2022,13-04-2032
504359,12090,Mortgage,324606.84,139614.1,8.75,Delinquent,Massachusetts,29-06-2020,08-05-2030
504360,11806,Business Loan,575622.11,523825.41,9.59,Closed,Pennsylvania,06-01-2019,05-12-2024
504361,12329,Personal Loan,9578.96,2068.57,4.39,Fully Paid,North Carolina,14-04-2024,21-02-2034
504362,10325,Business Loan,214003.24,150564.38,12.67,Closed,California,06-09-2023,10-08-2028
504363,12352,Auto Loan,48377.07,15795.97,5.69,Active,California,16-10-2019,11-05-2049
504364,12286,Business Loan,227848.09,219556.88,14.28,Active,Pennsylvania,16-10-2021,20-09-2026
504365,12682,Equipment Loan,161303.57,127182.9,10.72,Fully Paid,Texas,19-09-2022,03-09-2025
504366,11169,Mortgage,405385.54,201135.74,7.47,Defaulted,Pennsylvania,02-02-2021,29-08-2050
504367,10972,Auto Loan,89952.66,17818.71,6.25,Active,Illinois,13-02-2024,23-01-2028
504368,12881,Business Loan,221552.22,64332.18,13.36,Defaulted,North Carolina,22-05-2019,25-04-2024
504369,11694,Auto Loan,89778.87,66731.05,10.25,Closed,North Carolina,24-03-2019,04-01-2034
504370,10703,Auto Loan,39884.91,21547.78,10.79,Active,Washington,14-10-2021,28-09-2024
504371,12065,Mortgage,400442.33,294216.26,4.23,Closed,Illinois,10-10-2021,19-09-2025
504372,10280,Equipment Loan,273702.37,128158.69,7.26,Active,California,11-11-2019,15-10-2024
504373,11903,Business Loan,389785,368191.92,10.32,Active,Georgia,05-03-2024,07-02-2029
504374,11775,Business Loan,285391.1,61131.17,5.46,Defaulted,Massachusetts,27-03-2024,03-02-2034
504375,12510,Business Loan,393527.76,124089.82,12.94,Active,Michigan,10-04-2022,25-03-2025
504376,12160,Auto Loan,61746.13,12725.11,4.66,Active,Massachusetts,13-02-2021,13-01-2027
504377,11562,Mortgage,411265.44,293945.62,8.33,Fully Paid,New Jersey,19-08-2022,29-07-2026
504378,10596,Personal Loan,46656.93,35829.86,7.43,Active,Texas,31-01-2023,09-12-2032
504379,12693,Equipment Loan,103052.43,95407.93,14.35,Delinquent,North Carolina,22-09-2020,09-06-2040
504380,12729,Mortgage,628203.63,257767.5,6.99,Active,New Jersey,17-04-2023,28-01-2038
504381,12792,Mortgage,720538.64,547007.88,6.73,Closed,Washington,14-11-2019,13-10-2025
504382,12751,Personal Loan,35794.82,14358.9,4.47,Fully Paid,Illinois,03-11-2021,03-10-2027
504383,10051,Business Loan,76299.87,14975.81,13.02,Active,North Carolina,21-02-2020,15-01-2027
504384,10034,Equipment Loan,126709.43,51467.66,12.64,Fully Paid,Florida,01-02-2024,27-08-2053
504385,12442,Equipment Loan,212189.61,48553.93,4.68,Fully Paid,Massachusetts,30-03-2023,10-01-2038
504386,12227,Personal Loan,25235.38,18040.25,4.3,Active,Massachusetts,06-04-2020,13-02-2030
504387,11760,Mortgage,520494.85,167422.87,6.52,Active,Washington,15-11-2023,25-10-2027
504388,11535,Auto Loan,58309.18,37966.33,9.91,Closed,Virginia,18-05-2024,22-04-2029
504389,12421,Mortgage,700141.27,395429.93,7.77,Defaulted,Massachusetts,22-06-2023,06-06-2026
504390,12698,Business Loan,99397.98,74700.83,13.22,Fully Paid,Illinois,01-07-2025,10-06-2029
504391,10627,Mortgage,483925.12,234327.11,13.04,Active,Michigan,03-08-2024,17-05-2039
504392,11429,Mortgage,453943.34,321022.25,8.44,Active,Georgia,30-08-2019,17-05-2039
504393,11603,Equipment Loan,59213.36,32496.29,12.35,Active,Florida,06-08-2025,21-07-2028
504394,10626,Auto Loan,32764.37,8499.01,12.39,Closed,New York,20-05-2024,24-04-2029
504395,11049,Personal Loan,65026.73,52423.3,11.65,Active,New York,08-02-2022,26-10-2041
504396,10755,Mortgage,385880.1,308749.64,7.11,Closed,New York,07-03-2024,15-02-2028
504397,10172,Personal Loan,54069.74,13567.03,4.2,Closed,Michigan,11-10-2023,19-08-2033
504398,10825,Auto Loan,59431.18,57033.04,13.37,Active,Ohio,25-03-2021,17-02-2028
504399,12467,Business Loan,107772.34,88720.97,7.15,Active,Ohio,03-12-2025,27-10-2032
504400,10620,Mortgage,295719.07,138938.61,13.12,Active,Washington,30-07-2021,09-07-2025
504401,12551,Personal Loan,22925.33,5321.75,6.87,Fully Paid,Illinois,22-07-2020,05-05-2035
504402,12930,Business Loan,281483.03,233148.44,11.89,Closed,California,14-10-2024,18-09-2029
504403,11950,Mortgage,335647.85,283312.94,9.14,Active,Arizona,11-07-2023,04-06-2030
504404,11108,Mortgage,511111.04,492651.92,3.85,Closed,Georgia,04-10-2023,18-09-2026
504405,11113,Auto Loan,74326.78,48123.18,7.64,Fully Paid,New York,07-05-2025,01-12-2054
504406,12870,Mortgage,566984.28,318274.2,13.2,Delinquent,Florida,22-07-2019,25-06-2024
504407,12786,Personal Loan,9897.11,5866.27,7.12,Active,New Jersey,28-02-2024,23-09-2053
504408,11898,Auto Loan,44300.59,27127.13,6.62,Active,Texas,28-11-2020,15-08-2040
504409,12143,Equipment Loan,276513.37,131064.42,5.73,Closed,Ohio,06-08-2025,30-06-2032
504410,11995,Mortgage,477901.72,280267.71,3.94,Active,New Jersey,04-09-2021,29-07-2028
504411,10445,Auto Loan,62073.37,32626.82,5.9,Active,Pennsylvania,01-03-2023,13-02-2026
504412,11899,Auto Loan,16723.94,11530.89,7.82,Active,Florida,15-08-2019,23-06-2029
504413,11330,Equipment Loan,187810.43,42445.43,12.98,Active,New York,29-06-2023,23-05-2030
504414,12988,Mortgage,463015.04,288458.12,5.24,Fully Paid,New Jersey,17-06-2022,25-04-2032
504415,12759,Auto Loan,88383.42,69078.13,4.51,Delinquent,Illinois,15-05-2025,29-04-2028
504416,10701,Business Loan,96937.8,37227.11,5.25,Fully Paid,New York,19-02-2020,29-01-2024
504417,10406,Personal Loan,53387.53,30907.66,5.78,Fully Paid,Arizona,04-05-2022,08-04-2027
504418,10139,Personal Loan,8227.89,5008.15,4.56,Active,North Carolina,15-08-2025,20-07-2030
504419,11361,Mortgage,563160.67,504101.61,8.49,Active,Virginia,03-02-2025,19-01-2028
504420,10391,Business Loan,78125.67,11967.02,6.11,Defaulted,Washington,06-06-2024,22-05-2027
504421,12576,Personal Loan,69038.04,30696.91,10.52,Active,Pennsylvania,28-10-2021,02-10-2026
504422,12722,Mortgage,646073.83,221624.13,6.83,Closed,Washington,10-02-2025,15-01-2030
504423,10249,Mortgage,324047.53,257773.64,4.75,Active,Florida,11-09-2021,21-08-2025
504424,12032,Auto Loan,59591.01,43167.76,5.69,Active,Ohio,08-09-2024,03-08-2031
504425,11795,Mortgage,366989.7,67928.5,6.64,Active,Michigan,03-05-2022,13-02-2037
504426,10749,Mortgage,615096.96,348860.14,8.7,Active,Washington,10-03-2021,23-02-2024
504427,12312,Auto Loan,57182.05,33396.24,12.37,Active,North Carolina,14-02-2023,27-11-2037
504428,10761,Personal Loan,9395.09,5062.42,5.1,Closed,Michigan,28-12-2023,21-11-2030
504429,12356,Personal Loan,54064.01,42992.13,4.58,Fully Paid,Washington,06-09-2021,21-08-2024
504430,11612,Auto Loan,42958.78,24046,13.5,Fully Paid,Arizona,27-06-2025,06-06-2029
504431,10733,Auto Loan,65242.11,17738.75,7.89,Delinquent,California,07-12-2020,01-11-2027
504432,12392,Equipment Loan,153694.82,141979.62,9.1,Closed,Texas,05-03-2019,11-01-2029
504433,12054,Business Loan,246353.39,39335.56,8.3,Active,Pennsylvania,27-01-2025,12-01-2028
504434,12121,Business Loan,581718.68,533198.23,5.45,Active,Texas,18-02-2025,18-01-2031
504435,12060,Mortgage,813339.16,442689.26,8.2,Active,Virginia,24-05-2022,17-04-2029
504436,11015,Auto Loan,51267.13,18756.78,8.51,Defaulted,Michigan,27-06-2022,09-04-2037
504437,10940,Auto Loan,18989.4,7612.87,8.67,Active,Michigan,08-06-2019,23-05-2022
504438,10830,Auto Loan,27789.42,20385.61,10.51,Closed,North Carolina,19-11-2021,01-09-2036
504439,11538,Mortgage,331320.87,238379.58,5.97,Delinquent,North Carolina,12-05-2023,10-04-2029
504440,11631,Auto Loan,82039.01,28685.5,11.37,Fully Paid,Illinois,06-11-2019,21-10-2022
504441,12944,Personal Loan,9754.56,6214.69,6.87,Active,Florida,24-09-2021,24-08-2027
504442,12356,Auto Loan,71387.17,45726.61,7.59,Active,Washington,28-05-2020,13-02-2040
504443,11315,Personal Loan,50877.16,37275.22,9.1,Active,Ohio,24-03-2019,03-03-2023
504444,10668,Mortgage,253040.3,128070.42,7.75,Active,Texas,28-02-2021,15-11-2040
504445,11502,Personal Loan,48722.51,18589.77,13.02,Active,Ohio,15-12-2023,18-11-2028
504446,11782,Mortgage,467224.38,399303.2,12.24,Active,Pennsylvania,15-02-2022,25-12-2031
504447,11123,Business Loan,519091.27,183251.24,11.65,Active,Ohio,26-08-2019,04-07-2029
504448,11564,Auto Loan,27824.48,10939.79,4.02,Active,Ohio,02-04-2022,09-02-2032
504449,11054,Personal Loan,15529.98,10923.47,5.63,Active,Ohio,28-08-2021,07-08-2025
504450,10636,Auto Loan,35208.16,6813.5,13.03,Fully Paid,Massachusetts,26-02-2021,13-11-2040
504451,10180,Personal Loan,13367.36,11718.76,7.88,Active,Michigan,10-06-2020,15-05-2025
504452,12088,Mortgage,450885.48,283466.95,9.08,Active,North Carolina,15-03-2022,27-02-2025
504453,11499,Business Loan,385199.79,121456.61,7.97,Active,California,30-10-2022,25-05-2052
504454,11250,Mortgage,317987.69,214131.23,5.91,Active,Georgia,04-08-2024,04-07-2030
504455,11236,Personal Loan,24711.22,5889.89,9.06,Fully Paid,Texas,14-10-2022,09-05-2052
504456,12891,Business Loan,138233.88,42609.13,4.15,Defaulted,Arizona,14-10-2022,09-05-2052
504457,12987,Personal Loan,32078.64,19405.56,11.6,Fully Paid,Illinois,14-07-2019,22-05-2029
504458,11804,Equipment Loan,177516.93,93077.9,7.58,Fully Paid,Pennsylvania,16-02-2025,16-01-2031
504459,10600,Business Loan,230943.49,169346.85,6.9,Active,New Jersey,11-09-2019,24-06-2034
504460,10234,Equipment Loan,193362.37,145575.82,14.09,Fully Paid,Illinois,26-03-2023,28-02-2028
504461,10703,Personal Loan,61405.26,24495.75,10.56,Defaulted,Washington,15-07-2023,01-04-2043
504462,11798,Auto Loan,87086.85,84683,12.38,Fully Paid,Arizona,27-01-2021,27-12-2026
504463,11223,Mortgage,290808.51,151439.75,8.88,Delinquent,North Carolina,28-10-2020,13-10-2023
504464,11788,Auto Loan,40376.76,34192.67,9.23,Defaulted,Virginia,07-03-2019,13-01-2029
504465,10633,Personal Loan,53193.82,10089.49,4.34,Active,Pennsylvania,21-04-2021,02-02-2036
504466,12814,Mortgage,491113.23,379160.15,6.52,Fully Paid,New Jersey,03-04-2020,15-01-2035
504467,10081,Equipment Loan,130918.93,35239.9,13.49,Delinquent,Michigan,15-12-2021,29-11-2024
504468,11240,Business Loan,561885.6,460707.02,12.95,Active,Pennsylvania,27-04-2025,06-03-2035
504469,12075,Auto Loan,68486.29,56425.88,8.94,Active,California,17-01-2020,12-08-2049
504470,11920,Mortgage,473892.66,454869.7,7.36,Active,Illinois,20-09-2024,30-08-2028
504471,11483,Personal Loan,69214.84,51983.01,12.38,Closed,New York,25-03-2024,19-10-2053
504472,12036,Personal Loan,73873.73,71399.64,10.13,Active,New York,07-08-2019,06-07-2025
504473,10787,Business Loan,316914.77,237676.53,3.52,Active,Washington,13-02-2024,08-09-2053
504474,10846,Mortgage,575248.16,308715.29,10.4,Defaulted,Pennsylvania,30-08-2020,09-08-2024
504475,12642,Business Loan,475270.6,239726.22,3.75,Active,Ohio,25-10-2023,20-05-2053
504476,10228,Equipment Loan,198607.06,49828.95,13.58,Fully Paid,Virginia,15-03-2024,27-12-2038
504477,10875,Business Loan,419257.59,205975.24,13.27,Active,Florida,01-08-2022,25-06-2029
504478,12231,Auto Loan,41469.93,34072.35,5.59,Delinquent,Michigan,15-07-2024,28-04-2039
504479,12188,Business Loan,267674.27,190070.47,12.07,Fully Paid,New Jersey,06-09-2021,11-08-2026
504480,12989,Personal Loan,50035.76,8691.33,7.92,Fully Paid,North Carolina,10-03-2019,16-01-2029
504481,10231,Business Loan,206084.09,144062.69,5.58,Active,Michigan,17-01-2020,04-10-2039
504482,10100,Auto Loan,56268.95,16623.33,12.27,Fully Paid,Georgia,18-02-2025,14-09-2054
504483,10572,Mortgage,656999.75,325729.14,13.3,Fully Paid,Massachusetts,24-11-2021,03-11-2025
504484,12267,Equipment Loan,69424.55,20820.95,8.33,Fully Paid,New York,18-11-2022,17-10-2028
504485,10383,Mortgage,542811.91,331856,12.24,Active,New York,29-09-2019,07-08-2029
504486,12345,Mortgage,845643.88,777863.2,7.06,Fully Paid,Ohio,14-10-2019,23-09-2023
504487,11386,Business Loan,319149.19,238284.25,6.2,Active,Pennsylvania,01-10-2022,30-08-2028
504488,11219,Auto Loan,54756.69,11326.5,12.59,Active,California,23-08-2021,10-05-2041
504489,11989,Equipment Loan,250518.76,242641.71,8.96,Defaulted,Washington,18-02-2023,17-01-2029
504490,12598,Mortgage,715655.5,278728.65,11.17,Active,New Jersey,09-09-2025,05-04-2055
504491,12410,Auto Loan,70370.36,67429.06,11.71,Active,Florida,14-11-2023,09-06-2053
504492,10076,Auto Loan,56933.56,21519.45,5.65,Fully Paid,Ohio,24-05-2020,18-04-2027
504493,10398,Mortgage,371552.3,215970.08,11.03,Fully Paid,Illinois,09-02-2023,03-01-2030
504494,12369,Equipment Loan,287570,261727.67,6.95,Active,California,14-12-2025,28-11-2028
504495,11367,Mortgage,597505.78,350026.81,3.99,Fully Paid,Massachusetts,09-10-2024,24-09-2027
504496,10789,Auto Loan,21739.37,3765.96,5.95,Closed,Georgia,25-06-2024,08-04-2039
504497,10224,Personal Loan,13266.51,12249.9,8.27,Active,Washington,15-02-2025,11-09-2054
504498,10485,Mortgage,741862.09,242453.67,12.45,Closed,New York,04-09-2020,22-05-2040
504499,11806,Equipment Loan,89959.78,39095.29,6.53,Delinquent,Pennsylvania,15-09-2024,02-06-2044
504500,11753,Auto Loan,60815.49,52888.88,13.83,Delinquent,Michigan,19-11-2020,15-06-2050
504501,11530,Personal Loan,31001.14,22930.49,9.41,Active,Texas,05-10-2023,19-09-2026
504502,12553,Personal Loan,37911.05,7497.94,9.6,Fully Paid,North Carolina,22-06-2022,04-04-2037
504503,10650,Mortgage,306801.18,276267.24,5.19,Active,New Jersey,04-11-2019,28-09-2026
504504,12288,Auto Loan,73777.92,42167.31,5.47,Active,Virginia,28-03-2024,13-03-2027
504505,10919,Business Loan,123816.05,93063.88,8.98,Active,California,18-09-2020,28-08-2024
504506,12710,Business Loan,464637.35,283296.01,12.53,Fully Paid,New Jersey,06-06-2023,16-05-2027
504507,12599,Mortgage,387247.4,225575.51,11.65,Fully Paid,New Jersey,06-02-2021,16-12-2030
504508,12403,Business Loan,65024.27,31882.29,9.57,Closed,Michigan,22-07-2021,15-02-2051
504509,12404,Auto Loan,54762.1,24776.4,5.03,Active,Illinois,20-02-2019,19-01-2025
504510,10235,Equipment Loan,67380.93,14470.31,8.94,Fully Paid,Arizona,28-03-2020,13-03-2023
504511,12580,Business Loan,50893.69,39455.18,11.19,Delinquent,Arizona,22-11-2024,18-06-2054
504512,11857,Mortgage,796732.63,282684.89,9.88,Active,Texas,03-02-2024,12-12-2033
504513,11640,Business Loan,308315.72,90384.69,13.36,Fully Paid,North Carolina,27-12-2021,11-12-2024
504514,12772,Personal Loan,12510.36,6618.95,12.21,Delinquent,Washington,29-09-2023,08-09-2027
504515,12984,Business Loan,73970.36,32638.8,11.1,Active,California,28-05-2023,05-04-2033
504516,12640,Business Loan,264752.49,69363.2,6.36,Active,Texas,09-07-2023,01-02-2053
504517,12763,Mortgage,207049.34,35908.36,9.44,Active,Virginia,24-10-2019,19-05-2049
504518,12720,Mortgage,260782.86,134158.51,13.88,Active,Arizona,21-10-2022,08-07-2042
504519,10534,Auto Loan,19515.2,12553.99,12.29,Delinquent,Illinois,01-04-2019,12-01-2034
504520,12353,Auto Loan,22251.7,15037.74,3.55,Active,Georgia,06-04-2023,16-03-2027
504521,10871,Business Loan,196841.95,78934.76,8.68,Closed,Michigan,27-06-2019,11-06-2022
504522,10022,Equipment Loan,85171.66,19120.78,11.23,Closed,Texas,09-09-2022,27-05-2042
504523,11500,Business Loan,160319.18,79561.14,3.63,Active,Illinois,17-09-2019,21-08-2024
504524,10625,Auto Loan,22542.91,14780.27,5.58,Fully Paid,Pennsylvania,08-05-2020,02-12-2049
504525,12191,Mortgage,556201.65,533214.98,5.07,Fully Paid,Michigan,12-08-2020,29-04-2040
504526,12955,Auto Loan,67520.88,26592.38,11.42,Active,Ohio,29-04-2020,08-04-2024
504527,10917,Auto Loan,16937.68,6682.86,11.4,Fully Paid,New York,24-10-2019,17-09-2026
504528,11112,Equipment Loan,195031.6,85647.8,4.33,Active,Illinois,09-10-2021,13-09-2026
504529,11987,Business Loan,488270.6,226897.74,4.5,Active,Georgia,19-01-2023,06-10-2042
504530,11000,Mortgage,784827.75,426168.42,6.43,Active,North Carolina,03-12-2022,15-09-2037
504531,10195,Business Loan,190734.19,139212.43,9.34,Fully Paid,Florida,08-04-2025,08-03-2031
504532,12524,Business Loan,536643.43,369713.18,12.39,Active,Texas,08-05-2019,01-12-2048
504533,11743,Personal Loan,23231.67,15886.54,11.36,Fully Paid,Ohio,29-12-2023,06-11-2033
504534,12813,Auto Loan,69600.3,51012.61,10.78,Active,Pennsylvania,16-07-2023,19-06-2028
504535,12343,Equipment Loan,264365.71,71763.27,10.27,Active,Georgia,21-05-2020,30-03-2030
504536,10277,Mortgage,499946.09,262644.18,12.34,Active,Virginia,20-12-2019,18-11-2025
504537,10743,Auto Loan,36655.27,20014.78,9.77,Closed,Pennsylvania,28-10-2022,21-09-2029
504538,10753,Business Loan,88823.76,47641.09,3.62,Active,Pennsylvania,11-10-2020,05-09-2027
504539,12112,Mortgage,528367.1,170428.17,3.79,Active,New York,02-02-2023,27-12-2029
504540,12756,Business Loan,414793.96,402828.8,10.26,Active,New Jersey,21-03-2023,14-10-2052
504541,10177,Personal Loan,39207.73,26712.25,8.69,Active,Massachusetts,14-06-2022,27-03-2037
504542,11660,Mortgage,583938.61,373952.09,11.84,Active,Florida,10-05-2024,04-12-2053
504543,11456,Mortgage,444993.33,201965.93,7.14,Active,Virginia,07-05-2022,16-04-2026
504544,12390,Business Loan,113294.12,50074.31,3.76,Active,North Carolina,02-04-2019,06-03-2024
504545,10808,Business Loan,96023.52,45873.91,9.84,Active,New York,30-08-2020,09-08-2024
504546,11198,Equipment Loan,163186.72,137103.79,9.7,Fully Paid,Texas,04-12-2024,13-10-2034
504547,12313,Personal Loan,38301.65,14038.43,5.44,Active,Virginia,05-07-2022,19-06-2025
504548,12087,Auto Loan,71324.86,22280.85,14.08,Closed,New Jersey,30-10-2022,28-09-2028
504549,10342,Business Loan,149473.77,144543.67,10.56,Active,Illinois,03-04-2019,13-03-2023
504550,11748,Mortgage,298807.88,118759.74,9.55,Active,Ohio,04-02-2022,22-10-2041
504551,11351,Auto Loan,85012.54,35332.19,7.38,Active,Pennsylvania,09-04-2023,13-03-2028
504552,11623,Auto Loan,18139.22,5166.36,9.28,Active,Illinois,07-01-2023,15-11-2032
504553,10679,Business Loan,260924.02,133699.19,11.86,Active,Arizona,26-07-2024,20-06-2031
504554,12453,Mortgage,404901.38,242523.63,9.06,Active,Washington,15-06-2025,25-05-2029
504555,10920,Mortgage,288025.33,167365.04,11.22,Active,North Carolina,16-11-2023,26-10-2027
504556,10312,Personal Loan,28263.82,24929.64,11.01,Active,Pennsylvania,05-11-2022,15-10-2026
504557,12251,Personal Loan,55447.43,26125.65,4.15,Active,New Jersey,10-07-2023,19-06-2027
504558,10995,Equipment Loan,251469.8,210874,12.95,Fully Paid,Ohio,20-09-2022,04-09-2025
504559,11343,Auto Loan,39237.27,31881.38,10.28,Fully Paid,California,18-03-2020,25-01-2030
504560,12741,Auto Loan,31264.92,9578.24,12.16,Fully Paid,Texas,29-06-2020,29-05-2026
504561,10359,Business Loan,344075.69,148299.09,10.05,Closed,Pennsylvania,09-02-2019,03-01-2026
504562,10200,Mortgage,777042.67,514949.38,12.39,Active,Arizona,22-02-2019,05-12-2033
504563,11310,Equipment Loan,62883.69,24860.8,6.42,Fully Paid,Illinois,28-12-2021,06-11-2031
504564,12352,Business Loan,249846.25,238054.29,5.93,Active,California,14-05-2019,12-04-2025
504565,11955,Mortgage,186154.67,31539.31,10.72,Closed,New Jersey,17-04-2022,28-01-2037
504566,10591,Auto Loan,81784.01,78948.79,6.6,Active,Arizona,27-07-2020,05-06-2030
504567,10219,Auto Loan,83504.41,30706.86,4.86,Active,Pennsylvania,30-07-2020,15-07-2023
504568,10456,Business Loan,481630.51,168000.53,3.91,Active,Illinois,24-10-2023,17-09-2030
504569,10353,Mortgage,523774.81,318158.3,9.58,Fully Paid,Washington,17-03-2024,02-03-2027
504570,12132,Auto Loan,29362.42,25544.21,8.03,Closed,Georgia,08-08-2021,04-03-2051
504571,11411,Auto Loan,78580.78,39636.88,4.92,Active,Texas,18-03-2025,25-01-2035
504572,11037,Personal Loan,74792.06,20555.3,7,Fully Paid,California,03-12-2023,20-08-2043
504573,12068,Mortgage,540023.34,115715.67,13.76,Active,New York,10-05-2021,25-01-2041
504574,11555,Mortgage,598063.28,353265.85,10.7,Closed,Virginia,10-09-2019,09-08-2025
504575,12368,Personal Loan,29934.89,17758.8,8.79,Closed,New York,21-11-2022,03-09-2037
504576,10063,Auto Loan,54253.05,38044.16,11.17,Active,Michigan,11-04-2021,11-03-2027
504577,12325,Business Loan,386977.86,139456.51,13.11,Active,Washington,09-04-2021,25-12-2040
504578,11003,Auto Loan,24711.88,20240.28,9.37,Delinquent,Illinois,29-06-2020,12-04-2035
504579,11423,Mortgage,582429.68,286829.6,11.28,Active,Arizona,14-06-2022,01-03-2042
504580,10692,Auto Loan,32048.59,18521.37,9.81,Closed,Michigan,25-12-2025,11-09-2045
504581,11432,Mortgage,469526.04,402611.91,4.57,Active,New Jersey,24-03-2024,16-02-2031
504582,10245,Personal Loan,61300.24,17419.33,7.43,Active,New York,30-10-2024,29-09-2030
504583,11871,Business Loan,488681.2,187845.38,8.36,Active,Illinois,21-08-2025,03-06-2040
504584,12298,Auto Loan,55098.13,11585.72,6.92,Fully Paid,Massachusetts,22-08-2020,22-07-2026
504585,11554,Business Loan,123004.35,58276.66,7.24,Active,New York,18-04-2025,03-01-2045
504586,10799,Personal Loan,25119.24,23646.72,3.86,Active,Virginia,30-04-2019,15-01-2039
504587,11355,Mortgage,536441.42,258849.9,3.7,Fully Paid,Florida,19-11-2025,28-09-2035
504588,11541,Mortgage,378137.26,181798.3,12.4,Active,Virginia,27-05-2025,11-02-2045
504589,11955,Equipment Loan,222878.72,93340.29,8.63,Active,New Jersey,07-04-2020,07-03-2026
504590,12210,Mortgage,199120.68,37682.1,4.99,Delinquent,Pennsylvania,06-01-2021,23-09-2040
504591,12711,Business Loan,456801.05,99721.54,5.39,Fully Paid,Ohio,05-09-2019,30-07-2026
504592,11586,Business Loan,492764.08,322322.01,6.94,Active,Illinois,14-04-2020,30-03-2023
504593,12931,Business Loan,562638.69,116970.9,10.95,Closed,Pennsylvania,23-12-2023,02-12-2027
504594,10820,Business Loan,360419.48,180751.52,6.94,Defaulted,Florida,02-02-2019,11-12-2028
504595,11072,Personal Loan,19145.92,5585.25,11.01,Active,Illinois,16-11-2019,10-10-2026
504596,11414,Mortgage,534107.95,239389.62,11.38,Active,New York,06-10-2022,23-06-2042
504597,11851,Mortgage,159446.67,142551.71,9.04,Active,Illinois,21-09-2019,20-08-2025
504598,11916,Personal Loan,20461.05,18771.79,4.02,Closed,New York,14-12-2019,12-11-2025
504599,11728,Business Loan,323715.29,130665.03,14.23,Active,Pennsylvania,05-02-2025,21-01-2028
504600,10560,Equipment Loan,208863.24,134231.19,7.87,Delinquent,Ohio,29-05-2024,14-02-2044
504601,10177,Auto Loan,35940.99,6906.76,14.27,Closed,Massachusetts,28-01-2022,28-12-2027
504602,10110,Mortgage,690316.49,478035.84,5.09,Fully Paid,New Jersey,25-01-2021,20-12-2027
504603,11047,Business Loan,505181.18,212661.72,6.67,Fully Paid,Georgia,10-02-2023,15-01-2028
504604,12866,Mortgage,739972.7,573668.5,6.07,Delinquent,New Jersey,17-10-2022,04-07-2042
504605,11296,Business Loan,461872.31,244131.4,7.51,Active,Michigan,07-02-2019,25-10-2038
504606,12242,Personal Loan,21467.8,19015.98,5.64,Active,Ohio,30-12-2021,16-09-2041
504607,12868,Business Loan,476548.76,403971.81,12.1,Active,Virginia,04-01-2024,12-11-2033
504608,10074,Personal Loan,53376.28,26586.04,7.32,Active,Washington,12-01-2025,28-12-2027
504609,10281,Equipment Loan,196666.8,50962.81,11.7,Closed,Ohio,29-06-2025,08-06-2029
504610,12951,Mortgage,517415.97,147025.54,8.02,Active,Illinois,31-10-2019,04-10-2024
504611,10487,Personal Loan,46869.91,37366.75,3.65,Fully Paid,New York,30-03-2022,06-02-2032
504612,11750,Mortgage,298258.42,271548.34,12.64,Fully Paid,Pennsylvania,29-11-2023,13-11-2026
504613,11186,Auto Loan,34817.31,30619.3,7.23,Defaulted,Virginia,10-12-2019,22-09-2034
504614,11580,Personal Loan,44838.82,43266.91,10.97,Delinquent,Ohio,27-05-2025,26-04-2031
504615,11419,Personal Loan,64784.39,12680.48,14.35,Active,New Jersey,16-03-2022,10-10-2051
504616,10406,Personal Loan,74490.05,45970.91,14.12,Fully Paid,Arizona,03-04-2025,28-10-2054
504617,11779,Auto Loan,48060.06,18026.95,8.65,Delinquent,Ohio,23-11-2020,28-10-2025
504618,10607,Personal Loan,26373.7,10591.98,4.22,Active,Michigan,22-10-2019,15-09-2026
504619,10993,Equipment Loan,292216.19,140039.03,12.81,Fully Paid,Texas,23-05-2021,27-04-2026
504620,12274,Auto Loan,34103.17,29683.63,12.64,Closed,North Carolina,28-07-2025,14-04-2045
504621,10420,Mortgage,626979.27,613977.2,8,Active,New York,19-01-2022,13-12-2028
504622,10537,Auto Loan,28176.56,14725.15,10.34,Active,New Jersey,22-10-2022,09-07-2042
504623,12460,Mortgage,663423.28,333656.19,13.48,Closed,Virginia,30-01-2025,04-01-2030
504624,10188,Mortgage,231687.99,217342.03,11.89,Fully Paid,Arizona,24-11-2023,19-06-2053
504625,12627,Auto Loan,74112.64,72523.64,4.08,Active,Georgia,25-07-2024,08-05-2039
504626,11319,Personal Loan,65622.26,12536.28,14.01,Active,Michigan,13-04-2022,07-03-2029
504627,10283,Personal Loan,50310,45306.37,12.32,Active,New York,20-05-2023,23-04-2028
504628,12051,Business Loan,111834.82,63315.33,7.86,Closed,Georgia,09-12-2019,18-11-2023
504629,12753,Mortgage,382128.23,294763.07,7.63,Active,Florida,01-06-2022,26-12-2051
504630,11552,Mortgage,323213.71,305824.35,11.25,Active,Pennsylvania,08-12-2021,22-11-2024
504631,10723,Auto Loan,64574.07,43473.47,11.51,Active,North Carolina,15-12-2020,24-11-2024
504632,12707,Auto Loan,62768.84,11462.12,5.21,Active,New Jersey,22-07-2020,21-06-2026
504633,12331,Mortgage,467640.37,442899.24,12.26,Active,Florida,11-12-2023,20-11-2027
504634,11919,Auto Loan,19112.52,4734.99,11.63,Defaulted,Georgia,06-02-2024,10-01-2029
504635,11582,Equipment Loan,122243.42,76506.41,4.91,Active,New York,07-09-2025,07-08-2031
504636,12502,Personal Loan,36009.97,32698.36,5.01,Closed,Georgia,11-07-2022,15-06-2027
504637,10751,Equipment Loan,220550.08,142432.74,6.29,Delinquent,Georgia,30-10-2019,23-09-2026
504638,12835,Auto Loan,20027.75,7788.85,8.88,Defaulted,North Carolina,29-06-2021,03-06-2026
504639,11104,Auto Loan,30117.65,11606.74,3.79,Closed,Washington,07-10-2019,05-09-2025
504640,12869,Business Loan,414115.71,352236.47,10.45,Fully Paid,Georgia,07-11-2019,25-07-2039
504641,11619,Business Loan,322179.72,153115.54,6.04,Active,North Carolina,07-05-2019,17-02-2034
504642,12362,Mortgage,830060.65,417749.41,11.28,Active,California,14-06-2019,22-04-2029
504643,12925,Personal Loan,45863.44,18953.32,12.35,Active,New York,25-07-2023,18-06-2030
504644,11610,Personal Loan,22134.23,17857.48,12.06,Fully Paid,New York,26-09-2024,10-07-2039
504645,12689,Mortgage,246022.98,195375.46,5.11,Delinquent,Arizona,10-11-2023,23-08-2038
504646,11358,Auto Loan,63925.65,24497.5,12.42,Defaulted,Illinois,12-12-2024,21-11-2028
504647,12794,Auto Loan,48115.9,37318.58,10.71,Active,Florida,01-10-2019,25-08-2026
504648,12517,Business Loan,206663.51,107091.69,12.77,Active,California,17-08-2024,13-03-2054
504649,11072,Mortgage,802497.67,187599.75,14.18,Fully Paid,Illinois,23-09-2025,06-07-2040
504650,11792,Mortgage,194848.81,105231.41,9,Active,Washington,06-06-2020,20-03-2035
504651,12807,Auto Loan,80766.49,54485.54,13.63,Active,New Jersey,09-03-2025,21-12-2039
504652,12970,Mortgage,253685.38,224326.2,8.49,Active,Washington,14-08-2021,19-07-2026
504653,11778,Personal Loan,5044.29,1851.24,6.66,Delinquent,Illinois,27-03-2020,03-02-2030
504654,10688,Personal Loan,66655.93,34362.4,5.12,Defaulted,Virginia,04-01-2019,14-12-2022
504655,10035,Auto Loan,81425.25,50750.28,3.71,Defaulted,New Jersey,05-07-2024,22-03-2044
504656,10391,Auto Loan,16331.22,7136.3,14.11,Delinquent,Washington,05-04-2019,29-10-2048
504657,12821,Mortgage,416692.59,344709.04,14.23,Defaulted,Florida,14-02-2020,23-12-2029
504658,11062,Equipment Loan,231541.45,72508.16,4.45,Active,New Jersey,17-03-2024,03-12-2043
504659,12362,Personal Loan,6460.35,4855.83,11.33,Active,California,19-11-2020,02-09-2035
504660,11845,Auto Loan,81633.41,66255.49,10.05,Active,New Jersey,18-03-2024,20-02-2029
504661,12056,Auto Loan,19867.22,13985.14,8.41,Active,Georgia,20-06-2025,20-05-2031
504662,11005,Personal Loan,36739.14,7209.77,13.62,Delinquent,Texas,05-04-2019,21-12-2038
504663,11854,Auto Loan,37787.44,6870.52,3.73,Fully Paid,North Carolina,15-10-2019,18-09-2024
504664,12434,Business Loan,59776.38,20050.96,10.59,Active,Washington,03-11-2022,02-10-2028
504665,10767,Personal Loan,67847.62,62308.44,13.11,Active,North Carolina,02-01-2024,12-12-2027
504666,12169,Personal Loan,11477.72,7631.51,8.38,Active,New York,25-01-2022,21-08-2051
504667,12605,Mortgage,536154.49,367879.87,5.16,Delinquent,North Carolina,20-06-2020,07-03-2040
504668,12420,Personal Loan,43516.69,24556.17,7.48,Active,Pennsylvania,12-04-2025,19-02-2035
504669,11205,Auto Loan,44671.72,28427.54,11.32,Delinquent,Arizona,14-09-2025,27-06-2040
504670,11969,Mortgage,634218.81,343852.89,4.96,Active,Washington,02-08-2025,19-04-2045
504671,11371,Auto Loan,29210.93,7656.77,7.18,Active,Arizona,20-09-2021,25-08-2026
504672,12422,Auto Loan,38421.85,13805.51,12.82,Active,Georgia,02-01-2021,19-09-2040
504673,12449,Mortgage,498065.71,486832.01,11.2,Active,California,19-03-2019,04-12-2038
504674,12552,Equipment Loan,153819.98,120918.27,11.97,Active,Arizona,13-07-2024,22-06-2028
504675,11559,Equipment Loan,102435.5,43209.04,9.87,Fully Paid,North Carolina,29-01-2022,03-01-2027
504676,10510,Business Loan,590194.51,257707.51,5.1,Active,Pennsylvania,19-12-2019,28-11-2023
504677,11413,Personal Loan,24537.59,14704.19,13.26,Defaulted,Florida,26-11-2024,05-10-2034
504678,11030,Business Loan,53502.01,41792.3,4.41,Active,Michigan,09-10-2025,18-08-2035
504679,12188,Auto Loan,39730.14,28391.04,12.6,Fully Paid,New Jersey,24-06-2019,02-05-2029
504680,11530,Mortgage,386741.57,68062.83,13.82,Active,Texas,23-03-2020,25-02-2025
504681,10510,Business Loan,562167.9,452366.31,13.41,Active,Pennsylvania,17-02-2024,04-11-2043
504682,10012,Auto Loan,28691.96,20078.09,14.04,Active,Ohio,28-04-2021,09-02-2036
504683,11862,Personal Loan,45857.11,27391.65,11.59,Delinquent,New York,25-02-2025,04-02-2029
504684,12260,Equipment Loan,40672.3,7969.06,13.64,Active,Florida,19-06-2021,06-03-2041
504685,10817,Mortgage,366463.74,171271.7,12.42,Active,Massachusetts,29-12-2023,22-11-2030
504686,12193,Auto Loan,42618.79,28870.33,9.75,Active,New York,29-09-2021,13-09-2024
504687,10475,Auto Loan,19034.49,7242.74,7.52,Active,Arizona,14-10-2025,01-07-2045
504688,10653,Auto Loan,29731.25,19336.26,11.02,Active,Pennsylvania,24-02-2020,28-01-2025
504689,10211,Auto Loan,72915.65,27999.9,9.13,Fully Paid,Pennsylvania,10-02-2023,19-12-2032
504690,12225,Auto Loan,60905.68,51464.23,7.23,Active,Arizona,20-02-2019,29-12-2028
504691,12429,Equipment Loan,38442.28,10000.92,6.47,Fully Paid,Pennsylvania,16-08-2025,31-07-2028
504692,10429,Business Loan,52086.14,12763.46,9.05,Closed,Illinois,26-05-2019,29-04-2024
504693,10367,Auto Loan,48013.3,24731.89,8.93,Active,Texas,13-11-2024,09-06-2054
504694,12358,Personal Loan,22672.28,16131.56,4.34,Fully Paid,California,02-03-2024,04-02-2029
504695,11451,Mortgage,826309.76,599097.28,9.03,Active,New York,23-06-2019,22-05-2025
504696,10259,Business Loan,325810.48,216082.15,6.39,Fully Paid,Georgia,10-10-2020,19-08-2030
504697,10974,Business Loan,298149.5,89107.93,10.88,Active,Massachusetts,23-06-2019,01-05-2029
504698,10149,Auto Loan,64663.47,10450.64,5.92,Active,Ohio,26-12-2021,19-11-2028
504699,12493,Mortgage,293181.59,146302.25,8.86,Defaulted,Texas,10-06-2025,20-05-2029
504700,12039,Mortgage,561285.4,111069.8,4.37,Active,Arizona,30-05-2019,09-05-2023
504701,10312,Mortgage,847319.29,283110.83,9.77,Closed,Pennsylvania,29-01-2021,29-12-2026
504702,11679,Equipment Loan,250629.85,109308.65,6.12,Active,Washington,22-02-2022,06-02-2025
504703,11273,Personal Loan,64416.07,30561.05,12.86,Delinquent,Virginia,20-03-2023,31-12-2037
504704,10175,Personal Loan,11226.93,6235.89,10.29,Active,Virginia,30-06-2024,17-03-2044
504705,10253,Personal Loan,22197.29,18163.43,8.19,Active,Texas,15-06-2025,09-05-2032
504706,12248,Personal Loan,31432.78,8871.63,12.22,Active,Georgia,24-07-2022,17-02-2052
504707,12728,Business Loan,277620.67,146374.95,12.07,Active,Washington,23-09-2025,06-07-2040
504708,10412,Mortgage,281463.28,248453.15,10.95,Delinquent,North Carolina,08-09-2022,17-07-2032
504709,10224,Mortgage,630782.17,249453.93,4.48,Active,Washington,23-06-2021,02-06-2025
504710,10915,Mortgage,260407.31,90364.97,5.34,Active,California,02-01-2022,11-11-2031
504711,11887,Personal Loan,26610.53,25487.73,8.25,Active,Texas,16-03-2019,23-02-2023
504712,10705,Auto Loan,16349.65,11348.25,5.32,Delinquent,Pennsylvania,11-01-2021,11-12-2026
504713,10287,Personal Loan,17931.81,10989.17,4.09,Delinquent,North Carolina,10-01-2025,26-12-2027
504714,10481,Mortgage,794178.89,288706.05,11.23,Active,Pennsylvania,12-02-2024,21-12-2033
504715,11295,Personal Loan,8167.36,6922.47,14.25,Active,Texas,30-12-2023,09-12-2027
504716,11328,Mortgage,683835.21,361372.71,4.56,Fully Paid,Massachusetts,02-11-2024,11-09-2034
504717,10013,Mortgage,720490.76,293111.6,10.74,Active,North Carolina,04-06-2019,19-05-2022
504718,10675,Auto Loan,64588.04,37628.58,12.29,Fully Paid,Ohio,27-12-2020,01-12-2025
504719,12386,Auto Loan,63393.56,48076.49,10.29,Defaulted,Washington,14-06-2025,19-05-2030
504720,12018,Mortgage,320741.78,219340.26,11.41,Closed,New York,17-03-2023,23-01-2033
504721,10049,Business Loan,576113.79,472697.61,12.21,Active,Arizona,28-10-2021,02-10-2026
504722,11228,Personal Loan,65537.89,41708.4,9.21,Fully Paid,New York,15-06-2025,02-03-2045
504723,12109,Personal Loan,48521.28,8561.87,14.14,Active,Washington,14-06-2025,19-05-2030
504724,12625,Mortgage,288814.41,167264.24,7.18,Active,Texas,29-04-2024,10-02-2039
504725,10473,Business Loan,190173.44,165811.46,12.32,Defaulted,Washington,09-01-2025,04-12-2031
504726,12087,Auto Loan,53692.04,41845.2,5.57,Fully Paid,New Jersey,31-05-2021,13-03-2036
504727,12283,Business Loan,106121.08,87844.5,9.07,Active,Ohio,10-06-2021,04-05-2028
504728,11639,Mortgage,562482.83,184818.81,6,Active,New Jersey,05-12-2023,08-11-2028
504729,12392,Auto Loan,54189.52,36681.39,13.47,Active,Texas,28-09-2019,12-09-2022
504730,10369,Mortgage,275339.66,63645.02,9.71,Fully Paid,New Jersey,17-08-2019,30-05-2034
504731,12191,Auto Loan,38189.53,25091.88,8.64,Defaulted,Michigan,02-12-2020,28-06-2050
504732,11226,Mortgage,671437.34,115654.64,14.37,Active,Arizona,18-09-2025,28-07-2035
504733,12457,Mortgage,333512.1,292957.41,13.02,Active,Washington,09-07-2023,23-06-2026
504734,11357,Auto Loan,64019.74,32012.48,4.2,Active,North Carolina,12-06-2020,21-04-2030
504735,11434,Equipment Loan,80229.93,43817.46,3.82,Active,Michigan,27-05-2025,21-12-2054
504736,12098,Business Loan,494925.1,428473.32,11.39,Defaulted,Ohio,19-11-2020,04-11-2023
504737,10657,Business Loan,81774.65,64072.63,10.48,Closed,Washington,17-01-2020,01-01-2023
504738,11273,Equipment Loan,211055.2,157523.72,4.11,Delinquent,Virginia,12-08-2020,07-07-2027
504739,11286,Personal Loan,70798.58,32653.14,13.83,Fully Paid,Florida,20-02-2022,07-11-2041
504740,10189,Personal Loan,24785.65,23951.26,4.26,Active,Arizona,25-05-2019,18-04-2026
504741,11357,Mortgage,408114.77,134615.64,5.74,Active,North Carolina,04-08-2024,28-02-2054
504742,12915,Auto Loan,35559.8,23220.96,8.98,Active,Virginia,06-05-2024,10-04-2029
504743,11980,Auto Loan,39328.13,13090.85,11.81,Active,Washington,10-08-2021,19-06-2031
504744,11884,Business Loan,496205.46,483721.15,4.88,Delinquent,Virginia,03-05-2020,27-11-2049
504745,11182,Personal Loan,20437.58,7822.89,6.85,Active,Arizona,16-02-2023,25-12-2032
504746,11643,Mortgage,354885.49,61847.84,4.97,Defaulted,Texas,12-10-2022,20-08-2032
504747,11218,Personal Loan,9710,2302.52,4.64,Fully Paid,Pennsylvania,04-07-2020,19-06-2023
504748,11006,Mortgage,767624.39,283100.46,13.27,Active,North Carolina,25-01-2025,12-10-2044
504749,12075,Mortgage,642109.08,523414.74,4.68,Active,California,08-09-2021,08-08-2027
504750,11324,Auto Loan,63198.49,20428.62,14.31,Fully Paid,California,18-04-2019,12-03-2026
504751,11736,Auto Loan,33359.54,30754.82,4.16,Active,Pennsylvania,15-05-2023,08-04-2030
504752,10979,Personal Loan,47871.11,34103.52,5.79,Fully Paid,North Carolina,16-09-2020,01-09-2023
504753,11466,Personal Loan,63329.13,46232.51,12.9,Active,New York,06-10-2020,21-09-2023
504754,12667,Mortgage,444183.05,197490.92,4.24,Active,North Carolina,18-02-2023,13-09-2052
504755,10360,Mortgage,803805.35,610006.13,13.71,Active,Florida,13-04-2024,07-11-2053
504756,10785,Auto Loan,38569.5,32327.73,14.37,Fully Paid,Pennsylvania,30-11-2019,29-10-2025
504757,12220,Auto Loan,74163.08,16540.84,11.33,Fully Paid,Texas,26-06-2022,10-06-2025
504758,11869,Equipment Loan,212671.63,121965.31,13.32,Delinquent,California,05-11-2020,23-07-2040
504759,11448,Mortgage,628362.87,503588.06,4.1,Delinquent,Illinois,09-05-2022,07-04-2028
504760,12455,Mortgage,324817.5,95469.67,6.91,Active,Georgia,27-10-2019,11-10-2022
504761,11846,Business Loan,139036.63,68596.04,10.26,Active,New York,17-02-2024,21-01-2029
504762,11329,Equipment Loan,61899.17,11225.73,13.38,Defaulted,New Jersey,16-08-2019,03-05-2039
504763,12675,Mortgage,627810.29,576329.01,12.74,Active,Pennsylvania,12-05-2022,26-04-2025
504764,10135,Mortgage,601486.53,161532.53,4.91,Closed,Washington,27-04-2022,12-01-2042
504765,10245,Mortgage,257850.04,40521.77,8.11,Closed,New York,17-11-2025,22-10-2030
504766,11839,Auto Loan,32857.9,11376.52,8.65,Fully Paid,Michigan,14-12-2024,27-09-2039
504767,12593,Mortgage,643725.12,138657.73,11.61,Delinquent,Virginia,05-04-2021,28-02-2028
504768,10984,Business Loan,517747.75,91497.54,8.28,Fully Paid,Texas,03-09-2025,18-08-2028
504769,12694,Auto Loan,45870.86,11225.81,13.02,Active,North Carolina,09-08-2023,22-05-2038
504770,11714,Business Loan,463410.59,96692.79,5.96,Active,Pennsylvania,21-12-2020,06-12-2023
504771,12955,Business Loan,194288.18,112959.74,11.15,Delinquent,Ohio,03-04-2024,03-03-2030
504772,12384,Equipment Loan,147413.28,84304.14,11.48,Fully Paid,Texas,12-06-2025,25-03-2040
504773,10024,Mortgage,802972.05,334084.97,7.44,Fully Paid,Virginia,19-09-2020,04-09-2023
504774,12243,Mortgage,179086.52,74139.09,4.68,Delinquent,New Jersey,31-01-2024,18-10-2043
504775,10097,Mortgage,316902,221358.73,7.82,Active,Georgia,10-04-2021,17-02-2031
504776,10263,Auto Loan,54765.81,40248.7,7.73,Active,Texas,04-06-2024,14-05-2028
504777,10239,Personal Loan,64851.98,24476.11,7.99,Active,North Carolina,28-11-2019,06-10-2029
504778,12881,Business Loan,262395.96,197072.4,3.91,Delinquent,North Carolina,07-02-2020,16-12-2029
504779,11432,Auto Loan,75210.7,13094.71,8.26,Fully Paid,New Jersey,04-04-2025,04-03-2031
504780,11485,Personal Loan,66295.68,15976.84,5.53,Active,Florida,21-10-2019,14-09-2026
504781,11488,Mortgage,439952.16,262762.43,3.83,Active,Massachusetts,25-05-2023,02-04-2033
504782,11091,Mortgage,574933.7,512398.26,3.61,Closed,Ohio,24-08-2020,03-07-2030
504783,12069,Personal Loan,60902.56,55701.21,10.98,Active,California,11-06-2021,05-01-2051
504784,12624,Auto Loan,79456.72,62615.21,11.46,Delinquent,Ohio,10-10-2024,27-06-2044
504785,12563,Personal Loan,73292.39,57928.2,9.14,Active,New Jersey,28-04-2022,12-04-2025
504786,12881,Personal Loan,19522.46,11458.64,8.14,Active,North Carolina,04-11-2021,17-08-2036
504787,10250,Business Loan,455307.23,225726.03,10.08,Defaulted,Michigan,25-12-2019,11-09-2039
504788,12230,Business Loan,112466.22,85864.41,3.88,Active,Illinois,17-11-2023,27-10-2027
504789,10524,Auto Loan,49389.75,9003.21,4.27,Fully Paid,Illinois,26-06-2022,05-06-2026
504790,12494,Personal Loan,41791.21,32003.68,6.51,Fully Paid,Texas,06-03-2024,30-09-2053
504791,10001,Equipment Loan,147694.47,115833.52,11.97,Closed,Arizona,06-11-2021,06-10-2027
504792,10784,Auto Loan,44378.69,22072.14,6.37,Defaulted,Michigan,08-09-2023,02-08-2030
504793,10147,Mortgage,786022.96,669257.41,10.02,Active,New Jersey,18-04-2025,25-02-2035
504794,10359,Mortgage,481088.07,426876.68,10.94,Active,Pennsylvania,21-01-2021,04-11-2035
504795,12988,Auto Loan,20409.76,17776.91,7.73,Active,New Jersey,13-06-2020,29-05-2023
504796,12089,Equipment Loan,218299.72,92173.64,14.12,Fully Paid,Arizona,27-06-2021,27-05-2027
504797,10465,Business Loan,453623.72,279164.26,3.59,Active,Texas,28-09-2024,13-09-2027
504798,11508,Mortgage,644926.09,320080.37,10.65,Active,New York,26-10-2020,11-10-2023
504799,11163,Personal Loan,7462.45,1699.21,11.3,Fully Paid,California,28-08-2021,07-08-2025
504800,11275,Auto Loan,35378.28,8016.83,5.63,Active,Arizona,22-05-2022,04-03-2037
504801,12720,Business Loan,397046.7,351489.01,6.37,Active,Arizona,17-10-2020,26-08-2030
504802,11955,Equipment Loan,70730.99,49417.78,13.52,Active,New Jersey,15-06-2019,23-04-2029
504803,10526,Mortgage,248827.61,48211.84,10.6,Active,Florida,10-10-2020,04-09-2027
504804,11968,Mortgage,816605.03,274581.14,9.32,Delinquent,Massachusetts,23-11-2019,27-10-2024
504805,11218,Business Loan,134486.07,93444.42,7.75,Closed,Pennsylvania,27-11-2021,23-06-2051
504806,12186,Auto Loan,56002.13,54453.69,7.25,Active,Michigan,04-01-2025,21-09-2044
504807,12296,Auto Loan,33150.14,20434.2,13.58,Active,Washington,25-06-2021,19-05-2028
504808,10541,Personal Loan,13816.57,6541.31,9.91,Delinquent,Texas,30-11-2025,14-11-2028
504809,11513,Equipment Loan,182193.35,133774.61,4.61,Active,Michigan,14-07-2023,22-05-2033
504810,10658,Equipment Loan,96754.79,38201.3,9.42,Active,Georgia,01-11-2020,06-10-2025
504811,10161,Mortgage,357147.14,304562.53,7.77,Delinquent,Georgia,24-01-2021,29-12-2025
504812,11067,Mortgage,472359.01,439456.15,3.75,Fully Paid,Texas,02-07-2023,19-03-2043
504813,10137,Business Loan,263488.93,202289.76,9.65,Fully Paid,Florida,15-10-2019,23-08-2029
504814,10223,Business Loan,126658.06,101136.06,7.8,Active,Washington,01-04-2021,13-01-2036
504815,10609,Business Loan,511059.99,305947.92,14.16,Fully Paid,Pennsylvania,20-11-2023,14-10-2030
504816,10597,Equipment Loan,158994.62,97799.71,8.23,Closed,Arizona,24-02-2022,20-09-2051
504817,12477,Equipment Loan,84038.26,79473.3,9.42,Active,New York,19-09-2020,03-07-2035
504818,10477,Mortgage,451963.96,388445.46,13.97,Active,New York,19-10-2020,15-05-2050
504819,10611,Business Loan,275316.52,102430.75,9.07,Active,California,16-10-2021,29-07-2036
504820,11552,Personal Loan,6072.14,4486.44,8.2,Delinquent,Pennsylvania,15-03-2024,22-01-2034
504821,12911,Equipment Loan,122295.86,36473.26,11.52,Active,Arizona,14-07-2025,23-06-2029
504822,10546,Auto Loan,42793.09,7595.6,5.33,Closed,Arizona,09-03-2020,22-02-2023
504823,10067,Mortgage,189245.87,182048.63,9.33,Fully Paid,Arizona,25-09-2024,21-04-2054
504824,10518,Business Loan,59632.24,12129.84,14.12,Closed,Arizona,09-12-2021,13-11-2026
504825,12039,Mortgage,450263.52,81691.31,13.8,Fully Paid,Arizona,21-09-2021,08-06-2041
504826,12154,Business Loan,453756.75,291593.91,5.21,Fully Paid,Michigan,07-03-2020,23-11-2039
504827,11613,Mortgage,421129.31,255328.33,11.1,Fully Paid,Arizona,16-02-2019,25-12-2028
504828,10005,Personal Loan,50480.95,24224.89,6.53,Active,Michigan,23-06-2023,05-04-2038
504829,12262,Equipment Loan,153939.78,126179.33,8.31,Active,New York,16-01-2020,29-10-2034
504830,11382,Mortgage,717122.42,652393.58,6.37,Active,Illinois,07-12-2019,31-10-2026
504831,10943,Business Loan,260574.7,140708.52,7.03,Fully Paid,Virginia,11-07-2022,25-06-2025
504832,11154,Personal Loan,32541.28,17061.05,10.05,Active,Pennsylvania,30-11-2024,04-11-2029
504833,12027,Mortgage,547198.05,491917.4,14.19,Active,New York,30-08-2022,04-08-2027
504834,11720,Mortgage,231559.47,176910.1,10.51,Active,Michigan,25-07-2019,09-07-2022
504835,10353,Auto Loan,83371.76,33841.07,3.73,Active,Washington,19-05-2024,13-12-2053
504836,11658,Mortgage,440656.11,123562.47,10.26,Active,California,27-12-2025,01-12-2030
504837,11455,Business Loan,213896.75,115362.96,8.06,Active,Arizona,30-01-2024,03-01-2029
504838,12128,Personal Loan,10956.34,2965.08,8.27,Closed,Georgia,25-06-2019,24-05-2025
504839,10520,Mortgage,404145.22,132613.01,7.93,Active,California,18-11-2022,12-10-2029
504840,10642,Auto Loan,58881.03,23421.95,11.19,Fully Paid,Texas,03-02-2025,03-01-2031
504841,12294,Equipment Loan,269910.97,231630.81,8.55,Active,Massachusetts,21-08-2023,08-05-2043
504842,12335,Business Loan,135952.76,127543.1,13.54,Active,Pennsylvania,04-12-2021,28-10-2028
504843,12455,Business Loan,348635.77,101204.62,10.99,Delinquent,Georgia,01-03-2025,08-02-2029
504844,10606,Business Loan,248488.58,199791.5,14.14,Fully Paid,Georgia,06-01-2019,05-12-2024
504845,12227,Business Loan,523337.77,300055.97,5.62,Fully Paid,Massachusetts,22-06-2023,15-01-2053
504846,11611,Auto Loan,72513.44,40427.41,12.57,Active,New Jersey,16-12-2023,28-09-2038
504847,10951,Mortgage,842390.44,374158.15,8.89,Closed,Arizona,06-10-2024,21-09-2027
504848,11743,Business Loan,446098.56,412881,7.76,Fully Paid,Ohio,18-12-2020,22-11-2025
504849,10269,Auto Loan,88479.73,66507.05,6.53,Defaulted,Ohio,22-05-2024,07-02-2044
504850,12530,Personal Loan,26845.64,12084.95,4.09,Active,New York,29-03-2025,14-12-2044
504851,10281,Equipment Loan,180415.12,138409.74,6.58,Closed,Ohio,27-02-2024,06-02-2028
504852,10458,Mortgage,606907.05,371580.22,4.19,Active,North Carolina,30-04-2019,08-03-2029
504853,10974,Personal Loan,31849.82,24496.29,7.59,Closed,Massachusetts,12-11-2025,17-10-2030
504854,11403,Auto Loan,70295.32,42573.91,9.3,Active,New Jersey,22-07-2023,01-07-2027
504855,12507,Equipment Loan,35785.44,23431.49,9.38,Fully Paid,Washington,27-09-2021,11-09-2024
504856,10459,Auto Loan,22082.09,5712.1,14.12,Active,Georgia,25-11-2021,09-11-2024
504857,11332,Personal Loan,73093.7,48607.61,12.76,Active,California,20-01-2025,20-12-2030
504858,11446,Business Loan,119155.24,115733.41,4.25,Fully Paid,Texas,21-09-2024,05-07-2039
504859,11132,Mortgage,208527.29,157847.62,3.88,Closed,North Carolina,15-01-2020,19-12-2024
504860,11708,Mortgage,483368.76,425410.02,7.48,Fully Paid,New York,06-07-2025,30-05-2032
504861,11066,Business Loan,401196.91,206673.45,5.87,Active,New York,25-11-2023,29-10-2028
504862,11621,Auto Loan,26980.82,10561.05,13.43,Fully Paid,Florida,03-08-2020,27-02-2050
504863,12935,Mortgage,440381.02,414378.17,8.29,Active,Texas,29-10-2024,07-09-2034
504864,11371,Auto Loan,43909.2,19326.1,6.35,Closed,Arizona,06-12-2024,21-11-2027
504865,10128,Mortgage,556702.47,143394.64,9.97,Active,Ohio,30-01-2025,30-12-2030
504866,12415,Personal Loan,39938.93,24173.57,11.91,Active,Arizona,13-10-2020,12-09-2026
504867,12661,Auto Loan,87996.34,21472.76,13.54,Fully Paid,Virginia,04-01-2025,04-12-2030
504868,10619,Mortgage,815667.98,375027.19,14.27,Active,New York,24-06-2022,06-04-2037
504869,11223,Mortgage,849674.45,518227.71,5.57,Fully Paid,North Carolina,12-03-2020,20-02-2024
504870,11757,Auto Loan,87878.18,65890.6,8.48,Active,New Jersey,10-04-2020,22-01-2035
504871,10174,Personal Loan,25286.26,18962.17,12,Defaulted,Arizona,05-12-2024,14-11-2028
504872,10025,Auto Loan,17385.2,12088.27,6.48,Active,New York,23-10-2023,16-09-2030
504873,11828,Mortgage,612609.69,102688.4,12.67,Defaulted,Pennsylvania,27-07-2020,10-05-2035
504874,10353,Mortgage,783391.52,547568.36,5.37,Closed,Washington,03-09-2025,16-06-2040
504875,11496,Equipment Loan,223366.21,195476.88,6.02,Closed,Georgia,24-05-2020,03-05-2024
504876,12833,Mortgage,205508.56,176221.64,8.23,Active,California,19-07-2023,12-06-2030
504877,12628,Business Loan,412462.67,121862.58,3.93,Active,Pennsylvania,03-12-2020,02-11-2026
504878,12193,Mortgage,242076.19,199263.31,5.53,Active,New York,10-03-2021,04-10-2050
504879,12913,Mortgage,544727.02,482349.01,14.34,Active,Michigan,21-02-2023,05-02-2026
504880,10523,Business Loan,267644.75,42423.81,4.88,Fully Paid,Georgia,13-11-2019,12-10-2025
504881,10284,Auto Loan,87732.79,70562.33,6.11,Active,New Jersey,15-10-2022,23-08-2032
504882,10645,Mortgage,192489.92,111028.74,14.26,Active,Massachusetts,15-10-2019,18-09-2024
504883,11741,Personal Loan,27696.32,8004.28,8.68,Active,Georgia,25-03-2020,04-03-2024
504884,12428,Auto Loan,68062.28,21270.61,6.99,Active,Michigan,13-02-2023,07-01-2030
504885,11551,Mortgage,246725.56,182493.43,5.85,Closed,New Jersey,15-07-2022,08-02-2052
504886,12949,Business Loan,399631.65,187048.93,3.92,Active,Washington,13-05-2020,24-02-2035
504887,10023,Personal Loan,56383.2,47406.67,11.26,Defaulted,California,07-09-2023,16-07-2033
504888,11315,Mortgage,450781.65,76510.85,5.82,Defaulted,Ohio,03-09-2025,21-05-2045
504889,12882,Mortgage,812274.26,584291.92,8.92,Active,California,20-01-2024,30-12-2027
504890,10842,Equipment Loan,53030.89,10853.71,6.62,Active,California,09-06-2025,19-05-2029
504891,12263,Equipment Loan,43595.54,33392.96,14.34,Delinquent,Pennsylvania,06-06-2022,30-04-2029
504892,10472,Mortgage,597908,346331.75,5.02,Active,Ohio,30-09-2022,08-08-2032
504893,11597,Personal Loan,46447.93,24107.71,6.12,Delinquent,California,03-10-2022,12-09-2026
504894,10418,Auto Loan,72269.26,20003.04,7.83,Active,Pennsylvania,24-03-2025,31-01-2035
504895,11011,Auto Loan,35824.67,31863.9,11.8,Delinquent,California,25-03-2023,10-12-2042
504896,10834,Mortgage,175305.54,90153.27,9.45,Defaulted,Pennsylvania,09-11-2022,19-10-2026
504897,12395,Auto Loan,55502.99,9159.83,10.67,Active,Michigan,09-12-2024,18-11-2028
504898,10433,Personal Loan,25372.44,14530.19,11.48,Active,Massachusetts,20-05-2025,19-04-2031
504899,10036,Mortgage,334708.12,193051.47,8.01,Active,New Jersey,03-07-2019,15-04-2034
504900,11003,Auto Loan,33056.82,19677.68,13.38,Fully Paid,Illinois,07-05-2019,10-04-2024
504901,10639,Mortgage,747641.21,614554.94,4.97,Delinquent,Illinois,25-06-2019,09-06-2022
504902,11582,Equipment Loan,88161.61,21435.48,4.02,Active,New York,31-05-2023,15-02-2043
504903,12884,Auto Loan,40093.75,7760.92,11.03,Active,New Jersey,23-12-2023,26-11-2028
504904,12776,Auto Loan,81670.97,33008.16,9.67,Active,Massachusetts,21-06-2019,25-05-2024
504905,12945,Auto Loan,82807.42,15257.88,11.5,Active,California,19-01-2019,13-12-2025
504906,11934,Mortgage,521303.46,257620.08,4.43,Fully Paid,Illinois,09-01-2021,09-12-2026
504907,11262,Business Loan,599064.78,579386.32,14.46,Delinquent,Georgia,23-05-2024,01-04-2034
504908,11661,Auto Loan,18624.66,3389.78,3.78,Closed,Virginia,23-07-2024,02-07-2028
504909,12503,Auto Loan,67644.34,30424.16,4.07,Active,Washington,15-07-2019,07-02-2049
504910,10628,Auto Loan,39600.71,9534.02,7.47,Fully Paid,Arizona,31-05-2023,13-03-2038
504911,11533,Business Loan,166018.44,26996.6,3.68,Fully Paid,Georgia,11-03-2025,24-02-2028
504912,10449,Business Loan,582176.97,140961.41,8.52,Active,Massachusetts,15-03-2023,30-11-2042
504913,12339,Auto Loan,48556.14,33883.47,14.26,Active,Pennsylvania,17-07-2024,30-04-2039
504914,12980,Business Loan,479317.82,241155.75,6.92,Active,Michigan,11-01-2020,19-11-2029
504915,12254,Equipment Loan,162870.52,77010.04,13.42,Closed,Illinois,26-01-2022,13-10-2041
504916,12561,Mortgage,721132.95,587856.14,14.01,Fully Paid,Arizona,04-11-2021,17-08-2036
504917,10997,Auto Loan,74951.91,22541.59,13.02,Active,Massachusetts,12-03-2025,19-02-2029
504918,11765,Personal Loan,74605.67,22919.42,3.53,Active,Michigan,31-03-2023,06-02-2033
504919,11578,Auto Loan,38529.11,22961.8,6.13,Delinquent,New Jersey,06-05-2019,15-04-2023
504920,12147,Equipment Loan,245220.23,87584.93,10.72,Fully Paid,Georgia,23-02-2020,17-01-2027
504921,12856,Auto Loan,50182.17,11964.53,11.61,Closed,Georgia,09-01-2024,22-10-2038
504922,11600,Mortgage,489146.63,301152.6,4.61,Active,North Carolina,26-03-2023,17-02-2030
504923,11032,Equipment Loan,59197.71,47555.1,12.27,Defaulted,North Carolina,16-04-2019,22-02-2029
504924,10663,Mortgage,700710.56,679556.54,13.66,Active,Georgia,23-04-2025,02-03-2035
504925,10401,Mortgage,465817.1,429093.31,13.79,Active,Florida,22-01-2022,09-10-2041
504926,10376,Personal Loan,6849.89,6577.36,10.98,Active,Florida,16-02-2020,03-11-2039
504927,11646,Equipment Loan,142058.7,43870.02,9.74,Closed,Pennsylvania,09-09-2025,22-06-2040
504928,10901,Mortgage,398510.76,67508.75,7.79,Active,Massachusetts,26-01-2025,11-01-2028
504929,10350,Business Loan,487469.21,288586.27,6.86,Active,New Jersey,14-11-2025,24-10-2029
504930,12051,Mortgage,292071.4,186929.98,9.38,Fully Paid,Georgia,02-08-2020,11-06-2030
504931,11577,Auto Loan,69300.41,59126.98,11.97,Active,Texas,03-04-2025,08-03-2030
504932,12277,Mortgage,381936.08,223313.39,3.62,Fully Paid,Michigan,04-05-2021,08-04-2026
504933,11168,Personal Loan,12813.29,11983.18,6.6,Active,Florida,15-06-2023,23-04-2033
504934,10497,Equipment Loan,141483.85,39454.78,10.5,Active,Washington,18-02-2025,23-01-2030
504935,12775,Auto Loan,26003.9,19242.58,3.6,Active,Florida,13-04-2019,12-03-2025
504936,10363,Mortgage,234443.06,219816.08,5.21,Active,Massachusetts,25-08-2024,04-07-2034
504937,12235,Business Loan,155802.82,42344.23,11.33,Active,Illinois,12-12-2019,21-11-2023
504938,10046,Mortgage,410577.99,151334.58,9.74,Closed,Michigan,19-06-2020,19-05-2026
504939,11413,Mortgage,567705.41,229874.28,13.51,Closed,Florida,12-05-2025,16-04-2030
504940,10766,Auto Loan,39584.78,27494.14,8.54,Closed,Pennsylvania,28-10-2024,11-08-2039
504941,11425,Mortgage,305151.34,244322.51,6.2,Closed,New Jersey,04-12-2021,03-11-2027
504942,11851,Business Loan,68584.22,17663.82,4.1,Fully Paid,Illinois,02-10-2022,26-08-2029
504943,12288,Personal Loan,53748.63,22652.17,5.09,Active,Virginia,18-10-2022,02-10-2025
504944,12271,Mortgage,324598.3,304729.53,9.44,Active,Massachusetts,04-04-2025,09-03-2030
504945,10061,Equipment Loan,235276.8,225973.71,6.88,Fully Paid,Washington,09-10-2021,18-08-2031
504946,10633,Business Loan,126595.26,119072.29,11.09,Active,Pennsylvania,28-05-2025,07-05-2029
504947,10239,Mortgage,695931.81,281090.67,11.71,Closed,North Carolina,24-12-2019,22-11-2025
504948,12637,Equipment Loan,153830.22,122323.13,13.62,Active,Washington,28-04-2023,01-04-2028
504949,10410,Mortgage,794483.3,425041.35,10.48,Fully Paid,Massachusetts,09-06-2023,24-05-2026
504950,12377,Mortgage,361990.47,177425.48,13.26,Delinquent,Pennsylvania,25-06-2021,30-05-2026
504951,10633,Mortgage,585010.68,161400.31,13.69,Active,Pennsylvania,15-12-2021,27-09-2036
504952,11947,Business Loan,486783.46,294618.92,5.07,Closed,New York,08-01-2019,13-12-2023
504953,11969,Mortgage,830735.78,489142.14,13.8,Active,Washington,12-01-2020,07-08-2049
504954,10921,Personal Loan,57844.07,22670.03,13.81,Active,Florida,17-03-2020,03-12-2039
504955,10438,Personal Loan,73357.46,22627.31,6.53,Active,New Jersey,30-12-2025,09-12-2029
504956,10430,Business Loan,364653.06,260744.44,11.95,Active,North Carolina,12-08-2022,22-07-2026
504957,12343,Personal Loan,8409.67,3039.78,3.51,Active,Georgia,11-04-2019,05-03-2026
504958,10817,Business Loan,569871.07,524881.17,13.49,Active,Massachusetts,19-02-2019,28-12-2028
504959,11547,Mortgage,384933.63,121064.11,13.03,Active,California,24-03-2022,09-12-2041
504960,11683,Mortgage,712744.59,409841.6,10.03,Active,Florida,16-02-2021,12-09-2050
504961,11782,Business Loan,267725.54,178626.19,6.96,Closed,Pennsylvania,13-12-2023,22-11-2027
504962,11879,Mortgage,691072.33,658566.93,8.49,Active,Arizona,03-12-2025,12-11-2029
504963,11428,Equipment Loan,83165.4,51265.49,11.73,Closed,Texas,15-03-2023,22-02-2027
504964,12406,Business Loan,194942.12,180134.3,7.33,Closed,Massachusetts,02-02-2022,02-01-2028
504965,11385,Business Loan,314410.95,78579.96,13.36,Active,Florida,03-02-2023,29-08-2052
504966,12132,Personal Loan,27715.86,21185.6,10.11,Fully Paid,Georgia,24-05-2021,02-04-2031
504967,11340,Personal Loan,48321.33,29535.54,13.89,Fully Paid,Virginia,29-03-2024,10-01-2039
504968,11491,Mortgage,355769.64,263570.56,11.87,Active,New Jersey,03-10-2021,07-09-2026
504969,12737,Mortgage,659667.78,605982.54,7.08,Fully Paid,Michigan,23-10-2023,26-09-2028
504970,12165,Auto Loan,39271.57,23615.49,12.16,Defaulted,New York,22-12-2022,30-10-2032
504971,12944,Mortgage,673098.42,274236.37,14.3,Active,Florida,25-01-2025,20-12-2031
504972,12894,Mortgage,357124.74,55099.52,5.28,Active,Arizona,24-01-2024,03-01-2028
504973,12045,Personal Loan,56224.05,31365.24,3.56,Active,North Carolina,05-01-2021,19-10-2035
504974,12121,Business Loan,511937.57,434689.96,8.9,Fully Paid,Texas,05-04-2022,10-03-2027
504975,11777,Auto Loan,70296.03,26049.9,5.33,Active,Arizona,24-05-2020,03-05-2024
504976,12613,Personal Loan,58375.51,19126.64,11.02,Delinquent,Texas,04-04-2020,21-12-2039
504977,11503,Business Loan,342650.82,67416.22,13.93,Active,Texas,26-04-2021,05-03-2031
504978,10331,Business Loan,468396.56,85480.33,10.91,Active,Georgia,20-05-2025,04-02-2045
504979,11108,Mortgage,740936.74,365119.74,4.17,Active,Georgia,18-04-2022,17-03-2028
504980,10841,Personal Loan,21140.56,19717.3,10.36,Active,Texas,05-10-2022,19-09-2025
504981,11802,Equipment Loan,101008.61,71045.15,7.62,Active,North Carolina,27-09-2021,21-08-2028
504982,12830,Mortgage,443913.81,111132.23,10.7,Closed,New York,09-01-2024,22-10-2038
504983,11731,Mortgage,580097.97,194939.4,5.28,Delinquent,New Jersey,21-05-2023,29-03-2033
504984,11208,Auto Loan,78364.31,39492.67,4.63,Active,Michigan,03-02-2025,03-01-2031
504985,11168,Business Loan,552685.77,488898.07,7.55,Defaulted,Florida,14-10-2022,23-09-2026
504986,10098,Equipment Loan,218627.8,198753.56,9.05,Closed,Massachusetts,21-11-2021,08-08-2041
504987,12409,Equipment Loan,265940.03,139790.02,3.59,Fully Paid,Massachusetts,27-02-2023,11-02-2026
504988,10291,Mortgage,559175.84,545439.93,7.8,Active,Florida,14-08-2021,23-06-2031
504989,12484,Mortgage,587722.07,219318.06,11.69,Active,Georgia,25-08-2022,07-06-2037
504990,11196,Equipment Loan,245872.03,114338.6,10.95,Defaulted,Washington,27-07-2021,09-05-2036
504991,12105,Personal Loan,43885.41,42366.17,3.85,Closed,Virginia,23-11-2020,18-10-2027
504992,11006,Mortgage,474944.1,356787.08,12.01,Delinquent,North Carolina,04-01-2021,04-12-2026
504993,10220,Mortgage,653630.44,630344.41,6.22,Defaulted,Virginia,17-12-2020,02-12-2023
504994,10886,Equipment Loan,152433.95,132231.19,10.92,Active,California,24-03-2025,03-03-2029
504995,11203,Auto Loan,83025.81,18352.53,13.56,Delinquent,Virginia,19-10-2024,28-08-2034
504996,12542,Mortgage,347888.57,254413.82,7,Active,New York,11-06-2023,10-05-2029
504997,12123,Auto Loan,68934.28,24005.34,6.25,Fully Paid,Virginia,21-09-2025,05-09-2028
504998,12899,Business Loan,584312.68,157101.88,9.39,Closed,California,22-07-2023,20-06-2029
504999,11427,Auto Loan,71414.18,61841.74,6.21,Active,California,10-05-2024,19-03-2034
505000,10143,Personal Loan,59841.87,45559.81,11.04,Delinquent,Illinois,25-10-2020,08-08-2035
