payment_id,loan_id,payment_date,scheduled_amount,actual_payment,principal_paid,interest_paid,days_past_due,payment_status
9000001,500001,2025-07-17,10779.66,11061.8,10985.62,76.18,0,Paid
9000002,500001,2025-10-15,11105.52,10786.8,10708.32,78.48,5,Late
9000003,500001,2026-01-13,11112.6,11034.83,10956.3,78.53,0,Paid
9000004,500002,2021-06-26,1679.07,1646.72,1641.39,5.33,0,Paid
9000005,500002,2021-09-24,1545.11,1519.95,1515.04,4.91,0,Paid
9000006,500002,2021-12-23,1575.88,1582.34,1577.34,5.0,0,Paid
9000007,500003,2019-06-14,15131.81,13484.85,13365.56,119.29,60,Late
9000008,500003,2019-09-12,15163.92,11476.8,11357.25,119.54,30,Late
9000009,500003,2019-12-11,14820.82,15040.06,14923.23,116.84,60,Late
9000010,500004,2025-09-12,14555.59,14893.99,14742.13,151.86,0,Paid
9000011,500004,2025-12-11,14860.83,13382.78,13227.73,155.05,5,Late
9000012,500004,2026-03-11,15276.07,14236.53,14077.15,159.38,90,Late
9000013,500005,2022-01-17,4326.62,4294.34,4242.24,52.1,0,Paid
9000014,500005,2022-04-17,4320.04,4275.33,4223.31,52.02,0,Paid
9000015,500005,2022-07-16,4413.93,3472.98,3419.82,53.15,10,Late
9000016,500006,2023-10-22,5439.34,5407.81,5386.68,21.12,0,Paid
9000017,500006,2024-01-20,5121.57,4399.77,4379.88,19.89,60,Late
9000018,500006,2024-04-19,5378.29,5494.46,5473.57,20.89,0,Paid
9000019,500007,2020-11-12,5000.0,5019.3,4971.38,47.92,0,Paid
9000020,500007,2021-02-10,5142.27,4132.8,4083.52,49.28,90,Late
9000021,500007,2021-05-11,5105.0,5069.62,5020.69,48.92,0,Paid
9000022,500008,2024-07-30,12855.46,13108.71,12972.44,136.27,0,Paid
9000023,500008,2024-10-28,12205.57,11848.73,11719.35,129.38,0,Paid
9000024,500008,2025-01-26,12047.18,11733.71,11606.01,127.7,0,Paid
9000025,500009,2019-09-21,1955.15,1540.93,1522.34,18.59,15,Late
9000026,500009,2019-12-20,1932.55,1900.33,1881.95,18.38,0,Paid
9000027,500009,2020-03-19,1917.24,1940.8,1922.57,18.23,0,Paid
9000028,500010,2021-03-09,1755.95,1460.31,1447.34,12.96,30,Late
9000029,500010,2021-06-07,1932.92,1945.8,1931.53,14.27,0,Paid
9000030,500010,2021-09-05,1809.1,1838.17,1824.81,13.36,0,Paid
9000031,500011,2020-07-19,1843.2,1605.91,1600.39,5.51,60,Late
9000032,500011,2020-10-17,1917.89,1872.91,1867.17,5.74,30,Late
9000033,500011,2021-01-15,1964.8,1740.42,1734.54,5.88,60,Late
9000034,500012,2021-03-16,8223.93,7847.95,7821.02,26.93,30,Late
9000035,500012,2021-06-14,8761.56,7358.88,7330.18,28.69,30,Late
9000036,500012,2021-09-12,8177.7,6881.5,6854.72,26.78,45,Late
9000037,500013,2023-08-10,10292.17,9275.22,9183.79,91.43,45,Late
9000038,500013,2023-11-08,10518.96,10738.69,10645.25,93.44,15,Late
9000039,500013,2024-02-06,10686.65,9021.34,8926.41,94.93,5,Late
9000040,500014,2025-05-08,1152.9,1023.15,1011.22,11.93,10,Late
9000041,500014,2025-08-06,1210.84,1199.25,1186.72,12.53,0,Paid
9000042,500014,2025-11-04,1130.42,1155.29,1143.59,11.7,0,Paid
9000043,500015,2024-04-19,1140.16,1128.46,1123.05,5.42,60,Late
9000044,500015,2024-07-18,1210.49,1049.44,1043.69,5.75,60,Late
9000045,500015,2024-10-16,1160.07,1165.48,1159.97,5.51,60,Late
9000046,500016,2022-10-09,6069.56,6148.67,6116.35,32.32,0,Paid
9000047,500016,2023-01-07,6009.81,6171.49,6139.49,32.0,0,Paid
9000048,500016,2023-04-07,6080.01,6068.4,6036.03,32.38,0,Paid
9000049,500017,2021-05-05,618.85,632.25,626.95,5.3,15,Late
9000050,500017,2021-08-03,624.61,517.49,512.14,5.35,60,Late
9000051,500017,2021-11-01,655.23,523.31,517.7,5.61,45,Late
9000052,500018,2022-01-07,1559.39,1547.02,1531.96,15.06,0,Paid
9000053,500018,2022-04-07,1522.4,1462.7,1447.99,14.7,30,Late
9000054,500018,2022-07-06,1475.75,1214.72,1200.46,14.25,5,Late
9000055,500019,2021-09-16,6771.08,6175.33,6103.56,71.77,15,Late
9000056,500019,2021-12-15,6686.85,6847.25,6776.37,70.88,0,Paid
9000057,500019,2022-03-15,7125.94,7087.05,7011.52,75.53,15,Late
9000058,500020,2025-10-30,198.16,201.08,200.31,0.77,0,Paid
9000059,500020,2026-01-28,182.28,154.81,154.1,0.71,5,Late
9000060,500020,2026-04-28,196.91,197.33,196.56,0.77,0,Paid
9000061,500021,2023-02-05,556.99,548.06,545.32,2.73,0,Paid
9000062,500021,2023-05-06,582.59,586.06,583.2,2.86,0,Paid
9000063,500021,2023-08-04,561.11,431.5,428.74,2.75,30,Late
9000064,500022,2023-08-20,2250.46,2266.94,2252.08,14.85,0,Paid
9000065,500022,2023-11-18,2424.27,2382.42,2366.42,16.0,0,Paid
9000066,500022,2024-02-16,2224.49,2210.25,2195.57,14.68,0,Paid
9000067,500023,2024-08-17,2159.58,2185.95,2168.19,17.76,30,Late
9000068,500023,2024-11-15,2105.07,1663.51,1646.19,17.31,5,Late
9000069,500023,2025-02-13,2181.6,2193.31,2175.37,17.94,0,Paid
9000070,500024,2023-07-28,1784.69,1736.92,1727.86,9.06,0,Paid
9000071,500024,2023-10-26,1921.33,1966.71,1956.96,9.75,0,Paid
9000072,500024,2024-01-24,1937.62,1577.82,1567.99,9.83,15,Late
9000073,500025,2023-09-03,1391.78,1101.87,1095.8,6.07,45,Late
9000074,500025,2023-12-02,1409.87,1240.78,1234.64,6.14,60,Late
9000075,500025,2024-03-01,1428.78,1268.96,1262.73,6.23,60,Late
9000076,500026,2023-12-24,473.97,385.04,382.24,2.8,30,Late
9000077,500026,2024-03-23,464.71,474.11,471.36,2.75,0,Paid
9000078,500026,2024-06-21,476.82,422.04,419.22,2.82,5,Late
9000079,500027,2021-01-09,872.05,872.39,863.46,8.93,0,Paid
9000080,500027,2021-04-09,822.05,826.69,818.27,8.42,0,Paid
9000081,500027,2021-07-08,850.2,855.71,847.0,8.71,0,Paid
9000082,500028,2019-08-22,11017.71,11272.02,11219.96,52.06,0,Paid
9000083,500028,2019-11-20,10865.22,10722.72,10671.38,51.34,0,Paid
9000084,500028,2020-02-18,10198.42,10461.51,10413.32,48.19,0,Paid
9000085,500029,2025-11-03,14852.06,11864.54,11707.6,156.94,5,Late
9000086,500029,2026-02-01,14609.43,14877.89,14723.51,154.37,0,Paid
9000087,500029,2026-05-02,14467.2,14699.09,14546.22,152.87,0,Paid
9000088,500030,2021-01-04,3806.32,2966.14,2936.51,29.63,90,Late
9000089,500030,2021-04-04,3561.5,2883.68,2855.95,27.72,5,Late
9000090,500030,2021-07-03,3463.95,3424.66,3397.7,26.96,0,Paid
9000091,500031,2021-04-09,738.82,737.57,728.9,8.66,0,Paid
9000092,500031,2021-07-08,769.39,758.31,749.28,9.02,0,Paid
9000093,500031,2021-10-06,743.75,724.17,715.45,8.72,0,Paid
9000094,500032,2022-08-05,724.7,704.39,699.55,4.84,0,Paid
9000095,500032,2022-11-03,788.61,771.59,766.33,5.26,0,Paid
9000096,500032,2023-02-01,770.65,771.96,766.82,5.14,0,Paid
9000097,500033,2019-03-06,1502.81,1183.41,1171.73,11.67,5,Late
9000098,500033,2019-06-04,1575.69,1408.92,1396.68,12.24,45,Late
9000099,500033,2019-09-02,1578.35,1596.91,1584.66,12.26,0,Paid
9000100,500034,2025-10-24,3322.44,3351.09,3331.82,19.27,0,Paid
9000101,500034,2026-01-22,3241.77,3226.14,3207.33,18.8,30,Late
9000102,500034,2026-04-22,3503.47,3448.97,3428.65,20.32,0,Paid
9000103,500035,2024-07-11,6756.95,6769.59,6747.3,22.3,0,Paid
9000104,500035,2024-10-09,6568.73,6383.09,6361.42,21.68,0,Paid
9000105,500035,2025-01-07,6868.03,6799.06,6776.39,22.66,0,Paid
9000106,500036,2024-08-02,7415.47,6142.5,6110.49,32.01,5,Late
9000107,500036,2024-10-31,6886.03,6992.33,6962.6,29.72,0,Paid
9000108,500036,2025-01-29,7297.24,7289.64,7258.14,31.5,0,Paid
9000109,500037,2023-07-11,13207.92,13371.36,13283.19,88.16,0,Paid
9000110,500037,2023-10-09,12814.44,12869.72,12784.19,85.54,0,Paid
9000111,500037,2024-01-07,12671.65,12613.69,12529.11,84.58,0,Paid
9000112,500038,2025-04-29,632.24,627.48,623.39,4.09,0,Paid
9000113,500038,2025-07-28,669.38,656.3,651.98,4.33,0,Paid
9000114,500038,2025-10-26,689.7,708.4,703.94,4.46,0,Paid
9000115,500039,2025-07-22,2049.52,1993.91,1969.59,24.32,0,Paid
9000116,500039,2025-10-20,2027.82,2069.25,2045.18,24.06,5,Late
9000117,500039,2026-01-18,2018.0,1610.03,1586.08,23.95,15,Late
9000118,500040,2022-07-26,14491.36,14701.72,14651.24,50.48,0,Paid
9000119,500040,2022-10-24,15444.58,15006.49,14952.69,53.8,0,Paid
9000120,500040,2023-01-22,14633.8,14584.76,14533.79,50.97,0,Paid
9000121,500041,2022-10-06,2406.9,2271.4,2248.37,23.03,30,Late
9000122,500041,2023-01-04,2423.33,2479.78,2456.59,23.18,0,Paid
9000123,500041,2023-04-04,2521.98,2546.79,2522.66,24.13,0,Paid
9000124,500042,2025-11-30,8210.45,8137.76,8066.81,70.95,0,Paid
9000125,500042,2026-02-28,8245.42,7648.8,7577.55,71.25,5,Late
9000126,500042,2026-05-29,8559.82,8594.26,8520.29,73.97,0,Paid
9000127,500043,2024-01-23,1941.44,1633.08,1616.14,16.94,45,Late
9000128,500043,2024-04-22,1924.4,1941.44,1924.65,16.79,0,Paid
9000129,500043,2024-07-21,2030.74,2022.01,2004.29,17.72,0,Paid
9000130,500044,2024-02-12,2327.33,2184.85,2165.05,19.8,15,Late
9000131,500044,2024-05-12,2497.76,2532.89,2511.64,21.25,45,Late
9000132,500044,2024-08-10,2334.24,1767.61,1747.75,19.86,60,Late
9000133,500045,2019-02-07,11351.74,11683.83,11650.44,33.39,0,Paid
9000134,500045,2019-05-08,11752.14,8879.02,8844.45,34.57,10,Late
9000135,500045,2019-08-06,11235.3,11158.26,11125.21,33.05,0,Paid
9000136,500046,2019-09-21,138.95,113.49,113.07,0.43,90,Late
9000137,500046,2019-12-20,137.16,123.44,123.02,0.42,45,Late
9000138,500046,2020-03-19,146.85,147.59,147.14,0.45,60,Late
9000139,500047,2021-04-25,5537.84,4587.91,4542.27,45.64,10,Late
9000140,500047,2021-07-24,5824.57,5764.52,5716.51,48.0,0,Paid
9000141,500047,2021-10-22,5423.04,5301.95,5257.25,44.69,0,Paid
9000142,500048,2025-04-16,1115.99,1108.1,1101.8,6.3,0,Paid
9000143,500048,2025-07-15,1209.39,1021.54,1014.72,6.82,5,Late
9000144,500048,2025-10-13,1111.9,1113.17,1106.9,6.27,0,Paid
9000145,500049,2022-03-07,13092.15,13104.71,13008.59,96.12,0,Paid
9000146,500049,2022-06-05,14134.27,14096.58,13992.81,103.77,0,Paid
9000147,500049,2022-09-03,13599.33,13701.46,13601.62,99.84,0,Paid
9000148,500050,2021-03-18,2314.31,2256.69,2239.12,17.57,0,Paid
9000149,500050,2021-06-16,2264.97,2225.67,2208.48,17.19,0,Paid
9000150,500050,2021-09-14,2176.75,2124.22,2107.7,16.53,0,Paid
9000151,500051,2022-09-02,726.18,733.36,727.22,6.14,0,Paid
9000152,500051,2022-12-01,758.63,600.76,594.35,6.42,60,Late
9000153,500051,2023-03-01,770.56,791.09,784.57,6.52,0,Paid
9000154,500052,2022-03-09,5133.06,5220.05,5167.1,52.96,0,Paid
9000155,500052,2022-06-07,5073.12,4986.52,4934.18,52.34,15,Late
9000156,500052,2022-09-05,5375.07,5381.02,5325.57,55.45,0,Paid
9000157,500053,2022-03-05,2072.32,1614.21,1601.98,12.23,45,Late
9000158,500053,2022-06-03,2067.78,2061.39,2049.19,12.2,60,Late
9000159,500053,2022-09-01,2047.73,1627.42,1615.34,12.08,90,Late
9000160,500054,2019-03-25,15491.08,15313.75,15214.22,99.53,0,Paid
9000161,500054,2019-06-23,15412.63,15700.43,15601.4,99.03,0,Paid
9000162,500054,2019-09-21,14876.67,14961.09,14865.51,95.58,0,Paid
9000163,500055,2024-12-15,14816.72,11843.82,11772.95,70.87,90,Late
9000164,500055,2025-03-15,14299.92,13795.87,13727.47,68.4,90,Late
9000165,500055,2025-06-13,15160.67,15265.93,15193.41,72.52,60,Late
9000166,500056,2020-07-21,6626.89,6560.89,6503.24,57.65,0,Paid
9000167,500056,2020-10-19,6601.9,6752.75,6695.32,57.44,0,Paid
9000168,500056,2021-01-17,6750.22,6622.11,6563.39,58.73,0,Paid
9000169,500057,2020-09-02,2916.78,2891.63,2857.31,34.32,0,Paid
9000170,500057,2020-12-01,2886.62,2465.94,2431.98,33.97,5,Late
9000171,500057,2021-03-01,3043.39,2979.06,2943.25,35.81,0,Paid
9000172,500058,2023-06-11,299.72,295.47,292.55,2.92,60,Late
9000173,500058,2023-09-09,301.85,294.73,291.79,2.94,120,Late
9000174,500058,2023-12-08,297.73,245.83,242.93,2.9,90,Late
9000175,500059,2020-10-18,246.28,243.41,241.13,2.28,120,Late
9000176,500059,2021-01-16,240.9,223.07,220.84,2.23,90,Late
9000177,500059,2021-04-16,247.41,252.04,249.75,2.29,120,Late
9000178,500060,2020-10-15,7756.47,7743.51,7657.02,86.48,0,Paid
9000179,500060,2021-01-13,8232.68,8114.39,8022.6,91.79,30,Late
9000180,500060,2021-04-13,8359.86,8444.46,8351.25,93.21,0,Paid
9000181,500061,2021-10-02,8942.85,8969.99,8937.95,32.05,0,Paid
9000182,500061,2021-12-31,9113.47,8990.03,8957.37,32.66,10,Late
9000183,500061,2022-03-31,8903.67,8741.45,8709.54,31.9,0,Paid
9000184,500062,2024-05-12,14833.35,14681.35,14559.96,121.39,0,Paid
9000185,500062,2024-08-10,15247.81,15507.33,15382.55,124.78,0,Paid
9000186,500062,2024-11-08,13961.96,14042.97,13928.72,114.26,0,Paid
9000187,500063,2025-09-18,14252.03,10813.51,10704.12,109.38,90,Late
9000188,500063,2025-12-17,14885.83,11535.07,11420.83,114.25,120,Late
9000189,500063,2026-03-17,14274.17,12122.98,12013.42,109.55,90,Late
9000190,500064,2022-09-06,15368.09,14473.44,14353.44,120.0,45,Late
9000191,500064,2022-12-05,15488.6,15596.6,15475.66,120.94,0,Paid
9000192,500064,2023-03-05,14541.75,11941.25,11827.7,113.55,60,Late
9000193,500065,2025-02-11,5833.49,5857.28,5789.36,67.91,0,Paid
9000194,500065,2025-05-12,5663.55,5227.74,5161.8,65.93,15,Late
9000195,500065,2025-08-10,5622.85,5596.6,5531.14,65.46,0,Paid
9000196,500066,2024-07-12,1779.94,1424.58,1415.19,9.39,10,Late
9000197,500066,2024-10-10,1783.42,1613.87,1604.46,9.41,60,Late
9000198,500066,2025-01-08,1662.37,1623.01,1614.24,8.77,0,Paid
9000199,500067,2024-07-21,880.05,877.8,869.98,7.82,0,Paid
9000200,500067,2024-10-19,873.05,893.37,885.62,7.76,0,Paid
9000201,500067,2025-01-17,894.36,794.81,786.87,7.94,5,Late
9000202,500068,2024-02-14,1805.36,1397.06,1391.06,6.0,15,Late
9000203,500068,2024-05-14,1857.71,1822.84,1816.66,6.18,0,Paid
9000204,500068,2024-08-12,1769.96,1780.42,1774.53,5.89,0,Paid
9000205,500069,2024-09-14,13570.79,13237.96,13184.01,53.94,0,Paid
9000206,500069,2024-12-13,14024.83,11705.28,11649.53,55.75,15,Late
9000207,500069,2025-03-13,13415.53,13195.33,13142.01,53.33,0,Paid
9000208,500070,2019-09-29,1367.07,1362.17,1357.61,4.57,5,Late
9000209,500070,2019-12-28,1351.39,1238.77,1234.26,4.52,45,Late
9000210,500070,2020-03-27,1256.98,1264.06,1259.86,4.2,0,Paid
9000211,500071,2022-03-28,1673.68,1716.17,1701.21,14.97,0,Paid
9000212,500071,2022-06-26,1648.95,1696.27,1681.53,14.74,0,Paid
9000213,500071,2022-09-24,1677.78,1665.88,1650.88,15.0,0,Paid
9000214,500072,2025-07-31,1021.39,1012.54,1003.56,8.99,0,Paid
9000215,500072,2025-10-29,1024.69,1055.29,1046.28,9.02,0,Paid
9000216,500072,2026-01-27,958.8,735.16,726.72,8.44,60,Late
9000217,500073,2024-08-12,6210.55,5089.88,5040.04,49.84,5,Late
9000218,500073,2024-11-10,6230.32,6050.01,6000.01,50.0,0,Paid
9000219,500073,2025-02-08,5798.6,5835.12,5788.59,46.53,0,Paid
9000220,500074,2020-04-14,13526.2,13225.08,13074.82,150.25,0,Paid
9000221,500074,2020-07-13,13399.98,13304.17,13155.32,148.85,0,Paid
9000222,500074,2020-10-11,14065.32,13102.05,12945.8,156.24,90,Late
9000223,500075,2023-09-14,1691.93,1669.79,1662.01,7.78,0,Paid
9000224,500075,2023-12-13,1838.88,1821.88,1813.42,8.46,0,Paid
9000225,500075,2024-03-12,1752.52,1784.52,1776.46,8.06,0,Paid
9000226,500076,2020-07-04,1957.55,1944.28,1932.11,12.17,0,Paid
9000227,500076,2020-10-02,1983.6,1998.9,1986.57,12.33,0,Paid
9000228,500076,2020-12-31,1940.98,1936.59,1924.53,12.07,0,Paid
9000229,500077,2021-01-30,988.2,779.33,774.76,4.56,90,Late
9000230,500077,2021-04-30,1007.1,1035.26,1030.61,4.65,120,Late
9000231,500077,2021-07-29,971.41,886.33,881.85,4.48,90,Late
9000232,500078,2025-10-08,1593.81,1616.2,1604.5,11.7,0,Paid
9000233,500078,2026-01-06,1595.89,1635.33,1623.62,11.72,0,Paid
9000234,500078,2026-04-06,1683.94,1683.53,1671.17,12.36,0,Paid
9000235,500079,2022-06-16,628.07,478.77,475.77,3.0,10,Late
9000236,500079,2022-09-14,626.25,613.64,610.64,3.0,0,Paid
9000237,500079,2022-12-13,632.36,616.21,613.18,3.02,0,Paid
9000238,500080,2020-09-09,15003.05,14506.23,14424.09,82.14,60,Late
9000239,500080,2020-12-08,14789.11,14826.34,14745.37,80.97,0,Paid
9000240,500080,2021-03-08,15042.92,11561.11,11478.75,82.36,5,Late
9000241,500081,2024-11-17,6256.28,5132.83,5058.64,74.19,5,Late
9000242,500081,2025-02-15,5982.57,6003.71,5932.77,70.94,5,Late
9000243,500081,2025-05-16,6384.43,6540.63,6464.92,75.71,0,Paid
9000244,500082,2022-09-25,301.57,306.94,305.2,1.74,0,Paid
9000245,500082,2022-12-24,300.05,295.09,293.37,1.73,0,Paid
9000246,500082,2023-03-24,300.89,294.46,292.73,1.73,10,Late
9000247,500083,2019-10-15,1208.91,1102.84,1093.46,9.38,60,Late
9000248,500083,2020-01-13,1220.51,1206.35,1196.88,9.47,60,Late
9000249,500083,2020-04-12,1261.22,1212.79,1203.0,9.78,45,Late
9000250,500084,2021-05-22,1601.84,1648.0,1639.97,8.02,0,Paid
9000251,500084,2021-08-20,1646.59,1624.1,1615.85,8.25,0,Paid
9000252,500084,2021-11-18,1584.96,1275.29,1267.36,7.94,15,Late
9000253,500085,2022-12-31,1786.15,1765.66,1747.39,18.28,60,Late
9000254,500085,2023-03-31,1739.2,1730.06,1712.26,17.8,0,Paid
9000255,500085,2023-06-29,1753.87,1767.01,1749.06,17.95,0,Paid
9000256,500086,2023-02-01,1796.71,1590.68,1584.42,6.26,10,Late
9000257,500086,2023-05-02,1860.53,1824.97,1818.49,6.48,0,Paid
9000258,500086,2023-07-31,1830.67,1443.72,1437.35,6.38,10,Late
9000259,500087,2025-10-31,1957.04,1913.1,1902.62,10.49,0,Paid
9000260,500087,2026-01-29,1915.59,1771.25,1760.98,10.26,15,Late
9000261,500087,2026-04-29,1845.03,1874.22,1864.33,9.89,0,Paid
9000262,500088,2023-07-05,1242.7,1244.7,1236.88,7.82,0,Paid
9000263,500088,2023-10-03,1159.9,1163.61,1156.31,7.3,0,Paid
9000264,500088,2024-01-01,1194.11,1223.01,1215.5,7.51,0,Paid
9000265,500089,2022-12-22,2289.58,2328.04,2316.82,11.22,0,Paid
9000266,500089,2023-03-22,2360.9,2323.55,2311.98,11.57,0,Paid
9000267,500089,2023-06-20,2480.94,2441.85,2429.69,12.16,0,Paid
9000268,500090,2023-04-05,10557.0,10449.02,10355.68,93.34,0,Paid
9000269,500090,2023-07-04,10321.51,10247.57,10156.31,91.26,0,Paid
9000270,500090,2023-10-02,10423.5,7917.85,7825.69,92.16,30,Late
9000271,500091,2019-04-17,1082.53,854.08,844.59,9.48,120,Late
9000272,500091,2019-07-16,1158.9,956.59,946.44,10.15,60,Late
9000273,500091,2019-10-14,1110.41,861.87,852.15,9.73,120,Late
9000274,500092,2020-11-28,921.81,946.09,940.56,5.53,0,Paid
9000275,500092,2021-02-26,975.31,955.84,949.98,5.85,0,Paid
9000276,500092,2021-05-27,1007.71,1013.4,1007.36,6.05,0,Paid
9000277,500093,2019-10-07,875.03,775.59,768.4,7.19,60,Late
9000278,500093,2020-01-05,849.24,663.95,656.98,6.98,60,Late
9000279,500093,2020-04-04,911.05,922.33,914.84,7.49,45,Late
9000280,500094,2023-10-03,8215.56,6750.46,6716.57,33.89,30,Late
9000281,500094,2024-01-01,8872.58,8763.59,8726.99,36.6,0,Paid
9000282,500094,2024-03-31,8570.77,8573.52,8538.17,35.35,0,Paid
9000283,500095,2023-06-06,7691.57,6521.95,6453.62,68.33,45,Late
9000284,500095,2023-09-04,7655.92,6580.22,6512.21,68.01,45,Late
9000285,500095,2023-12-03,7605.74,7557.47,7489.91,67.56,0,Paid
9000286,500096,2024-10-19,15493.28,15246.79,15138.34,108.45,0,Paid
9000287,500096,2025-01-17,15186.31,12369.69,12263.38,106.3,5,Late
9000288,500096,2025-04-17,14808.78,14975.84,14872.18,103.66,0,Paid
9000289,500097,2025-02-11,10843.86,10904.27,10836.13,68.14,0,Paid
9000290,500097,2025-05-12,11102.37,10980.78,10911.02,69.76,0,Paid
9000291,500097,2025-08-10,11292.6,11574.04,11503.08,70.96,0,Paid
9000292,500098,2023-09-17,1386.37,1320.35,1307.01,13.33,30,Late
9000293,500098,2023-12-16,1352.35,1076.17,1063.17,13.01,60,Late
9000294,500098,2024-03-15,1451.69,1325.8,1311.84,13.96,30,Late
9000295,500099,2024-08-30,5972.57,4971.85,4944.48,27.37,10,Late
9000296,500099,2024-11-28,6190.77,6038.1,6009.72,28.37,0,Paid
9000297,500099,2025-02-26,6112.25,5932.68,5904.67,28.01,5,Late
9000298,500100,2019-04-12,14754.73,14744.51,14628.68,115.82,0,Paid
9000299,500100,2019-07-11,15067.43,15255.81,15137.53,118.28,0,Paid
9000300,500100,2019-10-09,15561.79,13143.54,13021.38,122.16,45,Late
9000301,500101,2024-04-13,2673.28,2114.11,2084.93,29.18,15,Late
9000302,500101,2024-07-12,2568.27,2623.78,2595.75,28.04,0,Paid
9000303,500101,2024-10-10,2452.75,1905.55,1878.77,26.78,10,Late
9000304,500102,2019-09-08,14109.78,13776.91,13627.58,149.33,0,Paid
9000305,500102,2019-12-07,14399.6,14670.93,14518.53,152.4,0,Paid
9000306,500102,2020-03-06,14775.06,14971.36,14814.99,156.37,0,Paid
9000307,500103,2021-06-27,1393.3,1365.29,1350.58,14.71,0,Paid
9000308,500103,2021-09-25,1368.85,1350.57,1336.12,14.45,0,Paid
9000309,500103,2021-12-24,1386.38,1369.77,1355.13,14.64,0,Paid
9000310,500104,2023-08-28,1840.78,1802.88,1785.09,17.79,0,Paid
9000311,500104,2023-11-26,1835.73,1865.02,1847.27,17.75,0,Paid
9000312,500104,2024-02-24,1840.87,1870.12,1852.32,17.8,0,Paid
9000313,500105,2019-03-16,2473.38,2510.02,2502.45,7.56,90,Late
9000314,500105,2019-06-14,2380.33,2446.69,2439.42,7.28,0,Paid
9000315,500105,2019-09-12,2356.91,2380.37,2373.16,7.21,0,Paid
9000316,500106,2023-10-10,5634.09,5714.37,5665.68,48.69,0,Paid
9000317,500106,2024-01-08,5615.1,5756.78,5708.26,48.52,0,Paid
9000318,500106,2024-04-07,6143.0,6161.72,6108.64,53.09,0,Paid
9000319,500107,2021-11-11,1381.78,1376.53,1371.69,4.84,0,Paid
9000320,500107,2022-02-09,1439.53,1443.53,1438.49,5.04,0,Paid
9000321,500107,2022-05-10,1419.91,1155.36,1150.39,4.97,15,Late
9000322,500108,2025-02-10,12200.29,12313.71,12171.98,141.73,0,Paid
9000323,500108,2025-05-11,12006.6,9728.06,9588.58,139.48,30,Late
9000324,500108,2025-08-09,11691.42,11861.56,11725.75,135.82,0,Paid
9000325,500109,2021-07-05,9535.61,9580.3,9542.72,37.59,0,Paid
9000326,500109,2021-10-03,9691.35,9666.43,9628.23,38.2,0,Paid
9000327,500109,2022-01-01,9494.64,9236.13,9198.7,37.42,0,Paid
9000328,500110,2024-11-01,1637.84,1469.07,1460.92,8.15,45,Late
9000329,500110,2025-01-30,1573.63,1592.83,1585.0,7.83,0,Paid
9000330,500110,2025-04-30,1579.03,1299.4,1291.54,7.86,60,Late
9000331,500111,2022-09-08,557.96,571.35,567.42,3.93,0,Paid
9000332,500111,2022-12-07,548.01,562.53,558.67,3.86,0,Paid
9000333,500111,2023-03-07,562.58,562.2,558.23,3.97,0,Paid
9000334,500112,2021-03-27,7779.77,6752.23,6658.42,93.81,15,Late
9000335,500112,2021-06-25,8073.39,6172.37,6075.02,97.35,15,Late
9000336,500112,2021-09-23,7628.89,7438.67,7346.68,91.99,0,Paid
9000337,500113,2024-07-22,985.62,1014.22,1003.18,11.04,0,Paid
9000338,500113,2024-10-20,1010.66,1000.01,988.69,11.32,0,Paid
9000339,500113,2025-01-18,988.09,758.87,747.8,11.07,5,Late
9000340,500114,2022-02-14,12098.69,11806.16,11674.28,131.88,0,Paid
9000341,500114,2022-05-15,11401.87,11418.43,11294.15,124.28,45,Late
9000342,500114,2022-08-13,11499.19,11399.44,11274.1,125.34,0,Paid
9000343,500115,2022-12-10,1265.71,1274.83,1259.86,14.98,10,Late
9000344,500115,2023-03-10,1285.44,1297.2,1281.99,15.21,0,Paid
9000345,500115,2023-06-08,1271.78,1277.71,1262.67,15.05,0,Paid
9000346,500116,2024-02-01,14651.82,12207.91,12119.75,88.16,45,Late
9000347,500116,2024-05-01,14819.89,14643.17,14554.01,89.17,0,Paid
9000348,500116,2024-07-30,15251.63,14981.16,14889.39,91.76,0,Paid
9000349,500117,2025-09-26,5467.11,5544.47,5506.2,38.27,0,Paid
9000350,500117,2025-12-25,5492.91,5227.89,5189.44,38.45,5,Late
9000351,500117,2026-03-25,5274.47,4272.82,4235.89,36.92,45,Late
9000352,500118,2023-08-20,10551.94,10678.59,10554.6,123.99,0,Paid
9000353,500118,2023-11-18,10066.46,9910.96,9792.68,118.28,0,Paid
9000354,500118,2024-02-16,10045.21,9975.73,9857.7,118.03,0,Paid
9000355,500119,2021-10-02,7962.97,7916.44,7859.1,57.33,60,Late
9000356,500119,2021-12-31,8049.81,6762.47,6704.51,57.96,60,Late
9000357,500119,2022-03-31,7892.76,6507.02,6450.2,56.83,90,Late
9000358,500120,2023-01-25,506.44,496.98,495.42,1.56,0,Paid
9000359,500120,2023-04-25,485.66,440.55,439.06,1.49,5,Late
9000360,500120,2023-07-24,470.3,461.77,460.32,1.45,0,Paid
9000361,500121,2023-11-23,1166.07,882.26,869.17,13.09,90,Late
9000362,500121,2024-02-21,1100.66,1072.07,1059.72,12.35,0,Paid
9000363,500121,2024-05-21,1130.03,1136.53,1123.85,12.68,0,Paid
9000364,500122,2021-07-16,626.27,518.26,511.83,6.43,30,Late
9000365,500122,2021-10-14,634.96,506.01,499.49,6.52,45,Late
9000366,500122,2022-01-12,633.32,610.12,603.62,6.5,15,Late
9000367,500123,2022-01-21,1522.03,1527.36,1510.35,17.01,0,Paid
9000368,500123,2022-04-21,1572.86,1373.08,1355.5,17.58,90,Late
9000369,500123,2022-07-20,1560.28,1495.93,1478.49,17.44,15,Late
9000370,500124,2019-06-16,12339.94,10930.15,10818.47,111.68,60,Late
9000371,500124,2019-09-14,12147.51,12036.04,11926.11,109.93,60,Late
9000372,500124,2019-12-13,13061.54,11030.63,10912.43,118.21,60,Late
9000373,500125,2021-12-06,6434.33,6358.23,6333.08,25.15,0,Paid
9000374,500125,2022-03-06,6399.26,6336.39,6311.38,25.01,0,Paid
9000375,500125,2022-06-04,6177.78,6191.64,6167.49,24.14,0,Paid
9000376,500126,2020-07-22,6532.69,6498.4,6434.1,64.29,0,Paid
9000377,500126,2020-10-20,6839.44,6820.53,6753.22,67.31,0,Paid
9000378,500126,2021-01-18,6508.64,6566.35,6502.3,64.06,0,Paid
9000379,500127,2020-12-25,14257.57,14648.82,14499.71,149.11,45,Late
9000380,500127,2021-03-25,15404.42,14974.43,14813.33,161.1,0,Paid
9000381,500127,2021-06-23,15303.02,14911.2,14751.16,160.04,0,Paid
9000382,500128,2023-12-10,14381.25,14011.62,13843.35,168.26,0,Paid
9000383,500128,2024-03-09,15615.09,15189.76,15007.07,182.7,0,Paid
9000384,500128,2024-06-07,15469.37,15306.63,15125.63,180.99,0,Paid
9000385,500129,2019-11-30,10563.14,8640.0,8551.62,88.38,15,Late
9000386,500129,2020-02-28,10730.73,10669.89,10580.11,89.78,0,Paid
9000387,500129,2020-05-28,10447.9,10523.6,10436.18,87.41,0,Paid
9000388,500130,2020-10-08,13964.38,14290.56,14124.5,166.06,0,Paid
9000389,500130,2021-01-06,13647.95,13642.6,13480.31,162.3,0,Paid
9000390,500130,2021-04-06,14434.8,14746.82,14575.16,171.65,0,Paid
9000391,500131,2025-06-15,1055.52,1071.39,1065.62,5.77,0,Paid
9000392,500131,2025-09-13,1028.66,1006.68,1001.06,5.62,0,Paid
9000393,500131,2025-12-12,1060.33,1048.49,1042.7,5.8,5,Late
9000394,500132,2022-04-06,12945.64,12799.06,12693.77,105.29,0,Paid
9000395,500132,2022-07-05,13506.24,13778.79,13668.94,109.85,0,Paid
9000396,500132,2022-10-03,13243.75,13612.92,13505.2,107.72,10,Late
9000397,500133,2021-01-06,1572.08,1607.11,1589.81,17.29,0,Paid
9000398,500133,2021-04-06,1436.27,1459.3,1443.5,15.8,0,Paid
9000399,500133,2021-07-05,1439.38,1445.32,1429.49,15.83,0,Paid
9000400,500134,2023-02-08,465.63,474.48,472.46,2.02,0,Paid
9000401,500134,2023-05-09,430.9,425.89,424.02,1.87,0,Paid
9000402,500134,2023-08-07,459.44,440.38,438.38,1.99,10,Late
9000403,500135,2020-09-07,14935.33,15237.86,15082.03,155.83,0,Paid
9000404,500135,2020-12-06,15552.0,16015.23,15852.97,162.26,0,Paid
9000405,500135,2021-03-06,15062.46,15364.7,15207.55,157.15,0,Paid
9000406,500136,2020-07-30,2006.06,1967.02,1945.34,21.68,120,Late
9000407,500136,2020-10-28,1935.41,1505.02,1484.1,20.92,120,Late
9000408,500136,2021-01-26,2014.85,1694.68,1672.9,21.78,45,Late
9000409,500137,2024-02-20,1275.07,1261.5,1257.38,4.12,0,Paid
9000410,500137,2024-05-20,1284.83,1303.5,1299.35,4.15,0,Paid
9000411,500137,2024-08-18,1300.75,1334.12,1329.92,4.21,0,Paid
9000412,500138,2024-09-22,14295.23,14324.99,14210.63,114.36,0,Paid
9000413,500138,2024-12-21,14279.01,14563.56,14449.33,114.23,0,Paid
9000414,500138,2025-03-21,15137.95,15510.44,15389.33,121.1,0,Paid
9000415,500139,2019-06-06,2155.15,1632.01,1614.95,17.06,45,Late
9000416,500139,2019-09-04,1955.42,1817.6,1802.12,15.48,45,Late
9000417,500139,2019-12-03,2067.51,2036.77,2020.41,16.37,15,Late
9000418,500140,2024-11-06,5002.19,5138.59,5118.42,20.18,0,Paid
9000419,500140,2025-02-04,4977.59,4905.15,4885.07,20.08,0,Paid
9000420,500140,2025-05-05,5104.33,4032.11,4011.52,20.59,5,Late
9000421,500141,2021-12-19,6039.46,5961.21,5906.55,54.66,0,Paid
9000422,500141,2022-03-19,6244.51,6131.29,6074.78,56.51,0,Paid
9000423,500141,2022-06-17,6231.51,6261.56,6205.17,56.4,30,Late
9000424,500142,2023-03-12,6696.04,6867.82,6806.28,61.55,5,Late
9000425,500142,2023-06-10,6983.21,6948.36,6884.17,64.19,0,Paid
9000426,500142,2023-09-08,6920.56,6741.5,6677.88,63.61,0,Paid
9000427,500143,2021-04-26,3792.35,3845.29,3830.94,14.35,0,Paid
9000428,500143,2021-07-25,3747.08,3657.49,3643.31,14.18,0,Paid
9000429,500143,2021-10-23,3771.19,3771.39,3757.13,14.27,0,Paid
9000430,500144,2019-05-21,1725.5,1363.98,1355.27,8.71,30,Late
9000431,500144,2019-08-19,1741.36,1434.13,1425.34,8.79,30,Late
9000432,500144,2019-11-17,1796.48,1471.16,1462.09,9.07,45,Late
9000433,500145,2019-02-15,498.2,489.55,486.63,2.92,0,Paid
9000434,500145,2019-05-16,481.67,490.75,487.93,2.83,0,Paid
9000435,500145,2019-08-14,494.15,486.93,484.03,2.9,0,Paid
9000436,500146,2025-06-20,4861.33,3855.33,3830.45,24.87,60,Late
9000437,500146,2025-09-18,4740.32,4555.2,4530.94,24.25,30,Late
9000438,500146,2025-12-17,4685.03,4220.56,4196.59,23.97,60,Late
9000439,500147,2023-07-09,6374.58,6346.76,6273.99,72.78,0,Paid
9000440,500147,2023-10-07,6032.53,6165.95,6097.08,68.87,0,Paid
9000441,500147,2024-01-05,6195.62,6307.39,6236.66,70.73,0,Paid
9000442,500148,2020-01-17,295.66,279.11,276.62,2.49,30,Late
9000443,500148,2020-04-16,316.65,325.84,323.18,2.66,0,Paid
9000444,500148,2020-07-15,310.37,301.84,299.23,2.61,0,Paid
9000445,500149,2022-06-02,2871.78,2941.53,2907.84,33.7,0,Paid
9000446,500149,2022-08-31,3096.54,2917.71,2881.38,36.33,5,Late
9000447,500149,2022-11-29,2966.68,2934.08,2899.27,34.81,0,Paid
9000448,500150,2024-08-24,11311.58,8818.71,8686.55,132.16,60,Late
9000449,500150,2024-11-22,11708.82,9224.47,9087.68,136.8,120,Late
9000450,500150,2025-02-20,11249.37,8732.13,8600.7,131.43,60,Late
9000451,500151,2019-04-19,487.85,413.94,412.19,1.75,60,Late
9000452,500151,2019-07-18,453.05,386.89,385.26,1.63,10,Late
9000453,500151,2019-10-16,456.83,387.82,386.18,1.64,5,Late
9000454,500152,2019-02-15,7457.84,7277.35,7200.6,76.75,0,Paid
9000455,500152,2019-05-16,7246.92,7439.43,7364.85,74.58,0,Paid
9000456,500152,2019-08-14,6859.85,6858.02,6787.42,70.6,0,Paid
9000457,500153,2020-01-01,5103.98,3947.53,3899.3,48.23,30,Late
9000458,500153,2020-03-31,5353.31,4966.37,4915.78,50.59,30,Late
9000459,500153,2020-06-29,5028.37,4956.66,4909.15,47.52,0,Paid
9000460,500154,2020-04-23,11830.58,9566.49,9494.62,71.87,5,Late
9000461,500154,2020-07-22,12044.8,11789.66,11716.49,73.17,0,Paid
9000462,500154,2020-10-20,12180.84,12338.71,12264.71,74.0,0,Paid
9000463,500155,2021-04-03,320.4,320.79,318.54,2.25,0,Paid
9000464,500155,2021-07-02,312.84,308.3,306.1,2.19,0,Paid
9000465,500155,2021-09-30,332.66,334.04,331.71,2.33,0,Paid
9000466,500156,2025-05-01,2425.97,2464.35,2453.09,11.26,0,Paid
9000467,500156,2025-07-30,2456.13,2477.58,2466.18,11.4,0,Paid
9000468,500156,2025-10-28,2471.88,2390.86,2379.39,11.47,30,Late
9000469,500157,2020-01-18,11955.05,10879.32,10739.35,139.97,5,Late
9000470,500157,2020-04-17,12078.0,11811.25,11669.84,141.41,0,Paid
9000471,500157,2020-07-16,12011.72,12041.67,11901.04,140.64,30,Late
9000472,500158,2019-04-02,1356.61,1396.87,1392.63,4.24,0,Paid
9000473,500158,2019-07-01,1284.31,1267.77,1263.76,4.01,0,Paid
9000474,500158,2019-09-29,1311.45,1082.2,1078.1,4.1,30,Late
9000475,500159,2021-01-16,1469.5,1185.37,1174.08,11.29,30,Late
9000476,500159,2021-04-16,1461.81,1361.5,1350.27,11.23,15,Late
9000477,500159,2021-07-15,1472.47,1487.62,1476.31,11.31,60,Late
9000478,500160,2020-08-03,3057.92,3085.2,3053.24,31.96,0,Paid
9000479,500160,2020-11-01,3153.0,2641.02,2608.07,32.95,30,Late
9000480,500160,2021-01-30,2960.69,2681.32,2650.38,30.94,15,Late
9000481,500161,2023-12-13,14478.41,14688.82,14600.38,88.44,0,Paid
9000482,500161,2024-03-12,13406.57,13795.58,13713.69,81.89,5,Late
9000483,500161,2024-06-10,13987.32,13638.74,13553.31,85.44,0,Paid
9000484,500162,2019-09-13,14363.61,12437.45,12337.98,99.47,120,Late
9000485,500162,2019-12-12,14361.9,13315.91,13216.45,99.46,45,Late
9000486,500162,2020-03-11,14012.59,13882.43,13785.39,97.04,60,Late
9000487,500163,2022-11-02,644.03,650.8,646.31,4.49,0,Paid
9000488,500163,2023-01-31,604.68,620.18,615.97,4.22,0,Paid
9000489,500163,2023-05-01,621.44,568.21,563.87,4.33,10,Late
9000490,500164,2021-10-15,158.47,136.46,135.37,1.08,60,Late
9000491,500164,2022-01-13,149.26,141.38,140.36,1.02,30,Late
9000492,500164,2022-04-13,161.56,164.86,163.76,1.1,0,Paid
9000493,500165,2022-09-07,14611.13,14716.95,14592.27,124.68,0,Paid
9000494,500165,2022-12-06,15687.28,14198.22,14064.36,133.86,10,Late
9000495,500165,2023-03-06,15460.17,14700.6,14568.67,131.93,90,Late
9000496,500166,2024-02-28,1347.49,1322.22,1316.71,5.51,0,Paid
9000497,500166,2024-05-28,1323.98,1287.09,1281.68,5.42,90,Late
9000498,500166,2024-08-26,1333.79,1305.47,1300.01,5.46,0,Paid
9000499,500167,2021-10-30,2181.15,2051.82,2045.35,6.47,10,Late
9000500,500167,2022-01-28,2078.35,2106.72,2100.55,6.17,0,Paid
9000501,500167,2022-04-28,2223.18,2232.24,2225.64,6.6,0,Paid
9000502,500168,2021-03-06,2104.55,2111.2,2098.12,13.08,15,Late
9000503,500168,2021-06-04,2075.92,2060.06,2047.15,12.91,90,Late
9000504,500168,2021-09-02,2131.92,1681.38,1668.12,13.25,5,Late
9000505,500169,2020-07-19,8967.41,8032.6,7958.02,74.58,5,Late
9000506,500169,2020-10-17,9286.77,8249.48,8172.25,77.23,5,Late
9000507,500169,2021-01-15,8893.76,8917.14,8843.17,73.97,0,Paid
9000508,500170,2023-06-19,1474.47,1411.62,1405.32,6.3,60,Late
9000509,500170,2023-09-17,1475.53,1448.97,1442.66,6.31,60,Late
9000510,500170,2023-12-16,1463.63,1295.26,1289.0,6.26,120,Late
9000511,500171,2023-07-24,1725.64,1679.86,1660.46,19.4,0,Paid
9000512,500171,2023-10-22,1654.5,1540.0,1521.4,18.6,5,Late
9000513,500171,2024-01-20,1706.76,1494.58,1475.4,19.19,30,Late
9000514,500172,2020-02-25,946.69,932.66,922.31,10.34,15,Late
9000515,500172,2020-05-25,894.14,715.86,706.09,9.77,15,Late
9000516,500172,2020-08-23,957.78,857.34,846.88,10.46,45,Late
9000517,500173,2021-04-03,14323.31,14091.24,13990.74,100.5,0,Paid
9000518,500173,2021-07-02,15344.68,15051.1,14943.43,107.67,0,Paid
9000519,500173,2021-09-30,14293.02,14099.55,13999.26,100.29,0,Paid
9000520,500174,2020-03-26,11071.52,10793.33,10754.3,39.03,0,Paid
9000521,500174,2020-06-24,11556.81,11831.53,11790.79,40.74,0,Paid
9000522,500174,2020-09-22,11810.6,11951.0,11909.37,41.63,0,Paid
9000523,500175,2019-08-10,6175.68,5166.95,5126.14,40.81,30,Late
9000524,500175,2019-11-08,5986.8,4599.07,4559.5,39.56,15,Late
9000525,500175,2020-02-06,5803.27,4714.72,4676.37,38.35,15,Late
9000526,500176,2021-06-23,15671.65,15783.7,15723.23,60.47,0,Paid
9000527,500176,2021-09-21,15511.48,15554.65,15494.8,59.85,0,Paid
9000528,500176,2021-12-20,14531.97,14150.97,14094.9,56.07,30,Late
9000529,500177,2020-06-10,2102.47,2120.88,2111.49,9.39,0,Paid
9000530,500177,2020-09-08,2138.0,2105.22,2095.67,9.55,0,Paid
9000531,500177,2020-12-07,2041.18,2052.29,2043.17,9.12,0,Paid
9000532,500178,2023-06-30,6040.23,6072.92,6029.88,43.04,0,Paid
9000533,500178,2023-09-28,6331.33,5745.91,5700.8,45.11,45,Late
9000534,500178,2023-12-27,6469.56,6386.54,6340.44,46.1,0,Paid
9000535,500179,2025-03-22,2388.74,2339.73,2312.8,26.93,0,Paid
9000536,500179,2025-06-20,2277.44,2311.94,2286.26,25.68,0,Paid
9000537,500179,2025-09-18,2310.87,2352.06,2326.01,26.06,0,Paid
9000538,500180,2020-07-04,1294.91,1292.92,1283.41,9.51,0,Paid
9000539,500180,2020-10-02,1298.51,1302.72,1293.19,9.53,0,Paid
9000540,500180,2020-12-31,1203.37,1230.35,1221.51,8.83,0,Paid
9000541,500181,2021-07-09,12747.15,13088.96,13037.44,51.52,0,Paid
9000542,500181,2021-10-07,12994.52,13336.3,13283.78,52.52,0,Paid
9000543,500181,2022-01-05,13506.72,13165.79,13111.2,54.59,0,Paid
9000544,500182,2020-08-29,15707.17,15828.4,15774.86,53.54,0,Paid
9000545,500182,2020-11-27,15596.63,13111.81,13058.66,53.16,30,Late
9000546,500182,2021-02-25,15023.81,15435.08,15383.88,51.21,0,Paid
9000547,500183,2024-12-17,7453.97,7374.46,7312.59,61.87,0,Paid
9000548,500183,2025-03-17,7287.02,7229.74,7169.26,60.48,0,Paid
9000549,500183,2025-06-15,7043.91,7215.47,7157.0,58.46,0,Paid
9000550,500184,2024-07-03,869.16,659.61,654.35,5.27,30,Late
9000551,500184,2024-10-01,885.69,896.37,891.01,5.37,0,Paid
9000552,500184,2024-12-30,883.51,890.28,884.93,5.35,0,Paid
9000553,500185,2023-08-10,10846.75,8313.79,8244.1,69.69,5,Late
9000554,500185,2023-11-08,10467.19,10456.89,10389.64,67.25,30,Late
9000555,500185,2024-02-06,10425.17,10312.58,10245.6,66.98,0,Paid
9000556,500186,2022-06-30,4029.96,3388.57,3369.9,18.67,45,Late
9000557,500186,2022-09-28,4255.28,4373.55,4353.83,19.72,0,Paid
9000558,500186,2022-12-27,4196.13,4302.71,4283.27,19.44,0,Paid
9000559,500187,2023-11-01,7888.38,8090.32,8025.96,64.36,0,Paid
9000560,500187,2024-01-30,7832.83,7619.13,7555.23,63.9,0,Paid
9000561,500187,2024-04-29,8127.7,8315.53,8249.22,66.31,0,Paid
9000562,500188,2024-09-07,2167.0,2226.51,2208.0,18.51,0,Paid
9000563,500188,2024-12-06,2142.77,2194.37,2176.07,18.3,0,Paid
9000564,500188,2025-03-06,2148.65,2197.86,2179.51,18.35,0,Paid
9000565,500189,2025-01-31,15003.91,14972.09,14816.55,155.54,0,Paid
9000566,500189,2025-05-01,14334.77,14695.81,14547.21,148.6,0,Paid
9000567,500189,2025-07-30,14993.11,15437.12,15281.69,155.43,0,Paid
9000568,500190,2025-06-26,10806.74,10760.39,10641.78,118.6,0,Paid
9000569,500190,2025-09-24,11885.59,12095.0,11964.55,130.44,0,Paid
9000570,500190,2025-12-23,10845.69,9080.87,8961.84,119.03,10,Late
9000571,500191,2019-03-23,975.07,986.9,983.97,2.93,0,Paid
9000572,500191,2019-06-21,902.02,914.5,911.8,2.71,0,Paid
9000573,500191,2019-09-19,896.54,821.68,818.99,2.69,15,Late
9000574,500192,2025-04-16,700.99,682.72,679.33,3.39,0,Paid
9000575,500192,2025-07-15,750.11,762.72,759.09,3.63,0,Paid
9000576,500192,2025-10-13,696.0,562.73,559.36,3.37,5,Late
9000577,500193,2019-09-01,501.95,503.22,501.73,1.49,0,Paid
9000578,500193,2019-11-30,503.04,512.81,511.32,1.49,0,Paid
9000579,500193,2020-02-28,503.97,510.32,508.82,1.5,0,Paid
9000580,500194,2024-09-01,1558.48,1522.8,1504.41,18.39,0,Paid
9000581,500194,2024-11-30,1457.1,1427.49,1410.29,17.19,10,Late
9000582,500194,2025-02-28,1538.92,1563.6,1545.44,18.16,0,Paid
9000583,500195,2024-06-24,9810.14,8959.45,8915.31,44.15,5,Late
9000584,500195,2024-09-22,9952.26,7514.93,7470.15,44.79,15,Late
9000585,500195,2024-12-21,9882.65,9753.89,9709.41,44.47,0,Paid
9000586,500196,2019-07-30,12231.25,11609.12,11558.05,51.07,5,Late
9000587,500196,2019-10-28,13123.27,13392.73,13337.94,54.79,90,Late
9000588,500196,2020-01-26,12682.05,12343.68,12290.73,52.95,5,Late
9000589,500197,2020-12-03,9259.08,7825.93,7776.24,49.69,90,Late
9000590,500197,2021-03-03,8814.62,8812.8,8765.5,47.31,45,Late
9000591,500197,2021-06-01,8544.77,7063.7,7017.84,45.86,90,Late
9000592,500198,2021-06-12,2747.11,2818.75,2804.45,14.31,0,Paid
9000593,500198,2021-09-10,2735.69,2426.37,2412.12,14.25,15,Late
9000594,500198,2021-12-09,2847.12,2788.57,2773.75,14.83,0,Paid
9000595,500199,2021-08-18,5260.69,5390.29,5346.37,43.93,0,Paid
9000596,500199,2021-11-16,5155.46,4902.61,4859.56,43.05,30,Late
9000597,500199,2022-02-14,5462.02,5385.06,5339.45,45.61,0,Paid
9000598,500200,2023-09-29,941.83,920.87,912.31,8.55,0,Paid
9000599,500200,2023-12-28,921.97,925.13,916.75,8.37,0,Paid
9000600,500200,2024-03-27,867.93,744.64,736.76,7.88,10,Late
9000601,500201,2022-09-15,1416.27,1384.25,1369.63,14.62,0,Paid
9000602,500201,2022-12-14,1352.99,1361.7,1347.73,13.97,0,Paid
9000603,500201,2023-03-14,1360.41,1396.12,1382.07,14.05,0,Paid
9000604,500202,2020-01-30,14809.77,14830.57,14750.85,79.73,0,Paid
9000605,500202,2020-04-29,14065.52,13979.33,13903.61,75.72,0,Paid
9000606,500202,2020-07-28,14593.31,14029.07,13950.51,78.56,15,Late
9000607,500203,2020-07-04,8297.62,8337.86,8250.18,87.68,60,Late
9000608,500203,2020-10-02,8465.53,7414.53,7325.08,89.45,10,Late
9000609,500203,2020-12-31,8473.86,8608.06,8518.52,89.54,0,Paid
9000610,500204,2022-01-05,1463.73,1457.1,1444.8,12.3,0,Paid
9000611,500204,2022-04-05,1568.48,1331.67,1318.5,13.18,5,Late
9000612,500204,2022-07-04,1579.02,1569.52,1556.25,13.26,0,Paid
9000613,500205,2019-04-01,441.83,447.31,444.06,3.25,0,Paid
9000614,500205,2019-06-30,470.9,478.51,475.04,3.47,0,Paid
9000615,500205,2019-09-28,473.69,468.0,464.51,3.49,0,Paid
9000616,500206,2025-07-02,14871.63,11847.03,11803.03,44.0,45,Late
9000617,500206,2025-09-30,15327.7,14992.11,14946.76,45.34,0,Paid
9000618,500206,2025-12-29,15471.41,12580.43,12534.66,45.77,90,Late
9000619,500207,2021-01-21,970.74,905.18,900.86,4.31,5,Late
9000620,500207,2021-04-21,912.65,732.78,728.72,4.05,30,Late
9000621,500207,2021-07-20,967.77,943.04,938.74,4.3,0,Paid
9000622,500208,2022-04-12,1066.32,944.24,936.76,7.47,15,Late
9000623,500208,2022-07-11,1063.75,1093.03,1085.58,7.46,45,Late
9000624,500208,2022-10-09,1013.66,895.45,888.34,7.1,45,Late
9000625,500209,2023-02-05,13974.67,13570.61,13482.57,88.04,0,Paid
9000626,500209,2023-05-06,14510.09,14222.33,14130.92,91.41,0,Paid
9000627,500209,2023-08-04,14667.49,12227.07,12134.66,92.41,5,Late
9000628,500210,2022-03-28,15600.8,15652.08,15522.2,129.88,0,Paid
9000629,500210,2022-06-26,14951.02,12099.05,11974.58,124.47,10,Late
9000630,500210,2022-09-24,14929.23,13216.99,13092.7,124.29,60,Late
9000631,500211,2020-11-30,8740.41,8021.5,7981.3,40.21,120,Late
9000632,500211,2021-02-28,9088.97,8389.14,8347.33,41.81,60,Late
9000633,500211,2021-05-29,9233.8,8485.53,8443.06,42.48,120,Late
9000634,500212,2019-08-17,1053.03,816.79,805.83,10.97,10,Late
9000635,500212,2019-11-15,977.56,972.16,961.98,10.18,0,Paid
9000636,500212,2020-02-13,1003.35,935.1,924.65,10.45,10,Late
9000637,500213,2020-04-18,1661.85,1663.72,1653.46,10.26,60,Late
9000638,500213,2020-07-17,1665.22,1649.57,1639.29,10.28,0,Paid
9000639,500213,2020-10-15,1623.28,1582.06,1572.04,10.02,0,Paid
9000640,500214,2023-02-05,1018.44,771.28,762.88,8.4,45,Late
9000641,500214,2023-05-06,1019.36,843.35,834.94,8.41,45,Late
9000642,500214,2023-08-04,1039.33,877.7,869.12,8.57,90,Late
9000643,500215,2024-12-03,9243.73,7817.0,7773.32,43.68,5,Late
9000644,500215,2025-03-03,9873.76,10013.53,9966.87,46.65,0,Paid
9000645,500215,2025-06-01,9911.29,8173.89,8127.06,46.83,15,Late
9000646,500216,2025-06-01,15416.29,15725.86,15607.02,118.83,0,Paid
9000647,500216,2025-08-30,15075.74,14939.58,14823.37,116.21,90,Late
9000648,500216,2025-11-28,14675.23,13079.88,12966.75,113.12,45,Late
9000649,500217,2023-07-03,8311.19,8460.57,8389.09,71.48,0,Paid
9000650,500217,2023-10-01,8060.42,8164.06,8094.74,69.32,0,Paid
9000651,500217,2023-12-30,8863.68,8694.6,8618.37,76.23,0,Paid
9000652,500218,2020-08-10,14611.87,14818.67,14685.1,133.58,0,Paid
9000653,500218,2020-11-08,15065.22,14765.98,14628.26,137.72,0,Paid
9000654,500218,2021-02-06,15016.96,15154.63,15017.35,137.28,5,Late
9000655,500219,2024-04-07,15384.98,15195.41,15099.25,96.16,0,Paid
9000656,500219,2024-07-06,15084.13,15099.43,15005.15,94.28,0,Paid
9000657,500219,2024-10-04,15145.35,14946.08,14851.42,94.66,0,Paid
9000658,500220,2019-04-07,10763.55,11066.39,10988.71,77.68,0,Paid
9000659,500220,2019-07-06,10315.79,10279.69,10205.25,74.45,0,Paid
9000660,500220,2019-10-04,10558.22,10595.55,10519.35,76.2,0,Paid
9000661,500221,2023-12-14,5790.99,5707.22,5640.33,66.89,0,Paid
9000662,500221,2024-03-13,5750.67,4323.67,4257.25,66.42,5,Late
9000663,500221,2024-06-11,5723.07,5773.38,5707.28,66.1,0,Paid
9000664,500222,2019-11-07,14724.58,14667.14,14607.75,59.39,0,Paid
9000665,500222,2020-02-05,15367.75,13298.29,13236.31,61.98,5,Late
9000666,500222,2020-05-05,14275.17,14310.06,14252.49,57.58,0,Paid
9000667,500223,2020-12-06,14546.88,14923.92,14827.54,96.37,0,Paid
9000668,500223,2021-03-06,14314.91,13594.74,13499.9,94.84,90,Late
9000669,500223,2021-06-04,14692.4,12154.3,12056.97,97.34,45,Late
9000670,500224,2021-11-13,1814.28,1506.75,1490.92,15.83,15,Late
9000671,500224,2022-02-11,1900.6,1904.68,1888.09,16.58,10,Late
9000672,500224,2022-05-12,1794.06,1743.33,1727.68,15.65,0,Paid
9000673,500225,2021-08-15,2028.3,1985.92,1972.13,13.79,0,Paid
9000674,500225,2021-11-13,2066.14,2078.45,2064.4,14.05,0,Paid
9000675,500225,2022-02-11,2071.34,1802.44,1788.35,14.09,10,Late
9000676,500226,2022-04-03,15153.35,13452.17,13281.95,170.22,45,Late
9000677,500226,2022-07-02,14457.3,11341.15,11178.74,162.4,45,Late
9000678,500226,2022-09-30,15412.54,14429.69,14256.56,173.13,60,Late
9000679,500227,2023-02-27,15467.91,15538.54,15398.29,140.24,0,Paid
9000680,500227,2023-05-28,14963.16,15230.18,15094.51,135.67,0,Paid
9000681,500227,2023-08-26,14947.7,14551.38,14415.85,135.53,0,Paid
9000682,500228,2022-08-15,2302.65,2300.41,2286.72,13.68,0,Paid
9000683,500228,2022-11-13,2181.32,2236.73,2223.77,12.96,0,Paid
9000684,500228,2023-02-11,2205.81,2182.92,2169.81,13.11,0,Paid
9000685,500229,2023-06-04,15099.26,13826.85,13719.9,106.95,10,Late
9000686,500229,2023-09-02,14320.68,14376.76,14275.32,101.44,0,Paid
9000687,500229,2023-12-01,15648.42,15299.42,15188.57,110.84,0,Paid
9000688,500230,2020-05-14,14955.51,15008.15,14918.42,89.73,0,Paid
9000689,500230,2020-08-12,14495.69,14506.69,14419.71,86.97,0,Paid
9000690,500230,2020-11-10,15012.58,14843.83,14753.75,90.08,0,Paid
9000691,500231,2021-09-04,742.3,603.36,595.14,8.22,15,Late
9000692,500231,2021-12-03,743.56,686.36,678.12,8.23,10,Late
9000693,500231,2022-03-03,749.36,574.55,566.25,8.3,90,Late
9000694,500232,2023-08-04,1427.45,1395.29,1386.67,8.61,0,Paid
9000695,500232,2023-11-02,1487.02,1502.14,1493.16,8.97,0,Paid
9000696,500232,2024-01-31,1439.47,1153.39,1144.7,8.68,90,Late
9000697,500233,2022-07-30,10882.29,9346.13,9278.03,68.11,45,Late
9000698,500233,2022-10-28,10209.8,7719.49,7655.6,63.9,15,Late
9000699,500233,2023-01-26,10725.68,8646.25,8579.13,67.12,60,Late
9000700,500234,2023-04-17,13668.44,12521.03,12403.48,117.55,10,Late
9000701,500234,2023-07-16,13468.18,13587.59,13471.76,115.83,0,Paid
9000702,500234,2023-10-14,13209.06,12395.33,12281.73,113.6,10,Late
9000703,500235,2024-04-02,10992.63,11126.13,11045.98,80.15,0,Paid
9000704,500235,2024-07-01,10909.85,11044.29,10964.74,79.55,0,Paid
9000705,500235,2024-09-29,10834.87,10655.28,10576.28,79.0,0,Paid
9000706,500236,2022-10-03,15000.15,13253.02,13140.02,113.0,15,Late
9000707,500236,2023-01-01,14553.42,14296.29,14186.65,109.64,0,Paid
9000708,500236,2023-04-01,15369.09,15332.81,15217.03,115.78,0,Paid
9000709,500237,2025-11-15,14987.34,14948.72,14862.42,86.3,120,Late
9000710,500237,2026-02-13,15685.45,11891.23,11800.91,90.32,90,Late
9000711,500237,2026-05-14,14990.4,15010.3,14923.98,86.32,120,Late
9000712,500238,2022-05-23,1815.55,1855.69,1843.98,11.71,0,Paid
9000713,500238,2022-08-21,1906.3,1922.79,1910.5,12.3,0,Paid
9000714,500238,2022-11-19,1852.08,1900.63,1888.69,11.95,0,Paid
9000715,500239,2020-06-13,14905.96,15131.35,14971.36,159.99,0,Paid
9000716,500239,2020-09-11,14402.86,14484.47,14329.88,154.59,0,Paid
9000717,500239,2020-12-10,14154.62,12408.55,12256.62,151.93,5,Late
9000718,500240,2024-12-04,15053.64,15047.03,14885.95,161.07,0,Paid
9000719,500240,2025-03-04,15327.21,15657.83,15493.83,164.0,0,Paid
9000720,500240,2025-06-02,14567.85,14751.25,14595.38,155.88,0,Paid
9000721,500241,2024-03-26,1911.6,1901.63,1879.39,22.24,45,Late
9000722,500241,2024-06-24,1869.95,1406.04,1384.29,21.75,120,Late
9000723,500241,2024-09-22,1869.16,1565.33,1543.59,21.74,90,Late
9000724,500242,2022-11-07,1082.94,944.0,932.08,11.92,60,Late
9000725,500242,2023-02-05,1065.66,835.41,823.68,11.73,15,Late
9000726,500242,2023-05-06,1068.33,977.23,965.47,11.76,30,Late
9000727,500243,2025-06-29,14036.49,13963.21,13822.26,140.95,0,Paid
9000728,500243,2025-09-27,13065.07,13333.03,13201.83,131.2,60,Late
9000729,500243,2025-12-26,13977.46,13733.22,13592.86,140.36,90,Late
9000730,500244,2021-11-14,14338.12,14635.02,14525.21,109.81,0,Paid
9000731,500244,2022-02-12,15131.3,11444.08,11328.2,115.88,10,Late
9000732,500244,2022-05-13,14527.9,14849.28,14738.02,111.26,0,Paid
9000733,500245,2024-08-09,14832.44,14695.3,14637.83,57.48,0,Paid
9000734,500245,2024-11-07,14205.51,14320.5,14265.46,55.05,0,Paid
9000735,500245,2025-02-05,14486.75,14132.29,14076.16,56.14,0,Paid
9000736,500246,2021-10-29,15261.76,15170.01,15095.86,74.15,0,Paid
9000737,500246,2022-01-27,15301.67,14011.17,13936.83,74.34,5,Late
9000738,500246,2022-04-27,14701.46,13091.69,13020.27,71.42,90,Late
9000739,500247,2019-02-14,1230.84,1254.54,1247.52,7.02,45,Late
9000740,500247,2019-05-15,1276.27,1284.41,1277.14,7.27,0,Paid
9000741,500247,2019-08-13,1285.29,1261.12,1253.79,7.33,0,Paid
9000742,500248,2023-05-16,960.7,745.75,736.42,9.33,90,Late
9000743,500248,2023-08-14,1007.93,996.5,986.71,9.79,0,Paid
9000744,500248,2023-11-12,951.42,944.49,935.24,9.24,0,Paid
9000745,500249,2025-06-01,7026.92,7092.54,7020.17,72.38,15,Late
9000746,500249,2025-08-30,7060.72,7218.14,7145.42,72.73,0,Paid
9000747,500249,2025-11-28,6791.06,5601.65,5531.7,69.95,10,Late
9000748,500250,2022-08-18,11952.27,11041.95,10994.34,47.61,15,Late
9000749,500250,2022-11-16,12525.98,12249.88,12199.99,49.9,0,Paid
9000750,500250,2023-02-14,12266.62,9219.61,9170.75,48.86,90,Late
9000751,500251,2021-05-31,4319.95,4345.54,4301.77,43.78,0,Paid
9000752,500251,2021-08-29,4284.04,4216.08,4172.67,43.41,0,Paid
9000753,500251,2021-11-27,4377.79,4261.62,4217.26,44.36,0,Paid
9000754,500252,2025-04-09,201.66,151.9,151.14,0.75,10,Late
9000755,500252,2025-07-08,194.74,194.47,193.74,0.73,0,Paid
9000756,500252,2025-10-06,192.73,157.44,156.72,0.72,30,Late
9000757,500253,2023-03-20,1963.07,1917.52,1906.5,11.03,0,Paid
9000758,500253,2023-06-18,2064.19,2036.67,2025.07,11.59,0,Paid
9000759,500253,2023-09-16,2097.53,2135.91,2124.13,11.78,0,Paid
9000760,500254,2025-02-05,6653.86,6132.06,6087.98,44.08,5,Late
9000761,500254,2025-05-06,6095.49,5964.03,5923.65,40.38,0,Paid
9000762,500254,2025-08-04,6678.96,6633.06,6588.81,44.25,10,Late
9000763,500255,2023-10-31,2311.47,1782.35,1759.49,22.86,5,Late
9000764,500255,2024-01-29,2378.53,2383.4,2359.87,23.53,0,Paid
9000765,500255,2024-04-28,2243.59,2260.87,2238.68,22.19,0,Paid
9000766,500256,2022-06-22,2130.46,2106.09,2083.47,22.62,0,Paid
9000767,500256,2022-09-20,2276.44,2343.11,2318.94,24.17,0,Paid
9000768,500256,2022-12-19,2309.19,2286.79,2262.28,24.52,15,Late
9000769,500257,2019-01-15,817.92,813.13,807.18,5.96,0,Paid
9000770,500257,2019-04-15,859.12,874.64,868.38,6.26,45,Late
9000771,500257,2019-07-14,817.55,731.49,725.54,5.95,45,Late
9000772,500258,2023-12-26,14458.36,14880.03,14719.07,160.97,0,Paid
9000773,500258,2024-03-25,15259.91,13728.14,13558.25,169.89,45,Late
9000774,500258,2024-06-23,15676.76,14150.48,13975.94,174.53,90,Late
9000775,500259,2025-11-28,2075.28,2049.16,2033.15,16.01,0,Paid
9000776,500259,2026-02-26,1984.29,1978.04,1962.73,15.31,5,Late
9000777,500259,2026-05-27,1932.31,1904.77,1889.86,14.91,0,Paid
9000778,500260,2021-01-28,7694.86,6561.42,6527.37,34.05,120,Late
9000779,500260,2021-04-28,7617.7,6293.35,6259.64,33.71,45,Late
9000780,500260,2021-07-27,7826.25,6412.21,6377.58,34.63,60,Late
9000781,500261,2019-11-24,5450.89,4246.71,4187.52,59.19,90,Late
9000782,500261,2020-02-22,5614.14,4305.71,4244.75,60.96,120,Late
9000783,500261,2020-05-22,5639.56,4246.61,4185.37,61.24,60,Late
9000784,500262,2024-11-08,10980.04,10859.68,10755.01,104.68,0,Paid
9000785,500262,2025-02-06,10734.59,10925.28,10822.95,102.34,0,Paid
9000786,500262,2025-05-07,10637.9,10322.06,10220.65,101.41,0,Paid
9000787,500263,2021-04-12,8598.89,7478.57,7431.64,46.94,30,Late
9000788,500263,2021-07-11,8574.23,7503.57,7456.77,46.8,45,Late
9000789,500263,2021-10-09,8757.26,7380.22,7332.42,47.8,15,Late
9000790,500264,2025-11-03,8197.2,6694.01,6620.23,73.77,10,Late
9000791,500264,2026-02-01,8045.63,8098.65,8026.24,72.41,0,Paid
9000792,500264,2026-05-02,8413.01,8572.13,8496.42,75.72,0,Paid
9000793,500265,2025-04-04,6634.21,6794.95,6734.75,60.21,0,Paid
9000794,500265,2025-07-03,6772.75,6633.13,6571.67,61.46,0,Paid
9000795,500265,2025-10-01,6882.71,5624.02,5561.56,62.46,15,Late
9000796,500266,2025-09-15,7889.38,7960.45,7920.81,39.64,0,Paid
9000797,500266,2025-12-14,7803.09,6637.45,6598.24,39.21,30,Late
9000798,500266,2026-03-14,7604.21,7384.57,7346.35,38.21,0,Paid
9000799,500267,2025-08-01,15114.71,15516.71,15463.81,52.9,0,Paid
9000800,500267,2025-10-30,15734.27,15499.39,15444.32,55.07,5,Late
9000801,500267,2026-01-28,15665.0,14007.53,13952.7,54.83,10,Late
9000802,500268,2023-03-03,2003.74,1995.19,1975.2,19.99,0,Paid
9000803,500268,2023-06-01,2016.56,2074.68,2054.57,20.12,0,Paid
9000804,500268,2023-08-30,1934.26,1904.87,1885.57,19.29,0,Paid
9000805,500269,2025-09-13,2616.9,1992.95,1966.89,26.06,45,Late
9000806,500269,2025-12-12,2649.72,2079.14,2052.75,26.39,5,Late
9000807,500269,2026-03-12,2821.83,2164.95,2136.85,28.1,15,Late
9000808,500270,2019-10-21,1614.62,1589.05,1571.18,17.87,0,Paid
9000809,500270,2020-01-19,1777.83,1799.16,1779.49,19.67,0,Paid
9000810,500270,2020-04-18,1615.56,1610.69,1592.81,17.88,0,Paid
9000811,500271,2023-03-22,1204.17,1163.02,1154.03,8.99,60,Late
9000812,500271,2023-06-20,1210.46,1018.17,1009.13,9.04,30,Late
9000813,500271,2023-09-18,1199.24,1106.87,1097.91,8.95,60,Late
9000814,500272,2021-02-07,14373.43,11166.88,11055.49,111.39,60,Late
9000815,500272,2021-05-08,14805.84,11835.94,11721.2,114.75,120,Late
9000816,500272,2021-08-06,14581.75,12937.27,12824.26,113.01,90,Late
9000817,500273,2025-04-14,14394.24,14058.12,13966.12,92.0,0,Paid
9000818,500273,2025-07-13,15558.15,15823.04,15723.59,99.44,0,Paid
9000819,500273,2025-10-11,14783.75,14701.16,14606.67,94.49,0,Paid
9000820,500274,2020-09-24,15115.83,15380.78,15259.98,120.8,0,Paid
9000821,500274,2020-12-23,14472.85,14786.86,14671.19,115.66,0,Paid
9000822,500274,2021-03-23,14395.14,13954.73,13839.69,115.04,5,Late
9000823,500275,2024-12-03,5718.42,5517.25,5477.74,39.5,60,Late
9000824,500275,2025-03-03,5672.61,5805.01,5765.82,39.19,15,Late
9000825,500275,2025-06-01,5754.0,5480.56,5440.81,39.75,45,Late
9000826,500276,2021-03-27,1086.34,1065.44,1057.56,7.88,0,Paid
9000827,500276,2021-06-25,1076.73,1085.33,1077.53,7.81,0,Paid
9000828,500276,2021-09-23,1049.67,1036.36,1028.75,7.61,0,Paid
9000829,500277,2022-02-01,1973.51,1952.4,1933.5,18.9,15,Late
9000830,500277,2022-05-02,1911.16,1552.72,1534.42,18.3,30,Late
9000831,500277,2022-07-31,1810.3,1620.58,1603.24,17.33,60,Late
9000832,500278,2023-08-05,14497.5,11729.05,11635.3,93.75,5,Late
9000833,500278,2023-11-03,14625.96,14741.09,14646.51,94.58,0,Paid
9000834,500278,2024-02-01,14977.83,15342.77,15245.92,96.86,10,Late
9000835,500279,2023-06-28,4434.33,4535.87,4503.83,32.04,0,Paid
9000836,500279,2023-09-26,4416.27,3640.01,3608.11,31.91,10,Late
9000837,500279,2023-12-25,4106.76,4117.2,4087.53,29.67,0,Paid
9000838,500280,2021-10-27,12920.16,12595.95,12554.17,41.78,0,Paid
9000839,500280,2022-01-25,13235.47,13007.76,12964.96,42.79,0,Paid
9000840,500280,2022-04-25,13116.48,13472.85,13430.44,42.41,0,Paid
9000841,500281,2024-04-26,818.31,831.05,824.68,6.37,0,Paid
9000842,500281,2024-07-25,889.42,893.86,886.94,6.92,0,Paid
9000843,500281,2024-10-23,821.12,799.51,793.12,6.39,0,Paid
9000844,500282,2025-09-06,8673.74,8743.95,8695.38,48.57,0,Paid
9000845,500282,2025-12-05,9176.92,9233.35,9181.96,51.39,0,Paid
9000846,500282,2026-03-05,9278.97,9443.82,9391.85,51.96,10,Late
9000847,500283,2022-09-24,14361.67,14702.23,14608.04,94.19,0,Paid
9000848,500283,2022-12-23,15114.65,15546.14,15447.01,99.13,0,Paid
9000849,500283,2023-03-23,15153.63,15462.03,15362.65,99.38,0,Paid
9000850,500284,2019-11-26,1129.17,1121.09,1115.1,5.98,0,Paid
9000851,500284,2020-02-24,1184.11,1179.65,1173.37,6.28,0,Paid
9000852,500284,2020-05-24,1155.18,960.5,954.37,6.12,15,Late
9000853,500285,2019-07-02,3953.69,3654.64,3610.62,44.02,15,Late
9000854,500285,2019-09-30,3966.1,3128.83,3084.68,44.16,5,Late
9000855,500285,2019-12-29,3626.48,3553.88,3513.51,40.37,0,Paid
9000856,500286,2024-01-11,767.08,787.25,782.2,5.05,0,Paid
9000857,500286,2024-04-10,764.47,758.42,753.38,5.03,0,Paid
9000858,500286,2024-07-09,769.09,778.34,773.28,5.06,0,Paid
9000859,500287,2023-07-01,664.4,604.74,599.53,5.21,45,Late
9000860,500287,2023-09-29,687.19,629.08,623.69,5.39,15,Late
9000861,500287,2023-12-28,681.21,669.78,664.44,5.34,45,Late
9000862,500288,2019-05-17,10907.41,10385.83,10329.11,56.72,30,Late
9000863,500288,2019-08-15,10836.57,9581.24,9524.89,56.35,45,Late
9000864,500288,2019-11-13,11072.92,10932.98,10875.4,57.58,45,Late
9000865,500289,2022-06-22,818.83,774.59,770.64,3.94,5,Late
9000866,500289,2022-09-20,804.11,796.58,792.7,3.87,0,Paid
9000867,500289,2022-12-19,824.94,819.03,815.06,3.97,0,Paid
9000868,500290,2019-07-28,14455.04,14147.22,14104.58,42.64,0,Paid
9000869,500290,2019-10-26,14809.31,15253.49,15209.8,43.69,45,Late
9000870,500290,2020-01-24,14509.24,14272.64,14229.84,42.8,0,Paid
9000871,500291,2023-12-04,1192.2,1113.02,1102.38,10.63,5,Late
9000872,500291,2024-03-03,1099.65,1029.31,1019.5,9.81,45,Late
9000873,500291,2024-06-01,1160.99,1177.36,1167.01,10.35,0,Paid
9000874,500292,2020-02-29,15311.45,12875.19,12736.23,138.95,5,Late
9000875,500292,2020-05-29,15168.57,15408.77,15271.12,137.65,0,Paid
9000876,500292,2020-08-27,15711.32,14722.62,14580.04,142.58,15,Late
9000877,500293,2024-06-22,645.94,524.89,520.63,4.26,15,Late
9000878,500293,2024-09-20,661.89,642.01,637.64,4.37,5,Late
9000879,500293,2024-12-19,646.86,639.1,634.83,4.27,0,Paid
9000880,500294,2019-12-17,907.67,907.71,897.2,10.51,0,Paid
9000881,500294,2020-03-16,868.69,862.61,852.56,10.06,0,Paid
9000882,500294,2020-06-14,872.84,739.9,729.79,10.1,30,Late
9000883,500295,2019-10-10,4385.63,4360.71,4326.06,34.65,0,Paid
9000884,500295,2020-01-08,4458.27,4481.38,4446.16,35.22,0,Paid
9000885,500295,2020-04-07,4234.74,3356.57,3323.11,33.45,5,Late
9000886,500296,2025-10-09,1416.58,1326.42,1313.17,13.25,10,Late
9000887,500296,2026-01-07,1445.76,1214.87,1201.35,13.52,5,Late
9000888,500296,2026-04-07,1444.12,1334.88,1321.38,13.5,5,Late
9000889,500297,2023-04-21,1452.31,1385.19,1372.22,12.97,60,Late
9000890,500297,2023-07-20,1522.35,1206.18,1192.58,13.6,15,Late
9000891,500297,2023-10-18,1515.23,1259.05,1245.51,13.54,15,Late
9000892,500298,2023-01-13,435.6,405.41,400.44,4.97,15,Late
9000893,500298,2023-04-13,458.89,452.13,446.9,5.24,0,Paid
9000894,500298,2023-07-12,428.38,431.57,426.68,4.89,0,Paid
9000895,500299,2024-05-17,1857.68,1649.29,1630.98,18.31,90,Late
9000896,500299,2024-08-15,1856.75,1895.04,1876.74,18.3,0,Paid
9000897,500299,2024-11-13,1912.13,1914.7,1895.85,18.85,0,Paid
9000898,500300,2024-10-25,1351.15,1339.16,1329.98,9.19,0,Paid
9000899,500300,2025-01-23,1378.6,1379.8,1370.43,9.37,0,Paid
9000900,500300,2025-04-23,1282.72,1198.09,1189.37,8.72,5,Late
9000901,500301,2025-06-03,335.78,323.44,319.78,3.66,5,Late
9000902,500301,2025-09-01,328.95,333.82,330.23,3.59,0,Paid
9000903,500301,2025-11-30,359.09,367.37,363.45,3.92,0,Paid
9000904,500302,2021-10-17,1225.63,1261.51,1250.39,11.12,30,Late
9000905,500302,2022-01-15,1205.33,1105.84,1094.9,10.94,45,Late
9000906,500302,2022-04-15,1233.23,1172.69,1161.5,11.19,45,Late
9000907,500303,2020-04-23,1794.28,1450.11,1436.38,13.73,30,Late
9000908,500303,2020-07-22,1900.23,1877.04,1862.5,14.54,0,Paid
9000909,500303,2020-10-20,1823.26,1812.41,1798.46,13.95,0,Paid
9000910,500304,2024-12-25,8333.43,8424.98,8351.71,73.26,30,Late
9000911,500304,2025-03-25,8159.2,8385.06,8313.33,71.73,0,Paid
9000912,500304,2025-06-23,8094.77,7435.91,7364.75,71.17,15,Late
9000913,500305,2025-01-14,14740.56,14387.65,14276.61,111.05,0,Paid
9000914,500305,2025-04-14,14813.49,13123.63,13012.04,111.59,90,Late
9000915,500305,2025-07-13,14514.57,14403.1,14293.75,109.34,0,Paid
9000916,500306,2024-01-26,2503.03,2492.82,2465.83,26.99,0,Paid
9000917,500306,2024-04-25,2509.22,2315.56,2288.5,27.06,5,Late
9000918,500306,2024-07-24,2574.55,2577.96,2550.19,27.76,0,Paid
9000919,500307,2021-04-16,1601.64,1620.28,1613.18,7.1,0,Paid
9000920,500307,2021-07-15,1616.99,1627.89,1620.72,7.17,0,Paid
9000921,500307,2021-10-13,1736.76,1733.43,1725.73,7.7,0,Paid
9000922,500308,2024-04-29,1501.88,1521.79,1509.14,12.65,30,Late
9000923,500308,2024-07-28,1576.49,1540.34,1527.05,13.28,15,Late
9000924,500308,2024-10-26,1484.99,1332.09,1319.58,12.51,15,Late
9000925,500309,2020-10-08,1348.95,1334.89,1320.36,14.52,0,Paid
9000926,500309,2021-01-06,1340.94,1345.64,1331.2,14.44,10,Late
9000927,500309,2021-04-06,1403.95,1402.63,1387.51,15.12,0,Paid
9000928,500310,2023-01-15,1827.28,1802.15,1782.4,19.75,0,Paid
9000929,500310,2023-04-15,1764.81,1782.26,1763.19,19.07,90,Late
9000930,500310,2023-07-14,1846.69,1800.79,1780.83,19.96,0,Paid
9000931,500311,2023-03-12,5437.93,5536.4,5505.32,31.09,90,Late
9000932,500311,2023-06-10,5469.24,5628.66,5597.4,31.27,0,Paid
9000933,500311,2023-09-08,5857.6,5694.23,5660.74,33.49,0,Paid
9000934,500312,2021-09-20,1067.13,1030.01,1023.23,6.78,5,Late
9000935,500312,2021-12-19,1045.31,1035.36,1028.72,6.64,5,Late
9000936,500312,2022-03-19,1075.84,907.76,900.93,6.83,30,Late
9000937,500313,2019-07-11,4702.11,4709.81,4673.96,35.85,0,Paid
9000938,500313,2019-10-09,4810.49,4431.41,4394.73,36.68,5,Late
9000939,500313,2020-01-07,4869.28,4763.58,4726.46,37.13,0,Paid
9000940,500314,2020-09-22,14653.11,14253.44,14198.98,54.46,0,Paid
9000941,500314,2020-12-21,14686.34,14554.2,14499.62,54.58,0,Paid
9000942,500314,2021-03-21,14068.82,14009.12,13956.83,52.29,0,Paid
9000943,500315,2020-10-04,1628.57,1613.19,1600.75,12.45,0,Paid
9000944,500315,2021-01-02,1693.67,1318.15,1305.21,12.94,5,Late
9000945,500315,2021-04-02,1676.31,1686.03,1673.22,12.81,0,Paid
9000946,500316,2024-05-08,1208.17,1223.2,1210.8,12.39,0,Paid
9000947,500316,2024-08-06,1296.24,1333.08,1319.78,13.3,0,Paid
9000948,500316,2024-11-04,1281.88,1265.6,1252.45,13.15,0,Paid
9000949,500317,2025-05-30,1234.63,1269.71,1257.89,11.82,0,Paid
9000950,500317,2025-08-28,1147.65,1153.55,1142.56,10.99,0,Paid
9000951,500317,2025-11-26,1183.28,893.88,882.55,11.33,60,Late
9000952,500318,2025-08-20,460.35,397.75,392.91,4.83,10,Late
9000953,500318,2025-11-18,448.48,454.86,450.15,4.71,0,Paid
9000954,500318,2026-02-16,467.93,457.11,452.2,4.91,0,Paid
9000955,500319,2023-06-28,5597.65,5651.77,5616.69,35.08,0,Paid
9000956,500319,2023-09-26,5868.16,5445.91,5409.13,36.77,5,Late
9000957,500319,2023-12-25,5660.19,5526.17,5490.7,35.47,0,Paid
9000958,500320,2020-02-28,13992.9,12068.6,12023.24,45.36,30,Late
9000959,500320,2020-05-28,13161.04,10973.72,10931.06,42.66,30,Late
9000960,500320,2020-08-26,13895.58,13604.55,13559.5,45.04,0,Paid
9000961,500321,2021-01-06,437.8,427.39,425.51,1.88,0,Paid
9000962,500321,2021-04-06,456.16,466.48,464.53,1.95,0,Paid
9000963,500321,2021-07-05,417.2,419.57,417.78,1.79,0,Paid
9000964,500322,2025-01-29,10763.51,9955.12,9892.69,62.43,60,Late
9000965,500322,2025-04-29,10817.57,11044.25,10981.51,62.74,0,Paid
9000966,500322,2025-07-28,10889.05,10709.03,10645.87,63.16,0,Paid
9000967,500323,2020-06-02,11634.92,11849.95,11719.83,130.12,0,Paid
9000968,500323,2020-08-31,11601.78,11772.64,11642.89,129.75,60,Late
9000969,500323,2020-11-29,11561.35,10430.22,10300.93,129.29,90,Late
9000970,500324,2019-04-15,8459.03,8182.97,8102.68,80.29,45,Late
9000971,500324,2019-07-14,8092.77,8092.95,8016.14,76.81,15,Late
9000972,500324,2019-10-12,8694.72,8474.69,8392.16,82.53,0,Paid
9000973,500325,2023-07-23,15472.91,15398.26,15327.86,70.4,0,Paid
9000974,500325,2023-10-21,14306.82,13896.35,13831.26,65.1,0,Paid
9000975,500325,2024-01-19,15258.83,14495.04,14425.62,69.43,45,Late
9000976,500326,2022-07-27,320.84,328.41,325.92,2.49,0,Paid
9000977,500326,2022-10-25,304.02,305.1,302.74,2.36,0,Paid
9000978,500326,2023-01-23,293.95,298.38,296.09,2.29,0,Paid
9000979,500327,2022-06-19,4735.79,4624.83,4599.26,25.57,0,Paid
9000980,500327,2022-09-17,4383.2,4262.5,4238.83,23.67,0,Paid
9000981,500327,2022-12-16,4639.4,4422.23,4397.18,25.05,10,Late
9000982,500328,2023-07-25,7037.14,7214.14,7135.21,78.93,30,Late
9000983,500328,2023-10-23,7511.04,7443.03,7358.78,84.25,0,Paid
9000984,500328,2024-01-21,7145.76,5533.88,5453.73,80.15,15,Late
9000985,500329,2025-10-21,2559.87,2565.62,2546.7,18.92,0,Paid
9000986,500329,2026-01-19,2628.06,2561.43,2542.0,19.43,0,Paid
9000987,500329,2026-04-19,2658.43,2454.11,2434.46,19.65,30,Late
9000988,500330,2024-10-15,781.97,797.12,794.45,2.67,0,Paid
9000989,500330,2025-01-13,814.77,832.0,829.21,2.78,0,Paid
9000990,500330,2025-04-13,832.55,811.36,808.52,2.84,0,Paid
9000991,500331,2020-01-07,916.96,929.14,919.04,10.1,10,Late
9000992,500331,2020-04-06,901.5,894.37,884.44,9.93,0,Paid
9000993,500331,2020-07-05,926.58,869.81,859.6,10.21,15,Late
9000994,500332,2025-02-16,1849.31,1878.16,1869.47,8.69,0,Paid
9000995,500332,2025-05-17,1896.07,1925.2,1916.29,8.91,0,Paid
9000996,500332,2025-08-15,1988.97,1992.5,1983.15,9.35,60,Late
9000997,500333,2020-11-19,1573.57,1295.97,1278.56,17.41,60,Late
9000998,500333,2021-02-17,1607.83,1650.89,1633.1,17.79,60,Late
9000999,500333,2021-05-18,1691.6,1491.15,1472.43,18.72,30,Late
9001000,500334,2022-01-06,3710.31,3713.2,3696.54,16.67,0,Paid
9001001,500334,2022-04-06,3413.9,2813.92,2798.59,15.33,15,Late
9001002,500334,2022-07-05,3436.21,2596.17,2580.73,15.43,10,Late
9001003,500335,2022-04-13,997.54,984.52,980.26,4.26,0,Paid
9001004,500335,2022-07-12,956.91,981.81,977.71,4.09,0,Paid
9001005,500335,2022-10-10,924.09,947.97,944.02,3.95,15,Late
9001006,500336,2019-07-08,14709.07,14744.16,14613.49,130.67,45,Late
9001007,500336,2019-10-06,15397.63,12303.51,12166.72,136.78,60,Late
9001008,500336,2020-01-04,14608.12,15033.7,14903.94,129.77,60,Late
9001009,500337,2025-11-07,886.68,886.69,883.82,2.87,0,Paid
9001010,500337,2026-02-05,909.74,771.52,768.57,2.95,60,Late
9001011,500337,2026-05-06,970.44,990.1,986.95,3.15,5,Late
9001012,500338,2019-10-12,13737.94,13830.47,13673.62,156.84,0,Paid
9001013,500338,2020-01-10,12676.62,12310.81,12166.09,144.72,0,Paid
9001014,500338,2020-04-09,13331.33,13207.31,13055.11,152.2,0,Paid
9001015,500339,2022-03-12,14648.02,14373.72,14265.82,107.91,0,Paid
9001016,500339,2022-06-10,15631.7,14256.67,14141.52,115.15,5,Late
9001017,500339,2022-09-08,14925.11,15133.46,15023.52,109.95,0,Paid
9001018,500340,2019-06-05,392.91,369.45,367.44,2.01,90,Late
9001019,500340,2019-09-03,415.02,421.11,418.99,2.12,0,Paid
9001020,500340,2019-12-02,411.31,410.52,408.42,2.1,0,Paid
9001021,500341,2022-12-22,996.62,989.02,984.38,4.63,0,Paid
9001022,500341,2023-03-22,1029.92,1039.54,1034.75,4.79,0,Paid
9001023,500341,2023-06-20,998.79,991.02,986.38,4.64,0,Paid
9001024,500342,2024-05-01,720.69,700.2,696.18,4.02,0,Paid
9001025,500342,2024-07-30,727.78,733.02,728.96,4.06,0,Paid
9001026,500342,2024-10-28,731.56,720.79,716.71,4.08,0,Paid
9001027,500343,2025-12-13,456.28,349.43,345.48,3.95,45,Late
9001028,500343,2026-03-13,464.36,371.33,367.31,4.02,120,Late
9001029,500343,2026-06-11,455.23,399.5,395.56,3.94,45,Late
9001030,500344,2022-08-14,1275.43,995.73,985.71,10.02,45,Late
9001031,500344,2022-11-12,1256.51,1267.59,1257.72,9.87,0,Paid
9001032,500344,2023-02-10,1162.78,1134.88,1125.74,9.14,0,Paid
9001033,500345,2025-12-29,562.86,575.47,572.93,2.54,90,Late
9001034,500345,2026-03-29,588.46,518.86,516.2,2.66,60,Late
9001035,500345,2026-06-27,566.79,502.46,499.9,2.56,60,Late
9001036,500346,2025-12-07,747.46,636.27,631.16,5.11,120,Late
9001037,500346,2026-03-07,770.48,638.75,633.49,5.26,120,Late
9001038,500346,2026-06-05,771.49,791.02,785.74,5.27,60,Late
9001039,500347,2023-01-21,1058.56,986.64,980.85,5.79,120,Late
9001040,500347,2023-04-21,1011.81,959.71,954.18,5.53,120,Late
9001041,500347,2023-07-20,1087.36,840.25,834.31,5.94,90,Late
9001042,500348,2020-08-11,1472.2,1440.01,1432.44,7.57,0,Paid
9001043,500348,2020-11-09,1460.34,1488.67,1481.16,7.51,0,Paid
9001044,500348,2021-02-07,1348.35,1369.99,1363.06,6.93,0,Paid
9001045,500349,2019-06-03,6601.11,6499.78,6435.59,64.2,0,Paid
9001046,500349,2019-09-01,6484.07,6648.54,6585.48,63.06,0,Paid
9001047,500349,2019-11-30,6531.98,5887.53,5824.01,63.52,45,Late
9001048,500350,2025-05-04,5467.25,5505.45,5480.07,25.38,45,Late
9001049,500350,2025-08-02,5616.73,4760.26,4734.19,26.07,60,Late
9001050,500350,2025-10-31,5468.74,4795.88,4770.5,25.38,30,Late
9001051,500351,2021-03-06,819.34,824.84,821.45,3.39,0,Paid
9001052,500351,2021-06-04,802.75,783.73,780.41,3.32,0,Paid
9001053,500351,2021-09-02,825.33,812.01,808.6,3.41,0,Paid
9001054,500352,2020-08-11,15271.15,13866.85,13722.54,144.31,10,Late
9001055,500352,2020-11-09,14797.94,15219.69,15079.85,139.84,0,Paid
9001056,500352,2021-02-07,14520.6,14945.83,14808.61,137.22,0,Paid
9001057,500353,2024-12-10,1492.96,1452.73,1438.61,14.12,0,Paid
9001058,500353,2025-03-10,1424.89,1420.46,1406.99,13.48,90,Late
9001059,500353,2025-06-08,1431.08,1157.85,1144.32,13.54,90,Late
9001060,500354,2020-07-22,11744.54,11950.6,11821.21,129.39,90,Late
9001061,500354,2020-10-20,11078.89,11013.27,10891.21,122.05,0,Paid
9001062,500354,2021-01-18,11076.61,10750.34,10628.32,122.03,0,Paid
9001063,500355,2021-10-20,14820.16,14628.72,14486.2,142.52,0,Paid
9001064,500355,2022-01-18,14459.05,14077.11,13938.06,139.05,0,Paid
9001065,500355,2022-04-18,14696.66,14713.79,14572.46,141.33,0,Paid
9001066,500356,2022-09-21,7627.03,7703.57,7677.07,26.5,0,Paid
9001067,500356,2022-12-20,7205.83,7283.14,7258.1,25.04,0,Paid
9001068,500356,2023-03-20,7773.84,7689.24,7662.23,27.01,0,Paid
9001069,500357,2021-12-01,8557.54,8806.6,8729.79,76.8,0,Paid
9001070,500357,2022-03-01,9157.16,9146.11,9063.92,82.19,0,Paid
9001071,500357,2022-05-30,8601.84,8747.94,8670.74,77.2,0,Paid
9001072,500358,2019-07-26,1957.22,1894.73,1878.65,16.08,15,Late
9001073,500358,2019-10-24,1980.46,1489.45,1473.18,16.27,60,Late
9001074,500358,2020-01-22,1921.14,1799.63,1783.84,15.79,30,Late
9001075,500359,2023-01-19,15009.23,15023.12,14937.06,86.05,0,Paid
9001076,500359,2023-04-19,14652.95,12927.37,12843.36,84.01,15,Late
9001077,500359,2023-07-18,14299.65,14325.6,14243.62,81.98,0,Paid
9001078,500360,2025-09-06,13823.55,13801.67,13712.62,89.05,0,Paid
9001079,500360,2025-12-05,14053.17,13848.62,13758.09,90.53,0,Paid
9001080,500360,2026-03-05,13616.12,10908.07,10820.36,87.71,5,Late
9001081,500361,2021-04-23,1709.67,1757.68,1750.0,7.68,0,Paid
9001082,500361,2021-07-22,1710.91,1728.38,1720.69,7.68,0,Paid
9001083,500361,2021-10-20,1688.8,1707.8,1700.21,7.59,0,Paid
9001084,500362,2025-05-26,1682.93,1493.94,1485.89,8.05,15,Late
9001085,500362,2025-08-24,1797.4,1759.18,1750.59,8.6,0,Paid
9001086,500362,2025-11-22,1842.85,1876.78,1867.97,8.81,0,Paid
9001087,500363,2020-02-08,2976.06,2928.68,2907.65,21.03,10,Late
9001088,500363,2020-05-08,3014.78,2278.03,2256.72,21.3,45,Late
9001089,500363,2020-08-06,3146.43,2800.14,2777.9,22.23,15,Late
9001090,500364,2020-04-14,6495.99,6487.92,6452.35,35.57,0,Paid
9001091,500364,2020-07-13,6623.17,6621.96,6585.7,36.26,0,Paid
9001092,500364,2020-10-11,6351.07,6187.06,6152.28,34.77,0,Paid
9001093,500365,2022-07-02,3829.86,3765.86,3732.63,33.22,0,Paid
9001094,500365,2022-09-30,3821.63,3832.09,3798.94,33.15,0,Paid
9001095,500365,2022-12-29,3841.52,3163.6,3130.28,33.33,15,Late
9001096,500366,2020-01-31,10823.12,11021.57,10911.08,110.49,0,Paid
9001097,500366,2020-04-30,11311.28,10964.9,10849.43,115.47,10,Late
9001098,500366,2020-07-29,11245.45,9610.92,9496.12,114.8,5,Late
9001099,500367,2024-04-28,6151.92,6117.42,6071.08,46.34,0,Paid
9001100,500367,2024-07-27,6180.46,6326.27,6279.72,46.56,0,Paid
9001101,500367,2024-10-25,5938.17,6112.12,6067.39,44.73,0,Paid
9001102,500368,2022-12-02,2054.6,1997.5,1973.95,23.56,0,Paid
9001103,500368,2023-03-02,2056.56,1548.08,1524.5,23.58,10,Late
9001104,500368,2023-05-31,2084.0,2125.34,2101.44,23.9,0,Paid
9001105,500369,2020-06-06,1748.8,1752.31,1736.28,16.03,0,Paid
9001106,500369,2020-09-04,1709.13,1665.41,1649.75,15.67,0,Paid
9001107,500369,2020-12-03,1770.91,1739.26,1723.02,16.23,0,Paid
9001108,500370,2019-02-28,14592.6,15002.0,14904.84,97.16,0,Paid
9001109,500370,2019-05-29,15732.24,15206.78,15102.02,104.75,5,Late
9001110,500370,2019-08-27,14651.96,12102.87,12005.32,97.56,5,Late
9001111,500371,2019-10-28,221.82,178.59,176.96,1.63,10,Late
9001112,500371,2020-01-26,229.65,232.53,230.84,1.69,0,Paid
9001113,500371,2020-04-25,232.04,234.0,232.29,1.71,0,Paid
9001114,500372,2020-10-30,1016.7,1014.66,1006.13,8.52,0,Paid
9001115,500372,2021-01-28,1015.89,1029.9,1021.39,8.52,0,Paid
9001116,500372,2021-04-28,1018.41,851.35,842.81,8.54,15,Late
9001117,500373,2020-07-20,10832.83,10644.58,10600.08,44.5,0,Paid
9001118,500373,2020-10-18,10762.31,10476.58,10432.36,44.22,0,Paid
9001119,500373,2021-01-16,10078.94,10071.79,10030.38,41.41,0,Paid
9001120,500374,2021-08-24,1567.29,1202.47,1196.57,5.9,10,Late
9001121,500374,2021-11-22,1605.77,1590.66,1584.62,6.05,15,Late
9001122,500374,2022-02-20,1498.0,1500.66,1495.02,5.64,0,Paid
9001123,500375,2025-09-26,159.78,156.58,155.28,1.3,0,Paid
9001124,500375,2025-12-25,149.49,150.25,149.03,1.21,0,Paid
9001125,500375,2026-03-25,150.81,138.26,137.03,1.23,90,Late
9001126,500376,2021-09-22,14383.39,14808.31,14704.87,103.44,0,Paid
9001127,500376,2021-12-21,14349.46,14673.06,14569.87,103.2,0,Paid
9001128,500376,2022-03-21,14805.6,14776.46,14669.99,106.48,0,Paid
9001129,500377,2019-06-07,14401.77,14197.22,14057.41,139.82,90,Late
9001130,500377,2019-09-05,14671.46,14313.86,14171.42,142.44,60,Late
9001131,500377,2019-12-04,15277.51,15214.86,15066.54,148.32,0,Paid
9001132,500378,2024-12-03,4321.11,3926.19,3877.32,48.86,45,Late
9001133,500378,2025-03-03,4739.73,3830.0,3776.4,53.6,10,Late
9001134,500378,2025-06-01,4616.94,4628.63,4576.42,52.21,0,Paid
9001135,500379,2022-02-07,1738.86,1621.62,1616.24,5.38,30,Late
9001136,500379,2022-05-08,1683.44,1719.75,1714.54,5.2,60,Late
9001137,500379,2022-08-06,1720.18,1469.0,1463.68,5.32,90,Late
9001138,500380,2020-11-12,14944.03,12765.53,12639.26,126.28,15,Late
9001139,500380,2021-02-10,15436.86,14856.2,14725.76,130.44,30,Late
9001140,500380,2021-05-11,15413.47,15087.87,14957.63,130.24,15,Late
9001141,500381,2024-12-24,1185.67,1093.73,1081.51,12.21,10,Late
9001142,500381,2025-03-24,1103.6,1084.16,1072.79,11.37,0,Paid
9001143,500381,2025-06-22,1112.74,1138.6,1127.14,11.46,0,Paid
9001144,500382,2023-05-10,1991.49,1967.56,1960.89,6.67,0,Paid
9001145,500382,2023-08-08,2027.97,1853.52,1846.72,6.79,45,Late
9001146,500382,2023-11-06,1951.46,1895.22,1888.68,6.54,0,Paid
9001147,500383,2021-10-23,14749.24,15174.22,15043.32,130.9,0,Paid
9001148,500383,2022-01-21,14227.3,14434.05,14307.78,126.27,0,Paid
9001149,500383,2022-04-21,14534.81,13486.29,13357.29,129.0,45,Late
9001150,500384,2021-10-20,6851.83,6755.96,6711.19,44.77,0,Paid
9001151,500384,2022-01-18,7056.98,7062.36,7016.26,46.11,0,Paid
9001152,500384,2022-04-18,6492.47,6370.55,6328.13,42.42,0,Paid
9001153,500385,2022-06-22,11847.27,11944.42,11847.47,96.95,0,Paid
9001154,500385,2022-09-20,11858.09,12067.58,11970.54,97.04,0,Paid
9001155,500385,2022-12-19,12254.56,9743.81,9643.53,100.28,90,Late
9001156,500386,2019-08-12,5026.92,4996.88,4949.71,47.17,0,Paid
9001157,500386,2019-11-10,5272.9,4833.78,4784.3,49.48,10,Late
9001158,500386,2020-02-08,4965.82,4173.68,4127.08,46.6,30,Late
9001159,500387,2025-04-05,14961.58,13599.04,13455.91,143.13,10,Late
9001160,500387,2025-07-04,14493.89,14898.74,14760.08,138.66,10,Late
9001161,500387,2025-10-02,14190.56,14584.82,14449.07,135.76,0,Paid
9001162,500388,2025-12-07,14699.99,14566.03,14448.06,117.97,0,Paid
9001163,500388,2026-03-07,15102.52,15058.44,14937.25,121.2,0,Paid
9001164,500388,2026-06-05,15563.07,15699.26,15574.37,124.89,0,Paid
9001165,500389,2022-10-29,13554.12,10882.91,10727.94,154.97,90,Late
9001166,500389,2023-01-27,14181.65,14527.49,14365.35,162.14,60,Late
9001167,500389,2023-04-27,13679.47,11630.09,11473.69,156.4,45,Late
9001168,500390,2022-04-08,2181.22,1951.04,1939.24,11.8,15,Late
9001169,500390,2022-07-07,2094.84,1769.46,1758.13,11.33,90,Late
9001170,500390,2022-10-05,2095.79,2105.89,2094.55,11.33,45,Late
9001171,500391,2020-12-15,2379.99,2332.37,2312.5,19.87,0,Paid
9001172,500391,2021-03-15,2342.23,1875.88,1856.32,19.56,10,Late
9001173,500391,2021-06-13,2276.48,2286.37,2267.36,19.01,0,Paid
9001174,500392,2020-01-27,12667.45,12823.13,12781.75,41.38,0,Paid
9001175,500392,2020-04-26,12511.98,12232.3,12191.43,40.87,90,Late
9001176,500392,2020-07-25,12503.14,12376.54,12335.7,40.84,0,Paid
9001177,500393,2021-06-13,1671.84,1645.52,1637.4,8.12,0,Paid
9001178,500393,2021-09-11,1555.68,1512.26,1504.71,7.56,0,Paid
9001179,500393,2021-12-10,1698.28,1648.02,1639.77,8.25,45,Late
9001180,500394,2024-03-30,2328.02,2279.77,2258.02,21.75,0,Paid
9001181,500394,2024-06-28,2290.34,2347.21,2325.81,21.4,0,Paid
9001182,500394,2024-09-26,2197.18,2141.64,2121.12,20.53,0,Paid
9001183,500395,2019-04-09,11196.56,10166.29,10041.26,125.03,30,Late
9001184,500395,2019-07-08,11482.58,11321.09,11192.87,128.22,0,Paid
9001185,500395,2019-10-06,11653.0,10180.31,10050.18,130.13,90,Late
9001186,500396,2025-10-17,1447.18,1486.65,1469.59,17.06,90,Late
9001187,500396,2026-01-15,1442.16,1441.42,1424.42,17.01,0,Paid
9001188,500396,2026-04-15,1453.92,1302.83,1285.69,17.14,45,Late
9001189,500397,2020-11-08,8283.1,7783.42,7737.59,45.83,5,Late
9001190,500397,2021-02-06,8253.34,8234.64,8188.97,45.67,30,Late
9001191,500397,2021-05-07,8423.59,8262.97,8216.36,46.61,0,Paid
9001192,500398,2019-11-01,1675.83,1674.56,1655.51,19.05,0,Paid
9001193,500398,2020-01-30,1671.48,1720.32,1701.32,19.0,0,Paid
9001194,500398,2020-04-29,1677.43,1715.5,1696.44,19.07,0,Paid
9001195,500399,2022-12-22,4320.09,4280.12,4234.51,45.61,0,Paid
9001196,500399,2023-03-22,4115.32,4136.08,4092.63,43.45,0,Paid
9001197,500399,2023-06-20,4395.97,4454.16,4407.75,46.41,0,Paid
9001198,500400,2025-01-08,927.24,905.6,902.68,2.92,0,Paid
9001199,500400,2025-04-08,925.06,938.52,935.6,2.91,0,Paid
9001200,500400,2025-07-07,879.97,804.72,801.95,2.77,10,Late
9001201,500401,2023-12-13,278.26,271.85,270.25,1.6,60,Late
9001202,500401,2024-03-12,265.46,202.01,200.49,1.52,60,Late
9001203,500401,2024-06-10,259.72,264.94,263.45,1.49,15,Late
9001204,500402,2019-10-03,2067.61,2029.0,2005.55,23.45,0,Paid
9001205,500402,2020-01-01,2056.78,2115.38,2092.05,23.33,0,Paid
9001206,500402,2020-03-31,1940.98,1990.58,1968.57,22.01,0,Paid
9001207,500403,2020-10-23,1530.02,1148.19,1136.65,11.54,60,Late
9001208,500403,2021-01-21,1535.65,1271.77,1260.19,11.58,30,Late
9001209,500403,2021-04-21,1423.11,1457.42,1446.69,10.73,90,Late
9001210,500404,2021-02-16,964.51,964.01,960.85,3.16,120,Late
9001211,500404,2021-05-17,1021.19,961.6,958.26,3.34,120,Late
9001212,500404,2021-08-15,1007.61,790.58,787.28,3.3,60,Late
9001213,500405,2024-09-02,2854.48,2789.4,2776.72,12.68,45,Late
9001214,500405,2024-12-01,2900.2,2912.86,2899.97,12.88,120,Late
9001215,500405,2025-03-01,2791.2,2161.46,2149.07,12.4,45,Late
9001216,500406,2020-08-10,1897.92,1850.01,1839.82,10.19,10,Late
9001217,500406,2020-11-08,1934.73,1881.21,1870.83,10.38,0,Paid
9001218,500406,2021-02-06,2089.32,2065.98,2054.77,11.21,0,Paid
9001219,500407,2024-03-28,15248.79,13041.23,12957.74,83.49,60,Late
9001220,500407,2024-06-26,14687.39,14302.13,14221.72,80.41,90,Late
9001221,500407,2024-09-24,13915.74,11267.72,11191.53,76.19,60,Late
9001222,500408,2025-04-04,1131.5,1107.52,1096.94,10.58,0,Paid
9001223,500408,2025-07-03,1094.4,850.51,840.28,10.23,5,Late
9001224,500408,2025-10-01,1116.15,1121.76,1111.32,10.44,15,Late
9001225,500409,2019-02-07,1603.21,1607.66,1595.65,12.01,5,Late
9001226,500409,2019-05-08,1562.6,1546.49,1534.79,11.71,0,Paid
9001227,500409,2019-08-06,1619.79,1618.05,1605.92,12.13,0,Paid
9001228,500410,2020-04-10,527.03,490.57,486.24,4.33,5,Late
9001229,500410,2020-07-09,574.4,585.7,580.97,4.72,0,Paid
9001230,500410,2020-10-07,536.15,540.01,535.6,4.41,0,Paid
9001231,500411,2021-05-14,2682.3,2388.69,2360.79,27.9,45,Late
9001232,500411,2021-08-12,2594.13,2037.26,2010.28,26.98,120,Late
9001233,500411,2021-11-10,2581.61,2073.31,2046.46,26.85,60,Late
9001234,500412,2023-07-19,9240.77,7314.31,7281.97,32.34,5,Late
9001235,500412,2023-10-17,9045.26,8904.6,8872.94,31.66,0,Paid
9001236,500412,2024-01-15,9404.38,7491.3,7458.39,32.92,90,Late
9001237,500413,2020-01-12,14304.63,14148.86,13993.65,155.21,0,Paid
9001238,500413,2020-04-11,14296.23,11674.67,11519.55,155.11,60,Late
9001239,500413,2020-07-10,14397.33,14648.07,14491.86,156.21,0,Paid
9001240,500414,2022-07-12,392.52,403.03,398.94,4.08,10,Late
9001241,500414,2022-10-10,388.41,324.07,320.03,4.04,30,Late
9001242,500414,2023-01-08,380.16,353.26,349.31,3.95,5,Late
9001243,500415,2020-02-21,6695.69,6823.61,6791.3,32.31,0,Paid
9001244,500415,2020-05-21,7082.83,6928.66,6894.48,34.17,0,Paid
9001245,500415,2020-08-19,7069.37,5853.08,5818.97,34.11,60,Late
9001246,500416,2020-10-06,195.52,153.79,152.12,1.67,5,Late
9001247,500416,2021-01-04,190.3,194.6,192.98,1.62,0,Paid
9001248,500416,2021-04-04,196.43,195.23,193.56,1.68,0,Paid
9001249,500417,2019-12-24,13895.91,13731.56,13583.34,148.22,0,Paid
9001250,500417,2020-03-23,13841.16,13936.96,13789.32,147.64,0,Paid
9001251,500417,2020-06-21,13844.52,13993.62,13845.95,147.67,0,Paid
9001252,500418,2024-11-25,15099.23,11677.16,11580.53,96.64,120,Late
9001253,500418,2025-02-23,14802.19,13589.44,13494.71,94.73,90,Late
9001254,500418,2025-05-24,15208.03,14961.3,14863.97,97.33,45,Late
9001255,500419,2021-03-05,774.61,765.7,761.2,4.5,0,Paid
9001256,500419,2021-06-03,716.37,721.62,717.46,4.16,0,Paid
9001257,500419,2021-09-01,770.44,613.23,608.76,4.47,30,Late
9001258,500420,2019-01-22,1564.19,1542.53,1537.33,5.2,0,Paid
9001259,500420,2019-04-22,1578.07,1618.87,1613.63,5.25,0,Paid
9001260,500420,2019-07-21,1529.31,1462.41,1457.33,5.08,5,Late
9001261,500421,2024-06-07,15239.32,12219.38,12112.96,106.42,45,Late
9001262,500421,2024-09-05,14720.51,12068.29,11965.49,102.8,90,Late
9001263,500421,2024-12-04,15392.37,12637.88,12530.39,107.49,90,Late
9001264,500422,2024-10-29,9625.79,8737.77,8625.95,111.82,10,Late
9001265,500422,2025-01-27,10082.13,10150.59,10033.47,117.12,0,Paid
9001266,500422,2025-04-27,9627.88,9869.98,9758.14,111.84,0,Paid
9001267,500423,2023-02-27,1606.47,1630.63,1623.91,6.72,0,Paid
9001268,500423,2023-05-28,1615.05,1248.0,1241.25,6.76,5,Late
9001269,500423,2023-08-26,1696.27,1617.11,1610.01,7.1,15,Late
9001270,500424,2023-12-11,1821.31,1848.97,1829.74,19.23,60,Late
9001271,500424,2024-03-10,1856.41,1860.1,1840.5,19.6,0,Paid
9001272,500424,2024-06-08,1830.99,1837.47,1818.14,19.33,0,Paid
9001273,500425,2022-06-18,9097.16,7826.02,7719.13,106.89,15,Late
9001274,500425,2022-09-16,8711.64,7154.68,7052.32,102.36,15,Late
9001275,500425,2022-12-15,8867.69,7724.43,7620.24,104.2,60,Late
9001276,500426,2020-07-06,1118.62,914.96,901.71,13.25,45,Late
9001277,500426,2020-10-04,1023.72,859.63,847.51,12.12,90,Late
9001278,500426,2021-01-02,1123.52,1142.78,1129.48,13.3,45,Late
9001279,500427,2020-11-14,2074.13,2025.83,2002.96,22.87,0,Paid
9001280,500427,2021-02-12,2051.47,1991.94,1969.32,22.62,0,Paid
9001281,500427,2021-05-13,2163.82,1977.36,1953.51,23.86,60,Late
9001282,500428,2019-01-31,1816.8,1859.98,1850.22,9.77,0,Paid
9001283,500428,2019-05-01,1801.47,1727.42,1717.74,9.68,30,Late
9001284,500428,2019-07-30,1935.94,1949.03,1938.63,10.41,0,Paid
9001285,500429,2025-07-30,5748.11,5799.63,5775.44,24.19,0,Paid
9001286,500429,2025-10-28,5987.56,5932.05,5906.85,25.2,0,Paid
9001287,500429,2026-01-26,5778.28,5700.49,5676.17,24.32,0,Paid
9001288,500430,2021-08-17,8382.4,8274.87,8178.68,96.19,0,Paid
9001289,500430,2021-11-15,8257.96,8356.92,8262.16,94.76,0,Paid
9001290,500430,2022-02-13,8356.74,7989.47,7893.58,95.89,15,Late
9001291,500431,2020-08-25,15336.11,15076.76,15028.7,48.05,0,Paid
9001292,500431,2020-11-23,15455.27,15013.76,14965.34,48.43,0,Paid
9001293,500431,2021-02-21,15082.83,14711.52,14664.26,47.26,0,Paid
9001294,500432,2020-08-31,849.09,660.1,651.09,9.01,5,Late
9001295,500432,2020-11-29,839.84,847.45,838.54,8.91,0,Paid
9001296,500432,2021-02-27,829.26,847.08,838.28,8.8,0,Paid
9001297,500433,2022-07-15,9570.34,8785.19,8686.61,98.57,60,Late
9001298,500433,2022-10-13,9683.36,9482.85,9383.11,99.74,0,Paid
9001299,500433,2023-01-11,10406.65,10260.61,10153.42,107.19,0,Paid
9001300,500434,2022-09-27,580.15,564.59,562.18,2.41,0,Paid
9001301,500434,2022-12-26,581.74,583.47,581.06,2.41,0,Paid
9001302,500434,2023-03-26,562.93,574.56,572.22,2.34,30,Late
9001303,500435,2022-06-04,923.84,919.87,909.77,10.1,0,Paid
9001304,500435,2022-09-02,956.15,939.82,929.36,10.45,0,Paid
9001305,500435,2022-12-01,978.63,773.61,762.91,10.7,5,Late
9001306,500436,2022-04-15,4653.31,3860.39,3836.12,24.27,15,Late
9001307,500436,2022-07-14,5101.96,5200.98,5174.36,26.62,90,Late
9001308,500436,2022-10-12,5051.15,3814.97,3788.62,26.35,30,Late
9001309,500437,2022-02-05,5971.97,6116.13,6051.13,64.99,0,Paid
9001310,500437,2022-05-06,5660.85,5185.54,5123.93,61.61,5,Late
9001311,500437,2022-08-04,5779.88,5756.79,5693.89,62.9,0,Paid
9001312,500438,2024-05-12,12896.28,12166.86,12114.2,52.66,45,Late
9001313,500438,2024-08-10,12145.56,11877.25,11827.65,49.59,45,Late
9001314,500438,2024-11-08,12542.59,9417.25,9366.03,51.22,15,Late
9001315,500439,2025-11-16,1736.3,1443.19,1423.64,19.55,15,Late
9001316,500439,2026-02-14,1803.27,1632.48,1612.18,20.3,45,Late
9001317,500439,2026-05-15,1797.41,1819.74,1799.51,20.24,0,Paid
9001318,500440,2025-11-10,14697.57,15117.11,15009.82,107.29,0,Paid
9001319,500440,2026-02-08,15157.26,15446.75,15336.1,110.65,0,Paid
9001320,500440,2026-05-09,14392.0,11004.48,10899.42,105.06,45,Late
9001321,500441,2024-06-04,14461.22,12358.19,12260.81,97.37,15,Late
9001322,500441,2024-09-02,14959.42,13780.98,13680.25,100.73,60,Late
9001323,500441,2024-12-01,14446.88,11794.44,11697.16,97.28,45,Late
9001324,500442,2023-10-26,5957.15,6097.04,6078.67,18.37,0,Paid
9001325,500442,2024-01-24,5928.14,4508.6,4490.32,18.28,10,Late
9001326,500442,2024-04-23,6261.64,6408.68,6389.38,19.31,45,Late
9001327,500443,2021-01-30,3787.79,3406.09,3374.08,32.01,30,Late
9001328,500443,2021-04-30,3507.89,3519.95,3490.3,29.64,15,Late
9001329,500443,2021-07-29,3535.32,3599.24,3569.37,29.87,0,Paid
9001330,500444,2025-03-24,889.14,863.64,859.92,3.72,0,Paid
9001331,500444,2025-06-22,875.15,862.47,858.81,3.66,0,Paid
9001332,500444,2025-09-20,867.49,877.37,873.74,3.63,0,Paid
9001333,500445,2022-08-27,11682.58,11969.56,11908.62,60.94,0,Paid
9001334,500445,2022-11-25,11862.26,11597.22,11535.34,61.88,0,Paid
9001335,500445,2023-02-23,11204.92,11280.89,11222.44,58.45,0,Paid
9001336,500446,2021-08-14,14575.79,12467.86,12396.08,71.79,5,Late
9001337,500446,2021-11-12,15192.65,13353.76,13278.94,74.82,45,Late
9001338,500446,2022-02-10,15331.72,15742.52,15667.01,75.51,10,Late
9001339,500447,2021-08-24,14819.02,11186.86,11120.91,65.94,15,Late
9001340,500447,2021-11-22,14891.63,11735.9,11669.63,66.27,60,Late
9001341,500447,2022-02-20,15395.62,14997.88,14929.37,68.51,60,Late
9001342,500448,2025-03-01,1509.01,1297.57,1280.41,17.16,5,Late
9001343,500448,2025-05-30,1466.28,1473.62,1456.94,16.68,0,Paid
9001344,500448,2025-08-28,1547.15,1580.9,1563.3,17.6,10,Late
9001345,500449,2023-08-12,13735.72,13771.23,13708.5,62.73,60,Late
9001346,500449,2023-11-10,13431.18,10657.36,10596.02,61.34,90,Late
9001347,500449,2024-02-08,14038.59,11231.42,11167.31,64.11,45,Late
9001348,500450,2019-12-20,4447.58,4024.32,3991.89,32.43,5,Late
9001349,500450,2020-03-19,4545.34,4512.94,4479.79,33.14,0,Paid
9001350,500450,2020-06-17,4455.94,4182.96,4150.47,32.49,30,Late
9001351,500451,2024-07-18,14201.96,13559.72,13411.66,148.06,30,Late
9001352,500451,2024-10-16,14593.31,13811.34,13659.2,152.14,30,Late
9001353,500451,2025-01-14,15205.81,11494.05,11335.53,158.52,45,Late
9001354,500452,2024-10-19,15657.22,15194.02,15052.98,141.05,0,Paid
9001355,500452,2025-01-17,14421.13,13899.88,13769.97,129.91,60,Late
9001356,500452,2025-04-17,14447.86,11903.8,11773.65,130.15,5,Late
9001357,500453,2024-05-19,1380.96,1281.12,1273.8,7.32,5,Late
9001358,500453,2024-08-17,1421.84,1386.52,1378.99,7.54,0,Paid
9001359,500453,2024-11-15,1401.9,1375.87,1368.44,7.43,0,Paid
9001360,500454,2021-12-02,2341.71,1915.69,1897.58,18.11,90,Late
9001361,500454,2022-03-02,2393.8,1866.01,1847.5,18.51,45,Late
9001362,500454,2022-05-31,2401.76,2368.53,2349.96,18.57,0,Paid
9001363,500455,2024-06-21,1143.14,1039.88,1030.75,9.13,5,Late
9001364,500455,2024-09-19,1146.32,1172.77,1163.62,9.15,5,Late
9001365,500455,2024-12-18,1163.23,1078.92,1069.64,9.29,10,Late
9001366,500456,2020-04-06,11225.15,10920.95,10818.34,102.62,45,Late
9001367,500456,2020-07-05,11317.77,11473.43,11369.97,103.46,120,Late
9001368,500456,2020-10-03,11531.41,11363.65,11258.23,105.42,120,Late
9001369,500457,2019-01-18,1030.31,1008.8,1001.49,7.32,0,Paid
9001370,500457,2019-04-18,1066.69,954.91,947.33,7.57,60,Late
9001371,500457,2019-07-17,978.96,998.47,991.52,6.95,0,Paid
9001372,500458,2025-06-13,14458.19,12385.09,12214.84,170.25,45,Late
9001373,500458,2025-09-11,14977.54,14916.56,14740.2,176.36,0,Paid
9001374,500458,2025-12-10,15734.87,15884.66,15699.38,185.28,0,Paid
9001375,500459,2021-01-11,14857.33,15237.89,15153.08,84.81,0,Paid
9001376,500459,2021-04-11,15356.04,14949.06,14861.4,87.66,0,Paid
9001377,500459,2021-07-10,14528.04,14687.04,14604.11,82.93,5,Late
9001378,500460,2019-04-03,563.99,570.95,564.75,6.2,5,Late
9001379,500460,2019-07-02,512.91,526.44,520.8,5.64,0,Paid
9001380,500460,2019-09-30,513.78,505.95,500.3,5.65,0,Paid
9001381,500461,2021-06-11,4369.06,4288.28,4245.83,42.45,0,Paid
9001382,500461,2021-09-09,4241.76,4258.14,4216.92,41.22,30,Late
9001383,500461,2021-12-08,4537.94,4626.25,4582.16,44.09,0,Paid
9001384,500462,2024-12-29,6005.43,5944.5,5924.93,19.57,0,Paid
9001385,500462,2025-03-29,6129.79,6269.22,6249.24,19.97,0,Paid
9001386,500462,2025-06-27,6078.16,6073.22,6053.42,19.8,0,Paid
9001387,500463,2019-10-24,1781.28,1813.36,1805.28,8.08,0,Paid
9001388,500463,2020-01-22,1805.83,1509.1,1500.91,8.19,5,Late
9001389,500463,2020-04-21,1797.07,1829.65,1821.5,8.15,0,Paid
9001390,500464,2024-06-20,9775.2,7782.85,7675.97,106.88,90,Late
9001391,500464,2024-09-18,9517.89,9592.06,9488.0,104.06,0,Paid
9001392,500464,2024-12-17,9863.1,9457.93,9350.09,107.84,10,Late
9001393,500465,2020-02-11,10281.3,10115.27,10036.53,78.74,0,Paid
9001394,500465,2020-05-11,10492.07,10607.69,10527.34,80.35,0,Paid
9001395,500465,2020-08-09,10838.8,10828.39,10745.38,83.01,0,Paid
9001396,500466,2024-03-03,1231.48,1261.63,1253.96,7.68,0,Paid
9001397,500466,2024-06-01,1220.49,1221.4,1213.79,7.61,0,Paid
9001398,500466,2024-08-30,1266.99,1304.34,1296.44,7.9,0,Paid
9001399,500467,2019-07-03,14774.8,14885.65,14761.67,123.99,0,Paid
9001400,500467,2019-10-01,14994.98,15142.99,15017.16,125.83,0,Paid
9001401,500467,2019-12-30,15513.63,12774.59,12644.41,130.19,10,Late
9001402,500468,2023-06-01,653.8,619.71,615.68,4.03,15,Late
9001403,500468,2023-08-30,620.35,637.29,633.46,3.83,0,Paid
9001404,500468,2023-11-28,649.08,657.58,653.58,4.0,0,Paid
9001405,500469,2025-04-01,292.76,288.18,285.2,2.99,60,Late
9001406,500469,2025-06-30,304.51,302.43,299.32,3.11,60,Late
9001407,500469,2025-09-28,289.98,256.82,253.87,2.96,45,Late
9001408,500470,2020-09-19,12028.93,9962.69,9827.06,135.63,10,Late
9001409,500470,2020-12-18,12246.34,12484.17,12346.09,138.08,0,Paid
9001410,500470,2021-03-18,12710.67,12547.22,12403.91,143.31,0,Paid
9001411,500471,2025-12-12,2425.46,2204.94,2184.0,20.94,5,Late
9001412,500471,2026-03-12,2344.98,2313.46,2293.22,20.24,15,Late
9001413,500471,2026-06-10,2521.72,2558.83,2537.06,21.77,0,Paid
9001414,500472,2019-03-02,5739.96,5727.1,5676.68,50.42,60,Late
9001415,500472,2019-05-31,6170.38,5031.81,4977.61,54.2,120,Late
9001416,500472,2019-08-29,5909.82,4483.77,4431.87,51.91,90,Late
9001417,500473,2025-05-23,863.29,863.02,858.48,4.54,0,Paid
9001418,500473,2025-08-21,912.69,903.28,898.48,4.8,0,Paid
9001419,500473,2025-11-19,912.46,901.21,896.41,4.8,0,Paid
9001420,500474,2025-09-21,521.76,520.24,516.87,3.37,10,Late
9001421,500474,2025-12-20,505.42,516.15,512.89,3.26,0,Paid
9001422,500474,2026-03-20,525.73,535.48,532.09,3.39,0,Paid
9001423,500475,2024-09-02,9161.04,7438.27,7349.03,89.24,45,Late
9001424,500475,2024-12-01,9354.7,7416.03,7324.9,91.13,45,Late
9001425,500475,2025-03-01,9087.45,8746.93,8658.4,88.53,60,Late
9001426,500476,2020-05-20,790.68,771.28,763.81,7.47,0,Paid
9001427,500476,2020-08-18,803.22,819.97,812.37,7.59,0,Paid
9001428,500476,2020-11-16,801.09,804.21,796.64,7.57,0,Paid
9001429,500477,2019-11-27,7958.12,6810.27,6783.34,26.92,5,Late
9001430,500477,2020-02-25,7986.64,8078.05,8051.03,27.02,0,Paid
9001431,500477,2020-05-25,7733.01,7705.76,7679.6,26.16,0,Paid
9001432,500478,2023-08-02,12291.79,12171.21,12133.21,38.0,15,Late
9001433,500478,2023-10-31,11554.74,9818.15,9782.43,35.72,45,Late
9001434,500478,2024-01-29,11786.16,10077.96,10041.53,36.44,60,Late
9001435,500479,2022-09-07,703.93,640.07,635.06,5.01,90,Late
9001436,500479,2022-12-06,740.49,696.56,691.29,5.27,30,Late
9001437,500479,2023-03-06,747.73,630.26,624.94,5.32,15,Late
9001438,500480,2019-11-16,15289.12,15126.67,15033.78,92.88,90,Late
9001439,500480,2020-02-14,15692.03,15952.11,15856.78,95.33,0,Paid
9001440,500480,2020-05-14,14384.21,14122.79,14035.41,87.38,0,Paid
9001441,500481,2020-10-04,2030.25,1551.98,1535.69,16.29,5,Late
9001442,500481,2021-01-02,2001.59,1956.97,1940.9,16.06,0,Paid
9001443,500481,2021-04-02,2030.93,2021.69,2005.39,16.3,0,Paid
9001444,500482,2025-06-09,5972.43,5985.9,5943.1,42.8,0,Paid
9001445,500482,2025-09-07,5676.71,5749.96,5709.28,40.68,10,Late
9001446,500482,2025-12-06,6211.96,6183.45,6138.93,44.52,0,Paid
9001447,500483,2025-09-06,5651.45,5262.69,5227.65,35.04,15,Late
9001448,500483,2025-12-05,5845.72,5977.33,5941.09,36.24,15,Late
9001449,500483,2026-03-05,5742.96,4597.28,4561.67,35.61,15,Late
9001450,500484,2019-11-21,4253.89,4367.74,4343.03,24.71,0,Paid
9001451,500484,2020-02-19,4382.21,4431.19,4405.73,25.45,0,Paid
9001452,500484,2020-05-19,4357.04,4111.71,4086.4,25.31,45,Late
9001453,500485,2021-07-04,8275.2,8283.68,8226.52,57.17,0,Paid
9001454,500485,2021-10-02,7693.36,6056.79,6003.64,53.15,10,Late
9001455,500485,2021-12-31,7793.57,7970.91,7917.07,53.84,0,Paid
9001456,500486,2019-11-02,13938.28,14142.66,14077.96,64.7,15,Late
9001457,500486,2020-01-31,13408.06,10572.95,10510.71,62.24,60,Late
9001458,500486,2020-04-30,13644.97,13390.73,13327.4,63.34,0,Paid
9001459,500487,2021-05-11,15002.48,14845.6,14681.19,164.4,15,Late
9001460,500487,2021-08-09,14345.42,11737.33,11580.13,157.2,45,Late
9001461,500487,2021-11-07,14875.23,13946.6,13783.59,163.01,15,Late
9001462,500488,2023-10-12,4950.45,4512.98,4497.67,15.31,5,Late
9001463,500488,2024-01-10,5173.23,5249.07,5233.08,15.99,0,Paid
9001464,500488,2024-04-09,4942.11,4821.98,4806.7,15.28,0,Paid
9001465,500489,2019-01-16,2303.02,2256.14,2237.18,18.96,0,Paid
9001466,500489,2019-04-16,2497.09,2478.58,2458.02,20.56,0,Paid
9001467,500489,2019-07-15,2443.44,2497.28,2477.16,20.12,0,Paid
9001468,500490,2019-04-07,841.4,862.93,855.4,7.53,0,Paid
9001469,500490,2019-07-06,828.73,820.33,812.92,7.42,15,Late
9001470,500490,2019-10-04,874.45,868.58,860.75,7.83,0,Paid
9001471,500491,2020-03-16,15038.25,15411.3,15253.15,158.15,0,Paid
9001472,500491,2020-06-14,14521.04,14105.53,13952.82,152.71,0,Paid
9001473,500491,2020-09-12,15437.43,15691.11,15528.75,162.35,0,Paid
9001474,500492,2022-12-08,229.02,228.67,227.24,1.43,120,Late
9001475,500492,2023-03-08,217.0,215.96,214.6,1.35,120,Late
9001476,500492,2023-06-06,223.3,178.77,177.38,1.39,45,Late
9001477,500493,2025-11-16,14641.74,14396.86,14265.82,131.04,45,Late
9001478,500493,2026-02-14,15516.12,15719.55,15580.68,138.87,0,Paid
9001479,500493,2026-05-15,15067.35,15131.02,14996.17,134.85,0,Paid
9001480,500494,2025-01-30,579.43,539.38,534.77,4.61,60,Late
9001481,500494,2025-04-30,573.13,577.65,573.09,4.56,0,Paid
9001482,500494,2025-07-29,560.42,563.31,558.85,4.46,0,Paid
9001483,500495,2020-07-16,1021.68,992.46,986.12,6.33,10,Late
9001484,500495,2020-10-14,1045.05,1058.45,1051.97,6.48,0,Paid
9001485,500495,2021-01-12,1031.77,1002.39,996.0,6.4,0,Paid
9001486,500496,2019-04-10,8392.09,8348.87,8319.98,28.88,45,Late
9001487,500496,2019-07-09,7822.67,6188.23,6161.3,26.92,15,Late
9001488,500496,2019-10-07,8378.27,6847.33,6818.49,28.84,45,Late
9001489,500497,2025-01-10,1302.25,1263.29,1254.98,8.31,0,Paid
9001490,500497,2025-04-10,1330.99,1352.19,1343.7,8.5,45,Late
9001491,500497,2025-07-09,1367.93,1373.73,1365.0,8.73,0,Paid
9001492,500498,2020-11-16,10711.36,10669.46,10547.88,121.57,0,Paid
9001493,500498,2021-02-14,10847.93,10876.71,10753.58,123.12,0,Paid
9001494,500498,2021-05-15,11656.27,11437.88,11305.58,132.3,0,Paid
9001495,500499,2021-04-12,2203.15,2166.7,2143.23,23.46,0,Paid
9001496,500499,2021-07-11,2208.99,2208.16,2184.64,23.53,0,Paid
9001497,500499,2021-10-09,2060.02,1830.16,1808.22,21.94,90,Late
9001498,500500,2025-07-11,6225.19,5324.22,5276.6,47.62,5,Late
9001499,500500,2025-10-09,6246.67,6205.36,6157.57,47.79,0,Paid
9001500,500500,2026-01-07,6430.3,6252.39,6203.19,49.19,0,Paid
9001501,500501,2023-08-21,756.56,734.88,727.49,7.4,15,Late
9001502,500501,2023-11-19,788.74,768.03,760.32,7.71,0,Paid
9001503,500501,2024-02-17,805.52,785.18,777.3,7.87,0,Paid
9001504,500502,2020-12-04,1828.46,1875.93,1863.87,12.07,0,Paid
9001505,500502,2021-03-04,1858.61,1821.0,1808.73,12.27,0,Paid
9001506,500502,2021-06-02,1721.61,1414.9,1403.54,11.36,15,Late
9001507,500503,2021-02-24,838.2,680.35,671.87,8.47,15,Late
9001508,500503,2021-05-25,883.56,876.16,867.23,8.93,45,Late
9001509,500503,2021-08-23,887.23,752.71,743.74,8.97,30,Late
9001510,500504,2025-10-19,2322.08,2174.06,2162.66,11.4,30,Late
9001511,500504,2026-01-17,2398.84,2374.76,2362.99,11.77,30,Late
9001512,500504,2026-04-17,2271.3,2275.19,2264.04,11.15,45,Late
9001513,500505,2023-08-27,15047.31,14985.63,14806.32,179.31,0,Paid
9001514,500505,2023-11-25,15298.49,14970.57,14788.26,182.31,0,Paid
9001515,500505,2024-02-23,15544.68,15207.44,15022.2,185.24,0,Paid
9001516,500506,2025-09-12,2347.25,2386.9,2379.3,7.61,0,Paid
9001517,500506,2025-12-11,2366.44,2088.91,2081.24,7.67,10,Late
9001518,500506,2026-03-11,2182.27,2028.52,2021.45,7.07,45,Late
9001519,500507,2024-10-02,2122.14,2060.82,2039.21,21.61,0,Paid
9001520,500507,2024-12-31,1982.51,1491.93,1471.74,20.19,90,Late
9001521,500507,2025-03-31,2150.7,2132.49,2110.58,21.9,0,Paid
9001522,500508,2025-02-08,15182.21,15348.44,15268.48,79.96,0,Paid
9001523,500508,2025-05-09,15008.87,14728.34,14649.29,79.05,0,Paid
9001524,500508,2025-08-07,14986.57,14560.42,14481.49,78.93,0,Paid
9001525,500509,2025-05-10,1796.87,1721.6,1716.06,5.54,90,Late
9001526,500509,2025-08-08,1762.69,1723.83,1718.4,5.43,0,Paid
9001527,500509,2025-11-06,1800.94,1787.52,1781.97,5.55,0,Paid
9001528,500510,2025-05-06,302.35,301.4,298.47,2.93,0,Paid
9001529,500510,2025-08-04,305.08,307.35,304.39,2.96,0,Paid
9001530,500510,2025-11-02,303.54,256.49,253.54,2.94,90,Late
9001531,500511,2022-04-04,8207.27,8020.05,7989.55,30.5,0,Paid
9001532,500511,2022-07-03,7562.25,5978.74,5950.63,28.11,5,Late
9001533,500511,2022-10-01,7951.39,6098.56,6069.0,29.55,10,Late
9001534,500512,2025-11-24,15661.91,15324.64,15176.76,147.87,0,Paid
9001535,500512,2026-02-22,15314.95,15303.97,15159.37,144.6,0,Paid
9001536,500512,2026-05-23,15676.28,14228.54,14080.53,148.01,5,Late
9001537,500513,2024-10-26,14032.52,13652.01,13561.85,90.16,0,Paid
9001538,500513,2025-01-24,14580.77,14378.43,14284.75,93.68,0,Paid
9001539,500513,2025-04-24,15206.35,15164.2,15066.5,97.7,0,Paid
9001540,500514,2020-09-23,15219.85,15096.64,15048.31,48.32,0,Paid
9001541,500514,2020-12-22,14934.17,14619.94,14572.52,47.42,0,Paid
9001542,500514,2021-03-22,14309.12,14165.99,14120.56,45.43,0,Paid
9001543,500515,2021-04-01,11728.29,11728.24,11647.51,80.73,30,Late
9001544,500515,2021-06-30,11115.89,10300.76,10224.24,76.51,15,Late
9001545,500515,2021-09-28,11079.18,11078.63,11002.36,76.26,60,Late
9001546,500516,2022-05-19,234.56,232.12,229.99,2.13,0,Paid
9001547,500516,2022-08-17,256.34,260.65,258.33,2.32,0,Paid
9001548,500516,2022-11-15,256.58,258.07,255.75,2.33,0,Paid
9001549,500517,2023-05-24,5031.49,5171.35,5122.13,49.22,0,Paid
9001550,500517,2023-08-22,4901.78,5033.27,4985.32,47.96,0,Paid
9001551,500517,2023-11-20,4788.59,4749.17,4702.32,46.85,0,Paid
9001552,500518,2020-10-15,1147.09,1155.19,1145.46,9.73,60,Late
9001553,500518,2021-01-13,1128.14,912.61,903.04,9.57,120,Late
9001554,500518,2021-04-13,1136.52,1040.17,1030.53,9.64,90,Late
9001555,500519,2025-08-18,681.22,679.69,677.68,2.01,45,Late
9001556,500519,2025-11-16,663.94,620.17,618.21,1.96,45,Late
9001557,500519,2026-02-14,660.97,552.25,550.31,1.95,15,Late
9001558,500520,2022-10-13,2030.28,2027.97,2012.64,15.33,0,Paid
9001559,500520,2023-01-11,1954.02,1945.87,1931.12,14.75,0,Paid
9001560,500520,2023-04-11,2018.73,1985.89,1970.64,15.24,0,Paid
9001561,500521,2023-12-12,5352.48,5501.46,5459.0,42.46,0,Paid
9001562,500521,2024-03-11,5459.66,5312.65,5269.34,43.31,0,Paid
9001563,500521,2024-06-09,5522.95,5572.87,5529.06,43.82,0,Paid
9001564,500522,2019-04-03,12990.3,13301.39,13179.72,121.68,0,Paid
9001565,500522,2019-07-02,12183.67,11611.04,11496.92,114.12,10,Late
9001566,500522,2019-09-30,12957.2,12640.01,12518.65,121.37,30,Late
9001567,500523,2021-06-14,1629.07,1587.85,1570.9,16.96,0,Paid
9001568,500523,2021-09-12,1760.9,1760.04,1741.71,18.33,0,Paid
9001569,500523,2021-12-11,1716.19,1729.88,1712.02,17.86,0,Paid
9001570,500524,2020-12-29,1990.84,2021.04,2003.32,17.72,0,Paid
9001571,500524,2021-03-29,1929.16,1924.89,1907.72,17.17,0,Paid
9001572,500524,2021-06-27,2069.95,1798.89,1780.47,18.42,90,Late
9001573,500525,2020-01-01,14618.31,14314.29,14245.58,68.71,0,Paid
9001574,500525,2020-03-31,14985.19,15102.11,15031.68,70.43,0,Paid
9001575,500525,2020-06-29,14980.35,15004.09,14933.68,70.41,0,Paid
9001576,500526,2024-04-28,3190.03,3239.51,3215.71,23.79,0,Paid
9001577,500526,2024-07-27,3123.62,3042.89,3019.59,23.3,0,Paid
9001578,500526,2024-10-25,3330.1,3388.92,3364.08,24.84,0,Paid
9001579,500527,2020-01-08,1613.11,1638.59,1628.9,9.69,0,Paid
9001580,500527,2020-04-07,1619.77,1598.11,1588.38,9.73,0,Paid
9001581,500527,2020-07-06,1570.77,1255.53,1246.1,9.44,90,Late
9001582,500528,2025-12-08,15510.65,15666.25,15571.12,95.13,60,Late
9001583,500528,2026-03-08,15388.05,15425.96,15331.58,94.38,60,Late
9001584,500528,2026-06-06,15149.93,14038.59,13945.67,92.92,45,Late
9001585,500529,2020-01-05,479.71,431.77,427.18,4.59,90,Late
9001586,500529,2020-04-04,475.28,487.22,482.67,4.55,5,Late
9001587,500529,2020-07-03,487.54,480.62,475.95,4.66,0,Paid
9001588,500530,2024-11-05,2240.88,2300.16,2291.59,8.57,0,Paid
9001589,500530,2025-02-03,2426.66,2465.51,2456.23,9.28,45,Late
9001590,500530,2025-05-04,2431.59,2463.58,2454.28,9.3,0,Paid
9001591,500531,2019-01-14,14769.67,12804.75,12741.0,63.76,60,Late
9001592,500531,2019-04-14,15191.57,12451.13,12385.55,65.58,15,Late
9001593,500531,2019-07-13,14829.31,13573.08,13509.07,64.01,60,Late
9001594,500532,2024-07-09,15102.27,14915.43,14860.68,54.75,0,Paid
9001595,500532,2024-10-07,14503.14,14868.02,14815.44,52.57,0,Paid
9001596,500532,2025-01-05,15131.81,15119.26,15064.4,54.85,90,Late
9001597,500533,2023-12-25,2222.08,2270.88,2249.47,21.41,0,Paid
9001598,500533,2024-03-24,2107.73,2082.81,2062.5,20.3,0,Paid
9001599,500533,2024-06-22,2096.34,2115.65,2095.45,20.19,0,Paid
9001600,500534,2023-10-27,1890.42,1598.75,1581.31,17.44,90,Late
9001601,500534,2024-01-25,1872.63,1849.66,1832.39,17.27,0,Paid
9001602,500534,2024-04-24,1766.81,1590.04,1573.74,16.3,5,Late
9001603,500535,2025-12-18,1713.32,1758.67,1753.19,5.48,0,Paid
9001604,500535,2026-03-18,1714.59,1765.2,1759.71,5.49,5,Late
9001605,500535,2026-06-16,1699.18,1551.74,1546.3,5.44,10,Late
9001606,500536,2019-05-10,657.5,622.21,615.67,6.55,45,Late
9001607,500536,2019-08-08,614.72,600.28,594.16,6.12,5,Late
9001608,500536,2019-11-06,628.31,566.63,560.37,6.26,10,Late
9001609,500537,2023-12-12,1957.86,1975.24,1966.3,8.94,0,Paid
9001610,500537,2024-03-11,1868.47,1782.29,1773.76,8.53,15,Late
9001611,500537,2024-06-09,1873.85,1710.36,1701.81,8.56,90,Late
9001612,500538,2019-10-22,15148.6,14504.02,14327.04,176.99,5,Late
9001613,500538,2020-01-20,14720.55,14404.14,14232.16,171.99,0,Paid
9001614,500538,2020-04-19,14269.96,14223.82,14057.1,166.72,15,Late
9001615,500539,2024-10-24,985.77,976.48,972.34,4.15,0,Paid
9001616,500539,2025-01-22,1044.85,1070.3,1065.9,4.4,0,Paid
9001617,500539,2025-04-22,1017.93,994.95,990.66,4.28,0,Paid
9001618,500540,2021-11-23,8326.27,6358.34,6259.67,98.67,60,Late
9001619,500540,2022-02-21,8596.92,8759.88,8658.0,101.87,15,Late
9001620,500540,2022-05-22,8562.39,8377.14,8275.68,101.46,0,Paid
9001621,500541,2022-03-06,1215.87,1212.48,1208.51,3.96,0,Paid
9001622,500541,2022-06-04,1249.73,1170.8,1166.73,4.07,15,Late
9001623,500541,2022-09-02,1205.97,1229.21,1225.28,3.93,0,Paid
9001624,500542,2021-07-16,15065.14,12360.64,12246.65,113.99,60,Late
9001625,500542,2021-10-14,14700.69,11381.96,11270.72,111.24,45,Late
9001626,500542,2022-01-12,14689.26,13841.74,13730.59,111.15,60,Late
9001627,500543,2021-12-12,14881.6,14553.56,14498.0,55.56,0,Paid
9001628,500543,2022-03-12,15616.89,15382.1,15323.8,58.3,0,Paid
9001629,500543,2022-06-10,15488.21,15667.33,15609.51,57.82,0,Paid
9001630,500544,2020-08-16,8375.96,7338.45,7300.83,37.62,5,Late
9001631,500544,2020-11-14,8416.02,8522.69,8484.88,37.8,0,Paid
9001632,500544,2021-02-12,7958.74,7443.25,7407.5,35.75,5,Late
9001633,500545,2021-02-16,457.93,450.9,448.92,1.99,0,Paid
9001634,500545,2021-05-17,443.56,437.29,435.37,1.93,0,Paid
9001635,500545,2021-08-15,457.29,347.22,345.24,1.99,15,Late
9001636,500546,2022-08-27,7743.59,7731.03,7640.94,90.08,0,Paid
9001637,500546,2022-11-25,7532.37,6889.82,6802.19,87.63,10,Late
9001638,500546,2023-02-23,7443.2,7408.92,7322.33,86.59,0,Paid
9001639,500547,2020-07-03,9329.66,8438.61,8326.42,112.19,60,Late
9001640,500547,2020-10-01,9768.05,8745.43,8627.97,117.46,45,Late
9001641,500547,2020-12-30,9396.56,8043.7,7930.7,112.99,60,Late
9001642,500548,2019-08-31,9706.53,9872.24,9807.69,64.55,0,Paid
9001643,500548,2019-11-29,9219.12,9025.02,8963.71,61.31,0,Paid
9001644,500548,2020-02-27,9429.77,8939.58,8876.88,62.71,5,Late
9001645,500549,2024-09-30,9066.52,9313.68,9268.19,45.48,15,Late
9001646,500549,2024-12-29,9158.22,8997.26,8951.31,45.94,0,Paid
9001647,500549,2025-03-29,9165.76,7318.77,7272.79,45.98,10,Late
9001648,500550,2025-06-15,771.18,753.89,745.43,8.46,0,Paid
9001649,500550,2025-09-13,822.36,812.16,803.13,9.03,0,Paid
9001650,500550,2025-12-12,795.87,799.9,791.16,8.73,0,Paid
9001651,500551,2024-06-07,1461.44,1151.16,1141.72,9.44,90,Late
9001652,500551,2024-09-05,1427.62,1125.3,1116.08,9.22,90,Late
9001653,500551,2024-12-04,1475.99,1470.66,1461.13,9.53,0,Paid
9001654,500552,2024-03-22,6610.74,6411.19,6357.04,54.15,60,Late
9001655,500552,2024-06-20,6903.12,6119.92,6063.38,56.55,60,Late
9001656,500552,2024-09-18,6531.46,5360.69,5307.18,53.5,60,Late
9001657,500553,2022-08-30,4280.95,3291.18,3256.5,34.68,10,Late
9001658,500553,2022-11-28,4319.29,4406.88,4371.89,34.99,0,Paid
9001659,500553,2023-02-26,4062.37,4017.62,3984.72,32.91,0,Paid
9001660,500554,2022-05-14,14538.21,14618.63,14552.36,66.27,0,Paid
9001661,500554,2022-08-12,14733.31,13159.86,13092.7,67.16,15,Late
9001662,500554,2022-11-10,15651.39,15698.12,15626.78,71.34,0,Paid
9001663,500555,2023-08-07,15432.41,15889.52,15797.06,92.47,0,Paid
9001664,500555,2023-11-05,14405.26,14029.92,13943.61,86.31,0,Paid
9001665,500555,2024-02-03,15646.22,15851.6,15757.86,93.75,0,Paid
9001666,500556,2021-08-12,8021.97,7891.37,7855.27,36.1,0,Paid
9001667,500556,2021-11-10,8167.19,8037.61,8000.85,36.75,0,Paid
9001668,500556,2022-02-08,7817.66,7755.64,7720.46,35.18,0,Paid
9001669,500557,2023-02-01,6217.6,5706.52,5637.4,69.12,90,Late
9001670,500557,2023-05-02,5948.26,5520.82,5454.69,66.12,10,Late
9001671,500557,2023-07-31,6102.14,6112.63,6044.79,67.84,10,Late
9001672,500558,2020-08-06,1642.69,1326.27,1308.16,18.11,90,Late
9001673,500558,2020-11-04,1730.95,1776.9,1757.81,19.08,60,Late
9001674,500558,2021-02-02,1727.77,1778.82,1759.77,19.05,0,Paid
9001675,500559,2022-07-29,5822.02,5164.08,5115.27,48.81,45,Late
9001676,500559,2022-10-27,5982.62,5832.63,5782.48,50.15,0,Paid
9001677,500559,2023-01-25,5703.13,5615.01,5567.2,47.81,0,Paid
9001678,500560,2024-07-09,6288.89,6282.89,6209.89,73.0,0,Paid
9001679,500560,2024-10-07,6312.11,5107.43,5034.16,73.27,5,Late
9001680,500560,2025-01-05,6291.92,6376.25,6303.21,73.04,0,Paid
9001681,500561,2021-08-21,3673.26,3740.08,3721.5,18.58,0,Paid
9001682,500561,2021-11-19,3729.71,3791.07,3772.2,18.87,10,Late
9001683,500561,2022-02-17,3813.68,2874.73,2855.44,19.29,5,Late
9001684,500562,2025-09-07,596.26,583.04,575.92,7.12,15,Late
9001685,500562,2025-12-06,594.59,579.37,572.27,7.1,0,Paid
9001686,500562,2026-03-06,611.93,603.96,596.65,7.31,0,Paid
9001687,500563,2019-01-29,954.75,796.25,786.59,9.67,45,Late
9001688,500563,2019-04-29,931.61,946.23,936.79,9.43,0,Paid
9001689,500563,2019-07-28,935.99,918.87,909.39,9.48,0,Paid
9001690,500564,2022-05-16,15745.36,15755.45,15644.57,110.87,0,Paid
9001691,500564,2022-08-14,15113.3,15304.74,15198.32,106.42,0,Paid
9001692,500564,2022-11-12,15656.84,15435.49,15325.24,110.25,0,Paid
9001693,500565,2022-03-31,15304.03,14948.13,14879.52,68.61,0,Paid
9001694,500565,2022-06-29,14578.19,14646.02,14580.66,65.36,0,Paid
9001695,500565,2022-09-27,15224.47,14974.64,14906.38,68.26,0,Paid
9001696,500566,2021-02-27,15429.05,12702.13,12571.24,130.89,60,Late
9001697,500566,2021-05-28,14276.3,14242.07,14120.96,121.11,0,Paid
9001698,500566,2021-08-26,14944.84,14584.85,14458.07,126.78,0,Paid
9001699,500567,2024-12-19,7452.92,6989.88,6906.72,83.16,60,Late
9001700,500567,2025-03-19,7224.31,7399.7,7319.09,80.61,0,Paid
9001701,500567,2025-06-17,7026.41,6121.5,6043.09,78.4,15,Late
9001702,500568,2019-02-08,178.22,176.66,175.1,1.55,0,Paid
9001703,500568,2019-05-09,180.25,178.07,176.49,1.57,0,Paid
9001704,500568,2019-08-07,179.33,163.15,161.59,1.56,5,Late
9001705,500569,2021-02-16,201.32,204.68,202.85,1.83,45,Late
9001706,500569,2021-05-17,204.31,157.43,155.57,1.86,15,Late
9001707,500569,2021-08-15,195.61,186.32,184.54,1.78,30,Late
9001708,500570,2019-08-06,5656.53,4257.6,4233.61,23.99,10,Late
9001709,500570,2019-11-04,6117.25,5959.22,5933.27,25.95,0,Paid
9001710,500570,2020-02-02,5871.87,5902.08,5877.18,24.91,0,Paid
9001711,500571,2021-10-25,4292.81,4230.18,4214.47,15.7,0,Paid
9001712,500571,2022-01-23,4387.33,4482.04,4465.99,16.05,15,Late
9001713,500571,2022-04-23,4382.55,4416.94,4400.91,16.03,0,Paid
9001714,500572,2019-05-08,736.37,745.33,737.89,7.44,0,Paid
9001715,500572,2019-08-06,768.05,759.67,751.91,7.76,0,Paid
9001716,500572,2019-11-04,739.33,701.53,694.06,7.47,45,Late
9001717,500573,2023-10-11,15078.67,15251.64,15140.68,110.95,0,Paid
9001718,500573,2024-01-09,15043.61,14595.54,14484.85,110.7,0,Paid
9001719,500573,2024-04-08,14769.07,14335.98,14227.3,108.68,0,Paid
9001720,500574,2021-06-23,1774.74,1578.14,1567.09,11.05,15,Late
9001721,500574,2021-09-21,1743.95,1336.56,1325.71,10.86,60,Late
9001722,500574,2021-12-20,1727.36,1717.24,1706.49,10.75,60,Late
9001723,500575,2020-07-02,1181.25,1159.17,1146.52,12.65,0,Paid
9001724,500575,2020-09-30,1281.9,1213.75,1200.02,13.73,30,Late
9001725,500575,2020-12-29,1278.24,973.55,959.86,13.69,15,Late
9001726,500576,2024-12-02,2211.06,2233.74,2222.78,10.96,0,Paid
9001727,500576,2025-03-02,2142.5,1842.48,1831.86,10.62,60,Late
9001728,500576,2025-05-31,2084.75,2037.99,2027.65,10.34,0,Paid
9001729,500577,2023-08-06,2484.45,2421.91,2402.47,19.44,0,Paid
9001730,500577,2023-11-04,2425.31,2319.16,2300.18,18.98,45,Late
9001731,500577,2024-02-02,2420.32,2127.01,2108.07,18.94,90,Late
9001732,500578,2024-12-10,952.42,971.22,963.76,7.45,60,Late
9001733,500578,2025-03-10,935.54,741.52,734.2,7.32,30,Late
9001734,500578,2025-06-08,961.7,948.41,940.89,7.53,0,Paid
9001735,500579,2020-08-28,14577.21,13269.23,13141.07,128.16,10,Late
9001736,500579,2020-11-26,15518.43,15899.49,15763.05,136.43,0,Paid
9001737,500579,2021-02-24,15696.61,15229.87,15091.87,138.0,0,Paid
9001738,500580,2020-07-06,2257.6,1975.37,1949.39,25.98,5,Late
9001739,500580,2020-10-04,2353.99,2351.53,2324.44,27.09,0,Paid
9001740,500580,2021-01-02,2162.93,2123.35,2098.46,24.89,90,Late
9001741,500581,2021-03-14,7325.7,7470.91,7420.85,50.06,15,Late
9001742,500581,2021-06-12,7267.17,7081.29,7031.63,49.66,60,Late
9001743,500581,2021-09-10,6885.07,5183.34,5136.29,47.05,60,Late
9001744,500582,2021-02-18,1984.8,2019.44,2000.19,19.25,0,Paid
9001745,500582,2021-05-19,2104.03,2153.22,2132.81,20.41,0,Paid
9001746,500582,2021-08-17,1983.66,1928.55,1909.31,19.24,0,Paid
9001747,500583,2025-04-17,6108.24,6057.35,5990.87,66.48,0,Paid
9001748,500583,2025-07-16,5887.79,4772.58,4708.5,64.08,60,Late
9001749,500583,2025-10-14,6011.78,5686.36,5620.93,65.43,60,Late
9001750,500584,2025-12-21,2451.89,2485.81,2472.47,13.34,0,Paid
9001751,500584,2026-03-21,2462.55,2028.32,2014.92,13.4,5,Late
9001752,500584,2026-06-19,2433.82,2442.41,2429.16,13.24,10,Late
9001753,500585,2022-11-07,5495.82,5365.88,5348.89,16.99,0,Paid
9001754,500585,2023-02-05,5637.7,5767.8,5750.37,17.43,0,Paid
9001755,500585,2023-05-06,5378.7,5328.1,5311.47,16.63,0,Paid
9001756,500586,2022-10-12,1114.58,1079.66,1075.2,4.46,120,Late
9001757,500586,2023-01-10,1046.45,784.98,780.8,4.19,45,Late
9001758,500586,2023-04-10,1109.22,905.59,901.15,4.44,45,Late
9001759,500587,2023-08-02,807.5,793.61,785.02,8.59,0,Paid
9001760,500587,2023-10-31,846.93,759.62,750.6,9.01,60,Late
9001761,500587,2024-01-29,845.9,754.14,745.14,9.0,90,Late
9001762,500588,2021-11-20,11766.98,12027.56,11985.4,42.17,0,Paid
9001763,500588,2022-02-18,11702.75,11989.26,11947.32,41.93,0,Paid
9001764,500588,2022-05-19,10918.12,10662.33,10623.2,39.12,0,Paid
9001765,500589,2020-01-22,1136.84,1103.47,1098.38,5.09,0,Paid
9001766,500589,2020-04-21,1104.93,1109.77,1104.83,4.94,0,Paid
9001767,500589,2020-07-20,1076.14,1087.29,1082.47,4.82,10,Late
9001768,500590,2025-11-12,7672.35,7567.87,7507.07,60.8,5,Late
9001769,500590,2026-02-10,7255.33,6580.7,6523.21,57.5,5,Late
9001770,500590,2026-05-11,7260.43,7198.12,7140.58,57.54,0,Paid
9001771,500591,2022-05-24,1255.59,1288.8,1276.92,11.88,0,Paid
9001772,500591,2022-08-22,1272.76,1239.61,1227.58,12.04,0,Paid
9001773,500591,2022-11-20,1364.17,1393.98,1381.08,12.9,0,Paid
9001774,500592,2019-01-15,2047.77,1957.67,1946.05,11.62,30,Late
9001775,500592,2019-04-15,2076.02,1747.13,1735.35,11.78,15,Late
9001776,500592,2019-07-14,2111.93,2085.28,2073.3,11.99,15,Late
9001777,500593,2025-08-09,1525.39,1485.99,1468.83,17.16,0,Paid
9001778,500593,2025-11-07,1482.5,1493.12,1476.44,16.68,0,Paid
9001779,500593,2026-02-05,1456.45,1432.79,1416.41,16.39,30,Late
9001780,500594,2019-09-09,3403.29,3387.92,3347.28,40.64,0,Paid
9001781,500594,2019-12-08,3412.03,2830.79,2790.04,40.75,5,Late
9001782,500594,2020-03-07,3528.39,3500.22,3458.09,42.13,0,Paid
9001783,500595,2021-06-28,15118.48,12764.35,12699.97,64.38,90,Late
9001784,500595,2021-09-26,15392.43,13011.76,12946.21,65.55,90,Late
9001785,500595,2021-12-25,15298.8,14452.15,14387.01,65.15,60,Late
9001786,500596,2022-04-14,257.08,233.83,230.89,2.94,90,Late
9001787,500596,2022-07-13,259.57,202.32,199.35,2.97,90,Late
9001788,500596,2022-10-11,277.67,229.43,226.25,3.18,10,Late
9001789,500597,2020-03-15,2945.33,3023.4,2989.77,33.63,0,Paid
9001790,500597,2020-06-13,2954.76,2965.07,2931.33,33.73,15,Late
9001791,500597,2020-09-11,2844.47,2815.84,2783.36,32.47,0,Paid
9001792,500598,2022-10-30,807.89,802.97,793.35,9.62,0,Paid
9001793,500598,2023-01-28,819.66,813.0,803.24,9.76,0,Paid
9001794,500598,2023-04-28,799.71,616.1,606.58,9.52,5,Late
9001795,500599,2020-05-15,11668.46,11366.75,11265.33,101.42,0,Paid
9001796,500599,2020-08-13,11534.59,11362.19,11261.94,100.25,0,Paid
9001797,500599,2020-11-11,11089.11,10764.33,10667.95,96.38,0,Paid
9001798,500600,2019-02-27,904.32,706.47,701.4,5.06,60,Late
9001799,500600,2019-05-28,928.85,902.28,897.08,5.2,15,Late
9001800,500600,2019-08-26,852.2,737.05,732.27,4.77,45,Late
9001801,500601,2022-06-21,9330.12,9401.0,9295.88,105.12,0,Paid
9001802,500601,2022-09-19,9491.39,9278.98,9172.05,106.94,0,Paid
9001803,500601,2022-12-18,9629.49,9720.7,9612.21,108.49,0,Paid
9001804,500602,2022-06-22,1661.71,1607.12,1601.37,5.75,90,Late
9001805,500602,2022-09-20,1674.32,1469.95,1464.16,5.79,60,Late
9001806,500602,2022-12-19,1715.21,1761.6,1755.67,5.93,45,Late
9001807,500603,2024-08-02,14846.23,11897.34,11844.14,53.2,15,Late
9001808,500603,2024-10-31,14611.68,11880.22,11827.86,52.36,45,Late
9001809,500603,2025-01-29,14835.69,14425.66,14372.5,53.16,0,Paid
9001810,500604,2019-11-20,901.7,808.34,802.62,5.72,60,Late
9001811,500604,2020-02-18,912.61,733.26,727.48,5.79,120,Late
9001812,500604,2020-05-18,935.61,911.37,905.44,5.93,60,Late
9001813,500605,2021-02-28,11427.92,11175.03,11069.61,105.42,5,Late
9001814,500605,2021-05-29,11546.19,11882.04,11775.53,106.51,0,Paid
9001815,500605,2021-08-27,10903.08,9858.67,9758.09,100.58,5,Late
9001816,500606,2024-03-31,8357.82,8240.92,8167.79,73.13,0,Paid
9001817,500606,2024-06-29,8671.09,8713.21,8637.34,75.87,0,Paid
9001818,500606,2024-09-27,8663.1,8597.49,8521.69,75.8,0,Paid
9001819,500607,2024-02-09,5978.54,5969.95,5925.01,44.94,0,Paid
9001820,500607,2024-05-09,5898.09,5845.16,5800.82,44.33,0,Paid
9001821,500607,2024-08-07,6463.58,6620.03,6571.44,48.58,0,Paid
9001822,500608,2025-10-10,1845.45,1810.87,1792.92,17.95,0,Paid
9001823,500608,2026-01-08,1927.85,1793.48,1774.73,18.75,10,Late
9001824,500608,2026-04-08,1957.25,1944.1,1925.07,19.03,0,Paid
9001825,500609,2022-12-02,1936.81,1968.61,1961.34,7.26,0,Paid
9001826,500609,2023-03-02,1904.32,1949.56,1942.42,7.14,0,Paid
9001827,500609,2023-05-31,1824.34,1863.25,1856.41,6.84,0,Paid
9001828,500610,2023-12-25,9720.42,9972.21,9911.05,61.16,0,Paid
9001829,500610,2024-03-24,9130.63,7228.55,7171.11,57.45,45,Late
9001830,500610,2024-06-22,9197.71,9127.07,9069.2,57.87,0,Paid
9001831,500611,2019-07-29,6260.85,5823.92,5759.23,64.7,10,Late
9001832,500611,2019-10-27,6279.29,6206.47,6141.59,64.89,0,Paid
9001833,500611,2020-01-25,6382.43,5720.46,5654.51,65.95,15,Late
9001834,500612,2025-10-19,665.38,682.37,678.65,3.72,0,Paid
9001835,500612,2026-01-17,672.79,669.69,665.94,3.76,0,Paid
9001836,500612,2026-04-17,703.19,628.02,624.09,3.93,60,Late
9001837,500613,2019-01-01,15151.8,14882.31,14797.72,84.6,0,Paid
9001838,500613,2019-04-01,14354.08,14133.18,14053.04,80.14,0,Paid
9001839,500613,2019-06-30,14319.87,14619.34,14539.38,79.95,0,Paid
9001840,500614,2020-10-30,2059.98,2112.6,2102.33,10.27,90,Late
9001841,500614,2021-01-28,2135.68,2137.54,2126.9,10.64,0,Paid
9001842,500614,2021-04-28,2061.54,1622.83,1612.56,10.27,45,Late
9001843,500615,2023-01-19,7903.81,7936.1,7879.92,56.18,0,Paid
9001844,500615,2023-04-19,8067.99,7316.48,7259.13,57.35,10,Late
9001845,500615,2023-07-18,7516.04,7663.7,7610.27,53.43,0,Paid
9001846,500616,2024-02-26,1851.62,1855.38,1848.39,6.99,0,Paid
9001847,500616,2024-05-26,1825.04,1817.48,1810.59,6.89,0,Paid
9001848,500616,2024-08-24,1761.07,1465.88,1459.24,6.65,5,Late
9001849,500617,2022-06-16,15425.66,14998.82,14918.1,80.73,0,Paid
9001850,500617,2022-09-14,15286.37,14997.81,14917.81,80.0,0,Paid
9001851,500617,2022-12-13,14744.73,12515.7,12438.53,77.16,15,Late
9001852,500618,2025-08-19,14559.0,14256.29,14168.33,87.96,0,Paid
9001853,500618,2025-11-17,14696.99,12630.55,12541.75,88.79,10,Late
9001854,500618,2026-02-15,14482.6,14463.07,14375.57,87.5,0,Paid
9001855,500619,2025-11-25,1508.32,1495.43,1490.16,5.27,0,Paid
9001856,500619,2026-02-23,1521.37,1564.75,1559.44,5.31,0,Paid
9001857,500619,2026-05-24,1429.92,1334.43,1329.44,4.99,10,Late
9001858,500620,2020-03-06,5377.97,5221.16,5177.69,43.47,60,Late
9001859,500620,2020-06-04,5379.79,5539.33,5495.85,43.49,120,Late
9001860,500620,2020-09-02,5824.11,4417.38,4370.3,47.08,120,Late
9001861,500621,2023-05-17,15673.55,15688.77,15638.48,50.29,0,Paid
9001862,500621,2023-08-15,15555.1,12400.41,12350.5,49.91,45,Late
9001863,500621,2023-11-13,15684.9,15538.35,15488.03,50.32,0,Paid
9001864,500622,2022-11-09,1493.41,1147.52,1132.65,14.87,30,Late
9001865,500622,2023-02-07,1631.46,1400.56,1384.32,16.25,10,Late
9001866,500622,2023-05-08,1512.64,1218.95,1203.88,15.06,30,Late
9001867,500623,2022-02-13,15072.27,14688.47,14617.75,70.71,0,Paid
9001868,500623,2022-05-14,14927.31,11208.49,11138.46,70.03,5,Late
9001869,500623,2022-08-12,15698.78,15651.4,15577.74,73.65,0,Paid
9001870,500624,2020-08-27,163.92,161.13,159.47,1.66,0,Paid
9001871,500624,2020-11-25,157.12,158.11,156.52,1.59,0,Paid
9001872,500624,2021-02-23,165.76,160.75,159.07,1.68,60,Late
9001873,500625,2019-12-29,1547.97,1238.01,1224.68,13.33,60,Late
9001874,500625,2020-03-28,1656.01,1501.52,1487.26,14.26,45,Late
9001875,500625,2020-06-26,1653.66,1325.16,1310.93,14.24,30,Late
9001876,500626,2025-08-19,14255.96,10855.74,10758.92,96.82,30,Late
9001877,500626,2025-11-17,14349.86,14180.87,14083.41,97.46,0,Paid
9001878,500626,2026-02-15,14895.23,15272.48,15171.32,101.16,0,Paid
9001879,500627,2020-01-19,1355.35,1366.76,1360.69,6.08,60,Late
9001880,500627,2020-04-18,1307.44,1003.8,997.93,5.86,60,Late
9001881,500627,2020-07-17,1318.81,1349.25,1343.33,5.91,120,Late
9001882,500628,2023-10-15,902.75,860.95,856.62,4.33,45,Late
9001883,500628,2024-01-13,897.83,899.88,895.57,4.31,0,Paid
9001884,500628,2024-04-12,868.22,886.92,882.76,4.17,0,Paid
9001885,500629,2025-11-18,1128.21,1161.73,1158.14,3.58,10,Late
9001886,500629,2026-02-16,1203.65,921.72,917.9,3.82,15,Late
9001887,500629,2026-05-17,1200.1,1215.02,1211.21,3.81,0,Paid
9001888,500630,2022-08-29,1932.87,1917.49,1898.93,18.56,0,Paid
9001889,500630,2022-11-27,1947.81,1991.71,1973.01,18.7,0,Paid
9001890,500630,2023-02-25,1855.92,1895.61,1877.8,17.82,0,Paid
9001891,500631,2023-04-22,15283.46,15022.77,14927.24,95.52,15,Late
9001892,500631,2023-07-21,14532.56,14180.25,14089.42,90.83,0,Paid
9001893,500631,2023-10-19,15310.5,15690.78,15595.09,95.69,0,Paid
9001894,500632,2020-04-03,1462.96,1485.97,1472.91,13.06,0,Paid
9001895,500632,2020-07-02,1483.19,1478.57,1465.33,13.24,0,Paid
9001896,500632,2020-09-30,1567.65,1583.6,1569.61,13.99,0,Paid
9001897,500633,2019-10-15,6684.0,5593.85,5558.87,34.98,60,Late
9001898,500633,2020-01-13,6575.48,5899.02,5864.61,34.41,45,Late
9001899,500633,2020-04-12,6582.59,6095.19,6060.74,34.45,90,Late
9001900,500634,2021-08-08,11168.82,11205.06,11090.58,114.48,0,Paid
9001901,500634,2021-11-06,10743.16,10954.24,10844.13,110.12,0,Paid
9001902,500634,2022-02-04,11190.48,11395.53,11280.82,114.7,0,Paid
9001903,500635,2021-03-31,1980.34,1954.08,1938.51,15.56,60,Late
9001904,500635,2021-06-29,2004.31,1700.89,1685.14,15.75,45,Late
9001905,500635,2021-09-27,1953.39,1512.36,1497.01,15.35,90,Late
9001906,500636,2025-04-13,15611.92,12692.51,12570.6,121.9,60,Late
9001907,500636,2025-07-12,14763.71,11286.72,11171.44,115.28,45,Late
9001908,500636,2025-10-10,15089.67,12162.8,12044.97,117.83,90,Late
9001909,500637,2022-12-09,1863.18,1906.52,1886.7,19.83,0,Paid
9001910,500637,2023-03-09,1925.75,1767.04,1746.54,20.49,30,Late
9001911,500637,2023-06-07,1807.45,1689.05,1669.82,19.23,5,Late
9001912,500638,2023-08-30,1882.36,1577.54,1555.78,21.76,30,Late
9001913,500638,2023-11-28,1958.74,1944.75,1922.11,22.64,45,Late
9001914,500638,2024-02-26,1857.41,1726.64,1705.17,21.47,60,Late
9001915,500639,2020-03-19,1540.55,1511.99,1501.27,10.72,0,Paid
9001916,500639,2020-06-17,1651.25,1695.83,1684.34,11.49,0,Paid
9001917,500639,2020-09-15,1640.74,1628.62,1617.2,11.42,0,Paid
9001918,500640,2025-11-15,13683.16,13417.31,13300.78,116.53,45,Late
9001919,500640,2026-02-13,13838.73,13861.86,13744.0,117.86,0,Paid
9001920,500640,2026-05-14,13140.74,12881.45,12769.54,111.92,5,Late
9001921,500641,2022-08-10,1546.77,1591.17,1583.42,7.75,0,Paid
9001922,500641,2022-11-08,1623.33,1615.39,1607.26,8.13,0,Paid
9001923,500641,2023-02-06,1521.36,1486.84,1479.22,7.62,0,Paid
9001924,500642,2025-09-28,1346.78,1355.27,1349.64,5.62,0,Paid
9001925,500642,2025-12-27,1385.81,1344.54,1338.76,5.79,0,Paid
9001926,500642,2026-03-27,1421.83,1447.59,1441.65,5.94,15,Late
9001927,500643,2022-04-01,1269.53,1131.11,1117.72,13.38,5,Late
9001928,500643,2022-06-30,1231.13,1213.08,1200.11,12.98,0,Paid
9001929,500643,2022-09-28,1296.98,1284.33,1270.66,13.67,0,Paid
9001930,500644,2019-02-14,1123.09,1155.5,1144.52,10.98,0,Paid
9001931,500644,2019-05-15,1213.83,1185.24,1173.37,11.87,0,Paid
9001932,500644,2019-08-13,1128.99,1137.89,1126.86,11.04,0,Paid
9001933,500645,2020-12-06,759.15,769.6,763.84,5.76,0,Paid
9001934,500645,2021-03-06,703.75,686.88,681.54,5.34,0,Paid
9001935,500645,2021-06-04,694.12,547.68,542.41,5.27,15,Late
9001936,500646,2023-12-02,2200.93,1654.94,1643.28,11.66,10,Late
9001937,500646,2024-03-01,2373.36,2417.41,2404.83,12.58,0,Paid
9001938,500646,2024-05-30,2202.63,2219.96,2208.29,11.67,0,Paid
9001939,500647,2022-04-28,590.73,606.96,603.25,3.71,0,Paid
9001940,500647,2022-07-27,589.99,604.07,600.36,3.71,0,Paid
9001941,500647,2022-10-25,574.81,522.64,519.03,3.61,90,Late
9001942,500648,2023-06-10,4898.41,4851.79,4835.71,16.08,0,Paid
9001943,500648,2023-09-08,5004.9,4878.53,4862.1,16.43,0,Paid
9001944,500648,2023-12-07,4776.68,4800.41,4784.73,15.68,0,Paid
9001945,500649,2025-06-11,14432.47,14065.28,13989.87,75.41,0,Paid
9001946,500649,2025-09-09,14632.77,14829.78,14753.32,76.46,0,Paid
9001947,500649,2025-12-08,14521.95,14804.24,14728.36,75.88,0,Paid
9001948,500650,2023-02-24,1506.5,1250.58,1243.07,7.51,30,Late
9001949,500650,2023-05-25,1484.42,1475.51,1468.11,7.4,0,Paid
9001950,500650,2023-08-23,1420.98,1334.72,1327.64,7.08,60,Late
9001951,500651,2019-04-03,14633.64,14912.41,14746.07,166.34,0,Paid
9001952,500651,2019-07-02,14384.24,13962.8,13799.3,163.5,0,Paid
9001953,500651,2019-09-30,14743.9,11099.87,10932.28,167.59,90,Late
9001954,500652,2025-05-30,1868.94,1809.71,1790.01,19.7,30,Late
9001955,500652,2025-08-28,1908.29,1569.27,1549.15,20.12,60,Late
9001956,500652,2025-11-26,1950.05,1682.19,1661.64,20.56,15,Late
9001957,500653,2024-08-07,1564.76,1553.57,1537.61,15.96,0,Paid
9001958,500653,2024-11-05,1709.91,1399.75,1382.31,17.44,15,Late
9001959,500653,2025-02-03,1608.28,1603.97,1587.56,16.4,0,Paid
9001960,500654,2019-03-21,4242.61,4044.45,4029.24,15.2,120,Late
9001961,500654,2019-06-19,4305.41,3690.02,3674.59,15.43,60,Late
9001962,500654,2019-09-17,4368.38,3693.69,3678.04,15.65,60,Late
9001963,500655,2025-05-24,1007.94,1012.05,1008.7,3.34,10,Late
9001964,500655,2025-08-22,997.8,1004.88,1001.57,3.31,0,Paid
9001965,500655,2025-11-20,1010.67,1028.92,1025.57,3.35,0,Paid
9001966,500656,2022-07-14,1668.17,1305.2,1293.39,11.82,10,Late
9001967,500656,2022-10-12,1753.21,1529.06,1516.65,12.42,10,Late
9001968,500656,2023-01-10,1704.88,1463.33,1451.25,12.08,90,Late
9001969,500657,2024-01-07,6472.96,4902.94,4876.02,26.92,120,Late
9001970,500657,2024-04-06,6814.57,6611.61,6583.27,28.34,45,Late
9001971,500657,2024-07-05,6876.82,6099.54,6070.94,28.6,60,Late
9001972,500658,2019-02-23,9771.5,8124.04,8029.17,94.86,45,Late
9001973,500658,2019-05-24,9308.39,9467.52,9377.15,90.37,0,Paid
9001974,500658,2019-08-22,9194.36,8934.45,8845.19,89.26,0,Paid
9001975,500659,2025-11-22,649.13,510.29,504.31,5.99,45,Late
9001976,500659,2026-02-20,665.81,647.51,641.36,6.14,0,Paid
9001977,500659,2026-05-21,662.1,670.54,664.44,6.11,0,Paid
9001978,500660,2024-10-22,14357.13,14518.8,14374.4,144.41,0,Paid
9001979,500660,2025-01-20,14277.25,14464.06,14320.46,143.61,0,Paid
9001980,500660,2025-04-20,14335.64,13997.56,13853.36,144.19,0,Paid
9001981,500661,2022-05-15,619.66,602.68,599.77,2.91,0,Paid
9001982,500661,2022-08-13,595.02,610.62,607.83,2.79,0,Paid
9001983,500661,2022-11-11,652.69,572.99,569.92,3.06,15,Late
9001984,500662,2022-09-13,182.15,138.45,136.68,1.77,60,Late
9001985,500662,2022-12-12,170.39,127.88,126.23,1.65,60,Late
9001986,500662,2023-03-12,180.43,163.41,161.66,1.75,45,Late
9001987,500663,2022-12-08,2194.77,2249.83,2233.29,16.53,0,Paid
9001988,500663,2023-03-08,2209.12,1938.46,1921.82,16.64,5,Late
9001989,500663,2023-06-06,2116.59,2109.98,2094.04,15.94,0,Paid
9001990,500664,2022-08-10,1084.77,921.75,916.45,5.31,90,Late
9001991,500664,2022-11-08,1009.22,1008.28,1003.35,4.94,0,Paid
9001992,500664,2023-02-06,1113.54,1119.14,1113.69,5.45,15,Late
9001993,500665,2025-06-05,1969.89,1986.64,1974.35,12.3,0,Paid
9001994,500665,2025-09-03,1920.64,1522.46,1510.47,11.99,15,Late
9001995,500665,2025-12-02,2001.45,1982.62,1970.13,12.49,0,Paid
9001996,500666,2022-02-18,14604.62,12237.47,12077.3,160.16,5,Late
9001997,500666,2022-05-19,14055.29,13790.6,13636.46,154.14,0,Paid
9001998,500666,2022-08-17,13595.22,13705.16,13556.07,149.09,0,Paid
9001999,500667,2024-12-12,582.63,593.98,588.79,5.2,0,Paid
9002000,500667,2025-03-12,585.08,519.98,514.76,5.22,15,Late
9002001,500667,2025-06-10,626.91,630.77,625.18,5.59,0,Paid
9002002,500668,2023-12-08,8856.78,8055.55,7956.65,98.9,30,Late
9002003,500668,2024-03-07,8550.28,8702.98,8607.5,95.48,0,Paid
9002004,500668,2024-06-05,8126.39,8194.07,8103.32,90.74,0,Paid
9002005,500669,2021-12-23,10370.87,10525.9,10428.67,97.23,0,Paid
9002006,500669,2022-03-23,10533.46,7958.26,7859.51,98.75,5,Late
9002007,500669,2022-06-21,10926.6,10941.79,10839.36,102.44,0,Paid
9002008,500670,2024-03-15,1227.36,1190.56,1183.28,7.28,0,Paid
9002009,500670,2024-06-13,1240.76,1242.03,1234.67,7.36,0,Paid
9002010,500670,2024-09-11,1224.59,1221.47,1214.21,7.27,0,Paid
9002011,500671,2021-02-27,11021.76,10757.14,10674.84,82.3,0,Paid
9002012,500671,2021-05-28,10609.16,10837.47,10758.26,79.22,0,Paid
9002013,500671,2021-08-26,11269.71,11366.89,11282.74,84.15,0,Paid
9002014,500672,2022-06-22,15102.51,15410.3,15307.35,102.95,0,Paid
9002015,500672,2022-09-20,15322.36,14959.34,14854.9,104.45,0,Paid
9002016,500672,2022-12-19,15344.89,15498.39,15393.79,104.6,0,Paid
9002017,500673,2025-01-28,9525.64,8429.92,8364.59,65.33,60,Late
9002018,500673,2025-04-28,9270.4,8964.36,8900.78,63.58,60,Late
9002019,500673,2025-07-27,9844.95,9131.93,9064.41,67.52,90,Late
9002020,500674,2023-12-18,8384.19,7483.33,7426.11,57.22,45,Late
9002021,500674,2024-03-17,8448.33,7201.69,7144.03,57.66,30,Late
9002022,500674,2024-06-15,8705.08,8030.52,7971.1,59.41,30,Late
9002023,500675,2023-03-25,6755.46,6273.15,6212.8,60.35,90,Late
9002024,500675,2023-06-23,7297.08,7292.46,7227.27,65.19,0,Paid
9002025,500675,2023-09-21,6846.13,6883.45,6822.29,61.16,30,Late
9002026,500676,2022-10-13,1872.31,1510.15,1494.08,16.07,5,Late
9002027,500676,2023-01-11,1831.49,1795.84,1780.12,15.72,0,Paid
9002028,500676,2023-04-11,1881.94,1863.9,1847.75,16.15,0,Paid
9002029,500677,2023-08-07,15096.46,15146.73,14972.12,174.62,0,Paid
9002030,500677,2023-11-05,14790.71,13678.14,13507.06,171.08,30,Late
9002031,500677,2024-02-03,15687.42,15265.06,15083.61,181.45,0,Paid
9002032,500678,2019-10-06,796.36,774.26,769.29,4.96,0,Paid
9002033,500678,2020-01-04,777.09,790.52,785.68,4.84,45,Late
9002034,500678,2020-04-03,779.29,792.7,787.84,4.86,0,Paid
9002035,500679,2024-12-21,15280.61,12673.63,12585.12,88.5,15,Late
9002036,500679,2025-03-21,15098.18,12574.64,12487.19,87.44,60,Late
9002037,500679,2025-06-19,14456.37,12714.59,12630.86,83.73,30,Late
9002038,500680,2020-08-21,13746.83,13635.78,13567.04,68.73,0,Paid
9002039,500680,2020-11-19,14113.81,14187.85,14117.28,70.57,0,Paid
9002040,500680,2021-02-17,14472.3,12016.84,11944.48,72.36,15,Late
9002041,500681,2023-02-09,1004.21,1009.74,1005.22,4.52,15,Late
9002042,500681,2023-05-10,1076.36,1071.53,1066.69,4.84,0,Paid
9002043,500681,2023-08-08,1050.92,1059.05,1054.32,4.73,0,Paid
9002044,500682,2020-03-29,1543.55,1566.27,1556.42,9.85,0,Paid
9002045,500682,2020-06-27,1611.57,1642.12,1631.83,10.29,0,Paid
9002046,500682,2020-09-25,1547.35,1550.3,1540.42,9.88,0,Paid
9002047,500683,2019-03-29,740.26,735.07,731.42,3.65,0,Paid
9002048,500683,2019-06-27,752.77,767.93,764.21,3.71,0,Paid
9002049,500683,2019-09-25,758.92,743.6,739.85,3.74,0,Paid
9002050,500684,2023-02-02,2302.85,2245.06,2230.58,14.49,0,Paid
9002051,500684,2023-05-03,2165.75,2134.82,2121.2,13.63,0,Paid
9002052,500684,2023-08-01,2330.51,2343.63,2328.97,14.66,0,Paid
9002053,500685,2020-09-29,5582.89,5706.31,5641.55,64.76,0,Paid
9002054,500685,2020-12-28,5160.76,4311.65,4251.78,59.86,10,Late
9002055,500685,2021-03-28,5583.96,5704.88,5640.1,64.77,0,Paid
9002056,500686,2024-01-24,1702.86,1749.89,1739.88,10.0,0,Paid
9002057,500686,2024-04-23,1813.48,1866.6,1855.94,10.65,0,Paid
9002058,500686,2024-07-22,1831.91,1793.5,1782.74,10.76,0,Paid
9002059,500687,2019-03-19,10117.89,7869.06,7838.7,30.35,60,Late
9002060,500687,2019-06-17,10149.1,10052.13,10021.68,30.45,0,Paid
9002061,500687,2019-09-15,10395.26,10343.6,10312.41,31.19,0,Paid
9002062,500688,2023-07-19,12652.54,12397.91,12250.82,147.09,0,Paid
9002063,500688,2023-10-17,13441.75,11683.36,11527.1,156.26,10,Late
9002064,500688,2024-01-15,12905.22,12835.37,12685.34,150.02,0,Paid
9002065,500689,2023-09-15,2558.24,2507.88,2478.46,29.42,0,Paid
9002066,500689,2023-12-14,2579.01,2520.13,2490.47,29.66,60,Late
9002067,500689,2024-03-13,2539.02,2518.57,2489.37,29.2,15,Late
9002068,500690,2024-01-30,11241.49,11198.14,11063.25,134.9,0,Paid
9002069,500690,2024-04-29,10908.65,10965.05,10834.14,130.9,0,Paid
9002070,500690,2024-07-28,11435.84,11691.62,11554.39,137.23,0,Paid
9002071,500691,2020-04-12,9434.87,9354.04,9313.39,40.65,0,Paid
9002072,500691,2020-07-11,9858.43,9537.7,9495.22,42.47,5,Late
9002073,500691,2020-10-09,9930.92,9762.17,9719.39,42.79,10,Late
9002074,500692,2021-04-21,12984.45,13043.43,12958.92,84.51,0,Paid
9002075,500692,2021-07-20,12684.06,12518.94,12436.38,82.55,0,Paid
9002076,500692,2021-10-18,13136.8,10525.76,10440.26,85.5,60,Late
9002077,500693,2020-07-14,1746.35,1339.74,1322.8,16.94,30,Late
9002078,500693,2020-10-12,1764.37,1476.44,1459.32,17.11,30,Late
9002079,500693,2021-01-10,1783.77,1808.93,1791.63,17.3,15,Late
9002080,500694,2023-01-21,831.5,756.68,751.37,5.31,15,Late
9002081,500694,2023-04-21,833.39,811.4,806.08,5.33,0,Paid
9002082,500694,2023-07-20,807.1,796.37,791.21,5.16,15,Late
9002083,500695,2023-06-18,994.42,878.08,868.83,9.25,90,Late
9002084,500695,2023-09-16,1049.63,1059.35,1049.59,9.76,45,Late
9002085,500695,2023-12-15,982.28,768.43,759.3,9.14,60,Late
9002086,500696,2019-07-11,6215.02,6349.39,6325.41,23.98,0,Paid
9002087,500696,2019-10-09,5892.88,5837.23,5814.49,22.74,45,Late
9002088,500696,2020-01-07,5996.16,4948.88,4925.75,23.14,45,Late
9002089,500697,2022-02-02,803.68,803.57,795.65,7.92,0,Paid
9002090,500697,2022-05-03,838.05,845.95,837.69,8.26,0,Paid
9002091,500697,2022-08-01,788.7,789.97,782.19,7.78,0,Paid
9002092,500698,2019-10-07,1813.59,1802.66,1792.52,10.14,0,Paid
9002093,500698,2020-01-05,1945.67,1906.09,1895.21,10.88,0,Paid
9002094,500698,2020-04-04,1825.85,1527.95,1517.74,10.21,15,Late
9002095,500699,2024-02-16,10860.17,10793.09,10726.02,67.06,0,Paid
9002096,500699,2024-05-16,10145.21,10354.63,10291.98,62.65,0,Paid
9002097,500699,2024-08-14,10852.66,10996.97,10929.95,67.02,0,Paid
9002098,500700,2019-09-23,5185.42,5165.34,5104.67,60.67,5,Late
9002099,500700,2019-12-22,5357.92,5238.11,5175.43,62.69,0,Paid
9002100,500700,2020-03-21,5113.33,4984.4,4924.57,59.83,0,Paid
9002101,500701,2019-07-23,1655.72,1620.98,1615.71,5.27,0,Paid
9002102,500701,2019-10-21,1662.27,1658.7,1653.4,5.29,0,Paid
9002103,500701,2020-01-19,1643.2,1631.49,1626.26,5.23,0,Paid
9002104,500702,2021-10-07,1906.28,1875.69,1869.32,6.37,0,Paid
9002105,500702,2022-01-05,1898.36,1941.85,1935.5,6.34,0,Paid
9002106,500702,2022-04-05,1939.75,1941.16,1934.68,6.48,0,Paid
9002107,500703,2025-07-06,2398.84,1947.79,1926.58,21.21,30,Late
9002108,500703,2025-10-04,2429.7,2396.95,2375.47,21.48,0,Paid
9002109,500703,2026-01-02,2410.21,2462.23,2440.92,21.31,0,Paid
9002110,500704,2019-07-24,669.56,685.53,680.77,4.75,0,Paid
9002111,500704,2019-10-22,719.46,676.89,671.79,5.11,90,Late
9002112,500704,2020-01-20,732.34,714.21,709.01,5.2,0,Paid
9002113,500705,2025-08-08,12963.36,13199.48,13092.1,107.38,0,Paid
9002114,500705,2025-11-06,12508.62,12179.15,12075.54,103.61,0,Paid
9002115,500705,2026-02-04,13588.91,12571.48,12458.92,112.56,90,Late
9002116,500706,2024-04-18,1666.96,1702.18,1686.19,15.99,0,Paid
9002117,500706,2024-07-17,1663.15,1422.27,1406.32,15.95,5,Late
9002118,500706,2024-10-15,1762.68,1686.5,1669.6,16.91,90,Late
9002119,500707,2021-08-14,5786.03,5624.02,5577.25,46.77,0,Paid
9002120,500707,2021-11-12,5868.01,5982.78,5935.35,47.43,0,Paid
9002121,500707,2022-02-10,5588.93,5515.48,5470.3,45.18,0,Paid
9002122,500708,2020-11-11,15553.32,14726.43,14635.18,91.25,60,Late
9002123,500708,2021-02-09,14763.47,14515.52,14428.91,86.61,0,Paid
9002124,500708,2021-05-10,15293.0,15549.08,15459.36,89.72,0,Paid
9002125,500709,2024-09-20,1838.66,1832.7,1823.55,9.15,0,Paid
9002126,500709,2024-12-19,1958.6,2003.51,1993.77,9.74,0,Paid
9002127,500709,2025-03-19,1934.3,1949.56,1939.94,9.62,0,Paid
9002128,500710,2023-09-18,950.06,847.47,838.83,8.64,45,Late
9002129,500710,2023-12-17,1020.28,933.54,924.26,9.28,15,Late
9002130,500710,2024-03-16,977.65,878.31,869.42,8.89,45,Late
9002131,500711,2022-05-26,266.41,269.98,268.21,1.77,0,Paid
9002132,500711,2022-08-24,280.49,283.18,281.31,1.86,0,Paid
9002133,500711,2022-11-22,265.58,261.61,259.84,1.76,10,Late
9002134,500712,2019-10-31,805.51,788.83,785.75,3.08,0,Paid
9002135,500712,2020-01-29,822.31,827.14,823.99,3.15,0,Paid
9002136,500712,2020-04-28,823.79,843.22,840.07,3.15,0,Paid
9002137,500713,2023-06-25,2050.02,1626.6,1615.03,11.57,60,Late
9002138,500713,2023-09-23,2032.27,2085.62,2074.15,11.47,45,Late
9002139,500713,2023-12-22,2014.03,1743.97,1732.61,11.36,60,Late
9002140,500714,2020-09-10,1055.85,932.25,926.98,5.27,60,Late
9002141,500714,2020-12-09,1132.38,1002.71,997.06,5.65,90,Late
9002142,500714,2021-03-09,1052.04,881.91,876.66,5.25,90,Late
9002143,500715,2025-01-18,14877.97,14440.86,14313.78,127.08,0,Paid
9002144,500715,2025-04-18,14277.92,14276.16,14154.2,121.96,0,Paid
9002145,500715,2025-07-17,15187.84,15561.44,15431.71,129.73,0,Paid
9002146,500716,2020-11-18,1969.9,1932.32,1925.74,6.58,0,Paid
9002147,500716,2021-02-16,2010.88,1974.46,1967.74,6.72,0,Paid
9002148,500716,2021-05-17,1961.77,1913.99,1907.44,6.56,0,Paid
9002149,500717,2024-01-07,15451.3,15523.08,15386.21,136.87,0,Paid
9002150,500717,2024-04-06,15566.7,15102.67,14964.78,137.89,0,Paid
9002151,500717,2024-07-05,15383.38,15672.98,15536.71,136.27,0,Paid
9002152,500718,2022-01-10,7599.44,7571.55,7511.96,59.59,0,Paid
9002153,500718,2022-04-10,7171.04,5747.51,5691.28,56.23,15,Late
9002154,500718,2022-07-09,7720.5,7671.3,7610.75,60.54,0,Paid
9002155,500719,2023-07-17,5648.16,5724.88,5679.41,45.47,0,Paid
9002156,500719,2023-10-15,5440.78,5403.43,5359.63,43.8,0,Paid
9002157,500719,2024-01-13,5213.15,5237.27,5195.3,41.97,0,Paid
9002158,500720,2021-11-25,14505.21,11926.87,11762.0,164.88,10,Late
9002159,500720,2022-02-23,14581.18,13991.82,13826.08,165.74,5,Late
9002160,500720,2022-05-24,15160.93,12243.43,12071.1,172.33,45,Late
9002161,500721,2024-10-03,13081.6,10914.32,10841.17,73.15,45,Late
9002162,500721,2025-01-01,12566.05,11002.94,10932.68,70.27,15,Late
9002163,500721,2025-04-01,13413.02,13745.22,13670.22,75.0,45,Late
9002164,500722,2021-11-03,14643.59,11159.66,11096.45,63.21,45,Late
9002165,500722,2022-02-01,14748.58,11953.12,11889.45,63.66,60,Late
9002166,500722,2022-05-02,15189.84,15520.0,15454.43,65.57,60,Late
9002167,500723,2021-07-14,1062.31,1066.85,1056.01,10.84,0,Paid
9002168,500723,2021-10-12,1072.16,818.96,808.02,10.94,5,Late
9002169,500723,2022-01-10,1067.99,990.57,979.68,10.89,15,Late
9002170,500724,2023-09-21,1718.35,1722.18,1707.25,14.94,0,Paid
9002171,500724,2023-12-20,1604.8,1603.55,1589.6,13.95,0,Paid
9002172,500724,2024-03-19,1603.59,1599.83,1585.89,13.94,0,Paid
9002173,500725,2020-11-08,611.14,613.01,606.4,6.62,0,Paid
9002174,500725,2021-02-06,615.73,607.59,600.93,6.67,0,Paid
9002175,500725,2021-05-07,606.43,597.34,590.77,6.56,0,Paid
9002176,500726,2020-12-22,577.34,565.21,563.52,1.69,0,Paid
9002177,500726,2021-03-22,567.16,551.05,549.39,1.66,0,Paid
9002178,500726,2021-06-20,602.64,587.55,585.79,1.76,0,Paid
9002179,500727,2022-02-01,1568.75,1606.23,1597.01,9.22,0,Paid
9002180,500727,2022-05-02,1621.35,1649.58,1640.05,9.53,0,Paid
9002181,500727,2022-07-31,1637.8,1634.72,1625.09,9.62,5,Late
9002182,500728,2020-12-05,7358.78,7285.67,7215.83,69.85,45,Late
9002183,500728,2021-03-05,7168.24,7153.69,7085.65,68.04,45,Late
9002184,500728,2021-06-03,7296.14,7452.55,7383.3,69.25,0,Paid
9002185,500729,2024-02-02,3137.28,3093.9,3078.24,15.66,0,Paid
9002186,500729,2024-05-02,3335.11,2651.93,2635.28,16.65,5,Late
9002187,500729,2024-07-31,3323.5,2534.49,2517.9,16.59,10,Late
9002188,500730,2019-09-06,790.34,784.26,774.98,9.28,0,Paid
9002189,500730,2019-12-05,789.37,777.38,768.11,9.27,10,Late
9002190,500730,2020-03-04,746.74,759.37,750.61,8.77,0,Paid
9002191,500731,2021-05-03,1757.81,1621.29,1601.38,19.91,60,Late
9002192,500731,2021-08-01,1712.28,1652.96,1633.56,19.39,90,Late
9002193,500731,2021-10-30,1745.93,1792.9,1773.13,19.77,60,Late
9002194,500732,2020-01-06,1991.26,1835.81,1826.91,8.89,60,Late
9002195,500732,2020-04-05,2047.14,1725.99,1716.85,9.14,10,Late
9002196,500732,2020-07-04,1968.3,1795.14,1786.35,8.79,10,Late
9002197,500733,2025-01-29,7940.95,7741.39,7680.44,60.95,0,Paid
9002198,500733,2025-04-29,7486.59,6794.42,6736.96,57.46,10,Late
9002199,500733,2025-07-28,7704.73,7568.32,7509.19,59.13,0,Paid
9002200,500734,2023-08-05,2216.93,2267.68,2247.58,20.1,0,Paid
9002201,500734,2023-11-03,2294.66,2248.18,2227.38,20.8,0,Paid
9002202,500734,2024-02-01,2287.11,2338.3,2317.56,20.74,0,Paid
9002203,500735,2021-07-16,10413.06,10611.82,10520.79,91.03,0,Paid
9002204,500735,2021-10-14,10653.49,10477.36,10384.23,93.13,0,Paid
9002205,500735,2022-01-12,11099.85,8633.45,8536.42,97.03,90,Late
9002206,500736,2025-07-08,4444.18,4455.61,4437.69,17.92,0,Paid
9002207,500736,2025-10-06,4621.35,4660.11,4641.47,18.64,0,Paid
9002208,500736,2026-01-04,4533.85,3677.18,3658.9,18.29,10,Late
9002209,500737,2019-04-21,11086.5,10803.52,10755.85,47.67,0,Paid
9002210,500737,2019-07-20,11569.77,11512.42,11462.67,49.75,0,Paid
9002211,500737,2019-10-18,11269.77,11546.4,11497.94,48.46,10,Late
9002212,500738,2019-02-21,2228.08,2205.07,2188.27,16.8,0,Paid
9002213,500738,2019-05-22,2219.43,2218.84,2202.1,16.74,0,Paid
9002214,500738,2019-08-20,2226.3,2276.59,2259.8,16.79,0,Paid
9002215,500739,2023-05-13,1689.63,1641.63,1636.54,5.08,0,Paid
9002216,500739,2023-08-11,1691.48,1726.81,1721.72,5.09,0,Paid
9002217,500739,2023-11-09,1704.45,1666.27,1661.14,5.13,0,Paid
9002218,500740,2022-05-22,1944.67,2002.72,1982.88,19.84,0,Paid
9002219,500740,2022-08-20,1932.04,1907.8,1888.09,19.71,0,Paid
9002220,500740,2022-11-18,1793.43,1782.47,1764.18,18.29,0,Paid
9002221,500741,2025-02-22,1228.79,1248.45,1237.08,11.38,0,Paid
9002222,500741,2025-05-23,1301.18,1330.22,1318.18,12.05,0,Paid
9002223,500741,2025-08-21,1332.09,1369.88,1357.54,12.33,0,Paid
9002224,500742,2024-08-27,1261.68,1116.68,1105.36,11.31,15,Late
9002225,500742,2024-11-25,1245.37,1171.27,1160.11,11.17,60,Late
9002226,500742,2025-02-23,1160.15,960.64,950.24,10.4,15,Late
9002227,500743,2020-08-28,3165.0,3203.59,3190.35,13.24,0,Paid
9002228,500743,2020-11-26,2979.69,2932.51,2920.05,12.47,0,Paid
9002229,500743,2021-02-24,3050.92,2781.17,2768.41,12.76,30,Late
9002230,500744,2020-03-01,15443.14,15592.14,15434.36,157.78,0,Paid
9002231,500744,2020-05-30,15614.56,15473.67,15314.14,159.53,0,Paid
9002232,500744,2020-08-28,14940.87,13287.22,13134.57,152.65,5,Late
9002233,500745,2023-05-25,1683.03,1725.63,1713.93,11.7,0,Paid
9002234,500745,2023-08-23,1704.17,1670.82,1658.97,11.84,0,Paid
9002235,500745,2023-11-21,1727.99,1732.68,1720.67,12.01,0,Paid
9002236,500746,2025-11-17,4016.46,4013.89,3999.03,14.86,0,Paid
9002237,500746,2026-02-15,4071.67,4127.8,4112.73,15.07,0,Paid
9002238,500746,2026-05-16,3725.33,3786.79,3773.01,13.78,0,Paid
9002239,500747,2023-04-22,1024.27,1024.1,1012.66,11.45,0,Paid
9002240,500747,2023-07-21,1076.69,1094.12,1082.09,12.03,0,Paid
9002241,500747,2023-10-19,1100.07,1094.73,1082.44,12.29,0,Paid
9002242,500748,2022-02-12,3192.03,3271.4,3238.18,33.22,0,Paid
9002243,500748,2022-05-13,3274.98,3318.31,3284.22,34.09,0,Paid
9002244,500748,2022-08-11,3424.4,3383.52,3347.87,35.64,0,Paid
9002245,500749,2024-09-29,13980.67,14110.34,14000.59,109.75,0,Paid
9002246,500749,2024-12-28,14826.45,14933.97,14817.58,116.39,0,Paid
9002247,500749,2025-03-28,14140.3,13801.94,13690.94,111.0,0,Paid
9002248,500750,2022-02-23,4701.8,3781.1,3763.94,17.16,30,Late
9002249,500750,2022-05-24,4840.84,4865.47,4847.8,17.67,0,Paid
9002250,500750,2022-08-22,4977.18,4891.09,4872.92,18.17,45,Late
9002251,500751,2019-11-24,15608.67,15887.8,15716.5,171.31,120,Late
9002252,500751,2020-02-22,14732.72,12351.57,12189.88,161.69,45,Late
9002253,500751,2020-05-22,14811.0,14664.83,14502.27,162.55,45,Late
9002254,500752,2024-09-20,2697.02,2676.3,2663.31,12.99,0,Paid
9002255,500752,2024-12-19,2831.33,2872.38,2858.74,13.64,0,Paid
9002256,500752,2025-03-19,2621.19,2651.96,2639.34,12.63,0,Paid
9002257,500753,2019-12-26,1905.41,1508.73,1500.25,8.48,60,Late
9002258,500753,2020-03-25,2042.23,1994.48,1985.39,9.09,45,Late
9002259,500753,2020-06-23,1973.8,1839.46,1830.68,8.78,45,Late
9002260,500754,2025-11-30,1868.51,1719.06,1713.05,6.01,90,Late
9002261,500754,2026-02-28,1838.11,1729.76,1723.85,5.91,45,Late
9002262,500754,2026-05-29,1942.88,1507.1,1500.85,6.25,45,Late
9002263,500755,2020-01-11,3599.22,3669.64,3650.96,18.69,0,Paid
9002264,500755,2020-04-10,3499.65,3291.17,3273.0,18.17,5,Late
9002265,500755,2020-07-09,3358.11,3037.09,3019.66,17.43,60,Late
9002266,500756,2019-02-27,4868.0,3781.97,3746.6,35.37,45,Late
9002267,500756,2019-05-28,5015.99,4579.91,4543.46,36.45,45,Late
9002268,500756,2019-08-26,4859.34,4563.23,4527.92,35.31,60,Late
9002269,500757,2020-05-18,2412.81,2425.22,2414.68,10.54,5,Late
9002270,500757,2020-08-16,2405.06,1971.99,1961.48,10.5,10,Late
9002271,500757,2020-11-14,2510.93,2568.43,2557.46,10.96,0,Paid
9002272,500758,2025-04-08,528.46,451.69,446.21,5.47,10,Late
9002273,500758,2025-07-07,526.97,423.61,418.15,5.46,5,Late
9002274,500758,2025-10-05,508.11,509.24,503.97,5.26,0,Paid
9002275,500759,2023-06-06,1675.09,1369.95,1354.8,15.15,120,Late
9002276,500759,2023-09-04,1634.59,1299.08,1284.3,14.78,120,Late
9002277,500759,2023-12-03,1667.12,1625.43,1610.35,15.07,45,Late
9002278,500760,2025-03-24,5882.73,5847.85,5787.02,60.84,0,Paid
9002279,500760,2025-06-22,5849.22,5890.1,5829.61,60.49,0,Paid
9002280,500760,2025-09-20,5707.3,5660.56,5601.53,59.02,15,Late
9002281,500761,2019-04-06,13422.07,13563.42,13466.55,96.86,0,Paid
9002282,500761,2019-07-05,13912.02,14291.07,14190.67,100.4,0,Paid
9002283,500761,2019-10-03,13365.29,12553.5,12457.04,96.45,60,Late
9002284,500762,2023-08-15,9333.7,9468.82,9400.3,68.52,0,Paid
9002285,500762,2023-11-13,9316.3,9038.18,8969.79,68.4,0,Paid
9002286,500762,2024-02-11,9973.99,10150.86,10077.64,73.23,0,Paid
9002287,500763,2024-12-14,7872.83,7751.06,7675.29,75.78,0,Paid
9002288,500763,2025-03-14,7178.38,7289.39,7220.3,69.09,0,Paid
9002289,500763,2025-06-12,7754.3,7716.57,7641.93,74.64,0,Paid
9002290,500764,2019-07-07,1507.32,1484.35,1478.13,6.22,0,Paid
9002291,500764,2019-10-05,1578.06,1567.05,1560.54,6.51,0,Paid
9002292,500764,2020-01-03,1510.67,1553.69,1547.46,6.23,0,Paid
9002293,500765,2025-11-15,6866.87,6847.65,6799.64,48.01,0,Paid
9002294,500765,2026-02-13,7343.13,7483.75,7432.41,51.34,0,Paid
9002295,500765,2026-05-14,7164.09,6388.21,6338.12,50.09,15,Late
9002296,500766,2020-04-21,1013.86,877.82,866.29,11.53,120,Late
9002297,500766,2020-07-20,1067.61,1091.32,1079.17,12.14,60,Late
9002298,500766,2020-10-18,1024.89,988.82,977.17,11.66,120,Late
9002299,500767,2023-07-24,1037.31,1064.94,1053.81,11.13,0,Paid
9002300,500767,2023-10-22,1025.49,780.39,769.39,11.01,45,Late
9002301,500767,2024-01-20,1093.55,1110.57,1098.84,11.74,0,Paid
9002302,500768,2020-05-09,1649.97,1640.29,1625.67,14.62,0,Paid
9002303,500768,2020-08-07,1572.4,1606.9,1592.97,13.93,0,Paid
9002304,500768,2020-11-05,1597.6,1615.81,1601.65,14.15,0,Paid
9002305,500769,2024-02-21,1126.07,949.76,941.39,8.37,90,Late
9002306,500769,2024-05-21,1062.39,927.52,919.62,7.9,60,Late
9002307,500769,2024-08-19,1107.08,1081.63,1073.41,8.23,45,Late
9002308,500770,2019-09-26,15419.3,15416.17,15310.68,105.49,10,Late
9002309,500770,2019-12-25,14411.79,14383.06,14284.45,98.6,0,Paid
9002310,500770,2020-03-24,14668.96,11596.69,11496.33,100.36,90,Late
9002311,500771,2019-01-29,15051.89,14979.27,14903.63,75.64,0,Paid
9002312,500771,2019-04-29,15512.33,15514.4,15436.45,77.95,0,Paid
9002313,500771,2019-07-28,15333.41,15094.4,15017.35,77.05,0,Paid
9002314,500772,2021-01-05,2313.48,2272.48,2259.22,13.26,0,Paid
9002315,500772,2021-04-05,2401.01,2432.55,2418.78,13.77,10,Late
9002316,500772,2021-07-04,2446.64,2134.99,2120.96,14.03,5,Late
9002317,500773,2020-07-04,986.6,966.77,961.44,5.33,0,Paid
9002318,500773,2020-10-02,958.65,960.3,955.13,5.18,0,Paid
9002319,500773,2020-12-31,946.17,939.3,934.19,5.11,0,Paid
9002320,500774,2024-01-09,2311.27,2377.34,2355.19,22.15,0,Paid
9002321,500774,2024-04-08,2482.03,2080.26,2056.47,23.79,60,Late
9002322,500774,2024-07-07,2368.95,2314.57,2291.87,22.7,0,Paid
9002323,500775,2025-11-17,11866.52,12093.88,12024.86,69.02,0,Paid
9002324,500775,2026-02-15,12467.11,9854.47,9781.95,72.52,45,Late
9002325,500775,2026-05-16,11747.45,12015.76,11947.43,68.33,0,Paid
9002326,500776,2023-06-03,14305.33,14298.37,14144.95,153.42,0,Paid
9002327,500776,2023-09-01,14391.74,14781.11,14626.75,154.35,0,Paid
9002328,500776,2023-11-30,14708.16,13110.68,12952.94,157.74,5,Late
9002329,500777,2025-05-13,14886.06,14761.39,14623.94,137.45,0,Paid
9002330,500777,2025-08-11,14305.54,13557.49,13425.4,132.09,30,Late
9002331,500777,2025-11-09,15465.4,15399.76,15256.96,142.8,5,Late
9002332,500778,2023-07-02,1820.19,1481.3,1472.23,9.07,30,Late
9002333,500778,2023-09-30,1875.23,1699.6,1690.25,9.34,45,Late
9002334,500778,2023-12-29,1869.79,1666.4,1657.08,9.32,30,Late
9002335,500779,2024-06-16,15409.22,14968.41,14864.52,103.88,0,Paid
9002336,500779,2024-09-14,15348.0,15503.2,15399.73,103.47,0,Paid
9002337,500779,2024-12-13,15685.69,15799.15,15693.41,105.75,0,Paid
9002338,500780,2021-05-18,14729.57,14747.88,14624.64,123.24,15,Late
9002339,500780,2021-08-16,14337.77,14474.17,14354.21,119.96,15,Late
9002340,500780,2021-11-14,14932.97,15303.52,15178.59,124.94,0,Paid
9002341,500781,2022-07-11,1002.57,816.21,812.62,3.58,45,Late
9002342,500781,2022-10-09,1019.2,856.71,853.06,3.64,30,Late
9002343,500781,2023-01-07,939.59,771.65,768.3,3.36,30,Late
9002344,500782,2019-07-02,2286.57,2344.78,2337.34,7.43,30,Late
9002345,500782,2019-09-30,2209.46,1800.51,1793.33,7.18,60,Late
9002346,500782,2019-12-29,2293.97,1823.14,1815.69,7.46,60,Late
9002347,500783,2023-04-09,193.95,164.68,163.73,0.95,90,Late
9002348,500783,2023-07-08,191.32,178.66,177.73,0.94,60,Late
9002349,500783,2023-10-06,202.33,162.5,161.51,0.99,45,Late
9002350,500784,2022-11-21,5409.12,5459.97,5422.37,37.59,30,Late
9002351,500784,2023-02-19,5566.36,5351.06,5312.37,38.69,5,Late
9002352,500784,2023-05-20,5535.36,5417.34,5378.87,38.47,0,Paid
9002353,500785,2020-01-07,301.58,304.95,303.39,1.56,60,Late
9002354,500785,2020-04-06,320.04,273.05,271.39,1.65,45,Late
9002355,500785,2020-07-05,323.41,292.33,290.66,1.67,30,Late
9002356,500786,2021-03-17,1616.33,1573.58,1563.94,9.64,10,Late
9002357,500786,2021-06-15,1544.68,1498.89,1489.68,9.22,0,Paid
9002358,500786,2021-09-13,1680.56,1722.22,1712.19,10.03,0,Paid
9002359,500787,2022-03-07,12073.35,11759.84,11698.37,61.47,0,Paid
9002360,500787,2022-06-05,11775.37,11533.28,11473.33,59.96,0,Paid
9002361,500787,2022-09-03,11812.78,11906.88,11846.74,60.15,0,Paid
9002362,500788,2023-09-28,3315.29,3239.82,3207.99,31.83,0,Paid
9002363,500788,2023-12-27,3391.83,3423.13,3390.57,32.56,0,Paid
9002364,500788,2024-03-26,3368.69,3280.29,3247.95,32.34,0,Paid
9002365,500789,2023-12-05,6397.72,5932.84,5888.27,44.57,15,Late
9002366,500789,2024-03-04,6595.58,6727.13,6681.18,45.95,15,Late
9002367,500789,2024-06-02,6473.05,6641.02,6595.92,45.1,45,Late
9002368,500790,2023-12-08,1277.97,1292.23,1280.95,11.28,45,Late
9002369,500790,2024-03-07,1248.23,1070.01,1058.99,11.02,15,Late
9002370,500790,2024-06-05,1217.55,1083.75,1073.0,10.74,15,Late
9002371,500791,2024-02-09,1512.49,1231.08,1218.01,13.07,15,Late
9002372,500791,2024-05-09,1537.69,1542.1,1528.82,13.29,45,Late
9002373,500791,2024-08-07,1576.18,1331.62,1318.0,13.62,30,Late
9002374,500792,2024-01-08,1053.75,824.2,814.62,9.58,10,Late
9002375,500792,2024-04-07,983.51,975.8,966.86,8.94,0,Paid
9002376,500792,2024-07-06,1020.26,992.24,982.96,9.28,0,Paid
9002377,500793,2022-10-02,5259.81,4152.76,4091.71,61.06,45,Late
9002378,500793,2022-12-31,5192.76,5233.75,5173.47,60.28,0,Paid
9002379,500793,2023-03-31,5521.78,5680.74,5616.64,64.1,0,Paid
9002380,500794,2022-12-22,721.81,722.41,718.09,4.32,0,Paid
9002381,500794,2023-03-22,712.07,730.6,726.33,4.27,0,Paid
9002382,500794,2023-06-20,728.29,728.13,723.77,4.36,0,Paid
9002383,500795,2020-10-09,5276.68,5213.34,5186.43,26.91,0,Paid
9002384,500795,2021-01-07,4863.76,4757.88,4733.08,24.81,0,Paid
9002385,500795,2021-04-07,5012.66,4077.23,4051.66,25.56,5,Late
9002386,500796,2025-10-22,1548.99,1324.87,1316.38,8.49,15,Late
9002387,500796,2026-01-20,1554.08,1600.42,1591.9,8.52,0,Paid
9002388,500796,2026-04-20,1527.36,1493.96,1485.58,8.38,0,Paid
9002389,500797,2022-10-22,888.22,769.64,764.74,4.9,60,Late
9002390,500797,2023-01-20,869.51,807.92,803.13,4.8,60,Late
9002391,500797,2023-04-20,831.0,731.29,726.71,4.58,10,Late
9002392,500798,2022-02-28,2454.6,2428.9,2418.61,10.29,0,Paid
9002393,500798,2022-05-29,2298.43,2233.91,2224.28,9.63,0,Paid
9002394,500798,2022-08-27,2386.54,2389.29,2379.29,10.0,0,Paid
9002395,500799,2023-08-05,4312.71,4269.54,4218.87,50.67,0,Paid
9002396,500799,2023-11-03,4300.32,4249.33,4198.8,50.53,0,Paid
9002397,500799,2024-02-01,4254.21,4290.67,4240.68,49.99,0,Paid
9002398,500800,2022-12-20,15263.56,11990.62,11868.13,122.49,60,Late
9002399,500800,2023-03-20,14415.34,11923.64,11807.96,115.68,45,Late
9002400,500800,2023-06-18,15488.28,13215.27,13090.98,124.29,120,Late
9002401,500801,2025-08-19,2297.11,2337.5,2311.99,25.52,45,Late
9002402,500801,2025-11-17,2449.14,2496.23,2469.02,27.21,0,Paid
9002403,500801,2026-02-15,2312.62,2315.42,2289.73,25.69,0,Paid
9002404,500802,2022-12-12,373.41,353.11,350.94,2.18,5,Late
9002405,500802,2023-03-12,396.62,389.06,386.75,2.31,0,Paid
9002406,500802,2023-06-10,382.6,384.1,381.87,2.23,10,Late
9002407,500803,2024-07-17,1202.69,1196.25,1185.18,11.07,0,Paid
9002408,500803,2024-10-15,1300.44,1288.89,1276.92,11.97,0,Paid
9002409,500803,2025-01-13,1185.36,1215.27,1204.35,10.92,30,Late
9002410,500804,2021-08-25,451.22,421.55,416.6,4.95,45,Late
9002411,500804,2021-11-23,472.84,441.07,435.89,5.19,60,Late
9002412,500804,2022-02-21,466.32,393.93,388.81,5.11,45,Late
9002413,500805,2024-02-27,14164.59,14011.72,13955.65,56.07,0,Paid
9002414,500805,2024-05-27,14243.37,14385.78,14329.4,56.38,60,Late
9002415,500805,2024-08-25,14826.22,15021.19,14962.51,58.69,0,Paid
9002416,500806,2025-11-03,1203.93,923.78,913.26,10.52,30,Late
9002417,500806,2026-02-01,1185.16,1185.76,1175.4,10.36,0,Paid
9002418,500806,2026-05-02,1219.36,1244.29,1233.63,10.66,0,Paid
9002419,500807,2021-06-26,8271.44,8282.34,8198.87,83.47,0,Paid
9002420,500807,2021-09-24,8103.94,7878.08,7796.29,81.78,30,Late
9002421,500807,2021-12-23,7913.52,8139.97,8060.11,79.86,15,Late
9002422,500808,2020-11-15,13311.56,11921.18,11792.84,128.35,60,Late
9002423,500808,2021-02-13,13783.09,11126.79,10993.9,132.89,15,Late
9002424,500808,2021-05-14,13589.9,10718.86,10587.83,131.03,60,Late
9002425,500809,2020-11-02,1799.95,1837.62,1816.08,21.54,0,Paid
9002426,500809,2021-01-31,1869.85,1718.81,1696.44,22.38,15,Late
9002427,500809,2021-05-01,1908.09,1723.14,1700.3,22.83,15,Late
9002428,500810,2020-08-05,1513.99,1289.91,1274.03,15.88,5,Late
9002429,500810,2020-11-03,1593.57,1592.24,1575.52,16.72,0,Paid
9002430,500810,2021-02-01,1499.65,1205.74,1190.0,15.73,10,Late
9002431,500811,2020-12-23,1561.29,1560.53,1551.71,8.82,0,Paid
9002432,500811,2021-03-23,1553.66,1527.86,1519.08,8.78,0,Paid
9002433,500811,2021-06-21,1496.15,1161.58,1153.12,8.45,5,Late
9002434,500812,2020-06-26,1449.38,1152.33,1135.26,17.07,60,Late
9002435,500812,2020-09-24,1375.09,1258.27,1242.08,16.19,90,Late
9002436,500812,2020-12-23,1430.45,1445.15,1428.31,16.84,60,Late
9002437,500813,2022-08-09,1222.87,1187.69,1180.07,7.62,0,Paid
9002438,500813,2022-11-07,1171.87,1124.84,1117.54,7.3,10,Late
9002439,500813,2023-02-05,1266.18,1261.55,1253.66,7.89,0,Paid
9002440,500814,2025-01-18,4011.15,4005.71,3984.12,21.59,0,Paid
9002441,500814,2025-04-18,3985.53,3421.51,3400.06,21.46,90,Late
9002442,500814,2025-07-17,3927.56,2953.84,2932.7,21.14,10,Late
9002443,500815,2019-03-24,5114.51,4492.7,4468.83,23.87,60,Late
9002444,500815,2019-06-22,5170.95,5211.8,5187.67,24.13,0,Paid
9002445,500815,2019-09-20,5328.41,5355.22,5330.36,24.87,0,Paid
9002446,500816,2025-11-14,1912.68,1739.13,1718.07,21.06,60,Late
9002447,500816,2026-02-12,1965.88,1544.22,1522.58,21.64,15,Late
9002448,500816,2026-05-13,1961.35,1693.5,1671.91,21.59,30,Late
9002449,500817,2025-07-31,9281.2,6993.05,6930.71,62.34,5,Late
9002450,500817,2025-10-29,8967.64,8715.84,8655.61,60.23,0,Paid
9002451,500817,2026-01-27,9739.93,9617.6,9552.18,65.42,0,Paid
9002452,500818,2021-05-10,5232.48,5356.45,5321.27,35.19,0,Paid
9002453,500818,2021-08-08,5559.36,5550.9,5513.52,37.39,90,Late
9002454,500818,2021-11-06,5546.33,5622.92,5585.62,37.3,0,Paid
9002455,500819,2024-08-11,7927.33,8093.77,8037.15,56.61,0,Paid
9002456,500819,2024-11-09,7933.22,7960.69,7904.04,56.66,0,Paid
9002457,500819,2025-02-07,8488.22,8504.48,8443.86,60.62,0,Paid
9002458,500820,2023-01-22,1646.22,1665.25,1655.1,10.15,0,Paid
9002459,500820,2023-04-22,1757.77,1748.07,1737.23,10.84,0,Paid
9002460,500820,2023-07-21,1731.46,1750.82,1740.14,10.68,5,Late
9002461,500821,2021-08-01,1601.65,1289.81,1281.24,8.57,60,Late
9002462,500821,2021-10-30,1499.23,1502.23,1494.21,8.02,15,Late
9002463,500821,2022-01-28,1578.42,1260.18,1251.74,8.44,45,Late
9002464,500822,2022-04-21,15151.78,14895.96,14813.76,82.2,0,Paid
9002465,500822,2022-07-20,15536.38,15124.24,15039.96,84.28,0,Paid
9002466,500822,2022-10-18,15274.1,15129.06,15046.2,82.86,0,Paid
9002467,500823,2022-02-06,1577.2,1552.2,1542.77,9.42,0,Paid
9002468,500823,2022-05-07,1614.34,1597.77,1588.13,9.65,0,Paid
9002469,500823,2022-08-05,1661.48,1460.39,1450.46,9.93,30,Late
9002470,500824,2020-04-02,2270.46,2292.16,2278.46,13.7,0,Paid
9002471,500824,2020-07-01,2216.2,2164.46,2151.09,13.37,0,Paid
9002472,500824,2020-09-29,2384.17,2344.06,2329.68,14.38,0,Paid
9002473,500825,2020-02-10,14960.47,13829.08,13687.57,141.5,60,Late
9002474,500825,2020-05-10,14659.89,15040.39,14901.73,138.66,0,Paid
9002475,500825,2020-08-08,14283.34,14316.15,14181.05,135.1,0,Paid
9002476,500826,2019-09-10,2268.67,1990.0,1969.09,20.91,15,Late
9002477,500826,2019-12-09,2324.96,2360.06,2338.63,21.43,0,Paid
9002478,500826,2020-03-08,2438.75,2489.6,2467.12,22.48,0,Paid
9002479,500827,2022-11-28,8236.32,8095.88,8029.92,65.96,0,Paid
9002480,500827,2023-02-26,8454.73,8440.69,8372.98,67.71,0,Paid
9002481,500827,2023-05-27,8442.2,6483.84,6416.24,67.61,15,Late
9002482,500828,2020-11-13,1522.92,1352.76,1347.27,5.5,5,Late
9002483,500828,2021-02-11,1590.54,1201.46,1195.72,5.74,60,Late
9002484,500828,2021-05-12,1550.21,1522.86,1517.26,5.59,0,Paid
9002485,500829,2024-10-13,11575.91,11818.64,11705.77,112.87,0,Paid
9002486,500829,2025-01-11,11463.51,9220.92,9109.15,111.77,5,Late
9002487,500829,2025-04-11,11919.65,12209.61,12093.4,116.22,0,Paid
9002488,500830,2023-12-28,1853.26,1799.75,1794.02,5.73,0,Paid
9002489,500830,2024-03-27,1848.76,1696.93,1691.22,5.72,15,Late
9002490,500830,2024-06-25,1739.16,1756.28,1750.9,5.38,0,Paid
9002491,500831,2023-11-30,10811.29,9071.69,9012.5,59.19,60,Late
9002492,500831,2024-02-28,11156.74,10862.74,10801.66,61.08,0,Paid
9002493,500831,2024-05-28,11528.24,10610.57,10547.45,63.12,10,Late
9002494,500832,2020-07-29,769.66,772.88,770.47,2.41,0,Paid
9002495,500832,2020-10-27,770.74,767.85,765.43,2.41,0,Paid
9002496,500832,2021-01-25,796.97,792.67,790.18,2.5,0,Paid
9002497,500833,2025-07-19,1697.73,1656.98,1648.76,8.22,45,Late
9002498,500833,2025-10-17,1810.17,1552.97,1544.2,8.76,45,Late
9002499,500833,2026-01-15,1723.73,1457.88,1449.53,8.35,120,Late
9002500,500834,2022-10-15,10243.49,10409.49,10360.92,48.57,60,Late
9002501,500834,2023-01-13,10357.18,10582.58,10533.47,49.11,0,Paid
9002502,500834,2023-04-13,10275.15,10370.99,10322.27,48.72,0,Paid
9002503,500835,2022-09-25,12389.52,11674.38,11621.21,53.17,30,Late
9002504,500835,2022-12-24,12196.11,10148.86,10096.52,52.34,15,Late
9002505,500835,2023-03-24,12926.22,11257.51,11202.04,55.48,90,Late
9002506,500836,2022-07-09,561.94,573.27,566.75,6.52,0,Paid
9002507,500836,2022-10-07,554.49,512.4,505.97,6.43,5,Late
9002508,500836,2023-01-05,570.67,563.5,556.88,6.62,0,Paid
9002509,500837,2025-02-12,1586.45,1579.75,1562.2,17.56,10,Late
9002510,500837,2025-05-13,1707.91,1725.39,1706.49,18.9,0,Paid
9002511,500837,2025-08-11,1645.31,1604.74,1586.53,18.21,0,Paid
9002512,500838,2019-09-27,4482.97,4388.35,4361.37,26.97,0,Paid
9002513,500838,2019-12-26,4512.01,4178.75,4151.6,27.15,10,Late
9002514,500838,2020-03-25,4370.36,3872.55,3846.25,26.29,15,Late
9002515,500839,2021-05-21,4491.03,4483.14,4466.04,17.1,0,Paid
9002516,500839,2021-08-19,4756.68,4013.79,3995.67,18.12,45,Late
9002517,500839,2021-11-17,4735.05,4784.09,4766.06,18.03,0,Paid
9002518,500840,2020-03-03,1627.43,1625.19,1618.58,6.6,0,Paid
9002519,500840,2020-06-01,1782.1,1789.89,1782.66,7.23,0,Paid
9002520,500840,2020-08-30,1693.77,1655.42,1648.54,6.87,0,Paid
9002521,500841,2023-07-22,2113.71,1817.85,1811.0,6.85,120,Late
9002522,500841,2023-10-20,2132.38,2015.0,2008.09,6.91,60,Late
9002523,500841,2024-01-18,2110.14,1606.69,1599.85,6.84,90,Late
9002524,500842,2020-03-03,3293.3,3230.89,3199.63,31.26,0,Paid
9002525,500842,2020-06-01,3455.34,3498.59,3465.8,32.8,0,Paid
9002526,500842,2020-08-30,3474.28,3436.21,3403.24,32.98,0,Paid
9002527,500843,2024-04-16,2012.29,1975.58,1956.53,19.05,0,Paid
9002528,500843,2024-07-15,2029.09,1605.9,1586.69,19.21,60,Late
9002529,500843,2024-10-13,1966.94,1673.17,1654.55,18.62,30,Late
9002530,500844,2024-12-22,1274.53,1236.59,1231.15,5.44,0,Paid
9002531,500844,2025-03-22,1289.22,1270.7,1265.2,5.5,0,Paid
9002532,500844,2025-06-20,1334.21,1325.01,1319.32,5.69,0,Paid
9002533,500845,2023-11-20,2532.93,2508.63,2499.85,8.78,0,Paid
9002534,500845,2024-02-18,2530.89,2419.18,2410.41,8.77,15,Late
9002535,500845,2024-05-18,2519.92,2541.58,2532.84,8.74,0,Paid
9002536,500846,2024-11-21,12296.35,12269.45,12219.04,50.42,0,Paid
9002537,500846,2025-02-19,12189.98,11209.87,11159.9,49.98,45,Late
9002538,500846,2025-05-20,12326.29,12146.77,12096.23,50.54,0,Paid
9002539,500847,2024-04-07,570.52,575.42,571.93,3.49,0,Paid
9002540,500847,2024-07-06,550.38,552.14,548.77,3.37,0,Paid
9002541,500847,2024-10-04,535.65,523.01,519.73,3.28,30,Late
9002542,500848,2020-10-21,15060.55,15097.8,14922.1,175.71,0,Paid
9002543,500848,2021-01-19,14762.92,14862.44,14690.2,172.23,0,Paid
9002544,500848,2021-04-19,15242.08,15250.92,15073.09,177.82,0,Paid
9002545,500849,2023-03-22,1381.09,1420.64,1413.91,6.73,0,Paid
9002546,500849,2023-06-20,1320.23,1167.81,1161.37,6.44,10,Late
9002547,500849,2023-09-18,1356.05,1343.2,1336.59,6.61,0,Paid
9002548,500850,2021-08-13,1349.21,1324.68,1312.22,12.47,0,Paid
9002549,500850,2021-11-11,1308.87,1335.3,1323.2,12.1,0,Paid
9002550,500850,2022-02-09,1381.94,1352.35,1339.58,12.77,0,Paid
9002551,500851,2022-04-19,1031.53,804.05,797.61,6.44,60,Late
9002552,500851,2022-07-18,1080.51,894.53,887.79,6.74,60,Late
9002553,500851,2022-10-16,1052.42,824.12,817.55,6.57,60,Late
9002554,500852,2023-08-25,12903.09,12845.51,12754.11,91.4,0,Paid
9002555,500852,2023-11-23,12954.59,13076.58,12984.81,91.76,0,Paid
9002556,500852,2024-02-21,13276.38,13248.34,13154.3,94.04,0,Paid
9002557,500853,2024-10-13,6139.72,4917.75,4888.9,28.86,30,Late
9002558,500853,2025-01-11,6008.64,5707.34,5679.1,28.24,45,Late
9002559,500853,2025-04-11,5969.62,5232.41,5204.35,28.06,15,Late
9002560,500854,2020-04-08,2437.87,1968.8,1939.75,29.05,30,Late
9002561,500854,2020-07-07,2404.03,2111.84,2083.19,28.65,30,Late
9002562,500854,2020-10-05,2341.01,1775.56,1747.66,27.9,45,Late
9002563,500855,2022-08-21,14132.62,14142.31,14007.69,134.61,5,Late
9002564,500855,2022-11-19,14105.38,14271.92,14137.57,134.35,0,Paid
9002565,500855,2023-02-17,14767.56,12282.87,12142.2,140.66,10,Late
9002566,500856,2021-06-07,14306.95,14688.93,14558.5,130.43,60,Late
9002567,500856,2021-09-05,15438.42,11937.08,11796.33,140.75,120,Late
9002568,500856,2021-12-04,15531.85,14822.86,14681.26,141.6,45,Late
9002569,500857,2021-04-14,4459.36,4437.56,4415.12,22.45,0,Paid
9002570,500857,2021-07-13,4334.45,3712.87,3691.06,21.82,5,Late
9002571,500857,2021-10-11,4379.56,4501.22,4479.18,22.04,0,Paid
9002572,500858,2025-08-27,12963.9,13282.37,13159.1,123.27,0,Paid
9002573,500858,2025-11-25,13003.74,11789.29,11665.64,123.64,45,Late
9002574,500858,2026-02-23,13697.87,11251.01,11120.76,130.24,90,Late
9002575,500859,2019-07-10,6729.13,6305.16,6235.85,69.31,45,Late
9002576,500859,2019-10-08,6986.36,7169.33,7097.37,71.96,0,Paid
9002577,500859,2020-01-06,6499.17,6416.25,6349.3,66.94,0,Paid
9002578,500860,2023-12-20,781.14,650.9,641.54,9.35,60,Late
9002579,500860,2024-03-19,804.07,820.76,811.14,9.63,0,Paid
9002580,500860,2024-06-17,851.52,742.82,732.62,10.2,15,Late
9002581,500861,2024-10-31,1525.43,1337.54,1333.01,4.53,60,Late
9002582,500861,2025-01-29,1527.4,1189.39,1184.86,4.53,60,Late
9002583,500861,2025-04-29,1607.32,1563.11,1558.34,4.77,60,Late
9002584,500862,2021-04-24,1486.7,1508.97,1492.56,16.42,0,Paid
9002585,500862,2021-07-23,1399.56,1391.4,1375.95,15.45,60,Late
9002586,500862,2021-10-21,1433.16,1473.43,1457.61,15.82,0,Paid
9002587,500863,2022-10-23,1411.89,1207.07,1193.08,13.99,60,Late
9002588,500863,2023-01-21,1458.48,1177.17,1162.72,14.45,60,Late
9002589,500863,2023-04-21,1453.52,1450.53,1436.13,14.4,90,Late
9002590,500864,2023-10-29,906.33,887.35,877.6,9.75,0,Paid
9002591,500864,2024-01-27,888.58,877.61,868.05,9.56,0,Paid
9002592,500864,2024-04-26,855.67,846.29,837.09,9.21,0,Paid
9002593,500865,2021-04-29,2360.96,2411.09,2384.17,26.91,0,Paid
9002594,500865,2021-07-28,2244.17,2274.14,2248.56,25.58,30,Late
9002595,500865,2021-10-26,2378.74,2384.86,2357.74,27.12,0,Paid
9002596,500866,2023-03-01,942.39,950.28,939.06,11.22,0,Paid
9002597,500866,2023-05-30,979.89,992.28,980.61,11.67,15,Late
9002598,500866,2023-08-28,936.67,948.53,937.38,11.15,0,Paid
9002599,500867,2023-10-15,2070.15,2038.44,2029.35,9.09,0,Paid
9002600,500867,2024-01-13,2024.11,1929.44,1920.55,8.89,5,Late
9002601,500867,2024-04-12,2001.4,1946.99,1938.2,8.79,0,Paid
9002602,500868,2024-08-09,1776.29,1743.63,1733.36,10.27,0,Paid
9002603,500868,2024-11-07,1705.79,1662.97,1653.1,9.87,0,Paid
9002604,500868,2025-02-05,1709.25,1472.93,1463.05,9.89,10,Late
9002605,500869,2021-01-05,446.94,438.04,434.9,3.14,0,Paid
9002606,500869,2021-04-05,487.17,485.16,481.74,3.42,0,Paid
9002607,500869,2021-07-04,448.87,457.13,453.98,3.15,0,Paid
9002608,500870,2022-02-17,882.05,816.31,813.74,2.57,10,Late
9002609,500870,2022-05-18,900.15,898.83,896.21,2.63,5,Late
9002610,500870,2022-08-16,865.12,890.97,888.45,2.52,0,Paid
9002611,500871,2022-05-16,13490.81,10527.17,10431.04,96.12,90,Late
9002612,500871,2022-08-14,13638.27,13588.97,13491.8,97.17,45,Late
9002613,500871,2022-11-12,13696.68,11730.37,11632.79,97.59,45,Late
9002614,500872,2025-02-01,1944.54,1939.92,1920.64,19.28,0,Paid
9002615,500872,2025-05-02,1979.84,1946.95,1927.31,19.63,0,Paid
9002616,500872,2025-07-31,1873.56,1922.32,1903.74,18.58,0,Paid
9002617,500873,2021-06-21,4743.33,4784.13,4734.4,49.73,0,Paid
9002618,500873,2021-09-19,4987.25,5048.2,4995.92,52.28,0,Paid
9002619,500873,2021-12-18,4744.76,4651.71,4601.97,49.74,0,Paid
9002620,500874,2019-07-16,7559.06,7490.95,7409.57,81.39,0,Paid
9002621,500874,2019-10-14,7360.78,7399.79,7320.54,79.25,10,Late
9002622,500874,2020-01-12,7401.53,7594.01,7514.32,79.69,0,Paid
9002623,500875,2022-06-14,8922.34,9019.79,8983.58,36.21,0,Paid
9002624,500875,2022-09-12,9236.4,9447.83,9410.34,37.48,0,Paid
9002625,500875,2022-12-11,9050.46,9274.31,9237.58,36.73,0,Paid
9002626,500876,2023-06-06,1702.84,1652.45,1635.9,16.55,0,Paid
9002627,500876,2023-09-04,1620.59,1654.28,1638.53,15.75,0,Paid
9002628,500876,2023-12-03,1630.55,1626.05,1610.2,15.84,0,Paid
9002629,500877,2020-06-22,6784.04,6627.56,6554.07,73.49,0,Paid
9002630,500877,2020-09-20,6876.29,6676.76,6602.27,74.49,0,Paid
9002631,500877,2020-12-19,6942.72,6955.37,6880.16,75.21,0,Paid
9002632,500878,2023-02-15,2007.0,1802.24,1784.21,18.03,60,Late
9002633,500878,2023-05-16,2156.12,2084.62,2065.25,19.37,15,Late
9002634,500878,2023-08-14,2188.97,2127.96,2108.3,19.66,0,Paid
9002635,500879,2022-06-02,14379.85,10804.04,10633.52,170.52,5,Late
9002636,500879,2022-08-31,14803.9,15083.75,14908.2,175.55,0,Paid
9002637,500879,2022-11-29,14289.27,13868.43,13698.99,169.45,5,Late
9002638,500880,2022-09-14,13617.74,11956.93,11905.07,51.86,90,Late
9002639,500880,2022-12-13,13497.65,13354.43,13303.03,51.4,15,Late
9002640,500880,2023-03-13,14432.32,14278.53,14223.57,54.96,0,Paid
9002641,500881,2021-08-09,14512.51,14593.54,14508.04,85.5,0,Paid
9002642,500881,2021-11-07,14868.85,14695.12,14607.52,87.6,0,Paid
9002643,500881,2022-02-05,15505.65,15406.92,15315.57,91.35,10,Late
9002644,500882,2021-11-15,13043.19,12880.36,12734.71,145.65,0,Paid
9002645,500882,2022-02-13,13173.98,13414.37,13267.26,147.11,0,Paid
9002646,500882,2022-05-14,13337.24,10066.75,9917.82,148.93,10,Late
9002647,500883,2019-06-21,1758.52,1771.4,1765.6,5.8,0,Paid
9002648,500883,2019-09-19,1887.5,1836.17,1829.94,6.23,0,Paid
9002649,500883,2019-12-18,1909.94,1866.64,1860.33,6.3,0,Paid
9002650,500884,2024-11-05,2470.4,2440.67,2430.6,10.07,0,Paid
9002651,500884,2025-02-03,2441.92,2394.87,2384.92,9.95,0,Paid
9002652,500884,2025-05-04,2412.24,2239.94,2230.11,9.83,5,Late
9002653,500885,2022-06-17,1444.83,1169.0,1157.17,11.84,15,Late
9002654,500885,2022-09-15,1511.21,1518.0,1505.62,12.38,45,Late
9002655,500885,2022-12-14,1453.08,1164.71,1152.81,11.9,60,Late
9002656,500886,2023-06-29,1215.9,1207.01,1194.59,12.42,15,Late
9002657,500886,2023-09-27,1236.32,1207.92,1195.29,12.63,0,Paid
9002658,500886,2023-12-26,1241.94,1234.34,1221.65,12.69,0,Paid
9002659,500887,2023-07-25,6751.73,6585.97,6520.65,65.32,0,Paid
9002660,500887,2023-10-23,7076.12,7200.98,7132.52,68.46,0,Paid
9002661,500887,2024-01-21,6930.74,7085.63,7018.58,67.05,0,Paid
9002662,500888,2024-11-12,6567.6,5353.84,5291.94,61.9,15,Late
9002663,500888,2025-02-10,6843.22,7033.38,6968.89,64.5,30,Late
9002664,500888,2025-05-11,6785.15,6050.76,5986.81,63.95,15,Late
9002665,500889,2024-05-26,4437.7,3981.56,3942.65,38.9,30,Late
9002666,500889,2024-08-24,4460.11,4499.18,4460.08,39.1,60,Late
9002667,500889,2024-11-22,4394.72,3804.34,3765.82,38.53,15,Late
9002668,500890,2022-01-10,2280.46,2347.77,2325.52,22.25,0,Paid
9002669,500890,2022-04-10,2245.24,1958.35,1936.44,21.91,10,Late
9002670,500890,2022-07-09,2159.43,1825.69,1804.62,21.07,15,Late
9002671,500891,2023-07-26,2446.61,2504.94,2489.39,15.56,120,Late
9002672,500891,2023-10-24,2481.87,1973.05,1957.27,15.78,90,Late
9002673,500891,2024-01-22,2382.51,2254.67,2239.52,15.15,45,Late
9002674,500892,2021-09-02,1399.98,1265.07,1248.34,16.73,60,Late
9002675,500892,2021-12-01,1476.09,1487.93,1470.29,17.64,0,Paid
9002676,500892,2022-03-01,1511.36,1265.25,1247.19,18.06,10,Late
9002677,500893,2023-07-02,9790.28,8811.37,8707.84,103.53,15,Late
9002678,500893,2023-09-30,9742.69,7481.24,7378.21,103.03,45,Late
9002679,500893,2023-12-29,10032.49,10046.34,9940.24,106.09,0,Paid
9002680,500894,2025-10-28,10500.71,10230.08,10184.49,45.59,0,Paid
9002681,500894,2026-01-26,10193.22,10185.66,10141.4,44.26,0,Paid
9002682,500894,2026-04-26,10784.11,10881.17,10834.35,46.82,0,Paid
9002683,500895,2020-11-02,1510.4,1440.3,1425.21,15.09,15,Late
9002684,500895,2021-01-31,1603.8,1613.12,1597.1,16.02,0,Paid
9002685,500895,2021-05-01,1599.1,1329.95,1313.98,15.98,5,Late
9002686,500896,2022-02-27,15113.37,12464.7,12402.24,62.47,45,Late
9002687,500896,2022-05-28,15706.15,14920.12,14855.2,64.92,30,Late
9002688,500896,2022-08-26,14462.28,11465.77,11405.99,59.78,15,Late
9002689,500897,2024-01-09,654.11,582.73,579.07,3.66,30,Late
9002690,500897,2024-04-08,648.63,658.88,655.25,3.63,0,Paid
9002691,500897,2024-07-07,656.31,663.32,659.65,3.67,0,Paid
9002692,500898,2025-05-17,3898.24,4008.92,3988.72,20.21,0,Paid
9002693,500898,2025-08-15,4277.2,4171.06,4148.89,22.17,5,Late
9002694,500898,2025-11-13,4107.34,3912.8,3891.51,21.29,15,Late
9002695,500899,2023-04-06,8613.98,7864.61,7764.26,100.35,15,Late
9002696,500899,2023-07-05,9087.47,9355.4,9249.53,105.87,0,Paid
9002697,500899,2023-10-03,8600.12,7624.58,7524.39,100.19,45,Late
9002698,500900,2019-05-27,4563.08,4229.48,4204.39,25.1,15,Late
9002699,500900,2019-08-25,4473.76,3375.36,3350.76,24.61,60,Late
9002700,500900,2019-11-23,4632.24,3862.94,3837.47,25.48,45,Late
9002701,500901,2023-10-21,5679.7,5581.0,5539.06,41.94,0,Paid
9002702,500901,2024-01-19,5819.62,5733.09,5690.13,42.97,0,Paid
9002703,500901,2024-04-18,5944.22,4803.89,4760.0,43.89,5,Late
9002704,500902,2021-01-03,3598.41,3697.02,3685.3,11.72,0,Paid
9002705,500902,2021-04-03,3366.75,3453.75,3442.78,10.97,0,Paid
9002706,500902,2021-07-02,3342.32,3321.26,3310.37,10.89,60,Late
9002707,500903,2021-11-10,8798.42,6838.91,6747.63,91.28,45,Late
9002708,500903,2022-02-08,8973.75,8812.06,8718.96,93.1,0,Paid
9002709,500903,2022-05-09,9142.41,9171.6,9076.75,94.85,0,Paid
9002710,500904,2023-02-23,1117.79,1130.75,1118.68,12.07,0,Paid
9002711,500904,2023-05-24,1144.65,1133.24,1120.88,12.36,0,Paid
9002712,500904,2023-08-22,1142.65,1014.9,1002.56,12.34,5,Late
9002713,500905,2022-07-07,720.2,573.19,570.42,2.77,15,Late
9002714,500905,2022-10-05,713.53,630.89,628.15,2.74,60,Late
9002715,500905,2023-01-03,721.6,720.45,717.68,2.77,60,Late
9002716,500906,2021-10-01,1672.3,1714.37,1699.82,14.55,0,Paid
9002717,500906,2021-12-30,1789.99,1817.12,1801.55,15.57,0,Paid
9002718,500906,2022-03-30,1717.54,1298.52,1283.58,14.94,45,Late
9002719,500907,2020-09-26,552.05,496.74,491.58,5.16,10,Late
9002720,500907,2020-12-25,569.15,437.69,432.38,5.32,10,Late
9002721,500907,2021-03-25,535.78,549.57,544.57,5.01,0,Paid
9002722,500908,2024-03-29,9574.92,9759.06,9722.35,36.7,0,Paid
9002723,500908,2024-06-27,10085.39,10090.64,10051.98,38.66,0,Paid
9002724,500908,2024-09-25,9477.72,9412.72,9376.39,36.33,0,Paid
9002725,500909,2019-07-29,2570.01,2597.17,2581.73,15.44,0,Paid
9002726,500909,2019-10-27,2519.55,2515.97,2500.84,15.14,0,Paid
9002727,500909,2020-01-25,2661.17,2701.79,2685.8,15.99,0,Paid
9002728,500910,2025-03-08,2270.87,2312.45,2292.3,20.15,0,Paid
9002729,500910,2025-06-06,2246.9,2249.25,2229.31,19.94,0,Paid
9002730,500910,2025-09-04,2102.63,2071.82,2053.16,18.66,0,Paid
9002731,500911,2021-02-18,14205.94,13960.43,13863.59,96.84,60,Late
9002732,500911,2021-05-19,13925.17,11199.82,11104.9,94.92,60,Late
9002733,500911,2021-08-17,13411.93,11355.24,11263.81,91.42,120,Late
9002734,500912,2025-02-19,1190.73,1165.6,1152.65,12.95,0,Paid
9002735,500912,2025-05-20,1198.71,1187.89,1174.86,13.04,0,Paid
9002736,500912,2025-08-18,1132.84,1147.95,1135.63,12.32,0,Paid
9002737,500913,2025-04-26,1018.58,1035.79,1027.74,8.05,0,Paid
9002738,500913,2025-07-25,1020.78,1023.04,1014.97,8.06,0,Paid
9002739,500913,2025-10-23,1008.82,1025.98,1018.01,7.97,0,Paid
9002740,500914,2019-09-17,915.68,924.49,918.72,5.77,0,Paid
9002741,500914,2019-12-16,857.06,840.7,835.3,5.4,0,Paid
9002742,500914,2020-03-15,904.44,882.0,876.3,5.7,0,Paid
9002743,500915,2023-08-16,616.92,581.64,577.11,4.53,60,Late
9002744,500915,2023-11-14,615.76,501.33,496.81,4.52,60,Late
9002745,500915,2024-02-12,601.37,566.3,561.89,4.42,45,Late
9002746,500916,2019-08-04,3763.86,3875.7,3858.86,16.84,0,Paid
9002747,500916,2019-11-02,3572.6,3559.97,3543.98,15.99,0,Paid
9002748,500916,2020-01-31,3520.42,3431.65,3415.89,15.75,0,Paid
9002749,500917,2024-05-13,15693.72,14335.52,14162.49,173.02,5,Late
9002750,500917,2024-08-11,15599.59,15548.05,15376.07,171.99,0,Paid
9002751,500917,2024-11-09,15060.65,15406.79,15240.74,166.04,0,Paid
9002752,500918,2021-10-03,3014.8,3024.83,2991.71,33.11,5,Late
9002753,500918,2022-01-01,3181.26,2723.9,2688.96,34.94,5,Late
9002754,500918,2022-04-01,3059.32,3014.86,2981.25,33.6,0,Paid
9002755,500919,2023-03-09,11230.83,10281.58,10236.38,45.2,45,Late
9002756,500919,2023-06-07,11083.41,9188.35,9143.74,44.61,15,Late
9002757,500919,2023-09-05,11645.97,11152.23,11105.35,46.88,30,Late
9002758,500920,2022-01-06,2777.87,2689.6,2670.97,18.63,60,Late
9002759,500920,2022-04-06,2806.73,2584.37,2565.54,18.83,60,Late
9002760,500920,2022-07-05,2855.93,2605.18,2586.02,19.16,15,Late
9002761,500921,2024-02-25,790.92,787.01,784.2,2.81,0,Paid
9002762,500921,2024-05-25,866.37,709.67,706.59,3.08,30,Late
9002763,500921,2024-08-23,863.92,776.59,773.52,3.07,90,Late
9002764,500922,2020-01-06,4124.36,4127.71,4107.05,20.66,0,Paid
9002765,500922,2020-04-05,4198.71,3195.45,3174.42,21.03,5,Late
9002766,500922,2020-07-04,4308.1,4419.74,4398.16,21.58,0,Paid
9002767,500923,2019-12-29,227.38,226.55,224.31,2.25,0,Paid
9002768,500923,2020-03-28,218.13,221.9,219.75,2.15,0,Paid
9002769,500923,2020-06-26,225.05,224.88,222.66,2.22,5,Late
9002770,500924,2022-03-07,6617.62,6451.48,6399.69,51.78,0,Paid
9002771,500924,2022-06-05,7105.61,6395.86,6340.25,55.6,60,Late
9002772,500924,2022-09-03,6802.89,6658.95,6605.72,53.23,0,Paid
9002773,500925,2019-08-04,2274.01,1875.47,1859.87,15.6,30,Late
9002774,500925,2019-11-02,2271.02,1713.17,1697.59,15.58,15,Late
9002775,500925,2020-01-31,2322.91,2089.66,2073.73,15.93,60,Late
9002776,500926,2020-09-05,451.65,460.2,458.81,1.39,0,Paid
9002777,500926,2020-12-04,475.71,438.32,436.85,1.47,90,Late
9002778,500926,2021-03-04,469.48,470.23,468.78,1.45,0,Paid
9002779,500927,2021-11-13,1165.25,1130.68,1118.86,11.83,5,Late
9002780,500927,2022-02-11,1206.23,1214.94,1202.7,12.24,0,Paid
9002781,500927,2022-05-12,1244.85,1273.42,1260.78,12.64,0,Paid
9002782,500928,2021-05-16,557.68,549.73,546.6,3.13,0,Paid
9002783,500928,2021-08-14,587.42,600.6,597.3,3.3,0,Paid
9002784,500928,2021-11-12,556.17,569.65,566.53,3.12,0,Paid
9002785,500929,2019-05-15,2736.33,2672.78,2652.21,20.57,0,Paid
9002786,500929,2019-08-13,2831.18,2890.66,2869.38,21.28,0,Paid
9002787,500929,2019-11-11,2830.0,2891.19,2869.92,21.27,0,Paid
9002788,500930,2023-08-01,1379.52,1171.35,1159.53,11.82,10,Late
9002789,500930,2023-10-30,1370.98,1345.53,1333.79,11.74,0,Paid
9002790,500930,2024-01-28,1421.95,1076.59,1064.4,12.18,90,Late
9002791,500931,2021-04-20,12879.53,12725.22,12578.29,146.93,0,Paid
9002792,500931,2021-07-19,12880.22,12591.94,12445.0,146.94,0,Paid
9002793,500931,2021-10-17,12677.13,12402.3,12257.68,144.62,0,Paid
9002794,500932,2020-11-26,2203.46,2137.59,2121.78,15.81,0,Paid
9002795,500932,2021-02-24,2343.07,2270.71,2253.9,16.81,45,Late
9002796,500932,2021-05-25,2323.76,1825.93,1809.26,16.67,5,Late
9002797,500933,2022-12-11,12770.92,12977.27,12836.79,140.48,0,Paid
9002798,500933,2023-03-11,12818.15,12751.13,12610.13,141.0,0,Paid
9002799,500933,2023-06-09,12230.01,11918.13,11783.6,134.53,0,Paid
9002800,500934,2019-10-17,6147.4,6096.74,6059.95,36.78,0,Paid
9002801,500934,2020-01-15,5661.49,5604.36,5570.49,33.87,0,Paid
9002802,500934,2020-04-14,6184.16,5675.44,5638.43,37.0,5,Late
9002803,500935,2023-08-20,731.38,642.67,633.9,8.77,120,Late
9002804,500935,2023-11-18,745.15,562.88,553.95,8.94,60,Late
9002805,500935,2024-02-16,718.48,668.45,659.84,8.62,120,Late
9002806,500936,2023-10-07,15172.7,15557.43,15484.98,72.45,0,Paid
9002807,500936,2024-01-05,15521.64,12497.73,12423.62,74.12,60,Late
9002808,500936,2024-04-04,14747.61,13225.33,13154.92,70.42,15,Late
9002809,500937,2019-10-10,4597.84,4508.88,4490.64,18.24,0,Paid
9002810,500937,2020-01-08,4685.25,4696.07,4677.49,18.58,0,Paid
9002811,500937,2020-04-07,4686.79,4724.19,4705.59,18.59,0,Paid
9002812,500938,2021-12-02,14620.62,14230.02,14091.37,138.65,0,Paid
9002813,500938,2022-03-02,13880.28,13595.94,13464.31,131.63,0,Paid
9002814,500938,2022-05-31,14354.37,11010.53,10874.41,136.13,10,Late
9002815,500939,2023-11-27,2041.77,2014.47,1996.3,18.17,0,Paid
9002816,500939,2024-02-25,2039.25,2002.29,1984.14,18.15,0,Paid
9002817,500939,2024-05-25,1877.07,1901.06,1884.35,16.71,0,Paid
9002818,500940,2022-03-26,15187.26,14848.48,14746.22,102.26,0,Paid
9002819,500940,2022-06-24,14611.84,14477.41,14379.03,98.39,45,Late
9002820,500940,2022-09-22,15113.16,14984.33,14882.57,101.76,0,Paid
9002821,500941,2023-08-07,2027.22,2038.65,2022.38,16.27,60,Late
9002822,500941,2023-11-05,2120.44,1847.72,1830.7,17.02,10,Late
9002823,500941,2024-02-03,2166.84,2172.11,2154.72,17.39,10,Late
9002824,500942,2022-04-26,14672.46,14457.07,14371.6,85.47,0,Paid
9002825,500942,2022-07-25,15082.31,14993.23,14905.37,87.85,0,Paid
9002826,500942,2022-10-23,14925.46,11413.65,11326.71,86.94,45,Late
9002827,500943,2023-04-20,11139.91,10865.31,10775.35,89.95,0,Paid
9002828,500943,2023-07-19,11275.55,9398.87,9307.82,91.05,5,Late
9002829,500943,2023-10-17,10779.54,9324.48,9237.43,87.04,5,Late
9002830,500944,2019-09-15,11230.45,8689.0,8555.07,133.92,60,Late
9002831,500944,2019-12-14,11758.01,10041.17,9900.96,140.21,60,Late
9002832,500944,2020-03-13,11168.45,8441.55,8308.37,133.18,120,Late
9002833,500945,2021-04-13,1354.89,1134.36,1122.12,12.24,10,Late
9002834,500945,2021-07-12,1303.85,1297.15,1285.37,11.78,0,Paid
9002835,500945,2021-10-10,1373.18,1332.37,1319.97,12.4,0,Paid
9002836,500946,2023-11-15,876.49,788.19,783.71,4.48,45,Late
9002837,500946,2024-02-13,861.65,679.26,674.85,4.41,15,Late
9002838,500946,2024-05-13,835.61,774.83,770.56,4.28,45,Late
9002839,500947,2019-08-19,1725.16,1692.04,1679.93,12.1,0,Paid
9002840,500947,2019-11-17,1832.4,1847.45,1834.6,12.86,0,Paid
9002841,500947,2020-02-15,1756.44,1739.12,1726.79,12.32,0,Paid
9002842,500948,2024-09-19,1479.22,1490.73,1481.21,9.53,0,Paid
9002843,500948,2024-12-18,1506.87,1518.03,1508.32,9.71,0,Paid
9002844,500948,2025-03-18,1485.85,1455.25,1445.68,9.57,0,Paid
9002845,500949,2022-07-26,1503.77,1527.21,1514.65,12.56,0,Paid
9002846,500949,2022-10-24,1468.62,1441.97,1429.71,12.26,60,Late
9002847,500949,2023-01-22,1522.4,1274.3,1261.59,12.71,90,Late
9002848,500950,2020-07-06,1217.6,1206.32,1197.98,8.34,30,Late
9002849,500950,2020-10-04,1256.42,1252.49,1243.89,8.61,0,Paid
9002850,500950,2021-01-02,1278.86,1270.26,1261.5,8.76,0,Paid
9002851,500951,2019-01-05,8037.79,6784.59,6735.63,48.96,45,Late
9002852,500951,2019-04-05,8276.79,7065.21,7014.79,50.42,30,Late
9002853,500951,2019-07-04,7840.43,7688.61,7640.85,47.76,30,Late
9002854,500952,2019-12-19,1608.22,1323.6,1318.26,5.33,15,Late
9002855,500952,2020-03-18,1627.44,1434.96,1429.56,5.4,15,Late
9002856,500952,2020-06-16,1518.46,1308.86,1303.83,5.04,30,Late
9002857,500953,2021-10-18,7726.43,7456.0,7398.89,57.11,5,Late
9002858,500953,2022-01-16,7651.86,7640.89,7584.33,56.56,0,Paid
9002859,500953,2022-04-16,7335.72,6950.51,6896.29,54.22,45,Late
9002860,500954,2023-07-13,464.44,476.24,472.88,3.36,0,Paid
9002861,500954,2023-10-11,462.56,464.61,461.27,3.35,0,Paid
9002862,500954,2024-01-09,472.83,423.66,420.24,3.42,10,Late
9002863,500955,2021-08-20,2098.7,1912.68,1897.22,15.46,30,Late
9002864,500955,2021-11-18,2047.84,1581.14,1566.06,15.09,15,Late
9002865,500955,2022-02-16,2060.08,1768.06,1752.88,15.18,60,Late
9002866,500956,2025-11-15,1366.62,1280.42,1269.59,10.83,45,Late
9002867,500956,2026-02-13,1346.51,1082.13,1071.45,10.67,15,Late
9002868,500956,2026-05-14,1353.26,1279.84,1269.12,10.72,30,Late
9002869,500957,2019-10-23,1516.72,1527.18,1509.76,17.42,0,Paid
9002870,500957,2020-01-21,1478.51,1444.47,1427.49,16.98,0,Paid
9002871,500957,2020-04-20,1460.72,1460.22,1443.44,16.77,0,Paid
9002872,500958,2024-08-04,315.95,306.78,305.57,1.21,0,Paid
9002873,500958,2024-11-02,295.36,295.64,294.5,1.13,0,Paid
9002874,500958,2025-01-31,290.31,268.67,267.55,1.11,90,Late
9002875,500959,2025-12-01,14374.86,14524.3,14363.18,161.12,0,Paid
9002876,500959,2026-03-01,14989.14,15164.11,14996.11,168.0,0,Paid
9002877,500959,2026-05-30,14532.55,14318.4,14155.51,162.89,0,Paid
9002878,500960,2022-12-05,7001.25,6919.71,6889.37,30.34,0,Paid
9002879,500960,2023-03-05,7414.22,5629.77,5597.64,32.13,90,Late
9002880,500960,2023-06-03,6983.73,7113.26,7083.0,30.26,0,Paid
9002881,500961,2020-02-06,4431.58,4417.86,4386.54,31.32,0,Paid
9002882,500961,2020-05-06,4594.36,4569.54,4537.07,32.47,0,Paid
9002883,500961,2020-08-04,4523.76,4465.74,4433.77,31.97,0,Paid
9002884,500962,2019-07-16,1508.92,1287.61,1282.51,5.11,30,Late
9002885,500962,2019-10-14,1539.47,1464.87,1459.66,5.21,15,Late
9002886,500962,2020-01-12,1529.06,1560.95,1555.78,5.17,60,Late
9002887,500963,2025-12-24,9619.46,9367.81,9339.67,28.14,0,Paid
9002888,500963,2026-03-24,9418.25,9375.46,9347.91,27.55,0,Paid
9002889,500963,2026-06-22,9999.29,10026.26,9997.01,29.25,0,Paid
9002890,500964,2020-03-16,9609.78,9742.08,9631.48,110.59,60,Late
9002891,500964,2020-06-14,9790.67,9446.48,9333.81,112.67,90,Late
9002892,500964,2020-09-12,9414.17,8819.05,8710.71,108.34,90,Late
9002893,500965,2020-02-22,7118.76,7321.96,7241.1,80.86,0,Paid
9002894,500965,2020-05-22,6819.64,6997.96,6920.5,77.46,0,Paid
9002895,500965,2020-08-20,6982.12,5362.33,5283.02,79.31,5,Late
9002896,500966,2023-11-27,12037.29,11851.34,11748.92,102.42,0,Paid
9002897,500966,2024-02-25,12234.9,11566.01,11461.91,104.1,15,Late
9002898,500966,2024-05-25,11486.72,8809.35,8711.62,97.73,15,Late
9002899,500967,2019-11-17,710.21,726.51,720.57,5.94,0,Paid
9002900,500967,2020-02-15,735.72,747.9,741.74,6.16,60,Late
9002901,500967,2020-05-15,766.14,766.04,759.63,6.41,0,Paid
9002902,500968,2024-06-29,1769.92,1821.21,1815.15,6.06,90,Late
9002903,500968,2024-09-27,1773.61,1810.38,1804.31,6.07,0,Paid
9002904,500968,2024-12-26,1859.7,1607.13,1600.76,6.37,5,Late
9002905,500969,2020-08-01,1058.74,1085.06,1076.71,8.35,0,Paid
9002906,500969,2020-10-30,1042.66,1050.27,1042.05,8.22,0,Paid
9002907,500969,2021-01-28,1027.71,1011.41,1003.31,8.1,0,Paid
9002908,500970,2022-05-23,6861.35,5776.15,5703.64,72.5,30,Late
9002909,500970,2022-08-21,6617.78,5049.18,4979.25,69.93,15,Late
9002910,500970,2022-11-19,7080.49,5333.43,5258.62,74.82,15,Late
9002911,500971,2024-08-05,515.7,506.76,501.58,5.17,0,Paid
9002912,500971,2024-11-03,500.38,504.95,499.93,5.02,0,Paid
9002913,500971,2025-02-01,499.72,505.68,500.66,5.01,0,Paid
9002914,500972,2019-10-27,11379.19,11298.89,11224.17,74.72,0,Paid
9002915,500972,2020-01-25,11362.43,11668.88,11594.27,74.61,0,Paid
9002916,500972,2020-04-24,11447.99,9459.14,9383.96,75.18,90,Late
9002917,500973,2023-11-04,14688.5,15127.81,15048.86,78.95,0,Paid
9002918,500973,2024-02-02,14915.08,14560.76,14480.59,80.17,0,Paid
9002919,500973,2024-05-02,15478.6,15298.66,15215.46,83.2,0,Paid
9002920,500974,2020-10-03,2529.64,2518.61,2490.49,28.12,30,Late
9002921,500974,2021-01-01,2356.35,2103.51,2077.32,26.19,45,Late
9002922,500974,2021-04-01,2440.55,1906.34,1879.21,27.13,60,Late
9002923,500975,2020-06-06,10183.96,9126.63,9035.57,91.06,45,Late
9002924,500975,2020-09-04,10192.36,9921.71,9830.58,91.14,0,Paid
9002925,500975,2020-12-03,9921.0,10154.54,10065.83,88.71,0,Paid
9002926,500976,2019-07-27,584.56,512.2,507.31,4.89,10,Late
9002927,500976,2019-10-25,544.64,542.56,538.01,4.56,0,Paid
9002928,500976,2020-01-23,553.07,459.91,455.28,4.63,15,Late
9002929,500977,2019-11-03,8172.32,7995.08,7904.71,90.37,0,Paid
9002930,500977,2020-02-01,7915.96,6965.31,6877.77,87.54,60,Late
9002931,500977,2020-05-01,8421.35,8399.92,8306.79,93.13,0,Paid
9002932,500978,2025-12-11,2061.13,2018.63,1996.37,22.26,45,Late
9002933,500978,2026-03-11,2035.83,1587.89,1565.9,21.99,5,Late
9002934,500978,2026-06-09,2164.02,2195.85,2172.47,23.37,0,Paid
9002935,500979,2023-02-05,322.48,249.29,246.28,3.01,5,Late
9002936,500979,2023-05-06,340.84,300.0,296.82,3.18,5,Late
9002937,500979,2023-08-04,338.77,344.67,341.51,3.16,0,Paid
9002938,500980,2022-04-14,15513.71,15810.5,15725.18,85.33,0,Paid
9002939,500980,2022-07-13,15694.9,16160.71,16074.39,86.32,0,Paid
9002940,500980,2022-10-11,14609.13,13770.89,13690.54,80.35,5,Late
9002941,500981,2023-08-15,7831.44,7603.83,7544.64,59.19,45,Late
9002942,500981,2023-11-13,7627.42,5832.9,5775.25,57.65,90,Late
9002943,500981,2024-02-11,7737.09,7460.34,7401.86,58.48,90,Late
9002944,500982,2020-04-11,2173.49,2148.03,2133.96,14.07,15,Late
9002945,500982,2020-07-10,2117.32,1818.03,1804.32,13.71,45,Late
9002946,500982,2020-10-08,2021.44,1957.43,1944.34,13.09,60,Late
9002947,500983,2019-11-17,5204.25,4773.48,4741.04,32.44,5,Late
9002948,500983,2020-02-15,5220.72,4478.86,4446.31,32.54,30,Late
9002949,500983,2020-05-15,5426.61,5340.42,5306.6,33.83,0,Paid
9002950,500984,2024-06-25,11908.37,12140.13,12085.15,54.98,0,Paid
9002951,500984,2024-09-23,12478.36,12391.31,12333.7,57.61,90,Late
9002952,500984,2024-12-22,12100.48,12271.8,12215.94,55.86,0,Paid
9002953,500985,2023-04-27,6386.62,6550.46,6527.79,22.67,0,Paid
9002954,500985,2023-07-26,6617.27,6444.84,6421.35,23.49,0,Paid
9002955,500985,2023-10-24,6886.7,7025.24,7000.79,24.45,0,Paid
9002956,500986,2019-05-17,7681.27,6504.97,6421.69,83.28,60,Late
9002957,500986,2019-08-15,7945.46,6917.41,6831.27,86.14,120,Late
9002958,500986,2019-11-13,8021.25,6162.54,6075.58,86.96,120,Late
9002959,500987,2025-04-17,1372.76,1076.82,1064.03,12.79,5,Late
9002960,500987,2025-07-16,1398.86,1230.11,1217.08,13.03,5,Late
9002961,500987,2025-10-14,1369.44,1118.94,1106.18,12.76,10,Late
9002962,500988,2022-11-09,3298.06,2488.21,2471.52,16.68,30,Late
9002963,500988,2023-02-07,3550.16,3249.85,3231.89,17.96,90,Late
9002964,500988,2023-05-08,3581.05,3642.83,3624.72,18.11,0,Paid
9002965,500989,2022-12-30,201.4,196.04,194.01,2.02,0,Paid
9002966,500989,2023-03-30,201.75,165.65,163.62,2.03,45,Late
9002967,500989,2023-06-28,206.45,208.84,206.77,2.07,0,Paid
9002968,500990,2025-12-23,184.64,159.62,158.32,1.3,45,Late
9002969,500990,2026-03-23,180.9,166.34,165.07,1.27,45,Late
9002970,500990,2026-06-21,179.46,142.61,141.35,1.26,120,Late
9002971,500991,2019-02-21,14970.63,15014.13,14931.79,82.34,0,Paid
9002972,500991,2019-05-22,15063.04,14703.09,14620.24,82.85,0,Paid
9002973,500991,2019-08-20,15517.85,15221.56,15136.22,85.35,0,Paid
9002974,500992,2023-07-07,11238.04,9520.63,9450.2,70.43,60,Late
9002975,500992,2023-10-05,11061.25,9311.83,9242.51,69.32,30,Late
9002976,500992,2024-01-03,11853.78,9214.76,9140.48,74.28,30,Late
9002977,500993,2020-09-18,1389.76,1372.43,1367.52,4.91,0,Paid
9002978,500993,2020-12-17,1453.21,1411.07,1405.94,5.13,0,Paid
9002979,500993,2021-03-17,1361.42,1338.2,1333.39,4.81,10,Late
9002980,500994,2025-05-13,15387.21,13035.78,12924.35,111.43,45,Late
9002981,500994,2025-08-11,14688.34,14670.31,14563.95,106.37,60,Late
9002982,500994,2025-11-09,14606.57,12618.95,12513.18,105.78,15,Late
9002983,500995,2021-08-09,15102.71,12612.07,12537.31,74.76,10,Late
9002984,500995,2021-11-07,14564.5,14463.89,14391.8,72.09,0,Paid
9002985,500995,2022-02-05,15599.95,11701.28,11624.06,77.22,5,Late
9002986,500996,2020-09-12,12022.86,12105.63,12017.96,87.67,0,Paid
9002987,500996,2020-12-11,11661.0,11874.57,11789.54,85.03,0,Paid
9002988,500996,2021-03-11,11991.92,11648.66,11561.22,87.44,5,Late
9002989,500997,2020-02-05,527.67,542.85,540.33,2.52,0,Paid
9002990,500997,2020-05-05,563.83,546.96,544.27,2.69,0,Paid
9002991,500997,2020-08-03,570.18,562.25,559.53,2.72,0,Paid
9002992,500998,2021-11-29,1942.23,1921.14,1908.76,12.38,0,Paid
9002993,500998,2022-02-27,1922.04,1957.52,1945.27,12.25,0,Paid
9002994,500998,2022-05-28,2031.14,2035.03,2022.08,12.95,0,Paid
9002995,500999,2020-11-08,14054.1,12233.9,12156.95,76.95,10,Late
9002996,500999,2021-02-06,14132.94,13879.29,13801.91,77.38,0,Paid
9002997,500999,2021-05-07,12989.17,12993.99,12922.87,71.12,0,Paid
9002998,501000,2023-12-04,270.58,216.38,214.79,1.59,10,Late
9002999,501000,2024-03-03,270.4,278.35,276.76,1.59,0,Paid
9003000,501000,2024-06-01,270.58,273.93,272.34,1.59,0,Paid
9003001,501001,2025-01-25,7681.84,6843.2,6798.71,44.49,15,Late
9003002,501001,2025-04-25,8342.67,8381.67,8333.36,48.32,0,Paid
9003003,501001,2025-07-24,7919.82,7943.16,7897.29,45.87,0,Paid
9003004,501002,2020-09-26,11711.58,11922.6,11884.35,38.26,0,Paid
9003005,501002,2020-12-25,11164.87,11090.27,11053.8,36.47,0,Paid
9003006,501002,2021-03-25,11834.42,11638.03,11599.38,38.66,0,Paid
9003007,501003,2023-12-16,1130.55,901.55,891.17,10.38,60,Late
9003008,501003,2024-03-15,1143.85,1121.8,1111.29,10.5,0,Paid
9003009,501003,2024-06-13,1179.92,1144.57,1133.73,10.84,0,Paid
9003010,501004,2025-08-09,2211.05,2206.47,2183.66,22.81,0,Paid
9003011,501004,2025-11-07,2270.56,2236.63,2213.21,23.42,0,Paid
9003012,501004,2026-02-05,2408.83,2221.69,2196.83,24.85,5,Late
9003013,501005,2021-04-03,161.68,157.5,156.58,0.93,15,Late
9003014,501005,2021-07-02,155.73,158.17,157.27,0.89,60,Late
9003015,501005,2021-09-30,159.12,122.98,122.06,0.91,15,Late
9003016,501006,2022-09-24,1040.02,1047.1,1042.33,4.78,0,Paid
9003017,501006,2022-12-23,1052.76,1062.05,1057.21,4.83,0,Paid
9003018,501006,2023-03-23,1113.05,1083.95,1078.84,5.11,0,Paid
9003019,501007,2022-05-10,7341.2,6223.27,6183.63,39.64,60,Late
9003020,501007,2022-08-08,7108.43,6384.39,6346.01,38.39,15,Late
9003021,501007,2022-11-06,7558.01,6715.94,6675.13,40.81,15,Late
9003022,501008,2023-05-28,3803.51,3333.74,3287.94,45.8,60,Late
9003023,501008,2023-08-26,3655.02,3344.67,3300.66,44.01,30,Late
9003024,501008,2023-11-24,3783.79,3733.14,3687.58,45.56,0,Paid
9003025,501009,2025-06-22,2168.7,2146.22,2127.23,18.99,0,Paid
9003026,501009,2025-09-20,2260.41,2299.52,2279.72,19.8,0,Paid
9003027,501009,2025-12-19,2344.12,2331.48,2310.95,20.53,0,Paid
9003028,501010,2021-09-02,2117.0,2073.29,2061.58,11.71,0,Paid
9003029,501010,2021-12-01,2189.78,2216.71,2204.59,12.12,0,Paid
9003030,501010,2022-03-01,2232.49,2262.12,2249.77,12.35,0,Paid
9003031,501011,2022-05-27,7248.87,6211.75,6180.4,31.35,120,Late
9003032,501011,2022-08-25,7312.33,7104.23,7072.61,31.63,120,Late
9003033,501011,2022-11-23,7274.09,7228.36,7196.9,31.46,120,Late
9003034,501012,2020-11-21,1669.93,1690.54,1670.82,19.72,0,Paid
9003035,501012,2021-02-19,1673.11,1534.38,1514.62,19.76,10,Late
9003036,501012,2021-05-20,1652.72,1683.57,1664.05,19.52,0,Paid
9003037,501013,2022-11-09,1777.22,1803.68,1791.96,11.71,0,Paid
9003038,501013,2023-02-07,1906.93,1850.25,1837.68,12.57,0,Paid
9003039,501013,2023-05-08,1756.37,1619.13,1607.55,11.58,5,Late
9003040,501014,2022-01-18,1067.44,1062.88,1055.59,7.29,0,Paid
9003041,501014,2022-04-18,1079.42,1053.32,1045.95,7.38,0,Paid
9003042,501014,2022-07-17,1003.92,1012.55,1005.69,6.86,0,Paid
9003043,501015,2020-02-05,9245.34,9498.98,9420.71,78.28,0,Paid
9003044,501015,2020-05-05,8664.1,7792.67,7719.31,73.36,30,Late
9003045,501015,2020-08-03,9460.82,9260.95,9180.85,80.1,0,Paid
9003046,501016,2022-09-15,1688.56,1313.02,1296.57,16.45,45,Late
9003047,501016,2022-12-14,1688.22,1629.37,1612.92,16.45,30,Late
9003048,501016,2023-03-14,1702.09,1671.1,1654.52,16.58,0,Paid
9003049,501017,2021-05-22,14568.96,12750.99,12606.28,144.72,10,Late
9003050,501017,2021-08-20,13742.95,13723.12,13586.61,136.51,0,Paid
9003051,501017,2021-11-18,13720.49,13448.86,13312.57,136.29,0,Paid
9003052,501018,2025-03-10,5324.75,5249.0,5220.46,28.53,0,Paid
9003053,501018,2025-06-08,5349.97,5125.18,5096.52,28.67,15,Late
9003054,501018,2025-09-06,4888.41,4883.95,4857.75,26.19,0,Paid
9003055,501019,2019-05-18,2026.08,2056.47,2044.76,11.7,0,Paid
9003056,501019,2019-08-16,1930.13,1934.48,1923.33,11.15,0,Paid
9003057,501019,2019-11-14,2032.12,1669.21,1657.48,11.74,5,Late
9003058,501020,2025-07-17,510.24,512.77,507.28,5.49,0,Paid
9003059,501020,2025-10-15,491.81,492.41,487.12,5.3,0,Paid
9003060,501020,2026-01-13,508.65,508.25,502.78,5.48,0,Paid
9003061,501021,2019-04-22,458.79,465.83,463.97,1.86,0,Paid
9003062,501021,2019-07-21,433.2,337.28,335.52,1.76,45,Late
9003063,501021,2019-10-19,430.67,422.38,420.63,1.75,0,Paid
9003064,501022,2020-05-04,5863.84,5694.21,5676.38,17.84,0,Paid
9003065,501022,2020-08-02,5796.03,5681.26,5663.63,17.63,0,Paid
9003066,501022,2020-10-31,5587.25,5688.26,5671.27,16.99,5,Late
9003067,501023,2020-06-26,5629.98,5519.87,5474.54,45.32,0,Paid
9003068,501023,2020-09-24,5284.28,5198.92,5156.39,42.54,0,Paid
9003069,501023,2020-12-23,5160.35,5226.56,5185.02,41.54,0,Paid
9003070,501024,2019-03-20,196.92,192.51,191.2,1.31,0,Paid
9003071,501024,2019-06-18,196.84,197.73,196.42,1.31,0,Paid
9003072,501024,2019-09-16,185.5,180.78,179.55,1.23,0,Paid
9003073,501025,2025-02-19,4729.53,4700.58,4645.92,54.67,5,Late
9003074,501025,2025-05-20,4741.85,4639.41,4584.6,54.81,0,Paid
9003075,501025,2025-08-18,4563.42,4551.23,4498.48,52.75,0,Paid
9003076,501026,2020-11-28,14360.6,12288.82,12244.06,44.76,15,Late
9003077,501026,2021-02-26,15285.42,14034.16,13986.52,47.64,15,Late
9003078,501026,2021-05-27,14960.28,15096.31,15049.69,46.63,90,Late
9003079,501027,2022-02-02,6789.26,5933.87,5899.87,34.0,15,Late
9003080,501027,2022-05-03,6905.76,7079.1,7044.51,34.59,0,Paid
9003081,501027,2022-08-01,6402.02,6394.54,6362.48,32.06,0,Paid
9003082,501028,2020-11-15,1418.03,1437.49,1424.46,13.03,0,Paid
9003083,501028,2021-02-13,1455.69,1417.93,1404.55,13.38,0,Paid
9003084,501028,2021-05-14,1519.84,1502.93,1488.96,13.97,0,Paid
9003085,501029,2025-05-31,1306.13,1094.26,1079.77,14.49,15,Late
9003086,501029,2025-08-29,1276.37,1240.27,1226.11,14.16,45,Late
9003087,501029,2025-11-27,1248.22,1267.8,1253.95,13.84,45,Late
9003088,501030,2020-02-12,9603.41,9515.53,9464.55,50.98,0,Paid
9003089,501030,2020-05-12,10002.41,9938.23,9885.13,53.1,0,Paid
9003090,501030,2020-08-10,9588.14,9739.51,9688.61,50.9,0,Paid
9003091,501031,2020-02-11,1092.36,1092.16,1080.2,11.96,0,Paid
9003092,501031,2020-05-11,1048.37,790.37,778.89,11.48,60,Late
9003093,501031,2020-08-09,1108.98,1088.19,1076.04,12.14,0,Paid
9003094,501032,2019-03-10,1886.42,1541.65,1531.03,10.63,10,Late
9003095,501032,2019-06-08,1975.1,1990.91,1979.78,11.13,0,Paid
9003096,501032,2019-09-06,2016.55,1960.87,1949.51,11.36,0,Paid
9003097,501033,2023-04-20,9658.2,7554.71,7522.83,31.87,15,Late
9003098,501033,2023-07-19,8830.86,8871.8,8842.66,29.14,0,Paid
9003099,501033,2023-10-17,9030.1,8819.83,8790.03,29.8,0,Paid
9003100,501034,2020-01-12,966.67,955.27,950.01,5.26,0,Paid
9003101,501034,2020-04-11,954.35,949.71,944.52,5.19,0,Paid
9003102,501034,2020-07-10,925.44,899.11,894.08,5.04,0,Paid
9003103,501035,2020-06-04,857.5,833.44,825.32,8.12,0,Paid
9003104,501035,2020-09-02,815.38,819.95,812.24,7.72,0,Paid
9003105,501035,2020-12-01,837.89,815.83,807.9,7.93,0,Paid
9003106,501036,2023-01-04,9747.88,9834.8,9719.53,115.27,0,Paid
9003107,501036,2023-04-04,9661.91,8937.8,8823.55,114.25,5,Late
9003108,501036,2023-07-03,9884.86,9616.98,9500.09,116.89,0,Paid
9003109,501037,2020-02-15,1840.12,1852.48,1836.01,16.47,0,Paid
9003110,501037,2020-05-15,1842.82,1822.04,1805.55,16.49,0,Paid
9003111,501037,2020-08-13,1743.41,1625.47,1609.86,15.6,5,Late
9003112,501038,2023-05-08,2025.91,1972.15,1964.03,8.12,0,Paid
9003113,501038,2023-08-06,2128.61,2125.32,2116.79,8.53,0,Paid
9003114,501038,2023-11-04,2051.8,1728.87,1720.64,8.22,30,Late
9003115,501039,2020-07-27,9833.74,9762.86,9669.6,93.26,0,Paid
9003116,501039,2020-10-25,10605.31,10701.32,10600.75,100.57,0,Paid
9003117,501039,2021-01-23,10591.56,10647.51,10547.07,100.44,0,Paid
9003118,501040,2021-05-27,6655.32,6555.37,6524.03,31.34,0,Paid
9003119,501040,2021-08-25,6523.29,5773.79,5743.07,30.71,30,Late
9003120,501040,2021-11-23,6415.55,6350.65,6320.44,30.21,0,Paid
9003121,501041,2023-03-13,5930.9,6010.12,5961.79,48.34,0,Paid
9003122,501041,2023-06-11,6052.04,5924.76,5875.44,49.32,45,Late
9003123,501041,2023-09-09,5715.53,5699.62,5653.04,46.58,0,Paid
9003124,501042,2024-11-13,14844.62,12276.22,12137.67,138.55,5,Late
9003125,501042,2025-02-11,14950.73,15224.4,15084.86,139.54,0,Paid
9003126,501042,2025-05-12,14724.08,15155.91,15018.48,137.42,0,Paid
9003127,501043,2020-10-03,11206.62,8640.41,8597.63,42.77,45,Late
9003128,501043,2021-01-01,10918.45,10940.1,10898.43,41.67,45,Late
9003129,501043,2021-04-01,11340.17,11041.77,10998.48,43.28,90,Late
9003130,501044,2022-02-08,14409.0,14712.15,14627.37,84.77,0,Paid
9003131,501044,2022-05-09,15428.6,11779.23,11688.46,90.77,5,Late
9003132,501044,2022-08-07,14626.9,14518.4,14432.35,86.05,0,Paid
9003133,501045,2023-03-21,1263.04,1264.21,1258.94,5.27,0,Paid
9003134,501045,2023-06-19,1275.11,1278.26,1272.93,5.32,0,Paid
9003135,501045,2023-09-17,1329.61,1309.68,1304.13,5.55,0,Paid
9003136,501046,2025-11-23,349.0,347.59,343.88,3.72,0,Paid
9003137,501046,2026-02-21,350.47,352.26,348.52,3.74,0,Paid
9003138,501046,2026-05-22,345.66,339.1,335.42,3.68,0,Paid
9003139,501047,2021-11-02,580.23,583.24,579.62,3.61,60,Late
9003140,501047,2022-01-31,596.69,495.64,491.93,3.71,90,Late
9003141,501047,2022-05-01,610.18,625.8,622.0,3.8,45,Late
9003142,501048,2023-03-24,465.4,405.89,402.92,2.96,120,Late
9003143,501048,2023-06-22,479.59,468.95,465.9,3.05,60,Late
9003144,501048,2023-09-20,490.84,402.38,399.25,3.13,45,Late
9003145,501049,2023-05-25,10048.55,8950.04,8838.5,111.54,5,Late
9003146,501049,2023-08-23,10159.75,10456.51,10343.73,112.77,0,Paid
9003147,501049,2023-11-21,9888.6,9663.0,9553.24,109.76,0,Paid
9003148,501050,2019-08-30,347.32,344.57,341.1,3.47,120,Late
9003149,501050,2019-11-28,322.97,312.98,309.75,3.23,45,Late
9003150,501050,2020-02-26,346.17,297.23,293.77,3.46,60,Late
9003151,501051,2021-08-06,1239.2,1241.95,1231.28,10.67,0,Paid
9003152,501051,2021-11-04,1202.42,1117.34,1106.98,10.35,15,Late
9003153,501051,2022-02-02,1161.39,1162.65,1152.65,10.0,0,Paid
9003154,501052,2024-05-22,1672.36,1671.6,1651.84,19.76,0,Paid
9003155,501052,2024-08-20,1602.79,1633.82,1614.88,18.94,0,Paid
9003156,501052,2024-11-18,1731.13,1743.42,1722.96,20.46,0,Paid
9003157,501053,2021-08-23,14556.54,14532.99,14378.09,154.91,0,Paid
9003158,501053,2021-11-21,15637.05,15282.08,15115.68,166.4,0,Paid
9003159,501053,2022-02-19,14716.3,14528.7,14372.1,156.61,0,Paid
9003160,501054,2021-03-02,1996.87,2011.85,1990.45,21.4,0,Paid
9003161,501054,2021-05-31,2049.72,2019.84,1997.87,21.97,0,Paid
9003162,501054,2021-08-29,1935.21,1920.02,1899.28,20.74,0,Paid
9003163,501055,2020-11-25,9685.67,9906.87,9865.39,41.49,0,Paid
9003164,501055,2021-02-23,10103.49,9805.6,9762.32,43.28,0,Paid
9003165,501055,2021-05-24,9753.99,9872.65,9830.87,41.78,0,Paid
9003166,501056,2020-06-30,173.45,135.71,133.77,1.94,10,Late
9003167,501056,2020-09-28,169.8,164.44,162.54,1.9,90,Late
9003168,501056,2020-12-27,179.76,138.07,136.06,2.01,60,Late
9003169,501057,2019-11-01,13009.74,10755.38,10663.77,91.61,45,Late
9003170,501057,2020-01-30,12725.75,12180.23,12090.62,89.61,15,Late
9003171,501057,2020-04-29,12991.5,12884.75,12793.27,91.48,0,Paid
9003172,501058,2019-11-19,1495.1,1485.62,1477.46,8.16,10,Late
9003173,501058,2020-02-17,1587.22,1625.96,1617.3,8.66,30,Late
9003174,501058,2020-05-17,1566.51,1553.25,1544.7,8.55,0,Paid
9003175,501059,2023-06-21,14793.2,15038.3,14958.91,79.39,0,Paid
9003176,501059,2023-09-19,14964.27,12752.43,12672.13,80.31,30,Late
9003177,501059,2023-12-18,15375.23,13427.93,13345.41,82.51,45,Late
9003178,501060,2025-10-17,11898.55,12058.37,11983.11,75.26,90,Late
9003179,501060,2026-01-15,11342.85,10724.06,10652.31,71.74,5,Late
9003180,501060,2026-04-15,11884.16,11709.89,11634.72,75.17,0,Paid
9003181,501061,2022-03-22,5957.41,4985.39,4955.06,30.33,5,Late
9003182,501061,2022-06-20,5942.01,6096.76,6066.51,30.25,0,Paid
9003183,501061,2022-09-18,6226.64,5220.52,5188.81,31.7,10,Late
9003184,501062,2019-04-11,11363.05,11425.13,11387.25,37.88,0,Paid
9003185,501062,2019-07-10,11375.45,11549.62,11511.7,37.92,0,Paid
9003186,501062,2019-10-08,11169.73,11496.46,11459.23,37.23,0,Paid
9003187,501063,2020-06-16,7662.66,7596.37,7523.51,72.86,10,Late
9003188,501063,2020-09-14,7611.4,7069.53,6997.16,72.37,15,Late
9003189,501063,2020-12-13,7427.21,6457.79,6387.17,70.62,15,Late
9003190,501064,2025-05-28,3364.07,3419.52,3390.48,29.04,0,Paid
9003191,501064,2025-08-26,3394.84,3324.3,3294.99,29.31,0,Paid
9003192,501064,2025-11-24,3408.16,3351.83,3322.41,29.42,0,Paid
9003193,501065,2025-11-21,800.64,638.83,633.55,5.28,60,Late
9003194,501065,2026-02-19,813.13,736.92,731.55,5.37,60,Late
9003195,501065,2026-05-20,811.62,806.39,801.03,5.36,0,Paid
9003196,501066,2019-07-13,6244.05,5685.89,5646.3,39.6,30,Late
9003197,501066,2019-10-11,6145.19,6081.98,6043.01,38.97,0,Paid
9003198,501066,2020-01-09,6156.54,6111.96,6072.92,39.04,0,Paid
9003199,501067,2025-11-11,181.57,165.23,164.65,0.58,30,Late
9003200,501067,2026-02-09,176.26,168.61,168.04,0.57,5,Late
9003201,501067,2026-05-10,184.45,180.15,179.56,0.59,0,Paid
9003202,501068,2021-02-09,1749.43,1646.55,1628.59,17.96,90,Late
9003203,501068,2021-05-10,1808.9,1597.03,1578.46,18.57,5,Late
9003204,501068,2021-08-08,1856.27,1894.04,1874.98,19.06,0,Paid
9003205,501069,2019-08-03,7894.51,8022.42,7994.26,28.16,0,Paid
9003206,501069,2019-11-01,7710.13,7834.4,7806.9,27.5,0,Paid
9003207,501069,2020-01-30,8043.8,8128.45,8099.76,28.69,0,Paid
9003208,501070,2025-01-21,803.38,821.46,817.53,3.92,0,Paid
9003209,501070,2025-04-21,794.1,776.29,772.41,3.88,0,Paid
9003210,501070,2025-07-20,849.17,846.73,842.58,4.15,0,Paid
9003211,501071,2019-05-08,1817.3,1812.75,1806.45,6.3,0,Paid
9003212,501071,2019-08-06,1801.85,1748.01,1741.76,6.25,0,Paid
9003213,501071,2019-11-04,1951.82,1889.5,1882.74,6.77,30,Late
9003214,501072,2025-12-16,7400.39,7194.43,7160.02,34.41,0,Paid
9003215,501072,2026-03-16,7940.75,6752.91,6715.98,36.92,30,Late
9003216,501072,2026-06-14,7481.51,7563.39,7528.6,34.79,0,Paid
9003217,501073,2020-05-29,303.65,304.32,301.45,2.87,0,Paid
9003218,501073,2020-08-27,313.26,318.03,315.06,2.97,0,Paid
9003219,501073,2020-11-25,313.9,308.41,305.44,2.97,0,Paid
9003220,501074,2019-05-12,15580.16,13242.89,13142.27,100.62,60,Late
9003221,501074,2019-08-10,14357.42,13766.42,13673.69,92.73,60,Late
9003222,501074,2019-11-08,15574.26,12269.53,12168.95,100.58,45,Late
9003223,501075,2023-11-30,6295.28,6370.05,6316.22,53.82,0,Paid
9003224,501075,2024-02-28,5998.62,5941.01,5889.72,51.29,0,Paid
9003225,501075,2024-05-28,6041.15,6183.82,6132.17,51.65,0,Paid
9003226,501076,2024-02-26,4743.78,4251.94,4209.48,42.46,45,Late
9003227,501076,2024-05-26,4759.49,4798.3,4755.7,42.6,60,Late
9003228,501076,2024-08-24,4707.99,4756.53,4714.39,42.14,60,Late
9003229,501077,2024-11-02,1656.82,1618.48,1608.48,10.0,0,Paid
9003230,501077,2025-01-31,1647.39,1599.03,1589.1,9.94,0,Paid
9003231,501077,2025-05-01,1715.95,1739.43,1729.07,10.35,30,Late
9003232,501078,2022-08-15,2052.81,2035.78,2022.58,13.21,0,Paid
9003233,501078,2022-11-13,2068.7,2116.77,2103.47,13.31,0,Paid
9003234,501078,2023-02-11,2090.91,1745.98,1732.53,13.45,5,Late
9003235,501079,2022-02-06,15437.66,15273.74,15087.46,186.28,0,Paid
9003236,501079,2022-05-07,15403.33,15120.4,14934.54,185.87,0,Paid
9003237,501079,2022-08-05,15077.19,11820.89,11638.96,181.93,60,Late
9003238,501080,2022-10-18,10291.6,9994.73,9910.59,84.13,0,Paid
9003239,501080,2023-01-16,10259.28,10111.32,10027.45,83.87,15,Late
9003240,501080,2023-04-16,10775.56,10883.06,10794.97,88.09,0,Paid
9003241,501081,2025-12-05,4534.91,4084.95,4060.69,24.26,45,Late
9003242,501081,2026-03-05,4481.23,3873.19,3849.22,23.97,60,Late
9003243,501081,2026-06-03,4229.5,4194.4,4171.77,22.63,60,Late
9003244,501082,2021-05-27,4805.61,3914.38,3871.85,42.53,15,Late
9003245,501082,2021-08-25,5138.08,3951.26,3905.78,45.47,30,Late
9003246,501082,2021-11-23,5013.16,5146.91,5102.55,44.37,0,Paid
9003247,501083,2022-09-05,15062.44,11927.23,11845.01,82.22,45,Late
9003248,501083,2022-12-04,15676.59,14373.74,14288.17,85.57,45,Late
9003249,501083,2023-03-04,15129.72,12254.92,12172.33,82.58,45,Late
9003250,501084,2025-03-20,2566.23,2613.88,2587.49,26.39,0,Paid
9003251,501084,2025-06-18,2405.58,2464.2,2439.46,24.74,0,Paid
9003252,501084,2025-09-16,2408.07,2229.06,2204.3,24.76,15,Late
9003253,501085,2023-03-26,15732.03,15408.56,15352.18,56.37,0,Paid
9003254,501085,2023-06-24,15031.86,11652.6,11598.73,53.86,10,Late
9003255,501085,2023-09-22,15660.63,15191.58,15135.46,56.12,0,Paid
9003256,501086,2024-10-10,1643.47,1314.12,1294.58,19.54,15,Late
9003257,501086,2025-01-08,1708.93,1718.26,1697.93,20.32,0,Paid
9003258,501086,2025-04-08,1724.86,1713.61,1693.1,20.51,0,Paid
9003259,501087,2022-05-30,1257.01,1212.57,1201.56,11.01,60,Late
9003260,501087,2022-08-28,1299.62,1219.0,1207.62,11.38,45,Late
9003261,501087,2022-11-26,1281.27,1304.28,1293.06,11.22,60,Late
9003262,501088,2020-08-08,15338.88,15785.24,15683.62,101.62,0,Paid
9003263,501088,2020-11-06,14748.55,15062.02,14964.32,97.71,0,Paid
9003264,501088,2021-02-04,14737.66,11246.5,11148.86,97.64,30,Late
9003265,501089,2020-10-13,4335.6,3887.95,3872.38,15.57,10,Late
9003266,501089,2021-01-11,4067.05,4078.48,4063.87,14.61,0,Paid
9003267,501089,2021-04-11,4412.6,4356.29,4340.44,15.85,0,Paid
9003268,501090,2024-03-23,1749.86,1571.38,1556.79,14.58,15,Late
9003269,501090,2024-06-21,1713.91,1724.88,1710.6,14.28,0,Paid
9003270,501090,2024-09-19,1676.26,1525.64,1511.67,13.97,30,Late
9003271,501091,2024-10-18,4716.03,3652.35,3618.43,33.92,60,Late
9003272,501091,2025-01-16,4650.57,3920.98,3887.54,33.45,60,Late
9003273,501091,2025-04-16,4590.42,4228.23,4195.21,33.01,15,Late
9003274,501092,2023-02-24,5454.53,4470.75,4449.12,21.64,45,Late
9003275,501092,2023-05-25,5380.81,4051.07,4029.73,21.34,60,Late
9003276,501092,2023-08-23,5494.59,4529.54,4507.75,21.8,15,Late
9003277,501093,2020-12-08,3578.33,3020.2,2988.66,31.55,5,Late
9003278,501093,2021-03-08,3442.68,3503.34,3472.98,30.35,0,Paid
9003279,501093,2021-06-06,3743.96,3639.94,3606.93,33.01,0,Paid
9003280,501094,2021-05-27,560.24,463.43,457.2,6.23,15,Late
9003281,501094,2021-08-25,548.63,546.94,540.83,6.1,0,Paid
9003282,501094,2021-11-23,570.78,565.18,558.83,6.35,0,Paid
9003283,501095,2020-09-17,2308.1,2328.39,2317.81,10.58,0,Paid
9003284,501095,2020-12-16,2335.22,2171.88,2161.17,10.7,90,Late
9003285,501095,2021-03-16,2231.57,2255.95,2245.72,10.23,0,Paid
9003286,501096,2019-12-02,1552.32,1586.12,1568.45,17.67,0,Paid
9003287,501096,2020-03-01,1585.99,1601.63,1583.58,18.05,0,Paid
9003288,501096,2020-05-30,1559.86,1557.76,1540.0,17.76,90,Late
9003289,501097,2023-09-23,1406.14,1067.27,1052.78,14.49,45,Late
9003290,501097,2023-12-22,1356.24,1047.84,1033.86,13.98,30,Late
9003291,501097,2024-03-21,1475.6,1239.59,1224.38,15.21,30,Late
9003292,501098,2021-03-29,12032.51,12096.24,11969.29,126.94,0,Paid
9003293,501098,2021-06-27,12255.57,11928.74,11799.44,129.3,0,Paid
9003294,501098,2021-09-25,12544.6,12440.11,12307.77,132.35,0,Paid
9003295,501099,2022-06-01,2486.91,2475.37,2453.46,21.91,0,Paid
9003296,501099,2022-08-30,2704.55,2726.8,2702.98,23.82,0,Paid
9003297,501099,2022-11-28,2527.93,2560.67,2538.4,22.27,0,Paid
9003298,501100,2024-04-18,15650.72,15478.3,15331.97,146.33,90,Late
9003299,501100,2024-07-17,14270.02,13662.73,13529.31,133.42,10,Late
9003300,501100,2024-10-15,15625.9,11739.82,11593.72,146.1,5,Late
9003301,501101,2019-12-04,7963.42,7738.09,7674.25,63.84,0,Paid
9003302,501101,2020-03-03,7810.42,6256.85,6194.24,62.61,15,Late
9003303,501101,2020-06-01,7426.81,6455.72,6396.19,59.54,30,Late
9003304,501102,2023-06-12,1165.73,897.18,885.11,12.08,45,Late
9003305,501102,2023-09-10,1174.15,1159.47,1147.31,12.16,60,Late
9003306,501102,2023-12-09,1141.89,1094.32,1082.49,11.83,60,Late
9003307,501103,2025-07-12,15097.46,14664.73,14523.69,141.04,0,Paid
9003308,501103,2025-10-10,14457.29,12832.58,12697.53,135.06,60,Late
9003309,501103,2026-01-08,14387.62,13994.72,13860.32,134.4,15,Late
9003310,501104,2019-08-25,15278.28,15333.84,15197.1,136.74,0,Paid
9003311,501104,2019-11-23,14412.4,14154.59,14025.6,128.99,0,Paid
9003312,501104,2020-02-21,14420.79,14494.92,14365.85,129.07,0,Paid
9003313,501105,2020-11-09,14680.44,14494.24,14370.07,124.17,0,Paid
9003314,501105,2021-02-07,14994.98,14531.5,14404.66,126.83,15,Late
9003315,501105,2021-05-08,15288.64,14887.29,14757.97,129.32,0,Paid
9003316,501106,2019-07-23,439.68,452.13,448.78,3.35,0,Paid
9003317,501106,2019-10-21,443.25,449.81,446.44,3.38,0,Paid
9003318,501106,2020-01-19,464.01,366.14,362.61,3.53,60,Late
9003319,501107,2021-12-02,930.96,921.65,918.88,2.77,0,Paid
9003320,501107,2022-03-02,904.47,900.53,897.84,2.69,0,Paid
9003321,501107,2022-05-31,881.15,696.74,694.12,2.62,5,Late
9003322,501108,2022-06-05,14697.36,14343.85,14242.68,101.17,0,Paid
9003323,501108,2022-09-03,14824.57,15130.34,15028.3,102.04,0,Paid
9003324,501108,2022-12-02,14350.82,13960.44,13861.66,98.78,0,Paid
9003325,501109,2025-06-05,1353.07,1371.3,1358.41,12.89,0,Paid
9003326,501109,2025-09-03,1282.69,1262.54,1250.32,12.22,0,Paid
9003327,501109,2025-12-02,1313.64,1133.8,1121.29,12.51,5,Late
9003328,501110,2019-10-11,2393.12,2402.52,2383.81,18.71,0,Paid
9003329,501110,2020-01-09,2478.14,2216.09,2196.72,19.37,10,Late
9003330,501110,2020-04-08,2331.8,2293.47,2275.24,18.23,0,Paid
9003331,501111,2023-05-31,14727.07,13849.97,13794.86,55.1,10,Late
9003332,501111,2023-08-29,15177.72,15064.11,15007.32,56.79,0,Paid
9003333,501111,2023-11-27,15027.4,14600.39,14544.17,56.23,0,Paid
9003334,501112,2023-12-23,1416.99,1436.77,1420.83,15.94,0,Paid
9003335,501112,2024-03-22,1398.69,1390.13,1374.39,15.74,0,Paid
9003336,501112,2024-06-20,1443.23,1477.96,1461.72,16.24,0,Paid
9003337,501113,2020-03-06,13805.64,13859.19,13750.82,108.37,0,Paid
9003338,501113,2020-06-04,13744.85,13574.16,13466.27,107.9,0,Paid
9003339,501113,2020-09-02,13162.53,11936.66,11833.33,103.33,15,Late
9003340,501114,2022-06-13,1222.34,996.57,989.23,7.34,45,Late
9003341,501114,2022-09-11,1314.97,1247.98,1240.08,7.9,60,Late
9003342,501114,2022-12-10,1267.17,1018.52,1010.91,7.61,30,Late
9003343,501115,2020-05-27,3592.46,3584.18,3571.7,12.48,90,Late
9003344,501115,2020-08-25,3437.8,3500.73,3488.78,11.95,0,Paid
9003345,501115,2020-11-23,3592.13,3516.27,3503.79,12.48,0,Paid
9003346,501116,2023-12-02,14466.7,13319.5,13268.63,50.87,60,Late
9003347,501116,2024-03-01,15602.51,15846.38,15791.51,54.87,0,Paid
9003348,501116,2024-05-30,14281.87,14685.28,14635.05,50.22,5,Late
9003349,501117,2025-08-19,6788.59,6707.92,6655.03,52.89,0,Paid
9003350,501117,2025-11-17,6679.83,6686.86,6634.81,52.05,0,Paid
9003351,501117,2026-02-15,6757.07,6827.29,6774.64,52.65,0,Paid
9003352,501118,2021-01-20,2583.88,2510.31,2482.3,28.01,0,Paid
9003353,501118,2021-04-20,2557.66,2528.55,2500.82,27.73,0,Paid
9003354,501118,2021-07-19,2488.28,2466.63,2439.65,26.98,0,Paid
9003355,501119,2024-06-06,15491.82,12841.07,12704.61,136.46,45,Late
9003356,501119,2024-09-04,15646.09,15275.81,15137.99,137.82,0,Paid
9003357,501119,2024-12-03,15682.51,15905.23,15767.09,138.14,0,Paid
9003358,501120,2020-03-25,9004.82,8987.25,8912.74,74.51,0,Paid
9003359,501120,2020-06-23,9396.89,9224.85,9147.09,77.76,0,Paid
9003360,501120,2020-09-21,9267.45,9317.62,9240.93,76.69,0,Paid
9003361,501121,2021-01-06,201.7,206.21,204.22,2.0,0,Paid
9003362,501121,2021-04-06,198.24,199.62,197.66,1.96,90,Late
9003363,501121,2021-07-05,199.14,204.85,202.88,1.97,0,Paid
9003364,501122,2020-01-06,1069.29,1074.11,1067.2,6.91,0,Paid
9003365,501122,2020-04-05,1052.1,997.43,990.63,6.79,5,Late
9003366,501122,2020-07-04,1061.18,1054.17,1047.31,6.85,30,Late
9003367,501123,2019-10-19,8244.15,7589.14,7523.12,66.02,15,Late
9003368,501123,2020-01-17,7613.57,7483.37,7422.4,60.97,0,Paid
9003369,501123,2020-04-16,7796.62,6964.74,6902.3,62.44,60,Late
9003370,501124,2021-02-24,7833.8,7732.27,7660.59,71.68,0,Paid
9003371,501124,2021-05-25,7952.46,8134.91,8062.14,72.77,0,Paid
9003372,501124,2021-08-23,7994.49,6544.05,6470.9,73.15,5,Late
9003373,501125,2020-08-09,2297.86,2125.18,2112.48,12.7,60,Late
9003374,501125,2020-11-07,2405.75,2259.88,2246.59,13.29,60,Late
9003375,501125,2021-02-05,2477.08,1865.15,1851.46,13.69,15,Late
9003376,501126,2024-10-25,661.25,585.26,578.02,7.24,15,Late
9003377,501126,2025-01-23,637.97,555.41,548.43,6.99,45,Late
9003378,501126,2025-04-23,636.07,520.35,513.38,6.96,45,Late
9003379,501127,2020-04-27,15262.26,15199.29,15125.65,73.64,0,Paid
9003380,501127,2020-07-26,15464.29,15918.43,15843.81,74.62,0,Paid
9003381,501127,2020-10-24,14704.1,12499.74,12428.79,70.95,10,Late
9003382,501128,2019-05-08,14798.59,11162.34,11064.67,97.67,45,Late
9003383,501128,2019-08-06,14967.66,14739.79,14641.01,98.79,45,Late
9003384,501128,2019-11-04,14892.85,13921.41,13823.12,98.29,45,Late
9003385,501129,2024-10-16,6688.66,6780.15,6720.23,59.92,0,Paid
9003386,501129,2025-01-14,6634.23,6543.65,6484.22,59.43,0,Paid
9003387,501129,2025-04-14,6452.02,6468.75,6410.95,57.8,0,Paid
9003388,501130,2020-11-06,4162.55,4275.57,4254.93,20.64,0,Paid
9003389,501130,2021-02-04,3943.22,3907.86,3888.31,19.55,0,Paid
9003390,501130,2021-05-05,4003.49,4042.67,4022.82,19.85,0,Paid
9003391,501131,2023-12-14,1289.05,1303.11,1295.58,7.53,0,Paid
9003392,501131,2024-03-13,1229.54,1240.95,1233.76,7.18,0,Paid
9003393,501131,2024-06-11,1218.26,1228.51,1221.39,7.12,0,Paid
9003394,501132,2019-04-06,13033.35,10848.32,10769.26,79.07,120,Late
9003395,501132,2019-07-05,12819.67,11174.91,11097.14,77.77,60,Late
9003396,501132,2019-10-03,12554.59,11121.6,11045.44,76.16,90,Late
9003397,501133,2021-11-01,2019.79,2013.38,1999.99,13.38,60,Late
9003398,501133,2022-01-30,1968.49,1944.91,1931.86,13.04,0,Paid
9003399,501133,2022-04-30,1968.04,2024.72,2011.68,13.04,0,Paid
9003400,501134,2025-11-01,13262.87,11720.84,11680.94,39.9,10,Late
9003401,501134,2026-01-30,12554.47,12672.95,12635.19,37.77,0,Paid
9003402,501134,2026-04-30,13122.18,13121.97,13082.49,39.48,5,Late
9003403,501135,2022-02-06,15039.55,15159.74,15025.89,133.85,0,Paid
9003404,501135,2022-05-07,15570.11,15358.08,15219.51,138.57,0,Paid
9003405,501135,2022-08-05,14290.46,13410.1,13282.92,127.19,45,Late
9003406,501136,2024-05-23,286.94,289.21,285.95,3.26,0,Paid
9003407,501136,2024-08-21,279.68,230.41,227.23,3.18,5,Late
9003408,501136,2024-11-19,270.23,271.1,268.02,3.07,0,Paid
9003409,501137,2024-01-24,14257.84,13850.14,13723.84,126.3,0,Paid
9003410,501137,2024-04-23,14409.49,14716.66,14589.02,127.64,0,Paid
9003411,501137,2024-07-22,15259.18,11777.48,11642.31,135.17,10,Late
9003412,501138,2020-11-27,9448.49,8226.98,8164.22,62.75,45,Late
9003413,501138,2021-02-25,9155.24,9170.29,9109.49,60.81,15,Late
9003414,501138,2021-05-26,9091.08,9087.48,9027.1,60.38,30,Late
9003415,501139,2023-05-16,14982.0,14763.26,14707.57,55.68,0,Paid
9003416,501139,2023-08-14,14265.84,13839.02,13785.99,53.02,0,Paid
9003417,501139,2023-11-12,15076.79,15254.5,15198.46,56.04,0,Paid
9003418,501140,2021-11-04,669.04,660.53,656.71,3.81,0,Paid
9003419,501140,2022-02-02,661.37,650.91,647.14,3.77,0,Paid
9003420,501140,2022-05-03,674.62,671.49,667.64,3.85,0,Paid
9003421,501141,2022-10-28,10397.76,10290.15,10256.53,33.62,15,Late
9003422,501141,2023-01-26,10487.97,7969.64,7935.73,33.91,15,Late
9003423,501141,2023-04-26,10688.53,10427.46,10392.9,34.56,0,Paid
9003424,501142,2020-03-24,7324.88,7498.53,7450.43,48.1,0,Paid
9003425,501142,2020-06-22,7213.71,7017.73,6970.36,47.37,0,Paid
9003426,501142,2020-09-20,7373.15,7534.23,7485.81,48.42,0,Paid
9003427,501143,2025-11-10,561.92,546.89,541.13,5.76,5,Late
9003428,501143,2026-02-08,564.24,482.56,476.78,5.78,5,Late
9003429,501143,2026-05-09,549.85,534.0,528.37,5.64,0,Paid
9003430,501144,2022-12-29,7522.51,6553.72,6519.55,34.16,15,Late
9003431,501144,2023-03-29,7327.33,6540.04,6506.76,33.28,5,Late
9003432,501144,2023-06-27,7136.94,7135.2,7102.78,32.41,15,Late
9003433,501145,2019-01-18,1732.85,1766.72,1759.51,7.21,45,Late
9003434,501145,2019-04-18,1708.12,1703.91,1696.81,7.1,0,Paid
9003435,501145,2019-07-17,1644.05,1567.24,1560.41,6.84,15,Late
9003436,501146,2020-09-17,2012.63,1528.56,1515.63,12.93,5,Late
9003437,501146,2020-12-16,2096.84,1648.69,1635.22,13.47,5,Late
9003438,501146,2021-03-16,2040.61,1864.85,1851.74,13.11,5,Late
9003439,501147,2020-03-09,9024.72,8191.17,8117.24,73.93,15,Late
9003440,501147,2020-06-07,9595.28,8591.11,8512.51,78.6,10,Late
9003441,501147,2020-09-05,9456.1,8138.96,8061.5,77.46,15,Late
9003442,501148,2020-07-13,528.38,544.12,540.56,3.55,0,Paid
9003443,501148,2020-10-11,545.63,556.89,553.22,3.67,0,Paid
9003444,501148,2021-01-09,559.39,575.91,572.15,3.76,0,Paid
9003445,501149,2023-05-01,13324.41,12938.29,12824.15,114.15,0,Paid
9003446,501149,2023-07-30,13657.71,13616.44,13499.43,117.0,0,Paid
9003447,501149,2023-10-28,13439.59,13058.3,12943.17,115.13,0,Paid
9003448,501150,2022-11-04,4549.12,4571.83,4543.02,28.81,0,Paid
9003449,501150,2023-02-02,4782.11,4264.46,4234.17,30.29,45,Late
9003450,501150,2023-05-03,4754.41,4284.58,4254.47,30.11,90,Late
9003451,501151,2025-12-08,12238.71,12213.85,12155.41,58.44,0,Paid
9003452,501151,2026-03-08,12528.25,11925.17,11865.35,59.82,5,Late
9003453,501151,2026-06-06,11960.47,11645.73,11588.62,57.11,0,Paid
9003454,501152,2025-12-24,15230.39,15301.96,15160.69,141.26,0,Paid
9003455,501152,2026-03-24,15628.66,15946.39,15801.43,144.96,0,Paid
9003456,501152,2026-06-22,14595.49,15018.91,14883.54,135.37,0,Paid
9003457,501153,2025-07-18,15186.33,13998.02,13941.32,56.7,15,Late
9003458,501153,2025-10-16,14932.13,14641.68,14585.93,55.75,15,Late
9003459,501153,2026-01-14,15261.32,13017.23,12960.25,56.98,45,Late
9003460,501154,2021-03-04,5964.67,4635.15,4587.44,47.72,90,Late
9003461,501154,2021-06-02,5603.33,5524.48,5479.65,44.83,60,Late
9003462,501154,2021-08-31,5744.55,4975.68,4929.72,45.96,60,Late
9003463,501155,2025-05-02,8495.75,8495.78,8470.79,24.99,0,Paid
9003464,501155,2025-07-31,8967.22,8912.97,8886.59,26.38,0,Paid
9003465,501155,2025-10-29,8370.82,8241.85,8217.23,24.62,0,Paid
9003466,501156,2025-01-25,15616.51,11865.39,11692.31,173.08,10,Late
9003467,501156,2025-04-25,15718.95,15620.42,15446.2,174.22,0,Paid
9003468,501156,2025-07-24,14296.7,11872.19,11713.74,158.46,5,Late
9003469,501157,2022-04-14,14702.45,14340.81,14237.52,103.28,0,Paid
9003470,501157,2022-07-13,14140.95,14276.33,14176.99,99.34,0,Paid
9003471,501157,2022-10-11,13773.89,13663.97,13567.21,96.76,0,Paid
9003472,501158,2022-06-01,2523.09,2549.8,2533.86,15.94,0,Paid
9003473,501158,2022-08-30,2481.73,2438.64,2422.96,15.68,0,Paid
9003474,501158,2022-11-28,2441.95,2476.25,2460.83,15.42,0,Paid
9003475,501159,2024-02-24,12289.38,11290.98,11211.71,79.27,90,Late
9003476,501159,2024-05-24,13099.08,13053.4,12968.91,84.49,10,Late
9003477,501159,2024-08-22,11888.01,12104.65,12027.97,76.68,0,Paid
9003478,501160,2020-08-31,8766.21,8723.14,8623.94,99.2,0,Paid
9003479,501160,2020-11-29,8835.16,8602.49,8502.5,99.98,0,Paid
9003480,501160,2021-02-27,9329.11,9168.86,9063.28,105.57,0,Paid
9003481,501161,2020-10-12,1819.05,1857.79,1840.96,16.83,0,Paid
9003482,501161,2021-01-10,1703.19,1695.05,1679.3,15.75,0,Paid
9003483,501161,2021-04-10,1762.07,1793.54,1777.24,16.3,0,Paid
9003484,501162,2023-01-05,255.36,203.11,200.94,2.18,15,Late
9003485,501162,2023-04-05,256.87,254.94,252.75,2.19,0,Paid
9003486,501162,2023-07-04,266.02,262.29,260.02,2.27,0,Paid
9003487,501163,2020-09-13,1440.05,1428.45,1418.21,10.24,0,Paid
9003488,501163,2020-12-12,1530.38,1498.35,1487.47,10.88,0,Paid
9003489,501163,2021-03-12,1433.42,1200.42,1190.23,10.19,10,Late
9003490,501164,2022-04-15,779.16,788.48,781.73,6.75,0,Paid
9003491,501164,2022-07-14,755.69,772.03,765.49,6.54,0,Paid
9003492,501164,2022-10-12,730.88,734.6,728.27,6.33,0,Paid
9003493,501165,2024-01-29,10635.22,10127.81,10008.51,119.29,15,Late
9003494,501165,2024-04-28,10910.29,10886.78,10764.41,122.38,0,Paid
9003495,501165,2024-07-27,11193.66,11355.12,11229.56,125.56,0,Paid
9003496,501166,2020-08-13,12860.34,12742.54,12616.29,126.25,45,Late
9003497,501166,2020-11-11,13535.17,13926.63,13793.76,132.87,0,Paid
9003498,501166,2021-02-09,13729.37,13970.61,13835.83,134.78,0,Paid
9003499,501167,2020-08-28,171.83,144.98,144.43,0.56,45,Late
9003500,501167,2020-11-26,164.7,131.8,131.27,0.54,45,Late
9003501,501167,2021-02-24,165.5,157.92,157.38,0.54,30,Late
9003502,501168,2021-12-03,6231.16,5126.61,5056.35,70.26,60,Late
9003503,501168,2022-03-03,6705.87,6834.75,6759.14,75.61,0,Paid
9003504,501168,2022-06-01,6305.63,6210.33,6139.23,71.1,0,Paid
9003505,501169,2019-04-25,14444.24,14717.88,14583.79,134.09,0,Paid
9003506,501169,2019-07-24,15109.4,11335.75,11195.48,140.27,15,Late
9003507,501169,2019-10-22,15078.4,15343.53,15203.55,139.98,0,Paid
9003508,501170,2024-05-23,8325.27,8068.19,7983.2,84.99,15,Late
9003509,501170,2024-08-21,8021.97,7024.25,6942.36,81.89,5,Late
9003510,501170,2024-11-19,8058.09,8003.41,7921.15,82.26,0,Paid
9003511,501171,2025-04-21,1463.89,1384.08,1378.7,5.38,90,Late
9003512,501171,2025-07-20,1412.04,1295.96,1290.78,5.19,5,Late
9003513,501171,2025-10-18,1446.96,1406.65,1401.33,5.32,0,Paid
9003514,501172,2020-10-17,15238.35,15065.38,14940.43,124.95,0,Paid
9003515,501172,2021-01-15,14650.36,14798.73,14678.6,120.13,0,Paid
9003516,501172,2021-04-15,14961.22,14283.18,14160.5,122.68,5,Late
9003517,501173,2023-05-01,15424.39,12161.38,12072.17,89.2,5,Late
9003518,501173,2023-07-30,15162.31,15224.2,15136.51,87.69,0,Paid
9003519,501173,2023-10-28,15255.8,14963.93,14875.7,88.23,0,Paid
9003520,501174,2025-12-20,1343.42,1191.09,1181.25,9.84,90,Late
9003521,501174,2026-03-20,1258.41,1250.92,1241.7,9.22,0,Paid
9003522,501174,2026-06-18,1254.39,1278.81,1269.63,9.19,0,Paid
9003523,501175,2019-10-29,14474.85,12402.67,12285.9,116.76,60,Late
9003524,501175,2020-01-27,15079.69,15159.68,15038.04,121.64,45,Late
9003525,501175,2020-04-26,14735.9,13246.0,13127.14,118.87,15,Late
9003526,501176,2021-01-03,15392.5,12895.14,12839.85,55.28,5,Late
9003527,501176,2021-04-03,14739.97,14683.71,14630.77,52.94,0,Paid
9003528,501176,2021-07-02,14876.06,14012.88,13959.45,53.43,30,Late
9003529,501177,2019-09-08,9982.97,9951.29,9843.56,107.73,0,Paid
9003530,501177,2019-12-07,10276.08,10256.2,10145.31,110.9,0,Paid
9003531,501177,2020-03-06,10550.38,10515.32,10401.46,113.86,0,Paid
9003532,501178,2020-08-30,14606.22,11058.09,10918.35,139.73,5,Late
9003533,501178,2020-11-28,14555.36,14956.71,14817.46,139.25,0,Paid
9003534,501178,2021-02-26,15311.37,15135.95,14989.47,146.48,0,Paid
9003535,501179,2024-05-29,2891.4,2946.97,2918.35,28.62,0,Paid
9003536,501179,2024-08-27,2963.45,3035.98,3006.64,29.34,0,Paid
9003537,501179,2024-11-25,3021.85,3019.28,2989.37,29.92,0,Paid
9003538,501180,2020-09-12,1673.46,1696.61,1691.69,4.92,0,Paid
9003539,501180,2020-12-11,1791.62,1496.11,1490.84,5.27,90,Late
9003540,501180,2021-03-11,1780.11,1753.76,1748.52,5.24,0,Paid
9003541,501181,2020-05-12,11610.7,11297.61,11239.94,57.67,0,Paid
9003542,501181,2020-08-10,11755.49,11746.45,11688.07,58.39,0,Paid
9003543,501181,2020-11-08,11312.75,11572.27,11516.08,56.19,0,Paid
9003544,501182,2023-07-22,2509.52,2460.26,2445.24,15.02,45,Late
9003545,501182,2023-10-20,2363.15,2206.46,2192.32,14.14,60,Late
9003546,501182,2024-01-18,2305.45,2305.17,2291.38,13.79,60,Late
9003547,501183,2022-11-17,881.86,790.49,780.89,9.6,45,Late
9003548,501183,2023-02-15,921.37,917.83,907.8,10.04,45,Late
9003549,501183,2023-05-16,920.44,831.55,821.52,10.03,60,Late
9003550,501184,2025-07-05,14904.78,14990.57,14918.66,71.92,0,Paid
9003551,501184,2025-10-03,14393.48,14784.66,14715.21,69.45,0,Paid
9003552,501184,2026-01-01,15382.43,15654.3,15580.08,74.22,0,Paid
9003553,501185,2025-12-20,5374.89,4509.92,4486.23,23.69,60,Late
9003554,501185,2026-03-20,5169.78,4584.68,4561.89,22.79,30,Late
9003555,501185,2026-06-18,4994.61,4421.84,4399.82,22.02,30,Late
9003556,501186,2024-01-07,14444.83,12689.45,12605.43,84.02,5,Late
9003557,501186,2024-04-06,15450.69,12075.02,11985.15,89.87,60,Late
9003558,501186,2024-07-05,14735.13,12750.69,12664.99,85.71,30,Late
9003559,501187,2020-12-08,745.0,738.1,729.46,8.64,0,Paid
9003560,501187,2021-03-08,747.45,744.93,736.26,8.66,0,Paid
9003561,501187,2021-06-06,762.23,781.87,773.03,8.84,0,Paid
9003562,501188,2020-06-28,6272.01,6289.48,6219.08,70.4,0,Paid
9003563,501188,2020-09-26,6327.88,5975.44,5904.41,71.03,15,Late
9003564,501188,2020-12-25,6218.81,6110.88,6041.07,69.81,0,Paid
9003565,501189,2024-08-29,975.79,783.58,775.1,8.47,10,Late
9003566,501189,2024-11-27,954.89,973.32,965.03,8.29,0,Paid
9003567,501189,2025-02-25,981.84,986.54,978.02,8.53,0,Paid
9003568,501190,2020-11-18,14562.41,14944.07,14791.05,153.03,0,Paid
9003569,501190,2021-02-16,14437.41,14576.92,14425.2,151.71,0,Paid
9003570,501190,2021-05-17,14407.63,13102.93,12951.53,151.4,5,Late
9003571,501191,2019-07-20,15711.71,15419.9,15351.81,68.08,0,Paid
9003572,501191,2019-10-18,15336.34,12892.93,12826.48,66.46,45,Late
9003573,501191,2020-01-16,14961.33,15054.64,14989.81,64.83,0,Paid
9003574,501192,2024-09-14,5722.89,5616.13,5598.25,17.88,0,Paid
9003575,501192,2024-12-13,5806.56,5657.23,5639.08,18.15,0,Paid
9003576,501192,2025-03-13,5827.41,5946.99,5928.78,18.21,0,Paid
9003577,501193,2020-03-07,10429.68,10362.48,10298.08,64.4,0,Paid
9003578,501193,2020-06-05,9794.63,8261.83,8201.35,60.48,10,Late
9003579,501193,2020-09-03,9816.17,9529.01,9468.4,60.61,0,Paid
9003580,501194,2019-03-08,2455.63,1931.96,1903.81,28.16,90,Late
9003581,501194,2019-06-06,2411.46,1825.01,1797.36,27.65,120,Late
9003582,501194,2019-09-04,2274.92,2337.2,2311.12,26.09,90,Late
9003583,501195,2024-09-05,15554.0,15321.83,15221.51,100.32,0,Paid
9003584,501195,2024-12-04,15266.96,13405.75,13307.28,98.47,5,Late
9003585,501195,2025-03-04,15331.15,14831.23,14732.35,98.89,5,Late
9003586,501196,2024-01-21,2027.2,1989.87,1966.0,23.87,0,Paid
9003587,501196,2024-04-20,2024.4,2040.03,2016.19,23.84,0,Paid
9003588,501196,2024-07-19,1942.4,1708.02,1685.15,22.87,5,Late
9003589,501197,2021-12-19,2486.48,2141.94,2128.55,13.39,10,Late
9003590,501197,2022-03-19,2424.72,2462.63,2449.57,13.05,0,Paid
9003591,501197,2022-06-17,2495.53,2480.71,2467.28,13.43,0,Paid
9003592,501198,2020-12-20,920.42,916.7,913.5,3.2,0,Paid
9003593,501198,2021-03-20,988.63,982.73,979.29,3.44,0,Paid
9003594,501198,2021-06-18,1000.6,991.81,988.34,3.48,45,Late
9003595,501199,2021-12-03,11325.72,11455.73,11350.97,104.76,0,Paid
9003596,501199,2022-03-03,11881.05,11556.88,11446.98,109.9,0,Paid
9003597,501199,2022-06-01,12049.55,9590.45,9478.99,111.46,5,Late
9003598,501200,2020-08-07,587.6,456.9,453.52,3.39,5,Late
9003599,501200,2020-11-05,568.41,580.8,577.52,3.28,0,Paid
9003600,501200,2021-02-03,575.61,568.37,565.05,3.32,0,Paid
9003601,501201,2019-06-25,4233.35,4057.8,4026.86,30.94,120,Late
9003602,501201,2019-09-23,4300.87,3323.58,3292.15,31.43,60,Late
9003603,501201,2019-12-22,4406.6,3791.06,3758.86,32.2,120,Late
9003604,501202,2025-06-13,14560.28,12125.4,12036.95,88.45,45,Late
9003605,501202,2025-09-11,15338.73,15767.67,15674.49,93.18,0,Paid
9003606,501202,2025-12-10,14317.12,14613.27,14526.29,86.98,0,Paid
9003607,501203,2022-09-09,847.17,850.22,844.84,5.39,0,Paid
9003608,501203,2022-12-08,855.72,844.7,839.26,5.44,0,Paid
9003609,501203,2023-03-08,834.92,851.29,845.98,5.31,90,Late
9003610,501204,2020-04-21,14505.17,14254.32,14090.04,164.27,0,Paid
9003611,501204,2020-07-20,15038.08,14913.99,14743.68,170.31,0,Paid
9003612,501204,2020-10-18,15508.3,15254.84,15079.21,175.63,0,Paid
9003613,501205,2021-09-24,4563.88,4460.66,4408.9,51.76,60,Late
9003614,501205,2021-12-23,4714.22,4471.67,4418.21,53.47,45,Late
9003615,501205,2022-03-23,4500.21,3667.28,3616.24,51.04,60,Late
9003616,501206,2024-09-14,15461.07,15365.59,15220.52,145.08,0,Paid
9003617,501206,2024-12-13,14997.7,15245.88,15105.15,140.73,0,Paid
9003618,501206,2025-03-13,14362.15,14592.6,14457.83,134.76,0,Paid
9003619,501207,2020-07-27,1910.18,1901.43,1893.37,8.05,0,Paid
9003620,501207,2020-10-25,1956.45,1909.45,1901.2,8.25,0,Paid
9003621,501207,2021-01-23,1975.2,1987.7,1979.37,8.33,0,Paid
9003622,501208,2022-12-25,7651.28,7679.87,7613.56,66.31,45,Late
9003623,501208,2023-03-25,7764.07,7980.86,7913.57,67.29,30,Late
9003624,501208,2023-06-23,7180.2,6921.83,6859.6,62.23,15,Late
9003625,501209,2025-08-07,11023.34,8732.71,8659.68,73.03,45,Late
9003626,501209,2025-11-05,11072.67,11334.83,11261.47,73.36,0,Paid
9003627,501209,2026-02-03,11191.11,11290.56,11216.42,74.14,0,Paid
9003628,501210,2019-03-10,1989.27,1759.98,1736.58,23.41,5,Late
9003629,501210,2019-06-08,1929.22,1578.12,1555.42,22.7,5,Late
9003630,501210,2019-09-06,1869.86,1914.56,1892.56,22.0,0,Paid
9003631,501211,2023-02-07,15182.36,15410.01,15356.11,53.9,0,Paid
9003632,501211,2023-05-08,13817.92,13860.85,13811.8,49.05,0,Paid
9003633,501211,2023-08-06,14786.17,15063.67,15011.18,52.49,60,Late
9003634,501212,2024-05-17,6060.85,5131.85,5109.67,22.17,120,Late
9003635,501212,2024-08-15,5562.21,4324.49,4304.14,20.35,60,Late
9003636,501212,2024-11-13,5908.85,4884.89,4863.28,21.62,120,Late
9003637,501213,2020-12-11,14794.27,12805.98,12756.79,49.19,45,Late
9003638,501213,2021-03-11,14334.87,13072.06,13024.4,47.66,45,Late
9003639,501213,2021-06-09,15147.73,12822.9,12772.53,50.37,90,Late
9003640,501214,2023-04-14,372.73,361.89,360.09,1.8,90,Late
9003641,501214,2023-07-13,356.24,306.98,305.26,1.72,5,Late
9003642,501214,2023-10-11,374.53,373.63,371.82,1.81,0,Paid
9003643,501215,2023-02-14,3069.92,3019.25,3004.29,14.97,0,Paid
9003644,501215,2023-05-15,2988.27,3021.96,3007.39,14.57,0,Paid
9003645,501215,2023-08-13,3082.88,3059.64,3044.61,15.03,0,Paid
9003646,501216,2021-07-11,14088.17,11085.0,11022.55,62.46,15,Late
9003647,501216,2021-10-09,14752.51,14872.72,14807.32,65.4,0,Paid
9003648,501216,2022-01-07,14218.61,14075.54,14012.5,63.04,0,Paid
9003649,501217,2024-06-13,2123.19,2097.75,2083.65,14.1,0,Paid
9003650,501217,2024-09-11,2185.33,2146.57,2132.05,14.51,0,Paid
9003651,501217,2024-12-10,2138.38,1772.43,1758.23,14.2,15,Late
9003652,501218,2022-11-10,594.6,485.53,481.74,3.79,90,Late
9003653,501218,2023-02-08,593.95,599.2,595.42,3.78,30,Late
9003654,501218,2023-05-09,596.36,506.55,502.75,3.8,10,Late
9003655,501219,2019-09-18,11279.86,8509.46,8381.81,127.65,60,Late
9003656,501219,2019-12-17,11468.56,11388.33,11258.55,129.79,5,Late
9003657,501219,2020-03-16,11621.57,11966.35,11834.83,131.52,0,Paid
9003658,501220,2024-06-05,2757.23,2364.11,2334.73,29.39,30,Late
9003659,501220,2024-09-03,2870.54,2486.14,2455.54,30.6,60,Late
9003660,501220,2024-12-02,2983.21,2951.51,2919.72,31.8,60,Late
9003661,501221,2024-04-16,12987.77,12805.42,12708.77,96.65,0,Paid
9003662,501221,2024-07-15,13193.72,13176.03,13077.84,98.18,0,Paid
9003663,501221,2024-10-13,12758.18,12901.95,12807.01,94.94,45,Late
9003664,501222,2024-09-28,12393.62,9786.92,9644.8,142.11,45,Late
9003665,501222,2024-12-27,12508.23,11535.64,11392.21,143.43,120,Late
9003666,501222,2025-03-27,13003.78,11777.74,11628.63,149.11,90,Late
9003667,501223,2022-11-21,6609.13,6675.97,6633.17,42.79,0,Paid
9003668,501223,2023-02-19,6160.85,5375.75,5335.86,39.89,60,Late
9003669,501223,2023-05-20,6770.23,6651.42,6607.58,43.84,0,Paid
9003670,501224,2025-05-22,733.16,567.93,565.75,2.18,60,Late
9003671,501224,2025-08-20,740.11,743.14,740.94,2.2,45,Late
9003672,501224,2025-11-18,719.28,686.1,683.97,2.13,30,Late
9003673,501225,2019-06-08,8536.17,8507.92,8464.03,43.89,5,Late
9003674,501225,2019-09-06,9037.59,7431.37,7384.9,46.47,45,Late
9003675,501225,2019-12-05,8869.4,9023.94,8978.33,45.6,0,Paid
9003676,501226,2024-05-26,2202.67,1696.99,1688.47,8.52,45,Late
9003677,501226,2024-08-24,2122.9,2061.67,2053.47,8.21,60,Late
9003678,501226,2024-11-22,2055.15,2046.06,2038.11,7.95,15,Late
9003679,501227,2025-04-04,14557.92,14173.21,14000.7,172.51,10,Late
9003680,501227,2025-07-03,14522.9,14762.87,14590.77,172.1,0,Paid
9003681,501227,2025-10-01,13423.58,13396.01,13236.94,159.07,0,Paid
9003682,501228,2023-05-09,11736.34,11987.69,11941.73,45.97,0,Paid
9003683,501228,2023-08-07,11493.98,11460.82,11415.8,45.02,0,Paid
9003684,501228,2023-11-05,11640.78,11568.2,11522.6,45.59,0,Paid
9003685,501229,2019-04-16,9239.47,8440.24,8405.67,34.57,45,Late
9003686,501229,2019-07-15,8937.98,8847.78,8814.34,33.44,0,Paid
9003687,501229,2019-10-13,9656.77,9447.32,9411.19,36.13,0,Paid
9003688,501230,2024-07-20,845.08,843.74,837.97,5.77,0,Paid
9003689,501230,2024-10-18,831.52,795.14,789.47,5.68,10,Late
9003690,501230,2025-01-16,906.64,879.91,873.72,6.19,0,Paid
9003691,501231,2025-02-13,12091.33,11942.8,11845.97,96.83,15,Late
9003692,501231,2025-05-14,11365.6,8980.57,8889.55,91.02,60,Late
9003693,501231,2025-08-12,11960.55,11938.67,11842.89,95.78,15,Late
9003694,501232,2020-10-14,1239.0,1253.71,1243.0,10.71,0,Paid
9003695,501232,2021-01-12,1180.41,1194.97,1184.77,10.2,45,Late
9003696,501232,2021-04-12,1216.22,1236.23,1225.72,10.51,0,Paid
9003697,501233,2025-03-23,4984.91,5068.22,5036.98,31.24,0,Paid
9003698,501233,2025-06-21,5448.8,5528.69,5494.54,34.15,0,Paid
9003699,501233,2025-09-19,5009.02,4930.13,4898.74,31.39,0,Paid
9003700,501234,2022-07-08,5779.09,5726.69,5673.76,52.93,0,Paid
9003701,501234,2022-10-06,5881.52,5715.06,5661.19,53.86,0,Paid
9003702,501234,2023-01-04,5803.9,5766.68,5713.53,53.15,0,Paid
9003703,501235,2023-08-20,640.27,637.24,630.57,6.66,0,Paid
9003704,501235,2023-11-18,671.29,682.71,675.73,6.99,0,Paid
9003705,501235,2024-02-16,676.73,681.21,674.16,7.04,0,Paid
9003706,501236,2024-03-10,875.09,878.3,870.83,7.47,0,Paid
9003707,501236,2024-06-08,874.79,868.44,860.97,7.47,0,Paid
9003708,501236,2024-09-06,871.49,863.38,855.93,7.44,0,Paid
9003709,501237,2020-09-08,1597.27,1287.84,1273.7,14.14,30,Late
9003710,501237,2020-12-07,1603.91,1644.03,1629.84,14.19,0,Paid
9003711,501237,2021-03-07,1708.39,1657.49,1642.37,15.12,0,Paid
9003712,501238,2020-06-11,10510.91,8268.87,8159.9,108.96,5,Late
9003713,501238,2020-09-09,10323.53,8351.69,8244.67,107.02,30,Late
9003714,501238,2020-12-08,10086.63,9929.01,9824.44,104.56,0,Paid
9003715,501239,2019-07-18,15370.56,15473.77,15348.76,125.01,0,Paid
9003716,501239,2019-10-16,15396.09,14945.1,14819.88,125.22,0,Paid
9003717,501239,2020-01-14,14786.58,15061.68,14941.41,120.26,0,Paid
9003718,501240,2021-04-13,1849.79,1792.21,1780.79,11.42,5,Late
9003719,501240,2021-07-12,1817.94,1845.11,1833.88,11.23,0,Paid
9003720,501240,2021-10-10,1949.76,1557.93,1545.89,12.04,5,Late
9003721,501241,2020-09-30,472.26,461.11,456.66,4.45,0,Paid
9003722,501241,2020-12-29,458.97,461.66,457.34,4.32,0,Paid
9003723,501241,2021-03-29,448.64,460.85,456.62,4.22,0,Paid
9003724,501242,2019-05-20,11298.86,11414.76,11306.85,107.9,0,Paid
9003725,501242,2019-08-18,10907.55,10649.26,10545.09,104.17,0,Paid
9003726,501242,2019-11-16,11483.41,11593.04,11483.37,109.67,0,Paid
9003727,501243,2019-10-04,11913.73,11963.34,11821.96,141.38,0,Paid
9003728,501243,2020-01-02,12409.95,12246.64,12099.37,147.26,0,Paid
9003729,501243,2020-04-01,12826.24,13097.31,12945.11,152.2,0,Paid
9003730,501244,2022-08-16,12964.58,10622.9,10572.12,50.78,60,Late
9003731,501244,2022-11-14,13238.0,10452.18,10400.33,51.85,30,Late
9003732,501244,2023-02-12,13090.94,12347.03,12295.76,51.27,90,Late
9003733,501245,2021-07-04,15589.49,15337.48,15196.91,140.57,0,Paid
9003734,501245,2021-10-02,15349.8,14978.7,14840.3,138.4,10,Late
9003735,501245,2021-12-31,15420.89,15307.74,15168.7,139.05,0,Paid
9003736,501246,2023-06-29,15662.62,15293.55,15227.76,65.78,0,Paid
9003737,501246,2023-09-27,15302.48,13988.72,13924.45,64.27,5,Late
9003738,501246,2023-12-26,14727.29,14812.75,14750.9,61.85,0,Paid
9003739,501247,2020-10-01,14991.47,15363.0,15270.3,92.7,10,Late
9003740,501247,2020-12-30,14430.42,14042.54,13953.31,89.23,0,Paid
9003741,501247,2021-03-30,15358.89,14458.4,14363.43,94.97,5,Late
9003742,501248,2022-02-19,1971.72,1649.32,1642.19,7.13,120,Late
9003743,501248,2022-05-20,1899.02,1623.21,1616.34,6.87,45,Late
9003744,501248,2022-08-18,1946.03,1631.53,1624.49,7.04,60,Late
9003745,501249,2022-01-02,7256.78,7251.33,7187.35,63.98,0,Paid
9003746,501249,2022-04-02,7244.92,7271.05,7207.17,63.88,0,Paid
9003747,501249,2022-07-01,6890.99,6028.52,5967.76,60.76,45,Late
9003748,501250,2024-12-22,911.08,889.76,883.79,5.97,0,Paid
9003749,501250,2025-03-22,951.79,927.74,921.5,6.23,0,Paid
9003750,501250,2025-06-20,986.2,1000.03,993.57,6.46,0,Paid
9003751,501251,2023-04-09,5016.85,5157.19,5112.29,44.9,0,Paid
9003752,501251,2023-07-08,5132.03,5174.38,5128.45,45.93,0,Paid
9003753,501251,2023-10-06,5116.36,4899.3,4853.51,45.79,5,Late
9003754,501252,2022-12-29,961.08,970.49,962.94,7.55,0,Paid
9003755,501252,2023-03-29,981.23,1000.81,993.09,7.71,0,Paid
9003756,501252,2023-06-27,903.46,742.03,734.93,7.1,5,Late
9003757,501253,2020-09-12,1203.5,1170.12,1164.48,5.64,60,Late
9003758,501253,2020-12-11,1142.65,976.04,970.69,5.35,30,Late
9003759,501253,2021-03-11,1211.99,1032.34,1026.66,5.68,15,Late
9003760,501254,2023-07-29,11340.95,9084.96,9035.34,49.62,30,Late
9003761,501254,2023-10-27,10671.43,10363.49,10316.8,46.69,0,Paid
9003762,501254,2024-01-25,10435.47,10168.07,10122.42,45.66,0,Paid
9003763,501255,2023-01-22,2439.84,2452.91,2427.01,25.9,0,Paid
9003764,501255,2023-04-22,2409.45,2418.47,2392.89,25.58,0,Paid
9003765,501255,2023-07-21,2500.15,1968.98,1942.44,26.54,15,Late
9003766,501256,2023-09-30,1841.38,1533.9,1514.47,19.43,15,Late
9003767,501256,2023-12-29,1750.04,1567.48,1549.02,18.46,45,Late
9003768,501256,2024-03-28,1850.5,1456.97,1437.44,19.52,30,Late
9003769,501257,2025-02-22,15295.73,15301.67,15234.37,67.3,0,Paid
9003770,501257,2025-05-23,15003.44,15148.62,15082.6,66.02,0,Paid
9003771,501257,2025-08-21,15368.83,15670.28,15602.66,67.62,0,Paid
9003772,501258,2025-05-21,7751.94,7661.77,7578.31,83.46,0,Paid
9003773,501258,2025-08-19,7707.86,7559.29,7476.3,82.99,0,Paid
9003774,501258,2025-11-17,7821.26,7779.77,7695.56,84.21,0,Paid
9003775,501259,2022-04-22,14160.32,11958.68,11866.75,91.92,15,Late
9003776,501259,2022-07-21,14691.49,14619.46,14524.09,95.37,15,Late
9003777,501259,2022-10-19,14564.43,13682.06,13587.52,94.55,60,Late
9003778,501260,2023-05-07,6731.35,6841.08,6766.53,74.55,0,Paid
9003779,501260,2023-08-05,6998.17,7177.25,7099.74,77.5,0,Paid
9003780,501260,2023-11-03,7245.76,7253.57,7173.33,80.25,0,Paid
9003781,501261,2020-06-14,14701.6,14822.62,14678.78,143.83,0,Paid
9003782,501261,2020-09-12,14851.02,14671.2,14525.91,145.29,0,Paid
9003783,501261,2020-12-11,15661.78,14209.84,14056.61,153.22,45,Late
9003784,501262,2022-01-15,1701.81,1684.94,1678.92,6.03,0,Paid
9003785,501262,2022-04-15,1772.33,1817.65,1811.37,6.28,0,Paid
9003786,501262,2022-07-14,1721.82,1748.12,1742.02,6.1,0,Paid
9003787,501263,2025-03-20,1200.09,1173.99,1170.31,3.68,0,Paid
9003788,501263,2025-06-18,1247.85,1262.91,1259.09,3.83,0,Paid
9003789,501263,2025-09-16,1182.21,1192.3,1188.68,3.63,0,Paid
9003790,501264,2021-12-25,1451.25,1465.35,1456.14,9.22,0,Paid
9003791,501264,2022-03-25,1528.5,1526.64,1516.93,9.71,0,Paid
9003792,501264,2022-06-23,1525.92,1489.89,1480.2,9.69,0,Paid
9003793,501265,2022-09-28,388.37,390.03,387.09,2.94,0,Paid
9003794,501265,2022-12-27,382.52,380.09,377.19,2.89,0,Paid
9003795,501265,2023-03-27,385.51,345.11,342.19,2.92,15,Late
9003796,501266,2022-05-19,1069.39,896.41,887.96,8.45,45,Late
9003797,501266,2022-08-17,1073.92,863.54,855.06,8.48,60,Late
9003798,501266,2022-11-15,1117.41,889.88,881.06,8.83,120,Late
9003799,501267,2021-09-21,14313.99,14581.69,14518.35,63.34,0,Paid
9003800,501267,2021-12-20,14763.79,15023.36,14958.03,65.33,0,Paid
9003801,501267,2022-03-20,15208.75,15172.29,15105.0,67.3,0,Paid
9003802,501268,2020-10-23,14430.73,14650.03,14525.21,124.83,0,Paid
9003803,501268,2021-01-21,15099.11,15047.83,14917.22,130.61,0,Paid
9003804,501268,2021-04-21,15550.23,15680.35,15545.84,134.51,0,Paid
9003805,501269,2021-10-19,616.6,612.77,609.89,2.88,0,Paid
9003806,501269,2022-01-17,626.42,615.18,612.25,2.93,0,Paid
9003807,501269,2022-04-17,638.03,582.06,579.08,2.98,15,Late
9003808,501270,2021-01-06,10304.75,10194.01,10149.87,44.14,0,Paid
9003809,501270,2021-04-06,10731.16,10499.69,10453.72,45.97,0,Paid
9003810,501270,2021-07-05,10734.32,10716.31,10670.33,45.98,0,Paid
9003811,501271,2022-09-17,5877.76,5820.47,5791.81,28.65,0,Paid
9003812,501271,2022-12-16,5362.73,5485.32,5459.17,26.14,0,Paid
9003813,501271,2023-03-16,5875.14,5971.95,5943.31,28.64,0,Paid
9003814,501272,2023-02-17,14756.17,11419.39,11349.17,70.21,90,Late
9003815,501272,2023-05-18,15391.42,12422.29,12349.05,73.24,60,Late
9003816,501272,2023-08-16,14894.45,12976.32,12905.45,70.87,30,Late
9003817,501273,2019-07-06,14060.44,14350.74,14272.82,77.92,0,Paid
9003818,501273,2019-10-04,13824.93,13924.34,13847.72,76.61,0,Paid
9003819,501273,2020-01-02,12952.69,13262.17,13190.39,71.78,0,Paid
9003820,501274,2022-06-05,13208.44,13062.4,12942.76,119.65,0,Paid
9003821,501274,2022-09-03,13235.36,10575.93,10456.04,119.89,10,Late
9003822,501274,2022-12-02,13506.83,11530.73,11408.38,122.35,30,Late
9003823,501275,2025-01-24,1945.12,1530.0,1509.87,20.13,90,Late
9003824,501275,2025-04-24,2041.32,1955.25,1934.12,21.13,60,Late
9003825,501275,2025-07-23,1936.94,1489.89,1469.85,20.05,90,Late
9003826,501276,2021-11-26,14659.73,14833.95,14744.41,89.55,0,Paid
9003827,501276,2022-02-24,15506.49,15328.35,15233.63,94.72,0,Paid
9003828,501276,2022-05-25,15158.73,14766.22,14673.62,92.59,0,Paid
9003829,501277,2023-09-17,905.23,930.33,920.7,9.63,0,Paid
9003830,501277,2023-12-16,879.07,847.75,838.39,9.35,15,Late
9003831,501277,2024-03-15,834.3,817.72,808.84,8.88,0,Paid
9003832,501278,2023-02-08,3595.75,3011.98,2970.51,41.47,60,Late
9003833,501278,2023-05-09,3357.71,3362.09,3323.37,38.73,0,Paid
9003834,501278,2023-08-07,3518.25,3581.47,3540.9,40.58,0,Paid
9003835,501279,2024-04-16,822.54,847.14,840.22,6.92,0,Paid
9003836,501279,2024-07-15,848.9,847.26,840.11,7.14,0,Paid
9003837,501279,2024-10-13,844.5,843.54,836.43,7.11,30,Late
9003838,501280,2022-06-06,1941.3,1967.6,1947.19,20.42,0,Paid
9003839,501280,2022-09-04,1983.45,2020.63,1999.77,20.86,0,Paid
9003840,501280,2022-12-03,2056.7,2028.59,2006.96,21.63,0,Paid
9003841,501281,2024-02-21,13557.49,11948.45,11860.21,88.24,10,Late
9003842,501281,2024-05-21,13708.57,13552.87,13463.65,89.22,0,Paid
9003843,501281,2024-08-19,13822.69,12221.71,12131.74,89.96,5,Late
9003844,501282,2022-02-02,1881.26,1826.24,1807.01,19.24,0,Paid
9003845,501282,2022-05-03,1958.71,1569.74,1549.71,20.03,5,Late
9003846,501282,2022-08-01,1939.7,1911.1,1891.26,19.83,0,Paid
9003847,501283,2023-10-14,1083.69,857.88,849.85,8.03,30,Late
9003848,501283,2024-01-12,1008.99,1038.43,1030.96,7.47,10,Late
9003849,501283,2024-04-11,992.4,858.89,851.54,7.35,30,Late
9003850,501284,2020-04-19,15083.17,14197.84,14038.21,159.63,45,Late
9003851,501284,2020-07-18,14650.85,13820.6,13665.54,155.05,60,Late
9003852,501284,2020-10-16,14574.61,11922.78,11768.53,154.25,15,Late
9003853,501285,2020-02-23,13541.73,13363.32,13289.51,73.8,45,Late
9003854,501285,2020-05-23,14392.4,12039.51,11961.07,78.44,30,Late
9003855,501285,2020-08-21,13672.74,13909.32,13834.81,74.52,0,Paid
9003856,501286,2019-02-11,14927.25,14650.52,14504.48,146.04,0,Paid
9003857,501286,2019-05-12,14711.61,11192.45,11048.52,143.93,5,Late
9003858,501286,2019-08-10,14713.04,15146.64,15002.7,143.94,0,Paid
9003859,501287,2025-05-04,7945.0,8148.01,8092.2,55.81,0,Paid
9003860,501287,2025-08-02,8608.23,7681.27,7620.8,60.47,10,Late
9003861,501287,2025-10-31,8327.22,8492.77,8434.27,58.5,0,Paid
9003862,501288,2025-08-17,1592.84,1319.57,1303.13,16.43,15,Late
9003863,501288,2025-11-15,1610.7,1582.57,1565.95,16.62,0,Paid
9003864,501288,2026-02-13,1515.5,1239.96,1224.32,15.63,60,Late
9003865,501289,2021-01-14,836.14,661.1,652.57,8.53,15,Late
9003866,501289,2021-04-14,851.84,730.97,722.28,8.69,45,Late
9003867,501289,2021-07-13,822.86,764.12,755.73,8.39,60,Late
9003868,501290,2022-12-23,14416.46,13359.98,13286.1,73.88,30,Late
9003869,501290,2023-03-23,14486.94,13489.23,13414.99,74.25,60,Late
9003870,501290,2023-06-21,15480.1,12316.08,12236.74,79.34,30,Late
9003871,501291,2023-07-29,1289.86,1107.8,1095.46,12.34,45,Late
9003872,501291,2023-10-27,1324.75,1309.86,1297.19,12.67,0,Paid
9003873,501291,2024-01-25,1283.07,1286.72,1274.44,12.27,0,Paid
9003874,501292,2023-02-06,13945.02,12418.38,12376.43,41.95,120,Late
9003875,501292,2023-05-07,14009.33,11077.78,11035.63,42.14,60,Late
9003876,501292,2023-08-05,13238.89,10982.28,10942.45,39.83,90,Late
9003877,501293,2024-01-16,15135.2,14693.18,14597.33,95.86,0,Paid
9003878,501293,2024-04-15,14445.65,14162.96,14071.47,91.49,0,Paid
9003879,501293,2024-07-14,14287.11,13951.16,13860.67,90.49,0,Paid
9003880,501294,2024-10-04,209.12,198.82,197.68,1.14,5,Late
9003881,501294,2025-01-02,217.54,211.33,210.14,1.19,0,Paid
9003882,501294,2025-04-02,209.19,215.05,213.91,1.15,0,Paid
9003883,501295,2019-05-10,14047.4,13689.49,13557.44,132.05,0,Paid
9003884,501295,2019-08-08,14147.96,14176.93,14043.94,132.99,0,Paid
9003885,501295,2019-11-06,14558.05,14856.9,14720.06,136.85,0,Paid
9003886,501296,2019-06-19,5000.27,5010.81,4951.85,58.96,10,Late
9003887,501296,2019-09-17,5315.75,5417.1,5354.42,62.68,0,Paid
9003888,501296,2019-12-16,4969.6,4826.01,4767.41,58.6,0,Paid
9003889,501297,2024-12-28,15617.57,14185.43,14014.16,171.27,10,Late
9003890,501297,2025-03-28,14907.89,14787.12,14623.63,163.49,0,Paid
9003891,501297,2025-06-26,15187.86,14043.13,13876.57,166.56,45,Late
9003892,501298,2022-10-22,14557.15,12966.76,12847.51,119.25,45,Late
9003893,501298,2023-01-20,14828.5,11647.04,11525.57,121.47,120,Late
9003894,501298,2023-04-20,14882.06,12652.74,12530.83,121.91,60,Late
9003895,501299,2025-05-01,1063.33,1091.05,1082.33,8.72,45,Late
9003896,501299,2025-07-30,1099.12,917.65,908.64,9.01,120,Late
9003897,501299,2025-10-28,1042.8,1050.26,1041.71,8.55,45,Late
9003898,501300,2019-07-02,182.08,178.93,177.42,1.51,90,Late
9003899,501300,2019-09-30,171.07,167.66,166.24,1.42,30,Late
9003900,501300,2019-12-29,171.17,152.11,150.7,1.42,45,Late
9003901,501301,2025-09-15,1427.15,1456.43,1447.26,9.17,120,Late
9003902,501301,2025-12-14,1496.11,1326.05,1316.44,9.61,120,Late
9003903,501301,2026-03-14,1437.79,1445.6,1436.37,9.24,90,Late
9003904,501302,2024-09-21,8839.1,8788.75,8747.72,41.03,0,Paid
9003905,501302,2024-12-20,8401.46,8251.07,8212.08,39.0,0,Paid
9003906,501302,2025-03-20,8710.02,6992.62,6952.19,40.43,30,Late
9003907,501303,2025-11-02,1604.67,1388.7,1377.61,11.09,10,Late
9003908,501303,2026-01-31,1664.82,1376.38,1364.88,11.5,5,Late
9003909,501303,2026-05-01,1639.16,1615.75,1604.43,11.32,0,Paid
9003910,501304,2024-02-01,1374.15,1363.26,1359.19,4.08,0,Paid
9003911,501304,2024-05-01,1385.16,1375.03,1370.93,4.11,0,Paid
9003912,501304,2024-07-30,1378.43,1399.08,1394.99,4.09,0,Paid
9003913,501305,2019-02-22,475.1,409.83,408.4,1.43,90,Late
9003914,501305,2019-05-23,462.79,430.68,429.29,1.39,45,Late
9003915,501305,2019-08-21,472.59,476.39,474.97,1.42,60,Late
9003916,501306,2022-12-16,471.46,404.72,403.07,1.65,90,Late
9003917,501306,2023-03-16,455.87,461.04,459.45,1.6,0,Paid
9003918,501306,2023-06-14,478.33,361.67,360.0,1.67,5,Late
9003919,501307,2024-10-27,1654.68,1652.94,1645.9,7.03,0,Paid
9003920,501307,2025-01-25,1576.62,1217.93,1211.23,6.7,30,Late
9003921,501307,2025-04-25,1621.23,1579.79,1572.9,6.89,0,Paid
9003922,501308,2023-05-10,7944.43,7794.17,7701.69,92.49,0,Paid
9003923,501308,2023-08-08,7904.97,7986.8,7894.78,92.03,0,Paid
9003924,501308,2023-11-06,8395.74,8327.15,8229.41,97.74,0,Paid
9003925,501309,2025-07-14,14390.2,14442.24,14276.99,165.25,0,Paid
9003926,501309,2025-10-12,15633.97,15690.12,15510.59,179.53,0,Paid
9003927,501309,2026-01-10,14690.13,14882.74,14714.05,168.69,0,Paid
9003928,501310,2019-04-23,2332.8,2276.94,2260.91,16.04,0,Paid
9003929,501310,2019-07-22,2142.92,1687.45,1672.72,14.73,5,Late
9003930,501310,2019-10-20,2228.05,2238.07,2222.75,15.32,0,Paid
9003931,501311,2025-07-28,2006.34,1952.83,1945.62,7.21,0,Paid
9003932,501311,2025-10-26,1947.57,1842.19,1835.19,7.0,5,Late
9003933,501311,2026-01-24,1989.58,1740.94,1733.79,7.15,90,Late
9003934,501312,2023-11-26,2071.57,2048.66,2038.86,9.81,0,Paid
9003935,501312,2024-02-24,1959.76,1612.83,1603.56,9.28,15,Late
9003936,501312,2024-05-24,2046.79,1794.41,1784.72,9.69,15,Late
9003937,501313,2025-08-17,15658.78,16010.15,15916.32,93.82,0,Paid
9003938,501313,2025-11-15,15545.88,15622.5,15529.36,93.15,0,Paid
9003939,501313,2026-02-13,14864.14,15230.73,15141.67,89.06,0,Paid
9003940,501314,2023-02-01,1831.34,1508.31,1486.45,21.85,45,Late
9003941,501314,2023-05-02,1736.44,1625.18,1604.46,20.72,60,Late
9003942,501314,2023-07-31,1898.85,1451.7,1429.04,22.66,45,Late
9003943,501315,2019-06-12,1146.85,960.67,954.02,6.65,60,Late
9003944,501315,2019-09-10,1141.4,944.18,937.56,6.62,45,Late
9003945,501315,2019-12-09,1111.98,1139.43,1132.99,6.45,0,Paid
9003946,501316,2025-12-08,1497.64,1490.19,1480.9,9.29,0,Paid
9003947,501316,2026-03-08,1523.53,1167.98,1158.53,9.45,30,Late
9003948,501316,2026-06-06,1485.97,1518.08,1508.87,9.21,0,Paid
9003949,501317,2022-08-14,13301.04,13174.22,13044.42,129.8,0,Paid
9003950,501317,2022-11-12,12807.41,10121.49,9996.51,124.98,90,Late
9003951,501317,2023-02-10,13617.76,13361.72,13228.83,132.89,0,Paid
9003952,501318,2023-04-20,1568.46,1493.23,1482.23,10.99,5,Late
9003953,501318,2023-07-19,1490.23,1219.59,1209.15,10.44,10,Late
9003954,501318,2023-10-17,1475.04,1519.04,1508.7,10.34,0,Paid
9003955,501319,2021-10-02,5442.81,5558.25,5517.75,40.5,5,Late
9003956,501319,2021-12-31,5469.32,5617.44,5576.74,40.7,0,Paid
9003957,501319,2022-03-31,5173.72,5137.52,5099.02,38.5,0,Paid
9003958,501320,2023-10-25,1739.46,1717.11,1710.28,6.83,0,Paid
9003959,501320,2024-01-23,1737.27,1782.28,1775.47,6.82,0,Paid
9003960,501320,2024-04-22,1762.39,1779.61,1772.7,6.92,5,Late
9003961,501321,2020-01-17,7173.16,7128.06,7085.02,43.04,5,Late
9003962,501321,2020-04-16,6908.78,7079.75,7038.29,41.45,0,Paid
9003963,501321,2020-07-15,6921.03,7047.01,7005.49,41.53,0,Paid
9003964,501322,2019-04-03,2195.63,2244.58,2223.25,21.33,0,Paid
9003965,501322,2019-07-02,2323.77,2327.06,2304.48,22.58,0,Paid
9003966,501322,2019-09-30,2277.68,2129.04,2106.91,22.13,5,Late
9003967,501323,2022-12-23,1612.03,1579.49,1565.39,14.11,90,Late
9003968,501323,2023-03-23,1554.11,1582.11,1568.52,13.6,0,Paid
9003969,501323,2023-06-21,1542.85,1480.17,1466.67,13.5,5,Late
9003970,501324,2024-08-24,15232.45,13736.73,13591.64,145.09,45,Late
9003971,501324,2024-11-22,14793.89,12565.05,12424.14,140.91,30,Late
9003972,501324,2025-02-20,15166.07,14757.09,14612.64,144.46,15,Late
9003973,501325,2022-02-03,6303.1,6261.65,6225.41,36.24,0,Paid
9003974,501325,2022-05-04,6118.11,5125.2,5090.02,35.18,5,Late
9003975,501325,2022-08-02,6244.23,5587.76,5551.86,35.9,5,Late
9003976,501326,2020-09-06,1930.23,1912.56,1900.9,11.66,0,Paid
9003977,501326,2020-12-05,1976.78,1941.79,1929.85,11.94,10,Late
9003978,501326,2021-03-05,1907.08,1948.52,1937.0,11.52,0,Paid
9003979,501327,2021-06-03,1921.86,1587.91,1577.58,10.33,15,Late
9003980,501327,2021-09-01,2020.44,2056.65,2045.79,10.86,0,Paid
9003981,501327,2021-11-30,1991.54,1712.54,1701.84,10.7,10,Late
9003982,501328,2019-05-15,14853.33,15297.85,15129.39,168.46,0,Paid
9003983,501328,2019-08-13,14873.93,15096.21,14927.51,168.7,0,Paid
9003984,501328,2019-11-11,15462.24,15654.72,15479.36,175.37,0,Paid
9003985,501329,2022-05-05,12433.49,12425.7,12306.44,119.26,0,Paid
9003986,501329,2022-08-03,12960.82,12829.98,12705.66,124.32,0,Paid
9003987,501329,2022-11-01,13009.63,13147.28,13022.49,124.78,0,Paid
9003988,501330,2024-07-27,238.6,234.51,231.68,2.82,0,Paid
9003989,501330,2024-10-25,253.29,217.72,214.72,3.0,15,Late
9003990,501330,2025-01-23,249.38,255.67,252.72,2.95,0,Paid
9003991,501331,2019-11-14,2339.17,2307.99,2286.94,21.05,45,Late
9003992,501331,2020-02-12,2484.72,2496.22,2473.85,22.36,60,Late
9003993,501331,2020-05-12,2318.77,2146.92,2126.05,20.87,60,Late
9003994,501332,2019-10-27,14521.89,11594.92,11431.67,163.25,10,Late
9003995,501332,2020-01-25,14902.46,14841.55,14674.03,167.53,0,Paid
9003996,501332,2020-04-24,14971.29,14957.38,14789.08,168.3,0,Paid
9003997,501333,2024-09-10,192.17,188.53,186.23,2.3,0,Paid
9003998,501333,2024-12-09,188.4,189.65,187.4,2.26,0,Paid
9003999,501333,2025-03-09,189.16,171.57,169.3,2.27,10,Late
9004000,501334,2021-03-31,6709.55,6571.75,6533.17,38.58,0,Paid
9004001,501334,2021-06-29,7195.44,7008.86,6967.49,41.37,0,Paid
9004002,501334,2021-09-27,6927.14,6980.55,6940.72,39.83,0,Paid
9004003,501335,2023-03-21,5340.25,4511.55,4484.67,26.88,15,Late
9004004,501335,2023-06-19,5110.05,4700.94,4675.22,25.72,5,Late
9004005,501335,2023-09-17,5052.59,4714.99,4689.56,25.43,10,Late
9004006,501336,2021-06-20,7693.78,7386.58,7311.31,75.27,5,Late
9004007,501336,2021-09-18,8454.67,8202.05,8119.34,82.71,0,Paid
9004008,501336,2021-12-17,7929.08,7939.51,7861.94,77.57,0,Paid
9004009,501337,2022-12-19,1520.93,1545.28,1540.67,4.61,0,Paid
9004010,501337,2023-03-19,1610.58,1613.09,1608.2,4.89,0,Paid
9004011,501337,2023-06-17,1574.01,1581.49,1576.72,4.77,0,Paid
9004012,501338,2024-03-28,1635.04,1488.94,1469.77,19.17,90,Late
9004013,501338,2024-06-26,1491.76,1475.79,1458.3,17.49,0,Paid
9004014,501338,2024-09-24,1499.32,1284.74,1267.16,17.58,30,Late
9004015,501339,2019-08-19,5193.72,5302.85,5263.16,39.69,0,Paid
9004016,501339,2019-11-17,5242.73,5267.72,5227.65,40.06,0,Paid
9004017,501339,2020-02-15,5346.38,4582.53,4541.67,40.86,5,Late
9004018,501340,2021-08-28,1463.8,1441.76,1424.73,17.03,0,Paid
9004019,501340,2021-11-26,1446.78,1425.37,1408.54,16.83,0,Paid
9004020,501340,2022-02-24,1542.78,1541.5,1523.55,17.95,0,Paid
9004021,501341,2021-06-28,2316.46,2325.06,2306.37,18.69,0,Paid
9004022,501341,2021-09-26,2288.25,2227.95,2209.49,18.46,0,Paid
9004023,501341,2021-12-25,2325.97,2360.54,2341.78,18.76,0,Paid
9004024,501342,2019-01-10,15228.17,11915.27,11741.04,174.24,30,Late
9004025,501342,2019-04-10,14777.78,14747.12,14578.04,169.08,60,Late
9004026,501342,2019-07-09,14325.53,13201.08,13037.17,163.91,30,Late
9004027,501343,2021-07-05,2289.12,2042.74,2023.78,18.96,60,Late
9004028,501343,2021-10-03,2390.6,1980.79,1960.99,19.8,45,Late
9004029,501343,2022-01-01,2352.9,1904.44,1884.95,19.49,30,Late
9004030,501344,2025-06-20,11816.85,11493.01,11369.92,123.09,0,Paid
9004031,501344,2025-09-18,10843.66,10727.85,10614.89,112.95,0,Paid
9004032,501344,2025-12-17,11538.65,11678.68,11558.48,120.19,0,Paid
9004033,501345,2025-09-25,1521.98,1432.63,1426.77,5.86,5,Late
9004034,501345,2025-12-24,1518.41,1472.86,1467.01,5.85,0,Paid
9004035,501345,2026-03-24,1572.29,1461.72,1455.67,6.05,30,Late
9004036,501346,2020-06-04,601.52,479.17,476.66,2.51,5,Late
9004037,501346,2020-09-02,594.22,596.68,594.2,2.48,0,Paid
9004038,501346,2020-12-01,584.17,495.81,493.38,2.44,90,Late
9004039,501347,2023-01-28,3597.66,3538.67,3520.8,17.87,0,Paid
9004040,501347,2023-04-28,3540.84,3617.48,3599.9,17.59,0,Paid
9004041,501347,2023-07-27,3690.13,3589.17,3570.84,18.33,0,Paid
9004042,501348,2021-04-18,13140.39,12281.25,12188.72,92.53,90,Late
9004043,501348,2021-07-17,12336.55,12271.08,12184.21,86.87,15,Late
9004044,501348,2021-10-15,12942.39,12880.3,12789.16,91.14,0,Paid
9004045,501349,2025-03-14,707.39,663.05,659.1,3.95,90,Late
9004046,501349,2025-06-12,684.87,687.04,683.22,3.82,0,Paid
9004047,501349,2025-09-10,681.33,656.5,652.7,3.8,90,Late
9004048,501350,2022-01-02,691.48,629.41,622.57,6.85,45,Late
9004049,501350,2022-04-02,685.61,695.62,688.83,6.79,0,Paid
9004050,501350,2022-07-01,704.12,638.24,631.27,6.97,5,Late
9004051,501351,2019-11-13,8393.46,6789.89,6734.91,54.98,10,Late
9004052,501351,2020-02-11,7891.5,7828.89,7777.2,51.69,30,Late
9004053,501351,2020-05-11,8090.83,8218.82,8165.82,52.99,0,Paid
9004054,501352,2022-07-09,1190.57,1205.4,1194.03,11.37,0,Paid
9004055,501352,2022-10-07,1183.62,1218.3,1207.0,11.3,30,Late
9004056,501352,2023-01-05,1220.98,1192.77,1181.11,11.66,15,Late
9004057,501353,2024-04-06,9920.08,7888.79,7833.15,55.64,30,Late
9004058,501353,2024-07-05,9926.1,10112.03,10056.37,55.67,0,Paid
9004059,501353,2024-10-03,9825.5,9974.26,9919.15,55.1,0,Paid
9004060,501354,2023-01-07,1672.79,1486.65,1470.16,16.49,90,Late
9004061,501354,2023-04-07,1665.11,1381.29,1364.88,16.42,60,Late
9004062,501354,2023-07-06,1526.44,1240.45,1225.4,15.05,90,Late
9004063,501355,2020-10-18,5353.88,5445.95,5414.59,31.36,0,Paid
9004064,501355,2021-01-16,4988.59,4389.3,4360.08,29.22,5,Late
9004065,501355,2021-04-16,5266.94,5314.08,5283.22,30.86,0,Paid
9004066,501356,2019-02-16,846.38,856.34,849.69,6.64,10,Late
9004067,501356,2019-05-17,816.38,621.93,615.52,6.41,10,Late
9004068,501356,2019-08-15,866.53,847.67,840.86,6.8,0,Paid
9004069,501357,2020-11-27,14366.35,11046.01,11001.35,44.66,45,Late
9004070,501357,2021-02-25,14796.94,14708.46,14662.46,45.99,90,Late
9004071,501357,2021-05-26,15068.24,12840.08,12793.24,46.84,45,Late
9004072,501358,2020-08-03,2400.36,2455.05,2432.06,22.98,0,Paid
9004073,501358,2020-11-01,2344.76,2373.08,2350.63,22.45,0,Paid
9004074,501358,2021-01-30,2396.67,2342.57,2319.62,22.95,0,Paid
9004075,501359,2019-06-15,14334.63,12593.23,12500.65,92.58,60,Late
9004076,501359,2019-09-13,14632.08,14297.1,14202.6,94.5,0,Paid
9004077,501359,2019-12-12,14565.67,14678.58,14584.51,94.07,0,Paid
9004078,501360,2019-06-18,2349.93,2071.04,2048.59,22.44,30,Late
9004079,501360,2019-09-16,2443.96,2154.45,2131.11,23.34,30,Late
9004080,501360,2019-12-15,2398.08,2062.35,2039.45,22.9,30,Late
9004081,501361,2025-01-15,1715.62,1407.56,1394.76,12.8,45,Late
9004082,501361,2025-04-15,1727.43,1742.41,1729.53,12.88,0,Paid
9004083,501361,2025-07-14,1665.06,1451.35,1438.93,12.42,45,Late
9004084,501362,2025-04-04,713.58,693.31,686.65,6.67,0,Paid
9004085,501362,2025-07-03,743.98,733.31,726.36,6.95,0,Paid
9004086,501362,2025-10-01,729.82,737.85,731.03,6.82,0,Paid
9004087,501363,2021-05-11,15651.06,15425.7,15351.36,74.34,0,Paid
9004088,501363,2021-08-09,15164.0,15272.76,15200.73,72.03,0,Paid
9004089,501363,2021-11-07,14308.72,14030.3,13962.33,67.97,0,Paid
9004090,501364,2021-08-22,1141.99,1146.82,1136.73,10.09,60,Late
9004091,501364,2021-11-20,1063.58,909.85,900.45,9.39,30,Late
9004092,501364,2022-02-18,1067.93,988.15,978.71,9.43,60,Late
9004093,501365,2019-06-24,11660.71,11845.44,11719.41,126.03,0,Paid
9004094,501365,2019-09-22,11863.33,10530.3,10402.08,128.22,90,Late
9004095,501365,2019-12-21,11127.42,11291.03,11170.76,120.27,0,Paid
9004096,501366,2021-12-14,8409.14,8338.91,8272.55,66.36,0,Paid
9004097,501366,2022-03-14,8830.97,7291.47,7221.78,69.69,10,Late
9004098,501366,2022-06-12,8398.05,8440.88,8374.61,66.27,0,Paid
9004099,501367,2023-09-27,934.76,801.5,790.79,10.71,30,Late
9004100,501367,2023-12-26,934.35,926.82,916.11,10.71,0,Paid
9004101,501367,2024-03-25,897.14,677.04,666.76,10.28,30,Late
9004102,501368,2025-03-13,2159.64,2070.83,2057.83,12.99,45,Late
9004103,501368,2025-06-11,2113.2,2101.17,2088.46,12.71,0,Paid
9004104,501368,2025-09-09,2283.44,1951.88,1938.14,13.74,5,Late
9004105,501369,2020-04-02,1355.41,1366.14,1358.86,7.27,0,Paid
9004106,501369,2020-07-01,1282.99,1100.41,1093.53,6.89,10,Late
9004107,501369,2020-09-29,1235.38,1252.66,1246.03,6.63,0,Paid
9004108,501370,2022-03-12,2096.49,2128.82,2111.3,17.52,0,Paid
9004109,501370,2022-06-10,2014.75,2050.8,2033.96,16.84,15,Late
9004110,501370,2022-09-08,2038.33,1950.64,1933.6,17.04,5,Late
9004111,501371,2021-05-03,9306.8,9229.86,9169.21,60.65,15,Late
9004112,501371,2021-08-01,9165.43,9064.11,9004.38,59.73,45,Late
9004113,501371,2021-10-30,8841.74,8227.83,8170.21,57.62,15,Late
9004114,501372,2024-02-15,11573.77,11414.17,11334.12,80.05,0,Paid
9004115,501372,2024-05-15,10799.26,10957.84,10883.15,74.69,0,Paid
9004116,501372,2024-08-13,11158.92,10915.69,10838.51,77.18,0,Paid
9004117,501373,2021-12-02,1074.56,1084.1,1073.42,10.68,0,Paid
9004118,501373,2022-03-02,1094.11,1077.48,1066.6,10.88,0,Paid
9004119,501373,2022-05-31,1091.04,1117.65,1106.8,10.85,0,Paid
9004120,501374,2023-06-15,307.03,312.05,308.83,3.22,0,Paid
9004121,501374,2023-09-13,311.01,311.74,308.48,3.27,0,Paid
9004122,501374,2023-12-12,311.27,310.38,307.11,3.27,0,Paid
9004123,501375,2022-07-12,1215.31,1245.56,1240.74,4.82,0,Paid
9004124,501375,2022-10-10,1226.7,953.61,948.74,4.87,90,Late
9004125,501375,2023-01-08,1259.87,1260.16,1255.16,5.0,0,Paid
9004126,501376,2024-09-07,13130.01,13506.4,13424.99,81.41,0,Paid
9004127,501376,2024-12-06,12871.71,12940.79,12860.98,79.8,0,Paid
9004128,501376,2025-03-06,12609.41,11389.87,11311.69,78.18,60,Late
9004129,501377,2024-06-12,11750.14,9252.6,9216.96,35.64,15,Late
9004130,501377,2024-09-10,12238.02,12166.51,12129.39,37.12,0,Paid
9004131,501377,2024-12-09,11455.4,11671.03,11636.28,34.75,0,Paid
9004132,501378,2020-02-25,12082.02,11976.86,11884.53,92.33,0,Paid
9004133,501378,2020-05-25,12391.98,12278.66,12183.97,94.7,0,Paid
9004134,501378,2020-08-23,12798.79,9820.77,9722.96,97.8,5,Late
9004135,501379,2021-09-03,6204.35,6028.8,6008.94,19.85,5,Late
9004136,501379,2021-12-02,6322.13,6263.59,6243.36,20.23,0,Paid
9004137,501379,2022-03-02,6674.13,5423.38,5402.02,21.36,5,Late
9004138,501380,2024-08-07,7384.09,6655.21,6573.56,81.66,60,Late
9004139,501380,2024-11-05,7181.5,6840.99,6761.57,79.42,45,Late
9004140,501380,2025-02-03,6953.52,6656.52,6579.63,76.89,45,Late
9004141,501381,2022-07-23,679.2,528.66,522.59,6.07,10,Late
9004142,501381,2022-10-21,620.45,625.39,619.84,5.55,0,Paid
9004143,501381,2023-01-19,635.82,577.79,572.11,5.69,90,Late
9004144,501382,2020-04-30,2454.55,2405.06,2391.85,13.21,0,Paid
9004145,501382,2020-07-29,2297.52,2091.81,2079.44,12.37,10,Late
9004146,501382,2020-10-27,2487.41,2478.88,2465.49,13.39,0,Paid
9004147,501383,2021-04-21,3770.38,3212.08,3188.2,23.88,15,Late
9004148,501383,2021-07-20,3611.73,3059.83,3036.96,22.87,45,Late
9004149,501383,2021-10-18,3781.17,3604.58,3580.63,23.95,45,Late
9004150,501384,2023-07-22,13903.07,12779.49,12676.72,102.77,60,Late
9004151,501384,2023-10-20,13716.22,11287.32,11185.93,101.39,60,Late
9004152,501384,2024-01-18,13408.5,11724.26,11625.14,99.11,45,Late
9004153,501385,2022-05-13,5537.18,5669.63,5641.39,28.24,90,Late
9004154,501385,2022-08-11,5971.59,5540.44,5509.98,30.46,5,Late
9004155,501385,2022-11-09,5749.52,5808.88,5779.55,29.32,0,Paid
9004156,501386,2019-10-27,574.53,576.09,573.56,2.53,0,Paid
9004157,501386,2020-01-25,612.29,602.82,600.12,2.69,0,Paid
9004158,501386,2020-04-24,624.74,642.21,639.46,2.75,0,Paid
9004159,501387,2022-05-30,2133.15,2123.65,2100.85,22.81,0,Paid
9004160,501387,2022-08-28,2184.83,1695.2,1671.84,23.36,10,Late
9004161,501387,2022-11-26,2128.79,2095.49,2072.73,22.76,0,Paid
9004162,501388,2022-07-08,5631.63,4952.27,4919.23,33.04,10,Late
9004163,501388,2022-10-06,5434.24,4880.44,4848.56,31.88,15,Late
9004164,501388,2023-01-04,5653.89,5253.55,5220.38,33.17,60,Late
9004165,501389,2023-04-18,9362.28,8706.93,8608.08,98.85,90,Late
9004166,501389,2023-07-17,9258.53,7607.2,7509.45,97.75,30,Late
9004167,501389,2023-10-15,8913.86,9001.29,8907.17,94.12,0,Paid
9004168,501390,2021-03-02,1017.77,1021.85,1016.16,5.69,0,Paid
9004169,501390,2021-05-31,1008.05,1025.97,1020.34,5.64,0,Paid
9004170,501390,2021-08-29,953.96,967.45,962.11,5.33,10,Late
9004171,501391,2022-10-21,870.22,862.79,857.19,5.6,0,Paid
9004172,501391,2023-01-19,892.13,897.33,891.59,5.74,0,Paid
9004173,501391,2023-04-19,872.88,868.84,863.23,5.62,0,Paid
9004174,501392,2023-10-30,7335.73,7515.74,7443.61,72.13,0,Paid
9004175,501392,2024-01-28,7161.25,7095.83,7025.41,70.42,0,Paid
9004176,501392,2024-04-27,7011.49,7165.26,7096.32,68.95,0,Paid
9004177,501393,2021-08-07,15330.81,15223.75,15069.54,154.2,0,Paid
9004178,501393,2021-11-05,14654.7,14635.46,14488.06,147.4,0,Paid
9004179,501393,2022-02-03,15096.41,11597.0,11445.15,151.84,30,Late
9004180,501394,2023-04-07,2376.07,2381.82,2364.93,16.89,45,Late
9004181,501394,2023-07-06,2442.11,2266.86,2249.5,17.36,30,Late
9004182,501394,2023-10-04,2448.45,1837.52,1820.12,17.4,45,Late
9004183,501395,2024-09-27,1018.26,888.19,880.04,8.15,60,Late
9004184,501395,2024-12-26,1073.42,851.21,842.63,8.59,60,Late
9004185,501395,2025-03-26,1055.95,1002.34,993.89,8.45,30,Late
9004186,501396,2025-09-22,8479.63,8621.88,8527.83,94.05,0,Paid
9004187,501396,2025-12-21,8421.89,8384.48,8291.07,93.41,0,Paid
9004188,501396,2026-03-21,7962.74,7956.71,7868.39,88.32,0,Paid
9004189,501397,2019-06-14,9133.34,9042.26,9010.91,31.36,0,Paid
9004190,501397,2019-09-12,9091.65,9076.07,9044.85,31.21,0,Paid
9004191,501397,2019-12-11,8859.17,8841.47,8811.05,30.42,0,Paid
9004192,501398,2022-12-15,1077.34,1070.46,1067.05,3.4,0,Paid
9004193,501398,2023-03-15,1014.51,1010.06,1006.85,3.2,0,Paid
9004194,501398,2023-06-13,1033.13,1011.14,1007.87,3.26,0,Paid
9004195,501399,2023-06-24,6877.3,6782.35,6755.3,27.05,0,Paid
9004196,501399,2023-09-22,7420.06,7315.46,7286.28,29.19,5,Late
9004197,501399,2023-12-21,7192.71,7261.8,7233.51,28.29,0,Paid
9004198,501400,2025-04-26,10328.59,8328.47,8210.29,118.18,90,Late
9004199,501400,2025-07-25,10305.25,8583.97,8466.06,117.91,45,Late
9004200,501400,2025-10-23,10031.66,8643.04,8528.27,114.78,120,Late
9004201,501401,2025-05-10,6246.4,5542.56,5486.49,56.06,45,Late
9004202,501401,2025-08-08,6271.78,4827.64,4771.35,56.29,5,Late
9004203,501401,2025-11-06,5854.44,5723.26,5670.72,52.54,15,Late
9004204,501402,2019-10-06,15739.86,15962.94,15906.28,56.66,0,Paid
9004205,501402,2020-01-04,15088.86,15316.16,15261.84,54.32,10,Late
9004206,501402,2020-04-03,15386.62,15260.29,15204.9,55.39,0,Paid
9004207,501403,2019-04-05,868.55,856.16,851.6,4.56,15,Late
9004208,501403,2019-07-04,918.56,932.06,927.24,4.82,0,Paid
9004209,501403,2019-10-02,857.21,651.79,647.29,4.5,5,Late
9004210,501404,2024-12-19,7459.5,5732.74,5647.83,84.91,15,Late
9004211,501404,2025-03-19,6935.99,6984.07,6905.11,78.95,0,Paid
9004212,501404,2025-06-17,7199.63,7240.8,7158.84,81.96,5,Late
9004213,501405,2024-12-26,1627.21,1642.16,1625.66,16.5,0,Paid
9004214,501405,2025-03-26,1571.51,1532.08,1516.14,15.94,0,Paid
9004215,501405,2025-06-24,1561.88,1551.8,1535.96,15.84,0,Paid
9004216,501406,2025-06-20,538.97,408.29,406.47,1.82,30,Late
9004217,501406,2025-09-18,524.16,520.67,518.91,1.77,0,Paid
9004218,501406,2025-12-17,535.82,541.27,539.46,1.81,0,Paid
9004219,501407,2019-02-09,2301.02,1779.13,1762.16,16.97,5,Late
9004220,501407,2019-05-10,2277.8,2268.6,2251.8,16.8,0,Paid
9004221,501407,2019-08-08,2382.62,1971.26,1953.69,17.57,10,Late
9004222,501408,2019-04-21,2030.45,1982.77,1964.24,18.53,30,Late
9004223,501408,2019-07-20,2087.87,2074.44,2055.39,19.05,0,Paid
9004224,501408,2019-10-18,2079.74,2083.79,2064.82,18.98,0,Paid
9004225,501409,2021-10-23,191.25,187.16,185.38,1.78,5,Late
9004226,501409,2022-01-21,198.33,204.0,202.15,1.85,0,Paid
9004227,501409,2022-04-21,197.56,189.76,187.92,1.84,5,Late
9004228,501410,2022-07-27,9779.15,10040.96,9983.18,57.78,0,Paid
9004229,501410,2022-10-25,9412.55,9138.65,9083.03,55.61,0,Paid
9004230,501410,2023-01-23,9864.32,9498.58,9440.3,58.28,10,Late
9004231,501411,2023-01-16,2332.98,2167.25,2157.76,9.49,5,Late
9004232,501411,2023-04-16,2199.59,2239.47,2230.52,8.95,0,Paid
9004233,501411,2023-07-15,2157.22,2063.3,2054.53,8.77,5,Late
9004234,501412,2025-06-14,6992.45,7054.65,7007.74,46.91,0,Paid
9004235,501412,2025-09-12,7049.14,7102.76,7055.47,47.29,15,Late
9004236,501412,2025-12-11,6697.97,6543.01,6498.08,44.93,0,Paid
9004237,501413,2019-07-21,1460.96,1448.21,1438.75,9.46,0,Paid
9004238,501413,2019-10-19,1383.49,1086.17,1077.21,8.96,15,Late
9004239,501413,2020-01-17,1439.3,1450.44,1441.12,9.32,0,Paid
9004240,501414,2020-11-09,15028.59,15069.67,14950.82,118.85,0,Paid
9004241,501414,2021-02-07,14726.74,14733.13,14616.67,116.46,45,Late
9004242,501414,2021-05-08,15166.22,15193.53,15073.59,119.94,0,Paid
9004243,501415,2020-01-06,10219.73,9961.82,9860.64,101.18,0,Paid
9004244,501415,2020-04-05,9632.98,9607.92,9512.56,95.37,0,Paid
9004245,501415,2020-07-04,10229.7,10336.8,10235.52,101.27,0,Paid
9004246,501416,2021-05-08,1030.81,880.48,871.82,8.66,45,Late
9004247,501416,2021-08-06,950.7,973.11,965.12,7.99,60,Late
9004248,501416,2021-11-04,959.51,758.24,750.18,8.06,15,Late
9004249,501417,2024-03-11,2179.29,2243.91,2234.72,9.19,15,Late
9004250,501417,2024-06-09,2200.1,2227.87,2218.59,9.28,0,Paid
9004251,501417,2024-09-07,2252.23,2221.6,2212.1,9.5,0,Paid
9004252,501418,2024-01-03,7050.69,6926.65,6865.54,61.11,0,Paid
9004253,501418,2024-04-02,6858.52,6880.34,6820.9,59.44,5,Late
9004254,501418,2024-07-01,7278.36,7282.11,7219.03,63.08,0,Paid
9004255,501419,2025-12-16,14667.9,14263.64,14086.4,177.24,0,Paid
9004256,501419,2026-03-16,15534.04,15357.16,15169.45,187.7,0,Paid
9004257,501419,2026-06-14,15567.24,14135.46,13947.36,188.1,30,Late
9004258,501420,2022-05-29,13996.62,13751.35,13657.46,93.89,0,Paid
9004259,501420,2022-08-27,14491.7,14778.92,14681.71,97.22,0,Paid
9004260,501420,2022-11-25,13406.89,13522.69,13432.75,89.94,0,Paid
9004261,501421,2024-06-24,1596.76,1551.94,1544.45,7.49,0,Paid
9004262,501421,2024-09-22,1506.81,1509.98,1502.91,7.07,0,Paid
9004263,501421,2024-12-21,1543.36,1542.5,1535.26,7.24,0,Paid
9004264,501422,2019-10-18,1668.8,1709.19,1694.0,15.19,0,Paid
9004265,501422,2020-01-16,1695.35,1728.09,1712.66,15.43,0,Paid
9004266,501422,2020-04-15,1715.97,1751.64,1736.02,15.62,0,Paid
9004267,501423,2019-05-19,6194.98,6023.93,5968.33,55.6,0,Paid
9004268,501423,2019-08-17,6139.7,5385.43,5330.32,55.1,5,Late
9004269,501423,2019-11-15,5933.23,4914.11,4860.86,53.25,10,Late
9004270,501424,2023-04-18,10310.88,8279.7,8238.46,41.24,15,Late
9004271,501424,2023-07-17,9963.44,7617.23,7577.37,39.85,15,Late
9004272,501424,2023-10-15,9656.89,9937.71,9899.08,38.63,30,Late
9004273,501425,2022-08-04,1994.01,1576.62,1570.54,6.08,60,Late
9004274,501425,2022-11-02,2125.28,1765.95,1759.47,6.48,60,Late
9004275,501425,2023-01-31,1980.03,1914.96,1908.92,6.04,45,Late
9004276,501426,2023-02-01,14828.08,15205.37,15076.12,129.25,0,Paid
9004277,501426,2023-05-02,15727.47,16134.69,15997.6,137.09,0,Paid
9004278,501426,2023-07-31,14820.06,14993.05,14863.87,129.18,0,Paid
9004279,501427,2025-06-12,3031.78,3083.91,3066.5,17.41,0,Paid
9004280,501427,2025-09-10,2948.47,3013.09,2996.16,16.93,0,Paid
9004281,501427,2025-12-09,2916.38,2338.01,2321.27,16.74,10,Late
9004282,501428,2019-06-18,1877.14,1894.87,1875.27,19.6,0,Paid
9004283,501428,2019-09-16,1776.47,1678.22,1659.68,18.55,90,Late
9004284,501428,2019-12-15,1797.97,1758.88,1740.11,18.77,0,Paid
9004285,501429,2022-04-23,1469.94,1504.8,1493.5,11.29,0,Paid
9004286,501429,2022-07-22,1462.09,1486.28,1475.05,11.23,0,Paid
9004287,501429,2022-10-20,1443.64,1339.46,1328.37,11.09,15,Late
9004288,501430,2019-05-25,15657.86,16119.03,16030.43,88.6,0,Paid
9004289,501430,2019-08-23,15158.64,15219.37,15133.6,85.77,0,Paid
9004290,501430,2019-11-21,15087.48,14721.32,14635.95,85.37,10,Late
9004291,501431,2023-03-11,350.62,343.95,341.11,2.84,0,Paid
9004292,501431,2023-06-09,351.04,305.08,302.23,2.84,10,Late
9004293,501431,2023-09-07,341.61,346.71,343.94,2.77,0,Paid
9004294,501432,2019-08-28,2083.46,2090.74,2075.73,15.0,0,Paid
9004295,501432,2019-11-26,2273.04,2210.23,2193.87,16.37,0,Paid
9004296,501432,2020-02-24,2115.88,2129.94,2114.71,15.23,0,Paid
9004297,501433,2020-12-02,1889.7,1931.3,1917.06,14.24,0,Paid
9004298,501433,2021-03-02,1987.25,1524.76,1509.79,14.97,90,Late
9004299,501433,2021-05-31,1913.95,1924.61,1910.19,14.42,0,Paid
9004300,501434,2019-11-07,14125.29,14501.03,14386.14,114.89,0,Paid
9004301,501434,2020-02-05,13968.76,14322.63,14209.01,113.61,0,Paid
9004302,501434,2020-05-05,12906.13,12583.46,12478.49,104.97,0,Paid
9004303,501435,2023-07-09,241.07,215.21,213.05,2.17,60,Late
9004304,501435,2023-10-07,245.88,239.06,236.85,2.21,0,Paid
9004305,501435,2024-01-05,237.6,214.84,212.7,2.13,90,Late
9004306,501436,2019-11-20,1324.56,1065.6,1057.3,8.3,10,Late
9004307,501436,2020-02-18,1344.83,1124.41,1115.99,8.43,90,Late
9004308,501436,2020-05-18,1367.49,1336.97,1328.4,8.57,45,Late
9004309,501437,2021-03-13,9102.95,8548.67,8490.49,58.18,45,Late
9004310,501437,2021-06-11,9808.4,9572.59,9509.9,62.69,0,Paid
9004311,501437,2021-09-09,9805.58,9363.63,9300.95,62.67,5,Late
9004312,501438,2025-06-17,1465.92,1468.3,1452.89,15.4,0,Paid
9004313,501438,2025-09-15,1437.17,1433.59,1418.49,15.1,0,Paid
9004314,501438,2025-12-14,1423.14,1124.79,1109.84,14.95,5,Late
9004315,501439,2019-04-09,1769.75,1499.18,1484.02,15.16,30,Late
9004316,501439,2019-07-08,1827.82,1699.58,1683.92,15.66,30,Late
9004317,501439,2019-10-06,1832.49,1860.07,1844.37,15.7,0,Paid
9004318,501440,2020-05-04,11328.34,8630.72,8548.11,82.6,60,Late
9004319,501440,2020-08-02,11393.13,11074.53,10991.45,83.07,0,Paid
9004320,501440,2020-10-31,11168.98,10943.07,10861.63,81.44,0,Paid
9004321,501441,2021-01-07,4324.58,4347.45,4296.85,50.6,0,Paid
9004322,501441,2021-04-07,4079.11,3518.76,3471.04,47.73,5,Late
9004323,501441,2021-07-06,4100.47,3146.67,3098.7,47.98,5,Late
9004324,501442,2024-07-20,2562.09,2544.39,2519.93,24.47,90,Late
9004325,501442,2024-10-18,2443.19,1866.49,1843.16,23.33,120,Late
9004326,501442,2025-01-16,2503.77,2145.53,2121.62,23.91,90,Late
9004327,501443,2025-08-09,7082.67,7250.94,7201.78,49.17,0,Paid
9004328,501443,2025-11-07,7489.66,6636.61,6584.62,51.99,60,Late
9004329,501443,2026-02-05,7252.95,7187.98,7137.63,50.35,15,Late
9004330,501444,2021-08-04,7645.21,7620.47,7537.27,83.21,0,Paid
9004331,501444,2021-11-02,7836.63,7755.3,7670.01,85.29,0,Paid
9004332,501444,2022-01-31,7285.21,7223.58,7144.29,79.29,0,Paid
9004333,501445,2024-06-04,2419.92,2354.84,2328.48,26.36,0,Paid
9004334,501445,2024-09-02,2281.02,2309.93,2285.09,24.84,0,Paid
9004335,501445,2024-12-01,2353.87,1973.42,1947.78,25.64,15,Late
9004336,501446,2021-12-19,12828.34,12061.53,11943.73,117.81,45,Late
9004337,501446,2022-03-19,13069.85,12331.92,12211.89,120.02,5,Late
9004338,501446,2022-06-17,13327.3,13719.16,13596.77,122.39,0,Paid
9004339,501447,2025-05-06,14676.75,14886.23,14797.31,88.92,0,Paid
9004340,501447,2025-08-04,14688.13,14391.86,14302.88,88.99,0,Paid
9004341,501447,2025-11-02,14640.89,14586.73,14498.03,88.7,0,Paid
9004342,501448,2021-11-08,15078.61,14524.57,14358.58,165.99,60,Late
9004343,501448,2022-02-06,14451.55,14323.24,14164.15,159.09,0,Paid
9004344,501448,2022-05-07,14538.09,14966.67,14806.63,160.04,0,Paid
9004345,501449,2025-03-06,1004.25,939.67,930.85,8.82,30,Late
9004346,501449,2025-06-04,1018.81,1015.87,1006.92,8.95,0,Paid
9004347,501449,2025-09-02,978.62,936.94,928.35,8.6,30,Late
9004348,501450,2023-05-10,12243.13,11939.46,11831.52,107.94,0,Paid
9004349,501450,2023-08-08,12654.97,12306.58,12195.01,111.57,0,Paid
9004350,501450,2023-11-06,12535.22,12823.35,12712.83,110.52,0,Paid
9004351,501451,2021-06-20,1523.88,1540.58,1527.78,12.8,0,Paid
9004352,501451,2021-09-18,1532.34,1389.02,1376.14,12.87,5,Late
9004353,501451,2021-12-17,1461.6,1476.51,1464.24,12.28,0,Paid
9004354,501452,2024-05-08,4993.31,4937.62,4909.25,28.38,0,Paid
9004355,501452,2024-08-06,5084.54,4988.6,4959.71,28.9,0,Paid
9004356,501452,2024-11-04,5085.81,4715.39,4686.49,28.9,15,Late
9004357,501453,2020-12-14,12100.28,12459.08,12313.27,145.81,0,Paid
9004358,501453,2021-03-14,11236.68,8590.27,8454.87,135.4,30,Late
9004359,501453,2021-06-12,12168.44,12363.58,12216.95,146.63,10,Late
9004360,501454,2024-07-06,2009.04,1967.0,1955.8,11.2,0,Paid
9004361,501454,2024-10-04,1935.84,1922.53,1911.74,10.79,0,Paid
9004362,501454,2025-01-02,1999.73,2030.11,2018.96,11.15,0,Paid
9004363,501455,2020-02-14,13384.0,10651.75,10593.08,58.67,5,Late
9004364,501455,2020-05-14,13392.6,13443.85,13385.15,58.7,0,Paid
9004365,501455,2020-08-12,12894.64,10211.49,10154.96,56.52,5,Late
9004366,501456,2020-08-17,1829.68,1801.15,1792.32,8.83,0,Paid
9004367,501456,2020-11-15,1890.87,1582.59,1573.47,9.12,15,Late
9004368,501456,2021-02-13,1979.12,1562.44,1552.89,9.55,45,Late
9004369,501457,2025-06-19,729.36,639.95,632.31,7.65,90,Late
9004370,501457,2025-09-17,667.73,586.11,579.11,7.0,120,Late
9004371,501457,2025-12-16,678.02,645.77,638.67,7.11,90,Late
9004372,501458,2023-07-01,14334.94,14668.91,14574.9,94.01,0,Paid
9004373,501458,2023-09-29,15423.25,13838.69,13737.54,101.15,60,Late
9004374,501458,2023-12-28,14636.02,15005.14,14909.15,95.99,0,Paid
9004375,501459,2022-08-28,2235.74,2183.81,2160.18,23.62,0,Paid
9004376,501459,2022-11-26,2291.94,2268.73,2244.52,24.22,0,Paid
9004377,501459,2023-02-24,2149.71,2091.5,2068.79,22.72,0,Paid
9004378,501460,2020-10-20,10114.19,10373.76,10329.17,44.59,0,Paid
9004379,501460,2021-01-18,10169.43,10310.08,10265.25,44.83,0,Paid
9004380,501460,2021-04-18,9469.78,9284.29,9242.54,41.75,0,Paid
9004381,501461,2024-05-31,14716.67,11941.76,11817.16,124.6,30,Late
9004382,501461,2024-08-29,14945.06,13022.54,12896.0,126.53,30,Late
9004383,501461,2024-11-27,14521.28,13335.05,13212.11,122.95,30,Late
9004384,501462,2021-06-07,13683.57,13532.42,13477.46,54.96,0,Paid
9004385,501462,2021-09-05,14761.34,14947.87,14888.57,59.29,0,Paid
9004386,501462,2021-12-04,14033.87,14178.03,14121.66,56.37,0,Paid
9004387,501463,2020-08-09,10489.07,10608.05,10524.48,83.56,0,Paid
9004388,501463,2020-11-07,10842.48,10933.47,10847.09,86.38,0,Paid
9004389,501463,2021-02-05,10963.7,11258.73,11171.38,87.34,0,Paid
9004390,501464,2023-02-06,14832.5,15029.97,14863.85,166.12,0,Paid
9004391,501464,2023-05-07,14513.57,14585.19,14422.64,162.55,0,Paid
9004392,501464,2023-08-05,14020.77,13665.89,13508.85,157.03,0,Paid
9004393,501465,2021-05-10,330.73,327.83,324.94,2.89,0,Paid
9004394,501465,2021-08-08,325.23,261.87,259.02,2.84,15,Late
9004395,501465,2021-11-06,319.95,321.88,319.09,2.8,0,Paid
9004396,501466,2020-10-18,591.54,584.37,579.43,4.94,0,Paid
9004397,501466,2021-01-16,600.79,607.39,602.37,5.02,0,Paid
9004398,501466,2021-04-16,566.19,568.87,564.15,4.73,0,Paid
9004399,501467,2019-09-21,1869.47,1860.03,1851.98,8.05,0,Paid
9004400,501467,2019-12-20,1795.99,1685.22,1677.48,7.74,10,Late
9004401,501467,2020-03-19,1823.14,1846.21,1838.35,7.85,0,Paid
9004402,501468,2019-02-23,14708.19,14656.76,14561.28,95.48,0,Paid
9004403,501468,2019-05-24,14987.26,12714.37,12617.07,97.29,10,Late
9004404,501468,2019-08-22,14377.01,14431.79,14338.46,93.33,0,Paid
9004405,501469,2025-01-09,1390.33,1241.39,1231.16,10.23,45,Late
9004406,501469,2025-04-09,1396.94,1243.3,1233.02,10.28,45,Late
9004407,501469,2025-07-08,1444.48,1183.93,1173.3,10.63,45,Late
9004408,501470,2023-11-14,14445.28,14603.51,14492.64,110.87,0,Paid
9004409,501470,2024-02-12,14270.64,14339.84,14230.31,109.53,0,Paid
9004410,501470,2024-05-12,14979.19,15363.27,15248.31,114.97,0,Paid
9004411,501471,2022-12-21,903.76,881.62,872.06,9.56,0,Paid
9004412,501471,2023-03-21,863.73,840.96,831.83,9.13,30,Late
9004413,501471,2023-06-19,908.36,794.31,784.7,9.61,45,Late
9004414,501472,2022-05-07,1251.56,1279.81,1275.22,4.59,0,Paid
9004415,501472,2022-08-05,1339.87,1349.47,1344.56,4.91,0,Paid
9004416,501472,2022-11-03,1302.01,1322.36,1317.58,4.77,0,Paid
9004417,501473,2019-08-14,1396.23,1387.16,1371.86,15.3,0,Paid
9004418,501473,2019-11-12,1305.79,1298.33,1284.02,14.31,0,Paid
9004419,501473,2020-02-10,1327.39,1306.78,1292.24,14.55,0,Paid
9004420,501474,2022-01-29,2634.43,2597.33,2579.83,17.5,0,Paid
9004421,501474,2022-04-29,2552.2,2203.88,2186.93,16.95,90,Late
9004422,501474,2022-07-28,2550.19,2563.37,2546.43,16.94,0,Paid
9004423,501475,2023-02-23,4299.03,4298.8,4249.0,49.8,0,Paid
9004424,501475,2023-05-24,4320.41,4238.18,4188.13,50.04,0,Paid
9004425,501475,2023-08-22,4021.89,4097.5,4050.91,46.59,0,Paid
9004426,501476,2019-08-29,5672.98,5692.17,5640.55,51.62,0,Paid
9004427,501476,2019-11-27,5817.45,5925.96,5873.03,52.94,0,Paid
9004428,501476,2020-02-25,5426.53,5281.94,5232.56,49.38,0,Paid
9004429,501477,2023-11-28,305.37,304.79,303.54,1.25,0,Paid
9004430,501477,2024-02-26,300.24,304.57,303.34,1.23,0,Paid
9004431,501477,2024-05-26,300.09,242.72,241.49,1.23,10,Late
9004432,501478,2021-09-13,2066.21,2006.15,1993.89,12.26,0,Paid
9004433,501478,2021-12-12,2137.3,2084.11,2071.43,12.68,0,Paid
9004434,501478,2022-03-12,2147.45,2125.73,2112.99,12.74,0,Paid
9004435,501479,2019-10-12,2099.52,1817.09,1804.93,12.16,10,Late
9004436,501479,2020-01-10,2082.21,2074.93,2062.87,12.06,0,Paid
9004437,501479,2020-04-09,2061.55,1867.27,1855.33,11.94,10,Late
9004438,501480,2020-11-18,14819.93,11904.98,11737.64,167.34,45,Late
9004439,501480,2021-02-16,15259.7,12453.28,12280.97,172.31,15,Late
9004440,501480,2021-05-17,14611.46,11425.4,11260.41,164.99,60,Late
9004441,501481,2023-10-10,1130.06,1104.81,1100.75,4.06,0,Paid
9004442,501481,2024-01-08,1208.13,1198.46,1194.12,4.34,0,Paid
9004443,501481,2024-04-07,1154.67,1164.99,1160.84,4.15,0,Paid
9004444,501482,2024-04-11,321.6,331.17,328.89,2.29,0,Paid
9004445,501482,2024-07-10,324.04,325.13,322.83,2.3,0,Paid
9004446,501482,2024-10-08,310.35,315.17,312.97,2.21,0,Paid
9004447,501483,2020-11-12,5545.76,5219.16,5171.65,47.51,10,Late
9004448,501483,2021-02-10,5512.44,4845.67,4798.45,47.22,10,Late
9004449,501483,2021-05-11,5321.96,5187.15,5141.56,45.59,30,Late
9004450,501484,2024-06-14,13782.61,11595.61,11435.27,160.34,30,Late
9004451,501484,2024-09-12,14571.57,14401.75,14232.23,169.52,0,Paid
9004452,501484,2024-12-11,13566.8,13427.69,13269.86,157.83,0,Paid
9004453,501485,2022-01-23,9539.48,9457.21,9409.11,48.09,0,Paid
9004454,501485,2022-04-23,10276.83,10260.25,10208.44,51.81,0,Paid
9004455,501485,2022-07-22,9537.85,9600.27,9552.19,48.09,0,Paid
9004456,501486,2020-06-26,2295.68,2325.39,2301.25,24.14,0,Paid
9004457,501486,2020-09-24,2217.32,1723.54,1700.23,23.32,5,Late
9004458,501486,2020-12-23,2151.62,1847.58,1824.95,22.63,30,Late
9004459,501487,2023-06-11,12265.49,12344.63,12208.99,135.64,0,Paid
9004460,501487,2023-09-09,11914.45,11562.82,11431.06,131.75,45,Late
9004461,501487,2023-12-08,12501.14,12731.25,12593.01,138.24,0,Paid
9004462,501488,2023-06-20,6877.51,6872.19,6828.06,44.13,0,Paid
9004463,501488,2023-09-18,7218.84,7022.51,6976.19,46.32,5,Late
9004464,501488,2023-12-17,7177.49,7022.22,6976.16,46.06,0,Paid
9004465,501489,2024-11-28,2263.64,1882.34,1867.36,14.98,60,Late
9004466,501489,2025-02-26,2248.36,2005.15,1990.27,14.88,15,Late
9004467,501489,2025-05-27,2280.8,1987.06,1971.97,15.09,60,Late
9004468,501490,2025-05-05,15447.85,15597.05,15534.36,62.69,0,Paid
9004469,501490,2025-08-03,14397.87,14151.66,14093.23,58.43,0,Paid
9004470,501490,2025-11-01,14353.67,14038.49,13980.24,58.25,0,Paid
9004471,501491,2019-12-06,1526.05,1489.94,1473.23,16.71,0,Paid
9004472,501491,2020-03-05,1632.66,1651.91,1634.04,17.88,0,Paid
9004473,501491,2020-06-03,1591.09,1552.89,1535.46,17.42,0,Paid
9004474,501492,2024-03-20,9643.04,9930.87,9836.36,94.5,0,Paid
9004475,501492,2024-06-18,9637.52,8109.58,8015.14,94.45,10,Late
9004476,501492,2024-09-16,9476.23,9389.87,9297.0,92.87,0,Paid
9004477,501493,2019-03-25,15651.31,15707.32,15571.02,136.3,45,Late
9004478,501493,2019-06-23,15288.26,14716.63,14583.5,133.14,60,Late
9004479,501493,2019-09-21,14782.11,14215.53,14086.8,128.73,60,Late
9004480,501494,2023-07-01,1481.86,1311.97,1300.3,11.67,60,Late
9004481,501494,2023-09-29,1489.91,1254.39,1242.66,11.73,90,Late
9004482,501494,2023-12-28,1440.29,1461.74,1450.4,11.34,0,Paid
9004483,501495,2022-12-16,14536.12,14558.58,14505.28,53.3,0,Paid
9004484,501495,2023-03-16,15042.13,14696.72,14641.56,55.15,0,Paid
9004485,501495,2023-06-14,14385.48,14005.55,13952.8,52.75,30,Late
9004486,501496,2023-07-06,966.88,874.77,865.32,9.45,15,Late
9004487,501496,2023-10-04,1006.5,1014.21,1004.37,9.84,5,Late
9004488,501496,2024-01-02,997.69,1024.74,1014.99,9.75,0,Paid
9004489,501497,2019-04-27,14617.36,14940.0,14823.55,116.45,15,Late
9004490,501497,2019-07-26,14303.01,10860.42,10746.48,113.95,60,Late
9004491,501497,2019-10-24,15468.0,12754.67,12631.44,123.23,10,Late
9004492,501498,2021-01-22,3260.82,3227.63,3217.33,10.3,0,Paid
9004493,501498,2021-04-22,3121.71,2967.74,2957.88,9.86,90,Late
9004494,501498,2021-07-21,3198.64,3188.71,3178.61,10.1,0,Paid
9004495,501499,2020-05-24,1039.92,1061.38,1054.32,7.05,0,Paid
9004496,501499,2020-08-22,1025.43,998.6,991.65,6.96,0,Paid
9004497,501499,2020-11-20,1011.95,981.6,974.74,6.86,0,Paid
9004498,501500,2022-02-04,9691.36,9774.53,9722.68,51.85,0,Paid
9004499,501500,2022-05-05,8901.15,8747.21,8699.59,47.62,0,Paid
9004500,501500,2022-08-03,9106.0,8889.59,8840.87,48.72,0,Paid
9004501,501501,2020-11-12,1691.55,1720.63,1707.67,12.97,0,Paid
9004502,501501,2021-02-10,1632.38,1600.8,1588.28,12.51,0,Paid
9004503,501501,2021-05-11,1647.64,1475.9,1463.26,12.63,5,Late
9004504,501502,2023-11-30,2336.53,2298.21,2279.65,18.56,0,Paid
9004505,501502,2024-02-28,2214.32,1840.93,1823.34,17.59,30,Late
9004506,501502,2024-05-28,2296.45,2349.97,2331.74,18.24,0,Paid
9004507,501503,2019-02-15,9576.36,9712.05,9644.7,67.35,0,Paid
9004508,501503,2019-05-16,9537.95,9269.56,9202.47,67.08,0,Paid
9004509,501503,2019-08-14,9001.28,8747.76,8684.45,63.31,0,Paid
9004510,501504,2024-12-12,2904.57,2949.37,2920.81,28.56,0,Paid
9004511,501504,2025-03-12,2817.73,2766.85,2739.14,27.71,0,Paid
9004512,501504,2025-06-10,2892.7,2819.61,2791.17,28.44,0,Paid
9004513,501505,2023-01-20,15239.86,15306.92,15189.58,117.35,0,Paid
9004514,501505,2023-04-20,15410.36,15136.0,15017.34,118.66,0,Paid
9004515,501505,2023-07-19,15601.28,13635.38,13515.25,120.13,60,Late
9004516,501506,2019-06-20,1518.73,1505.49,1494.01,11.48,0,Paid
9004517,501506,2019-09-18,1446.46,1110.04,1099.1,10.93,30,Late
9004518,501506,2019-12-17,1542.18,1349.95,1338.29,11.66,30,Late
9004519,501507,2020-09-24,1232.71,1158.56,1148.91,9.65,60,Late
9004520,501507,2020-12-23,1176.13,985.92,976.72,9.2,120,Late
9004521,501507,2021-03-23,1205.12,1115.13,1105.7,9.43,60,Late
9004522,501508,2025-01-26,917.93,927.45,920.14,7.31,0,Paid
9004523,501508,2025-04-26,871.6,883.44,876.51,6.94,0,Paid
9004524,501508,2025-07-25,919.92,893.6,886.28,7.32,0,Paid
9004525,501509,2019-05-12,2281.38,2295.52,2282.46,13.06,0,Paid
9004526,501509,2019-08-10,2290.78,2096.69,2083.58,13.11,15,Late
9004527,501509,2019-11-08,2283.44,2345.38,2332.31,13.07,0,Paid
9004528,501510,2020-05-24,333.27,282.39,280.92,1.47,30,Late
9004529,501510,2020-08-22,355.16,352.24,350.67,1.57,0,Paid
9004530,501510,2020-11-20,344.96,290.49,288.97,1.52,30,Late
9004531,501511,2022-05-25,2153.81,2200.0,2183.7,16.3,0,Paid
9004532,501511,2022-08-23,2206.35,2203.12,2186.42,16.69,0,Paid
9004533,501511,2022-11-21,2146.17,2106.85,2090.61,16.24,0,Paid
9004534,501512,2021-09-13,1056.9,1063.91,1056.19,7.72,0,Paid
9004535,501512,2021-12-12,1092.73,1089.38,1081.39,7.99,0,Paid
9004536,501512,2022-03-12,1048.92,800.29,792.62,7.67,90,Late
9004537,501513,2022-09-24,14471.73,11987.77,11903.11,84.66,5,Late
9004538,501513,2022-12-23,15551.45,15433.96,15342.99,90.98,0,Paid
9004539,501513,2023-03-23,14263.94,11891.56,11808.11,83.44,60,Late
9004540,501514,2022-01-20,6653.8,6842.2,6777.66,64.54,0,Paid
9004541,501514,2022-04-20,6542.78,6548.41,6484.95,63.46,0,Paid
9004542,501514,2022-07-19,7022.37,6597.89,6529.78,68.12,10,Late
9004543,501515,2025-08-06,4715.21,4702.27,4672.02,30.26,0,Paid
9004544,501515,2025-11-04,4709.27,4705.05,4674.83,30.22,0,Paid
9004545,501515,2026-02-02,4669.31,4582.38,4552.42,29.96,0,Paid
9004546,501516,2020-05-17,6281.57,6352.26,6324.57,27.69,0,Paid
9004547,501516,2020-08-15,6624.28,6674.81,6645.61,29.2,0,Paid
9004548,501516,2020-11-13,6282.74,4735.6,4707.9,27.7,30,Late
9004549,501517,2023-06-11,3282.36,2523.17,2506.24,16.93,90,Late
9004550,501517,2023-09-09,3417.44,2614.2,2596.57,17.63,90,Late
9004551,501517,2023-12-08,3404.54,3434.34,3416.78,17.56,0,Paid
9004552,501518,2023-04-15,4425.98,3915.93,3894.06,21.87,15,Late
9004553,501518,2023-07-14,4357.54,4276.76,4255.22,21.53,0,Paid
9004554,501518,2023-10-12,4345.89,4421.84,4400.36,21.48,0,Paid
9004555,501519,2022-06-27,770.38,750.76,747.71,3.06,0,Paid
9004556,501519,2022-09-25,778.78,588.6,585.51,3.09,45,Late
9004557,501519,2022-12-24,739.96,751.23,748.3,2.94,0,Paid
9004558,501520,2022-03-05,3370.64,3387.11,3370.9,16.21,5,Late
9004559,501520,2022-06-03,3436.91,3361.19,3344.66,16.53,0,Paid
9004560,501520,2022-09-01,3376.06,2883.7,2867.46,16.23,5,Late
9004561,501521,2025-05-01,15405.88,15433.85,15295.2,138.65,0,Paid
9004562,501521,2025-07-30,15281.15,15023.28,14885.75,137.53,0,Paid
9004563,501521,2025-10-28,15172.67,15415.78,15279.23,136.55,0,Paid
9004564,501522,2025-09-21,1320.77,1337.53,1332.5,5.03,0,Paid
9004565,501522,2025-12-20,1292.33,1297.89,1292.97,4.92,0,Paid
9004566,501522,2026-03-20,1272.35,1261.57,1256.72,4.85,0,Paid
9004567,501523,2022-04-13,15467.8,15428.81,15330.72,98.09,0,Paid
9004568,501523,2022-07-12,15696.57,15792.22,15692.68,99.54,0,Paid
9004569,501523,2022-10-10,15639.79,15182.76,15083.57,99.18,0,Paid
9004570,501524,2022-12-15,7525.26,7641.7,7619.69,22.01,0,Paid
9004571,501524,2023-03-15,7622.4,7511.2,7488.9,22.3,30,Late
9004572,501524,2023-06-13,7319.45,7427.7,7406.29,21.41,0,Paid
9004573,501525,2024-02-25,13518.11,13783.89,13725.65,58.24,0,Paid
9004574,501525,2024-05-25,14208.68,13892.59,13831.38,61.22,0,Paid
9004575,501525,2024-08-23,13989.03,10563.63,10503.36,60.27,5,Late
9004576,501526,2020-10-16,15632.78,15535.19,15439.05,96.14,0,Paid
9004577,501526,2021-01-14,14437.6,14205.13,14116.34,88.79,0,Paid
9004578,501526,2021-04-14,14709.2,14625.85,14535.39,90.46,0,Paid
9004579,501527,2019-05-17,2348.91,2375.52,2350.06,25.47,30,Late
9004580,501527,2019-08-15,2161.59,1633.88,1610.45,23.44,15,Late
9004581,501527,2019-11-13,2192.51,1852.09,1828.32,23.77,45,Late
9004582,501528,2020-05-03,12543.73,11174.88,11042.75,132.13,90,Late
9004583,501528,2020-08-01,11887.09,11760.48,11635.27,125.21,90,Late
9004584,501528,2020-10-30,12768.08,10268.6,10134.11,134.49,90,Late
9004585,501529,2024-10-06,4755.63,4541.38,4490.34,51.04,30,Late
9004586,501529,2025-01-04,4901.79,4265.17,4212.56,52.61,45,Late
9004587,501529,2025-04-04,4885.72,4671.34,4618.9,52.44,30,Late
9004588,501530,2025-09-06,12649.93,12704.08,12624.17,79.91,0,Paid
9004589,501530,2025-12-05,13244.31,13219.75,13136.09,83.66,0,Paid
9004590,501530,2026-03-05,12241.17,12443.74,12366.42,77.32,5,Late
9004591,501531,2020-06-25,1940.34,1916.22,1894.82,21.41,0,Paid
9004592,501531,2020-09-23,2030.79,2035.87,2013.47,22.41,0,Paid
9004593,501531,2020-12-22,2091.24,2138.07,2114.99,23.07,0,Paid
9004594,501532,2024-07-19,2425.78,2403.33,2382.91,20.42,0,Paid
9004595,501532,2024-10-17,2256.65,2037.63,2018.63,18.99,5,Late
9004596,501532,2025-01-15,2370.95,2359.73,2339.78,19.96,0,Paid
9004597,501533,2023-08-05,702.76,612.95,606.68,6.27,90,Late
9004598,501533,2023-11-03,709.45,729.43,723.1,6.33,0,Paid
9004599,501533,2024-02-01,685.68,694.76,688.64,6.11,0,Paid
9004600,501534,2023-03-16,6013.8,5928.89,5885.29,43.6,0,Paid
9004601,501534,2023-06-14,6179.58,6234.01,6189.21,44.8,0,Paid
9004602,501534,2023-09-12,6260.15,5678.4,5633.01,45.39,30,Late
9004603,501535,2021-01-24,1318.87,1332.11,1323.3,8.8,0,Paid
9004604,501535,2021-04-24,1276.8,1296.31,1287.79,8.52,0,Paid
9004605,501535,2021-07-23,1263.03,1279.04,1270.61,8.43,0,Paid
9004606,501536,2023-05-08,1068.33,1047.24,1037.02,10.22,0,Paid
9004607,501536,2023-08-06,1084.05,1067.47,1057.1,10.37,90,Late
9004608,501536,2023-11-04,1056.47,1027.98,1017.87,10.11,0,Paid
9004609,501537,2022-11-15,13047.57,13153.16,13101.41,51.76,0,Paid
9004610,501537,2023-02-13,14256.2,12804.06,12747.51,56.55,5,Late
9004611,501537,2023-05-14,13406.61,13059.16,13005.98,53.18,60,Late
9004612,501538,2021-02-06,12418.97,11086.66,11027.26,59.4,5,Late
9004613,501538,2021-05-07,12865.09,10621.71,10560.17,61.54,5,Late
9004614,501538,2021-08-05,13190.13,10095.45,10032.36,63.09,5,Late
9004615,501539,2021-06-08,1675.38,1686.88,1680.07,6.81,0,Paid
9004616,501539,2021-09-06,1746.82,1393.5,1386.4,7.1,5,Late
9004617,501539,2021-12-05,1765.5,1768.96,1761.78,7.18,0,Paid
9004618,501540,2020-05-22,3462.77,3399.75,3364.15,35.61,30,Late
9004619,501540,2020-08-20,3447.5,3504.98,3469.53,35.45,0,Paid
9004620,501540,2020-11-18,3170.95,3097.39,3064.78,32.61,0,Paid
9004621,501541,2022-07-27,933.76,936.25,929.03,7.22,0,Paid
9004622,501541,2022-10-25,923.36,905.5,898.36,7.14,0,Paid
9004623,501541,2023-01-23,926.16,909.66,902.49,7.16,5,Late
9004624,501542,2022-01-23,12990.14,13227.31,13113.21,114.1,0,Paid
9004625,501542,2022-04-23,13418.05,12848.2,12730.34,117.86,90,Late
9004626,501542,2022-07-22,13068.42,13279.79,13165.01,114.78,0,Paid
9004627,501543,2023-01-07,14616.19,11648.26,11537.67,110.6,90,Late
9004628,501543,2023-04-07,14547.87,14144.29,14034.21,110.08,0,Paid
9004629,501543,2023-07-06,14263.99,11567.23,11459.3,107.93,5,Late
9004630,501544,2025-08-19,14651.07,14951.49,14797.05,154.45,15,Late
9004631,501544,2025-11-17,15031.92,14945.19,14786.72,158.46,0,Paid
9004632,501544,2026-02-15,15217.96,14284.3,14123.88,160.42,10,Late
9004633,501545,2021-01-02,2034.84,1991.05,1973.09,17.96,0,Paid
9004634,501545,2021-04-02,1921.76,1856.46,1839.51,16.96,10,Late
9004635,501545,2021-07-01,1988.4,1957.3,1939.75,17.55,0,Paid
9004636,501546,2023-09-23,8161.88,8073.06,8014.16,58.9,0,Paid
9004637,501546,2023-12-22,7610.87,7614.27,7559.34,54.93,0,Paid
9004638,501546,2024-03-21,8158.58,7946.8,7887.92,58.88,0,Paid
9004639,501547,2024-08-14,2497.35,2431.91,2416.97,14.94,0,Paid
9004640,501547,2024-11-12,2543.66,2489.62,2474.4,15.22,5,Late
9004641,501547,2025-02-10,2340.38,2300.6,2286.6,14.0,0,Paid
9004642,501548,2023-02-15,15566.84,13933.19,13845.37,87.82,15,Late
9004643,501548,2023-05-16,14288.73,14244.23,14163.62,80.61,60,Late
9004644,501548,2023-08-14,14307.03,13466.71,13386.0,80.72,45,Late
9004645,501549,2024-01-31,1729.26,1762.57,1749.37,13.2,0,Paid
9004646,501549,2024-04-30,1645.08,1627.09,1614.53,12.56,0,Paid
9004647,501549,2024-07-29,1647.58,1530.02,1517.45,12.58,10,Late
9004648,501550,2023-04-29,1851.28,1874.87,1858.1,16.77,15,Late
9004649,501550,2023-07-28,1858.11,1902.87,1886.03,16.83,0,Paid
9004650,501550,2023-10-26,1821.41,1579.16,1562.66,16.5,45,Late
9004651,501551,2020-07-01,2320.83,2382.61,2366.87,15.74,0,Paid
9004652,501551,2020-09-29,2413.74,2158.72,2142.34,16.37,10,Late
9004653,501551,2020-12-28,2233.1,2290.74,2275.6,15.15,0,Paid
9004654,501552,2021-11-26,14274.88,13935.78,13790.53,145.25,0,Paid
9004655,501552,2022-02-24,13588.65,13361.12,13222.86,138.26,5,Late
9004656,501552,2022-05-25,14925.15,15082.95,14931.08,151.86,5,Late
9004657,501553,2020-08-12,568.15,557.61,553.97,3.64,0,Paid
9004658,501553,2020-11-10,574.6,569.81,566.13,3.68,10,Late
9004659,501553,2021-02-08,556.17,562.16,558.59,3.56,15,Late
9004660,501554,2022-08-22,2091.7,2034.21,2022.31,11.91,0,Paid
9004661,501554,2022-11-20,2079.28,1609.0,1597.16,11.83,45,Late
9004662,501554,2023-02-18,2117.41,2089.9,2077.85,12.05,0,Paid
9004663,501555,2021-07-18,10724.11,8482.27,8364.75,117.52,15,Late
9004664,501555,2021-10-16,10179.77,9819.91,9708.35,111.55,5,Late
9004665,501555,2022-01-14,9880.81,9944.46,9836.19,108.28,0,Paid
9004666,501556,2019-03-05,2120.81,2119.73,2097.57,22.16,0,Paid
9004667,501556,2019-06-03,2132.4,1990.22,1967.93,22.28,60,Late
9004668,501556,2019-09-01,2180.99,2178.07,2155.28,22.79,0,Paid
9004669,501557,2019-04-12,7530.76,7680.08,7649.9,30.19,0,Paid
9004670,501557,2019-07-11,7560.99,7435.49,7405.18,30.31,0,Paid
9004671,501557,2019-10-09,7458.53,7295.31,7265.41,29.9,0,Paid
9004672,501558,2024-01-03,15219.46,15070.86,14968.26,102.6,0,Paid
9004673,501558,2024-04-02,14751.51,12793.37,12693.92,99.45,5,Late
9004674,501558,2024-07-01,14441.6,13213.47,13116.11,97.36,5,Late
9004675,501559,2020-04-03,5395.97,5534.83,5492.02,42.81,0,Paid
9004676,501559,2020-07-02,5432.02,5487.54,5444.45,43.09,0,Paid
9004677,501559,2020-09-30,5308.08,4567.88,4525.77,42.11,5,Late
9004678,501560,2020-09-24,10439.58,8073.06,7983.63,89.43,60,Late
9004679,501560,2020-12-23,10473.91,8642.42,8552.7,89.73,45,Late
9004680,501560,2021-03-23,10387.14,9370.02,9281.04,88.98,15,Late
9004681,501561,2025-04-17,613.5,586.22,583.04,3.18,5,Late
9004682,501561,2025-07-16,639.75,628.28,624.97,3.32,0,Paid
9004683,501561,2025-10-14,598.01,596.91,593.81,3.1,0,Paid
9004684,501562,2024-09-12,923.87,700.33,693.05,7.28,15,Late
9004685,501562,2024-12-11,957.14,943.17,935.63,7.54,0,Paid
9004686,501562,2025-03-11,973.68,972.33,964.66,7.67,0,Paid
9004687,501563,2023-07-14,1885.6,1703.74,1692.64,11.11,10,Late
9004688,501563,2023-10-12,2025.86,2001.35,1989.41,11.94,0,Paid
9004689,501563,2024-01-10,1906.47,1603.83,1592.59,11.23,45,Late
9004690,501564,2021-08-23,2196.91,1684.02,1658.88,25.14,45,Late
9004691,501564,2021-11-21,2059.71,2063.79,2040.22,23.57,45,Late
9004692,501564,2022-02-19,2194.17,2148.38,2123.27,25.11,0,Paid
9004693,501565,2025-07-20,1518.85,1517.41,1508.93,8.48,0,Paid
9004694,501565,2025-10-18,1554.82,1544.0,1535.32,8.68,0,Paid
9004695,501565,2026-01-16,1565.0,1557.32,1548.58,8.74,0,Paid
9004696,501566,2022-05-01,1129.12,931.99,918.35,13.63,45,Late
9004697,501566,2022-07-30,1161.31,1061.74,1047.71,14.02,45,Late
9004698,501566,2022-10-28,1107.49,1079.91,1066.54,13.37,60,Late
9004699,501567,2020-12-20,5791.01,4838.29,4802.04,36.24,30,Late
9004700,501567,2021-03-20,5884.56,5842.84,5806.01,36.83,0,Paid
9004701,501567,2021-06-18,5395.47,5438.38,5404.61,33.77,5,Late
9004702,501568,2020-06-06,674.11,672.18,666.49,5.69,0,Paid
9004703,501568,2020-09-04,702.06,663.02,657.09,5.93,5,Late
9004704,501568,2020-12-03,676.01,689.93,684.23,5.71,0,Paid
9004705,501569,2022-03-09,10029.58,8381.61,8278.3,103.3,10,Late
9004706,501569,2022-06-07,10489.89,10354.17,10246.12,108.05,0,Paid
9004707,501569,2022-09-05,10351.99,9432.58,9325.95,106.63,45,Late
9004708,501570,2020-06-26,1303.54,1335.44,1326.2,9.23,0,Paid
9004709,501570,2020-09-24,1309.21,1302.05,1292.78,9.27,0,Paid
9004710,501570,2020-12-23,1387.4,1424.37,1414.54,9.83,0,Paid
9004711,501571,2019-08-19,14453.98,14548.9,14498.07,50.83,0,Paid
9004712,501571,2019-11-17,14772.01,14475.2,14423.25,51.95,0,Paid
9004713,501571,2020-02-15,14719.1,12553.14,12501.37,51.76,15,Late
9004714,501572,2019-07-17,10896.95,10910.59,10787.73,122.86,0,Paid
9004715,501572,2019-10-15,10499.96,10727.9,10609.51,118.39,0,Paid
9004716,501572,2020-01-13,10752.75,8425.27,8304.03,121.24,10,Late
9004717,501573,2024-06-10,2176.18,2174.15,2162.65,11.5,0,Paid
9004718,501573,2024-09-08,2186.99,2218.22,2206.67,11.55,0,Paid
9004719,501573,2024-12-07,2066.43,2031.01,2020.09,10.92,0,Paid
9004720,501574,2022-03-22,1996.87,1871.77,1865.11,6.66,90,Late
9004721,501574,2022-06-20,1974.35,2012.01,2005.43,6.58,0,Paid
9004722,501574,2022-09-18,1895.07,1859.21,1852.89,6.32,0,Paid
9004723,501575,2023-07-10,15310.45,14851.89,14719.96,131.93,0,Paid
9004724,501575,2023-10-08,15513.92,15587.94,15454.26,133.68,0,Paid
9004725,501575,2024-01-06,15100.15,15051.71,14921.6,130.11,0,Paid
9004726,501576,2019-03-27,1360.5,1229.3,1215.09,14.22,60,Late
9004727,501576,2019-06-25,1319.1,1336.75,1322.97,13.78,0,Paid
9004728,501576,2019-09-23,1359.37,1216.59,1202.39,14.21,5,Late
9004729,501577,2024-11-22,9879.44,9915.97,9847.88,68.09,0,Paid
9004730,501577,2025-02-20,9657.27,7878.57,7812.02,66.55,5,Late
9004731,501577,2025-05-21,9907.61,9961.3,9893.02,68.28,0,Paid
9004732,501578,2025-12-07,15548.03,15477.24,15341.97,135.27,0,Paid
9004733,501578,2026-03-07,15513.15,15848.2,15713.24,134.96,0,Paid
9004734,501578,2026-06-05,14427.55,14660.78,14535.26,125.52,0,Paid
9004735,501579,2025-10-07,9599.47,9808.76,9704.13,104.63,0,Paid
9004736,501579,2026-01-05,10114.76,10190.18,10079.93,110.25,0,Paid
9004737,501579,2026-04-05,9375.07,9237.61,9135.42,102.19,0,Paid
9004738,501580,2022-08-02,1389.43,1237.85,1231.29,6.57,60,Late
9004739,501580,2022-10-31,1411.35,1361.72,1355.05,6.67,60,Late
9004740,501580,2023-01-29,1366.73,1131.23,1124.77,6.46,90,Late
9004741,501581,2023-03-08,14121.23,14241.82,14129.79,112.03,0,Paid
9004742,501581,2023-06-06,14408.7,14530.15,14415.84,114.31,0,Paid
9004743,501581,2023-09-04,14413.07,14364.93,14250.58,114.34,0,Paid
9004744,501582,2020-02-26,1560.0,1580.33,1564.08,16.25,5,Late
9004745,501582,2020-05-26,1564.75,1593.95,1577.65,16.3,0,Paid
9004746,501582,2020-08-24,1557.58,1574.9,1558.67,16.22,0,Paid
9004747,501583,2022-01-03,351.2,354.54,351.37,3.17,0,Paid
9004748,501583,2022-04-03,351.54,271.36,268.18,3.18,10,Late
9004749,501583,2022-07-02,341.68,299.34,296.25,3.09,5,Late
9004750,501584,2021-07-03,267.68,260.08,257.55,2.54,0,Paid
9004751,501584,2021-10-01,285.63,282.9,280.19,2.71,0,Paid
9004752,501584,2021-12-30,267.46,264.21,261.67,2.53,30,Late
9004753,501585,2020-11-09,12479.58,12826.91,12719.79,107.12,0,Paid
9004754,501585,2021-02-07,13472.2,13852.62,13736.98,115.64,0,Paid
9004755,501585,2021-05-08,13105.84,13451.99,13339.5,112.49,0,Paid
9004756,501586,2023-06-19,5991.84,5918.31,5854.59,63.71,90,Late
9004757,501586,2023-09-17,5717.7,5563.52,5502.72,60.8,30,Late
9004758,501586,2023-12-16,5921.97,5631.26,5568.29,62.97,15,Late
9004759,501587,2019-01-15,626.43,642.47,640.35,2.11,0,Paid
9004760,501587,2019-04-15,621.94,484.53,482.44,2.1,5,Late
9004761,501587,2019-07-14,590.3,594.05,592.06,1.99,0,Paid
9004762,501588,2025-08-27,11944.01,12220.81,12085.94,134.87,0,Paid
9004763,501588,2025-11-25,11616.06,11454.92,11323.75,131.16,0,Paid
9004764,501588,2026-02-23,11965.95,11450.34,11315.23,135.12,5,Late
9004765,501589,2022-10-02,1423.95,1407.01,1399.55,7.46,0,Paid
9004766,501589,2022-12-31,1429.58,1417.57,1410.08,7.49,0,Paid
9004767,501589,2023-03-31,1419.78,1376.15,1368.71,7.44,10,Late
9004768,501590,2019-12-03,1127.45,1153.58,1148.91,4.68,0,Paid
9004769,501590,2020-03-02,1131.21,1106.42,1101.73,4.69,0,Paid
9004770,501590,2020-05-31,1152.92,952.05,947.26,4.78,30,Late
9004771,501591,2019-10-13,2356.11,2303.18,2286.79,16.39,0,Paid
9004772,501591,2020-01-11,2309.6,2367.9,2351.83,16.07,0,Paid
9004773,501591,2020-04-10,2287.51,2251.0,2235.09,15.92,0,Paid
9004774,501592,2022-11-26,8025.09,8045.39,7983.46,61.93,0,Paid
9004775,501592,2023-02-24,7868.12,6995.93,6935.21,60.72,30,Late
9004776,501592,2023-05-25,7793.29,7400.33,7340.19,60.14,10,Late
9004777,501593,2021-12-19,840.53,818.45,809.39,9.06,0,Paid
9004778,501593,2022-03-19,831.91,824.83,815.87,8.96,0,Paid
9004779,501593,2022-06-17,869.5,803.85,794.48,9.37,10,Late
9004780,501594,2019-03-23,1535.19,1308.2,1297.12,11.08,15,Late
9004781,501594,2019-06-21,1554.99,1591.25,1580.03,11.22,0,Paid
9004782,501594,2019-09-19,1532.73,1528.45,1517.39,11.06,0,Paid
9004783,501595,2022-12-11,1933.17,1483.16,1470.91,12.24,30,Late
9004784,501595,2023-03-11,2043.3,2050.77,2037.83,12.94,45,Late
9004785,501595,2023-06-09,2010.8,1773.63,1760.9,12.74,15,Late
9004786,501596,2020-03-03,2273.37,2217.09,2202.41,14.68,30,Late
9004787,501596,2020-06-01,2294.96,2003.54,1988.72,14.82,15,Late
9004788,501596,2020-08-30,2464.68,2161.7,2145.78,15.92,90,Late
9004789,501597,2025-12-30,5340.32,5498.21,5440.22,57.99,0,Paid
9004790,501597,2026-03-30,5439.86,4995.04,4935.97,59.07,30,Late
9004791,501597,2026-06-28,5605.1,5676.71,5615.84,60.86,0,Paid
9004792,501598,2023-03-31,1591.68,1565.44,1560.74,4.7,0,Paid
9004793,501598,2023-06-29,1625.47,1659.9,1655.1,4.8,0,Paid
9004794,501598,2023-09-27,1542.43,1503.49,1498.94,4.55,0,Paid
9004795,501599,2021-05-24,15625.85,12023.57,11917.58,106.0,5,Late
9004796,501599,2021-08-22,14864.12,14833.5,14732.68,100.83,0,Paid
9004797,501599,2021-11-20,14730.41,14737.11,14637.19,99.92,0,Paid
9004798,501600,2023-02-17,1946.24,1900.46,1883.59,16.87,0,Paid
9004799,501600,2023-05-18,2085.56,2112.79,2094.72,18.07,0,Paid
9004800,501600,2023-08-16,2025.18,1986.91,1969.35,17.55,0,Paid
9004801,501601,2019-06-20,1219.3,1216.77,1203.35,13.42,0,Paid
9004802,501601,2019-09-18,1154.89,1123.76,1111.05,12.71,0,Paid
9004803,501601,2019-12-17,1258.72,1045.3,1031.44,13.86,10,Late
9004804,501602,2021-08-11,14758.91,15004.49,14931.56,72.93,10,Late
9004805,501602,2021-11-09,14438.38,14372.15,14300.8,71.35,0,Paid
9004806,501602,2022-02-07,14308.59,11885.14,11814.43,70.71,5,Late
9004807,501603,2022-04-16,2188.25,2227.07,2220.54,6.53,0,Paid
9004808,501603,2022-07-15,2225.23,2278.82,2272.18,6.64,0,Paid
9004809,501603,2022-10-13,2240.27,2222.11,2215.43,6.68,0,Paid
9004810,501604,2020-02-14,15009.14,15280.29,15207.99,72.29,0,Paid
9004811,501604,2020-05-14,15166.12,14528.81,14455.76,73.05,90,Late
9004812,501604,2020-08-12,15728.43,16077.55,16001.79,75.76,0,Paid
9004813,501605,2025-03-31,13081.65,13127.32,12978.84,148.48,0,Paid
9004814,501605,2025-06-29,13297.49,13226.1,13075.18,150.93,15,Late
9004815,501605,2025-09-27,13228.62,13255.71,13105.56,150.14,0,Paid
9004816,501606,2019-11-28,12451.08,12682.26,12550.8,131.46,0,Paid
9004817,501606,2020-02-26,11851.73,10070.99,9945.86,125.13,60,Late
9004818,501606,2020-05-26,12109.58,9550.0,9422.15,127.86,10,Late
9004819,501607,2023-02-01,2708.96,2047.48,2020.84,26.64,5,Late
9004820,501607,2023-05-02,2877.57,2263.21,2234.91,28.3,5,Late
9004821,501607,2023-07-31,2836.4,2256.23,2228.34,27.89,5,Late
9004822,501608,2022-09-03,14603.99,14178.6,14127.37,51.24,0,Paid
9004823,501608,2022-12-02,14907.12,13990.81,13938.51,52.3,5,Late
9004824,501608,2023-03-02,14437.2,14740.66,14690.01,50.65,0,Paid
9004825,501609,2023-03-16,686.22,690.09,687.55,2.54,0,Paid
9004826,501609,2023-06-14,684.41,621.97,619.44,2.53,5,Late
9004827,501609,2023-09-12,679.94,665.4,662.88,2.52,5,Late
9004828,501610,2022-05-05,14268.68,14621.88,14463.61,158.26,0,Paid
9004829,501610,2022-08-03,15490.17,15682.03,15510.21,171.81,0,Paid
9004830,501610,2022-11-01,14427.95,10949.45,10789.42,160.03,30,Late
9004831,501611,2023-07-31,8976.62,7765.87,7706.85,59.02,90,Late
9004832,501611,2023-10-29,8841.46,8968.35,8910.22,58.13,15,Late
9004833,501611,2024-01-27,8682.46,8933.88,8876.79,57.09,0,Paid
9004834,501612,2023-04-11,1336.73,1328.23,1317.96,10.27,0,Paid
9004835,501612,2023-07-10,1357.6,1339.92,1329.49,10.43,0,Paid
9004836,501612,2023-10-08,1367.85,1331.55,1321.04,10.51,0,Paid
9004837,501613,2025-01-15,259.39,262.98,261.63,1.35,0,Paid
9004838,501613,2025-04-15,260.14,254.44,253.09,1.35,0,Paid
9004839,501613,2025-07-14,264.52,251.15,249.78,1.38,45,Late
9004840,501614,2020-05-22,349.76,346.01,344.02,1.99,0,Paid
9004841,501614,2020-08-20,333.82,327.6,325.7,1.9,0,Paid
9004842,501614,2020-11-18,326.77,332.95,331.08,1.86,0,Paid
9004843,501615,2025-05-28,2089.81,2110.66,2092.6,18.06,5,Late
9004844,501615,2025-08-26,1961.47,1931.23,1914.28,16.95,0,Paid
9004845,501615,2025-11-24,2095.76,2016.93,1998.82,18.11,30,Late
9004846,501616,2024-07-21,7387.82,6553.4,6504.15,49.25,5,Late
9004847,501616,2024-10-19,7126.4,6789.97,6742.46,47.51,90,Late
9004848,501616,2025-01-17,7538.05,7371.86,7321.6,50.25,0,Paid
9004849,501617,2020-04-28,13178.14,13532.14,13427.59,104.55,90,Late
9004850,501617,2020-07-27,12664.08,12782.01,12681.54,100.47,45,Late
9004851,501617,2020-10-25,12928.85,10609.52,10506.95,102.57,60,Late
9004852,501618,2024-12-25,1320.61,1311.37,1305.38,5.99,0,Paid
9004853,501618,2025-03-25,1307.24,1336.6,1330.67,5.93,0,Paid
9004854,501618,2025-06-23,1260.59,1050.41,1044.69,5.71,15,Late
9004855,501619,2024-09-19,3953.69,3656.88,3633.75,23.13,5,Late
9004856,501619,2024-12-18,3804.26,3227.66,3205.41,22.25,5,Late
9004857,501619,2025-03-18,3741.98,3725.76,3703.87,21.89,0,Paid
9004858,501620,2023-10-25,5186.96,4612.6,4556.06,56.54,10,Late
9004859,501620,2024-01-23,4926.33,5057.09,5003.4,53.7,0,Paid
9004860,501620,2024-04-22,4783.75,4038.65,3986.51,52.14,10,Late
9004861,501621,2021-12-10,2055.32,1945.99,1937.11,8.87,120,Late
9004862,501621,2022-03-10,2059.62,1882.86,1873.97,8.89,45,Late
9004863,501621,2022-06-08,1985.12,1944.44,1935.87,8.57,45,Late
9004864,501622,2024-05-15,381.0,379.95,376.18,3.78,0,Paid
9004865,501622,2024-08-13,372.65,364.78,361.09,3.69,0,Paid
9004866,501622,2024-11-11,384.95,335.64,331.82,3.81,60,Late
9004867,501623,2025-07-24,1743.41,1675.48,1667.98,7.5,90,Late
9004868,501623,2025-10-22,1731.37,1732.74,1725.29,7.44,0,Paid
9004869,501623,2026-01-20,1823.12,1840.86,1833.02,7.84,5,Late
9004870,501624,2021-11-12,14266.59,14406.73,14340.99,65.75,45,Late
9004871,501624,2022-02-10,14525.18,11719.9,11652.96,66.94,30,Late
9004872,501624,2022-05-11,14322.3,11071.1,11005.1,66.0,45,Late
9004873,501625,2019-04-11,1698.01,1368.92,1361.59,7.33,15,Late
9004874,501625,2019-07-10,1794.35,1403.28,1395.53,7.75,30,Late
9004875,501625,2019-10-08,1719.92,1593.17,1585.74,7.42,45,Late
9004876,501626,2021-06-26,15562.03,15131.9,15009.35,122.55,120,Late
9004877,501626,2021-09-24,14392.43,12547.85,12434.51,113.34,90,Late
9004878,501626,2021-12-23,14887.61,15299.29,15182.05,117.24,90,Late
9004879,501627,2020-07-13,11116.61,8898.32,8806.88,91.43,5,Late
9004880,501627,2020-10-11,10868.56,10679.84,10590.44,89.39,0,Paid
9004881,501627,2021-01-09,10825.75,10821.88,10732.83,89.04,45,Late
9004882,501628,2020-05-14,5446.33,5045.06,5029.17,15.89,90,Late
9004883,501628,2020-08-12,5686.6,5519.82,5503.23,16.59,0,Paid
9004884,501628,2020-11-10,5377.71,5361.64,5345.96,15.68,10,Late
9004885,501629,2025-06-01,1912.03,1779.97,1765.2,14.77,5,Late
9004886,501629,2025-08-30,1873.48,1869.43,1854.96,14.47,0,Paid
9004887,501629,2025-11-28,1847.62,1853.13,1838.86,14.27,0,Paid
9004888,501630,2025-03-24,2721.03,2715.24,2703.9,11.34,0,Paid
9004889,501630,2025-06-22,2634.86,2670.61,2659.63,10.98,0,Paid
9004890,501630,2025-09-20,2613.29,2123.3,2112.41,10.89,30,Late
9004891,501631,2023-03-30,1037.0,1051.76,1045.73,6.02,0,Paid
9004892,501631,2023-06-28,972.71,764.06,758.41,5.65,15,Late
9004893,501631,2023-09-26,958.83,903.75,898.19,5.57,15,Late
9004894,501632,2025-12-10,5644.29,5730.67,5674.32,56.35,60,Late
9004895,501632,2026-03-10,5660.3,5789.29,5732.78,56.51,5,Late
9004896,501632,2026-06-08,5965.65,5565.91,5506.35,59.56,5,Late
9004897,501633,2022-01-30,13367.02,11460.81,11305.2,155.61,45,Late
9004898,501633,2022-04-30,13405.59,11544.56,11388.49,156.06,60,Late
9004899,501633,2022-07-29,13173.76,12969.99,12816.63,153.36,0,Paid
9004900,501634,2023-12-28,2314.37,2376.71,2363.21,13.5,0,Paid
9004901,501634,2024-03-27,2325.55,2325.31,2311.74,13.57,0,Paid
9004902,501634,2024-06-25,2362.31,2376.45,2362.67,13.78,0,Paid
9004903,501635,2021-06-09,9116.6,9361.86,9253.9,107.96,5,Late
9004904,501635,2021-09-07,9093.3,7035.84,6928.16,107.68,90,Late
9004905,501635,2021-12-06,9212.66,8974.83,8865.73,109.09,0,Paid
9004906,501636,2025-04-08,14620.44,14376.7,14325.65,51.05,0,Paid
9004907,501636,2025-07-07,14314.89,13475.96,13425.98,49.98,30,Late
9004908,501636,2025-10-05,14365.59,14619.47,14569.31,50.16,0,Paid
9004909,501637,2021-06-21,4949.09,4828.18,4806.49,21.69,0,Paid
9004910,501637,2021-09-19,4835.0,4881.72,4860.52,21.19,5,Late
9004911,501637,2021-12-18,4983.91,4939.37,4917.52,21.85,0,Paid
9004912,501638,2024-12-04,14556.01,14796.9,14747.89,49.01,0,Paid
9004913,501638,2025-03-04,15254.5,12147.39,12096.03,51.36,10,Late
9004914,501638,2025-06-02,14924.97,14569.57,14519.32,50.25,0,Paid
9004915,501639,2023-12-07,1155.76,1159.3,1149.42,9.87,0,Paid
9004916,501639,2024-03-06,1131.0,1109.54,1099.88,9.66,0,Paid
9004917,501639,2024-06-04,1205.06,1096.14,1085.85,10.29,5,Late
9004918,501640,2021-12-13,12944.51,12642.79,12599.43,43.36,0,Paid
9004919,501640,2022-03-13,13454.45,13382.11,13337.04,45.07,0,Paid
9004920,501640,2022-06-11,13124.83,11299.07,11255.1,43.97,5,Late
9004921,501641,2023-04-16,146.51,142.12,141.02,1.09,0,Paid
9004922,501641,2023-07-15,135.31,123.24,122.23,1.01,5,Late
9004923,501641,2023-10-13,142.74,131.63,130.57,1.06,10,Late
9004924,501642,2025-03-03,13557.17,13934.72,13811.69,123.03,0,Paid
9004925,501642,2025-06-01,13639.89,14022.11,13898.33,123.78,30,Late
9004926,501642,2025-08-30,12425.54,12629.69,12516.93,112.76,0,Paid
9004927,501643,2023-07-30,1685.49,1721.92,1710.03,11.9,0,Paid
9004928,501643,2023-10-28,1836.62,1396.89,1383.92,12.96,45,Late
9004929,501643,2024-01-26,1758.24,1720.76,1708.35,12.41,0,Paid
9004930,501644,2019-07-25,1816.21,1833.49,1820.64,12.85,60,Late
9004931,501644,2019-10-23,1870.23,1751.14,1737.91,13.23,15,Late
9004932,501644,2020-01-21,1808.97,1486.98,1474.18,12.8,60,Late
9004933,501645,2019-07-30,6343.62,6282.09,6207.4,74.7,30,Late
9004934,501645,2019-10-28,6344.41,6172.0,6097.3,74.71,0,Paid
9004935,501645,2020-01-26,5962.54,6082.35,6012.14,70.21,0,Paid
9004936,501646,2020-08-25,14345.46,13101.78,13024.2,77.59,60,Late
9004937,501646,2020-11-23,15687.18,12540.92,12456.08,84.84,10,Late
9004938,501646,2021-02-21,14745.52,15132.39,15052.65,79.75,0,Paid
9004939,501647,2022-08-10,1942.07,1668.17,1647.89,20.28,45,Late
9004940,501647,2022-11-08,1908.85,1642.61,1622.68,19.93,120,Late
9004941,501647,2023-02-06,1934.91,1624.17,1603.97,20.2,60,Late
9004942,501648,2025-08-13,15624.78,15568.61,15512.49,56.12,0,Paid
9004943,501648,2025-11-11,14424.84,14755.12,14703.31,51.81,0,Paid
9004944,501648,2026-02-09,15149.56,15485.4,15430.99,54.41,0,Paid
9004945,501649,2023-06-18,14747.24,11975.38,11863.18,112.2,45,Late
9004946,501649,2023-09-16,14931.15,12363.47,12249.87,113.6,5,Late
9004947,501649,2023-12-15,13984.96,10595.82,10489.42,106.4,90,Late
9004948,501650,2025-01-06,10646.94,10738.67,10690.32,48.35,0,Paid
9004949,501650,2025-04-06,11228.49,8744.32,8693.32,51.0,10,Late
9004950,501650,2025-07-05,11143.86,10843.63,10793.02,50.61,0,Paid
9004951,501651,2023-05-13,6957.73,7144.17,7083.35,60.82,90,Late
9004952,501651,2023-08-11,6614.36,6596.27,6538.45,57.82,0,Paid
9004953,501651,2023-11-09,6949.79,7048.91,6988.16,60.75,0,Paid
9004954,501652,2024-09-21,14591.57,14554.65,14485.71,68.95,0,Paid
9004955,501652,2024-12-20,14433.74,14163.95,14095.75,68.2,0,Paid
9004956,501652,2025-03-20,15467.53,12225.2,12152.11,73.08,15,Late
9004957,501653,2024-05-02,1828.34,1570.61,1556.14,14.47,5,Late
9004958,501653,2024-07-31,1813.67,1741.08,1726.72,14.36,15,Late
9004959,501653,2024-10-29,1852.7,1834.16,1819.5,14.67,45,Late
9004960,501654,2025-11-01,6600.7,5742.25,5709.3,32.95,10,Late
9004961,501654,2026-01-30,6117.49,5181.93,5151.4,30.54,5,Late
9004962,501654,2026-04-30,6673.74,6500.66,6467.35,33.31,0,Paid
9004963,501655,2024-01-27,14155.95,13972.98,13892.18,80.81,0,Paid
9004964,501655,2024-04-26,13630.08,13848.48,13770.68,77.81,0,Paid
9004965,501655,2024-07-25,14233.66,13953.19,13871.94,81.25,0,Paid
9004966,501656,2023-01-12,14531.51,14869.52,14707.0,162.51,0,Paid
9004967,501656,2023-04-12,14794.79,14291.86,14126.41,165.46,5,Late
9004968,501656,2023-07-11,15476.91,12213.36,12040.27,173.08,15,Late
9004969,501657,2024-05-26,6965.79,7029.38,6968.08,61.3,0,Paid
9004970,501657,2024-08-24,6732.55,6601.02,6541.77,59.25,0,Paid
9004971,501657,2024-11-22,7053.04,6731.57,6669.5,62.07,45,Late
9004972,501658,2022-07-02,318.79,313.27,310.75,2.52,0,Paid
9004973,501658,2022-09-30,327.01,329.85,327.27,2.58,0,Paid
9004974,501658,2022-12-29,334.79,326.63,323.98,2.64,0,Paid
9004975,501659,2022-07-03,1870.14,1868.43,1850.4,18.03,0,Paid
9004976,501659,2022-10-01,1759.91,1778.82,1761.85,16.97,0,Paid
9004977,501659,2022-12-30,1785.71,1757.61,1740.4,17.22,0,Paid
9004978,501660,2020-06-09,727.42,643.21,635.64,7.57,5,Late
9004979,501660,2020-09-07,720.72,692.91,685.41,7.5,90,Late
9004980,501660,2020-12-06,688.62,704.94,697.78,7.17,0,Paid
9004981,501661,2022-08-29,9016.1,8795.27,8710.6,84.68,15,Late
9004982,501661,2022-11-27,8306.57,8272.24,8194.23,78.01,5,Late
9004983,501661,2023-02-25,8979.52,9170.12,9085.79,84.33,0,Paid
9004984,501662,2020-06-03,552.7,539.85,536.98,2.87,0,Paid
9004985,501662,2020-09-01,550.36,434.97,432.1,2.86,5,Late
9004986,501662,2020-11-30,565.35,578.92,575.98,2.94,0,Paid
9004987,501663,2021-10-30,14457.71,14119.72,14007.68,112.05,0,Paid
9004988,501663,2022-01-28,15424.73,15510.74,15391.2,119.54,0,Paid
9004989,501663,2022-04-28,15322.42,15486.39,15367.64,118.75,0,Paid
9004990,501664,2021-10-03,984.71,822.74,813.67,9.08,90,Late
9004991,501664,2022-01-01,1036.9,1013.35,1003.79,9.56,0,Paid
9004992,501664,2022-04-01,976.29,956.69,947.69,9.0,0,Paid
9004993,501665,2024-03-14,15112.44,14725.46,14664.0,61.46,90,Late
9004994,501665,2024-06-12,14613.22,11810.62,11751.2,59.43,120,Late
9004995,501665,2024-09-10,15013.98,12673.71,12612.65,61.06,45,Late
9004996,501666,2019-08-18,1262.42,951.58,936.4,15.18,60,Late
9004997,501666,2019-11-16,1228.8,1096.27,1081.49,14.78,30,Late
9004998,501666,2020-02-14,1154.92,983.77,969.88,13.89,45,Late
9004999,501667,2024-06-18,1891.04,1478.68,1463.36,15.32,45,Late
9005000,501667,2024-09-16,1800.73,1851.31,1836.73,14.59,0,Paid
9005001,501667,2024-12-15,1867.82,1556.11,1540.98,15.13,60,Late
9005002,501668,2021-06-21,15469.68,15028.94,14951.2,77.74,0,Paid
9005003,501668,2021-09-19,14818.61,15138.04,15063.57,74.46,0,Paid
9005004,501668,2021-12-18,14308.19,14230.82,14158.92,71.9,5,Late
9005005,501669,2020-08-03,15022.09,15180.84,15124.76,56.08,0,Paid
9005006,501669,2020-11-01,14618.23,14655.21,14600.64,54.57,0,Paid
9005007,501669,2021-01-30,14783.49,11521.34,11466.15,55.19,45,Late
9005008,501670,2022-06-23,4741.65,3686.83,3661.19,25.64,30,Late
9005009,501670,2022-09-21,4994.11,5023.37,4996.36,27.01,0,Paid
9005010,501670,2022-12-20,4935.96,4827.01,4800.31,26.7,0,Paid
9005011,501671,2021-08-31,14869.27,14527.97,14353.0,174.96,0,Paid
9005012,501671,2021-11-29,14294.04,14711.05,14542.85,168.19,0,Paid
9005013,501671,2022-02-27,15560.61,15104.44,14921.34,183.1,0,Paid
9005014,501672,2023-02-07,9147.07,7372.53,7279.46,93.07,120,Late
9005015,501672,2023-05-08,8854.4,8999.01,8908.92,90.09,90,Late
9005016,501672,2023-08-06,9054.7,8849.19,8757.06,92.13,120,Late
9005017,501673,2021-05-01,14747.87,14423.8,14342.07,81.73,0,Paid
9005018,501673,2021-07-30,14612.66,11009.25,10928.27,80.98,15,Late
9005019,501673,2021-10-28,14266.92,14456.2,14377.13,79.06,15,Late
9005020,501674,2021-02-19,1794.82,1533.88,1513.21,20.67,60,Late
9005021,501674,2021-05-20,1739.86,1358.43,1338.4,20.04,45,Late
9005022,501674,2021-08-18,1651.46,1657.73,1638.71,19.02,30,Late
9005023,501675,2022-10-12,1197.18,1108.44,1096.45,11.99,120,Late
9005024,501675,2023-01-10,1164.52,1135.17,1123.51,11.66,120,Late
9005025,501675,2023-04-10,1146.74,939.93,928.44,11.49,60,Late
9005026,501676,2023-08-10,15152.53,13127.77,13061.73,66.04,90,Late
9005027,501676,2023-11-08,14998.01,14327.78,14262.41,65.37,45,Late
9005028,501676,2024-02-06,15445.76,12268.02,12200.7,67.32,90,Late
9005029,501677,2025-06-16,11098.8,11360.48,11272.53,87.96,0,Paid
9005030,501677,2025-09-14,10618.85,10440.44,10356.29,84.15,0,Paid
9005031,501677,2025-12-13,10842.34,10886.94,10801.02,85.93,0,Paid
9005032,501678,2023-04-12,1484.41,1513.21,1501.41,11.8,45,Late
9005033,501678,2023-07-11,1502.92,1459.14,1447.19,11.95,0,Paid
9005034,501678,2023-10-09,1443.3,1447.81,1436.33,11.47,0,Paid
9005035,501679,2021-11-02,1947.53,1961.3,1944.42,16.88,0,Paid
9005036,501679,2022-01-31,1955.76,1914.99,1898.04,16.95,0,Paid
9005037,501679,2022-05-01,1924.92,1922.27,1905.59,16.68,0,Paid
9005038,501680,2022-04-18,11082.87,11326.23,11237.1,89.12,0,Paid
9005039,501680,2022-07-17,10659.57,10661.24,10575.51,85.72,0,Paid
9005040,501680,2022-10-15,11121.87,10798.56,10709.12,89.44,0,Paid
9005041,501681,2022-11-03,6467.64,6199.85,6128.43,71.41,5,Late
9005042,501681,2023-02-01,6169.1,6249.2,6181.08,68.12,0,Paid
9005043,501681,2023-05-02,6638.68,6567.7,6494.4,73.3,0,Paid
9005044,501682,2022-01-07,604.14,475.27,468.8,6.47,10,Late
9005045,501682,2022-04-07,601.84,617.66,611.22,6.44,0,Paid
9005046,501682,2022-07-06,598.11,611.44,605.04,6.4,0,Paid
9005047,501683,2020-09-03,2024.85,1828.65,1807.94,20.7,120,Late
9005048,501683,2020-12-02,2046.68,1536.43,1515.51,20.93,120,Late
9005049,501683,2021-03-02,2135.59,1946.14,1924.3,21.84,120,Late
9005050,501684,2020-12-01,2332.17,2337.87,2322.98,14.89,45,Late
9005051,501684,2021-03-01,2200.83,1779.89,1765.84,14.05,60,Late
9005052,501684,2021-05-30,2283.01,1926.23,1911.66,14.57,45,Late
9005053,501685,2019-03-20,448.28,387.5,385.95,1.55,60,Late
9005054,501685,2019-06-18,418.17,331.38,329.93,1.45,45,Late
9005055,501685,2019-09-16,411.17,397.5,396.08,1.42,30,Late
9005056,501686,2019-09-24,7427.05,5957.01,5889.55,67.46,15,Late
9005057,501686,2019-12-23,7794.0,7146.67,7075.87,70.8,60,Late
9005058,501686,2020-03-22,7837.97,7770.2,7699.01,71.19,45,Late
9005059,501687,2025-12-15,6895.23,5799.47,5764.59,34.88,45,Late
9005060,501687,2026-03-15,6564.97,5426.48,5393.27,33.21,60,Late
9005061,501687,2026-06-13,6662.0,5185.18,5151.48,33.7,60,Late
9005062,501688,2024-12-19,1173.98,1145.57,1141.61,3.96,0,Paid
9005063,501688,2025-03-19,1216.22,1194.47,1190.37,4.1,0,Paid
9005064,501688,2025-06-17,1215.39,1193.1,1189.0,4.1,0,Paid
9005065,501689,2023-02-25,14674.74,14360.89,14287.88,73.01,0,Paid
9005066,501689,2023-05-26,14227.28,14280.83,14210.05,70.78,0,Paid
9005067,501689,2023-08-24,14178.93,13814.94,13744.4,70.54,0,Paid
9005068,501690,2025-08-29,15718.99,15898.55,15797.3,101.26,0,Paid
9005069,501690,2025-11-27,14504.17,14547.8,14454.37,93.43,0,Paid
9005070,501690,2026-02-25,14444.18,12944.1,12851.06,93.04,5,Late
9005071,501691,2023-06-17,9702.0,9488.1,9454.55,33.55,60,Late
9005072,501691,2023-09-15,9044.21,7740.01,7708.74,31.28,60,Late
9005073,501691,2023-12-14,9602.84,9021.17,8987.96,33.21,120,Late
9005074,501692,2024-10-31,1094.31,1112.2,1107.58,4.61,30,Late
9005075,501692,2025-01-29,1159.88,906.06,901.17,4.89,60,Late
9005076,501692,2025-04-29,1108.28,1000.96,996.29,4.67,30,Late
9005077,501693,2021-02-13,7392.17,7595.03,7545.99,49.03,0,Paid
9005078,501693,2021-05-14,7232.84,7181.66,7133.69,47.98,0,Paid
9005079,501693,2021-08-12,7472.27,7146.49,7096.92,49.57,5,Late
9005080,501694,2021-03-22,1029.1,1018.82,1007.74,11.07,0,Paid
9005081,501694,2021-06-20,1083.23,1065.58,1053.93,11.65,0,Paid
9005082,501694,2021-09-18,1043.02,1059.76,1048.54,11.22,5,Late
9005083,501695,2025-10-11,15269.84,15267.51,15149.55,117.96,0,Paid
9005084,501695,2026-01-09,15672.93,15611.88,15490.8,121.07,0,Paid
9005085,501695,2026-04-09,15493.93,14758.77,14639.08,119.69,15,Late
9005086,501696,2021-03-20,1460.73,1190.62,1175.67,14.95,60,Late
9005087,501696,2021-06-18,1444.14,1194.62,1179.84,14.78,5,Late
9005088,501696,2021-09-16,1436.64,1403.91,1389.21,14.7,15,Late
9005089,501697,2025-08-06,10672.02,9685.74,9615.04,70.7,5,Late
9005090,501697,2025-11-04,10453.02,9217.31,9148.06,69.25,10,Late
9005091,501697,2026-02-02,10802.23,10141.87,10070.3,71.56,30,Late
9005092,501698,2019-05-02,1039.2,1035.3,1031.1,4.2,0,Paid
9005093,501698,2019-07-31,1011.34,837.78,833.69,4.09,10,Late
9005094,501698,2019-10-29,1052.43,1049.33,1045.08,4.25,0,Paid
9005095,501699,2022-12-09,1822.23,1660.61,1652.22,8.38,5,Late
9005096,501699,2023-03-09,1878.19,1906.96,1898.32,8.64,0,Paid
9005097,501699,2023-06-07,1836.13,1811.48,1803.03,8.45,0,Paid
9005098,501700,2024-12-23,12158.52,10540.16,10430.42,109.73,60,Late
9005099,501700,2025-03-23,11454.92,11410.0,11306.62,103.38,120,Late
9005100,501700,2025-06-21,12076.63,10271.8,10162.81,108.99,60,Late
9005101,501701,2022-08-24,1575.15,1619.17,1608.46,10.71,30,Late
9005102,501701,2022-11-22,1548.79,1575.42,1564.89,10.53,0,Paid
9005103,501701,2023-02-20,1599.12,1563.67,1552.79,10.87,0,Paid
9005104,501702,2020-10-09,8396.41,7580.69,7498.76,81.94,90,Late
9005105,501702,2021-01-07,7917.61,7465.84,7388.57,77.26,90,Late
9005106,501702,2021-04-07,8376.05,7076.75,6995.01,81.74,90,Late
9005107,501703,2019-10-04,2264.01,2316.68,2290.45,26.22,0,Paid
9005108,501703,2020-01-02,2260.19,2281.74,2255.56,26.18,0,Paid
9005109,501703,2020-04-01,2137.3,2000.33,1975.57,24.76,10,Late
9005110,501704,2022-12-10,8745.55,7305.31,7211.73,93.58,5,Late
9005111,501704,2023-03-10,8631.33,8505.9,8413.54,92.36,90,Late
9005112,501704,2023-06-08,8544.27,8378.48,8287.06,91.42,0,Paid
9005113,501705,2020-09-17,12539.87,12531.21,12490.24,40.96,30,Late
9005114,501705,2020-12-16,12106.05,12162.41,12122.86,39.55,45,Late
9005115,501705,2021-03-16,12172.67,12216.4,12176.63,39.76,0,Paid
9005116,501706,2019-08-17,14592.98,14929.51,14798.42,131.09,0,Paid
9005117,501706,2019-11-15,14646.85,14228.86,14097.28,131.58,0,Paid
9005118,501706,2020-02-13,15205.7,15538.03,15401.43,136.6,0,Paid
9005119,501707,2019-02-04,1634.99,1618.38,1612.44,5.94,0,Paid
9005120,501707,2019-05-05,1669.75,1689.41,1683.34,6.07,0,Paid
9005121,501707,2019-08-03,1682.06,1635.78,1629.67,6.11,0,Paid
9005122,501708,2025-02-18,12618.47,12395.93,12354.28,41.64,15,Late
9005123,501708,2025-05-19,12585.67,12868.8,12827.27,41.53,0,Paid
9005124,501708,2025-08-17,13117.63,13449.76,13406.47,43.29,0,Paid
9005125,501709,2024-06-16,2109.91,2092.42,2071.07,21.35,0,Paid
9005126,501709,2024-09-14,2287.31,2231.77,2208.63,23.14,0,Paid
9005127,501709,2024-12-13,2169.24,2155.29,2133.34,21.95,0,Paid
9005128,501710,2020-12-31,5051.2,4902.61,4881.01,21.59,0,Paid
9005129,501710,2021-03-31,4903.27,4995.62,4974.66,20.96,0,Paid
9005130,501710,2021-06-29,4989.02,5132.61,5111.28,21.33,0,Paid
9005131,501711,2025-08-06,393.57,331.58,327.13,4.44,60,Late
9005132,501711,2025-11-04,414.94,380.94,376.26,4.69,30,Late
9005133,501711,2026-02-02,400.6,375.96,371.43,4.52,45,Late
9005134,501712,2024-11-11,1042.93,1029.01,1021.84,7.17,0,Paid
9005135,501712,2025-02-09,1046.67,879.04,871.84,7.2,5,Late
9005136,501712,2025-05-10,1103.73,835.63,828.04,7.59,15,Late
9005137,501713,2020-02-19,1864.47,1825.13,1812.09,13.04,0,Paid
9005138,501713,2020-05-19,1832.34,1848.67,1835.85,12.81,0,Paid
9005139,501713,2020-08-17,1930.38,1755.68,1742.18,13.5,45,Late
9005140,501714,2019-02-06,1215.82,1243.23,1230.3,12.93,0,Paid
9005141,501714,2019-05-07,1203.18,1046.79,1034.0,12.79,5,Late
9005142,501714,2019-08-05,1131.06,1143.81,1131.79,12.03,0,Paid
9005143,501715,2025-04-01,14384.01,14467.67,14320.48,147.2,0,Paid
9005144,501715,2025-06-30,14388.44,13157.71,13010.47,147.24,10,Late
9005145,501715,2025-09-28,15737.15,15805.23,15644.19,161.04,0,Paid
9005146,501716,2024-11-26,951.61,746.73,740.31,6.42,45,Late
9005147,501716,2025-02-24,1014.18,1011.38,1004.54,6.85,0,Paid
9005148,501716,2025-05-25,999.06,988.05,981.31,6.74,0,Paid
9005149,501717,2025-02-18,2191.12,2102.85,2093.04,9.81,5,Late
9005150,501717,2025-05-19,2182.86,2248.26,2238.5,9.77,0,Paid
9005151,501717,2025-08-17,2054.18,1695.05,1685.85,9.19,5,Late
9005152,501718,2024-07-24,5684.14,5382.9,5330.93,51.96,30,Late
9005153,501718,2024-10-22,5578.83,4368.02,4317.02,51.0,45,Late
9005154,501718,2025-01-20,5767.82,5381.18,5328.45,52.73,45,Late
9005155,501719,2022-02-14,14808.67,12776.64,12633.98,142.66,15,Late
9005156,501719,2022-05-15,13849.54,12962.47,12829.05,133.42,30,Late
9005157,501719,2022-08-13,14592.65,13603.06,13462.49,140.58,45,Late
9005158,501720,2022-11-14,8886.57,8785.24,8716.29,68.94,0,Paid
9005159,501720,2023-02-12,8863.77,8811.13,8742.36,68.77,0,Paid
9005160,501720,2023-05-13,8830.48,8750.45,8681.94,68.51,0,Paid
9005161,501721,2025-10-02,3877.96,3281.47,3269.65,11.83,45,Late
9005162,501721,2025-12-31,3962.49,3954.07,3941.98,12.09,0,Paid
9005163,501721,2026-03-31,4080.15,4041.94,4029.5,12.44,0,Paid
9005164,501722,2022-03-09,182.11,184.1,182.84,1.27,5,Late
9005165,501722,2022-06-07,179.26,179.26,178.02,1.25,0,Paid
9005166,501722,2022-09-05,191.56,191.19,189.86,1.33,0,Paid
9005167,501723,2019-10-10,1861.41,1451.5,1432.22,19.28,45,Late
9005168,501723,2020-01-08,1975.33,1677.06,1656.6,20.46,60,Late
9005169,501723,2020-04-07,1973.46,1996.49,1976.05,20.44,15,Late
9005170,501724,2025-10-02,15040.28,13639.39,13463.55,175.85,45,Late
9005171,501724,2025-12-31,14958.49,11873.12,11698.23,174.89,120,Late
9005172,501724,2026-03-31,14782.84,14870.65,14697.81,172.84,60,Late
9005173,501725,2019-08-15,1663.48,1397.64,1383.25,14.39,45,Late
9005174,501725,2019-11-13,1784.43,1593.01,1577.58,15.44,30,Late
9005175,501725,2020-02-11,1696.05,1632.02,1617.35,14.67,30,Late
9005176,501726,2024-04-30,14882.0,15167.12,15115.9,51.22,0,Paid
9005177,501726,2024-07-29,14626.39,14736.52,14686.18,50.34,5,Late
9005178,501726,2024-10-27,15602.73,15585.63,15531.93,53.7,0,Paid
9005179,501727,2020-01-22,5492.49,5525.89,5481.41,44.49,0,Paid
9005180,501727,2020-04-21,5422.72,5445.42,5401.5,43.92,5,Late
9005181,501727,2020-07-20,5202.46,4445.49,4403.35,42.14,30,Late
9005182,501728,2021-07-11,7205.1,6109.34,6028.76,80.58,30,Late
9005183,501728,2021-10-09,7087.16,7005.23,6925.97,79.26,0,Paid
9005184,501728,2022-01-07,6550.34,5922.32,5849.07,73.25,45,Late
9005185,501729,2023-11-30,6886.9,7062.57,7008.91,53.66,0,Paid
9005186,501729,2024-02-28,6949.74,5412.82,5358.67,54.15,30,Late
9005187,501729,2024-05-28,7311.74,7179.85,7122.88,56.97,0,Paid
9005188,501730,2019-09-27,2028.53,2009.19,1996.41,12.78,0,Paid
9005189,501730,2019-12-26,2021.86,2005.48,1992.74,12.74,0,Paid
9005190,501730,2020-03-25,2087.62,2107.37,2094.21,13.15,0,Paid
9005191,501731,2025-03-04,438.64,393.84,390.69,3.15,60,Late
9005192,501731,2025-06-02,413.87,384.7,381.73,2.97,5,Late
9005193,501731,2025-08-31,449.7,439.43,436.2,3.23,0,Paid
9005194,501732,2020-07-12,2189.41,1804.81,1796.89,7.92,10,Late
9005195,501732,2020-10-10,2144.12,2107.21,2099.46,7.75,0,Paid
9005196,501732,2021-01-08,2185.45,2148.78,2140.88,7.9,0,Paid
9005197,501733,2024-08-24,689.35,564.2,557.1,7.1,10,Late
9005198,501733,2024-11-22,728.15,648.43,640.93,7.5,60,Late
9005199,501733,2025-02-20,731.78,719.54,712.01,7.54,0,Paid
9005200,501734,2019-03-12,14755.85,15020.53,14874.32,146.21,0,Paid
9005201,501734,2019-06-10,14496.24,11754.32,11610.68,143.63,30,Late
9005202,501734,2019-09-08,13882.34,13675.93,13538.38,137.55,0,Paid
9005203,501735,2023-10-13,1884.3,1884.28,1876.4,7.88,0,Paid
9005204,501735,2024-01-11,1938.33,1902.36,1894.25,8.11,0,Paid
9005205,501735,2024-04-10,1924.01,1978.5,1970.46,8.05,5,Late
9005206,501736,2025-01-24,771.99,761.06,754.97,6.09,0,Paid
9005207,501736,2025-04-24,767.0,765.6,759.56,6.05,0,Paid
9005208,501736,2025-07-23,770.09,765.88,759.81,6.07,0,Paid
9005209,501737,2024-05-07,856.26,745.7,735.7,10.0,90,Late
9005210,501737,2024-08-05,796.21,809.86,800.57,9.3,90,Late
9005211,501737,2024-11-03,847.34,654.8,644.9,9.89,90,Late
9005212,501738,2022-08-14,1589.97,1196.0,1188.75,7.25,30,Late
9005213,501738,2022-11-12,1597.06,1642.0,1634.72,7.28,0,Paid
9005214,501738,2023-02-10,1535.61,1288.57,1281.57,7.0,90,Late
9005215,501739,2022-03-21,1919.19,1959.22,1952.51,6.7,5,Late
9005216,501739,2022-06-19,1864.5,1901.23,1894.72,6.51,0,Paid
9005217,501739,2022-09-17,1845.91,1591.21,1584.76,6.45,45,Late
9005218,501740,2019-03-18,899.83,762.45,752.48,9.97,90,Late
9005219,501740,2019-06-16,923.59,732.17,721.94,10.23,5,Late
9005220,501740,2019-09-14,895.76,748.83,738.9,9.92,10,Late
9005221,501741,2020-07-22,991.65,942.13,937.27,4.86,10,Late
9005222,501741,2020-10-20,1032.49,1043.76,1038.7,5.06,0,Paid
9005223,501741,2021-01-18,1024.07,1025.1,1020.08,5.02,0,Paid
9005224,501742,2024-07-17,903.61,701.29,690.65,10.64,45,Late
9005225,501742,2024-10-15,944.99,923.08,911.96,11.13,0,Paid
9005226,501742,2025-01-13,981.81,936.87,925.31,11.56,60,Late
9005227,501743,2024-02-12,13321.58,13045.22,12994.15,51.07,0,Paid
9005228,501743,2024-05-12,12725.1,9861.47,9812.69,48.78,30,Late
9005229,501743,2024-08-10,13583.49,13466.57,13414.5,52.07,0,Paid
9005230,501744,2023-06-27,679.87,665.33,663.16,2.16,30,Late
9005231,501744,2023-09-25,636.83,590.62,588.59,2.03,15,Late
9005232,501744,2023-12-24,690.92,671.96,669.76,2.2,60,Late
9005233,501745,2022-09-21,4830.46,4975.32,4953.3,22.02,0,Paid
9005234,501745,2022-12-20,4553.53,4603.88,4583.12,20.76,0,Paid
9005235,501745,2023-03-20,4484.84,4468.41,4447.97,20.44,0,Paid
9005236,501746,2025-10-25,12498.17,11900.02,11837.32,62.7,60,Late
9005237,501746,2026-01-23,13279.17,11966.58,11899.97,66.62,15,Late
9005238,501746,2026-04-23,12665.1,12785.46,12721.92,63.54,0,Paid
9005239,501747,2022-08-09,1733.68,1722.15,1710.94,11.21,0,Paid
9005240,501747,2022-11-07,1773.67,1774.13,1762.66,11.47,0,Paid
9005241,501747,2023-02-05,1756.27,1725.58,1714.22,11.36,0,Paid
9005242,501748,2023-01-27,4063.14,3424.82,3411.99,12.83,10,Late
9005243,501748,2023-04-27,3932.07,3949.51,3937.09,12.42,0,Paid
9005244,501748,2023-07-26,4023.21,3355.55,3342.84,12.71,5,Late
9005245,501749,2022-07-07,15141.54,14979.84,14925.33,54.51,0,Paid
9005246,501749,2022-10-05,14396.31,14561.75,14509.92,51.83,0,Paid
9005247,501749,2023-01-03,15347.54,15001.9,14946.65,55.25,0,Paid
9005248,501750,2019-02-28,13618.31,13300.21,13226.1,74.11,0,Paid
9005249,501750,2019-05-29,13523.56,10648.24,10574.65,73.59,5,Late
9005250,501750,2019-08-27,14881.56,14544.34,14463.36,80.98,0,Paid
9005251,501751,2022-06-07,5131.73,5271.92,5220.77,51.15,0,Paid
9005252,501751,2022-09-05,4836.69,4710.02,4661.81,48.21,0,Paid
9005253,501751,2022-12-04,5032.91,4953.02,4902.86,50.16,30,Late
9005254,501752,2022-02-07,7064.36,5720.57,5646.1,74.47,30,Late
9005255,501752,2022-05-08,7355.6,6490.91,6413.37,77.54,60,Late
9005256,501752,2022-08-06,7047.69,5824.31,5750.01,74.29,15,Late
9005257,501753,2023-07-08,6219.66,6338.5,6273.09,65.41,0,Paid
9005258,501753,2023-10-06,6463.13,6606.01,6538.04,67.97,0,Paid
9005259,501753,2024-01-04,6178.61,6129.49,6064.51,64.98,0,Paid
9005260,501754,2022-01-01,15369.38,15680.78,15635.31,45.47,0,Paid
9005261,501754,2022-04-01,14322.4,14062.81,14020.44,42.37,0,Paid
9005262,501754,2022-06-30,14678.0,14679.62,14636.19,43.42,0,Paid
9005263,501755,2021-05-04,1789.43,1629.6,1619.05,10.54,30,Late
9005264,501755,2021-08-02,1730.48,1546.45,1536.26,10.2,15,Late
9005265,501755,2021-10-31,1768.33,1542.88,1532.46,10.42,15,Late
9005266,501756,2019-10-30,498.47,431.25,427.96,3.29,60,Late
9005267,501756,2020-01-28,457.31,344.78,341.76,3.02,45,Late
9005268,501756,2020-04-27,486.3,390.22,387.01,3.21,90,Late
9005269,501757,2020-06-30,7333.18,7517.14,7453.34,63.8,10,Late
9005270,501757,2020-09-28,7511.14,7345.98,7280.63,65.35,0,Paid
9005271,501757,2020-12-27,7559.34,7655.1,7589.33,65.77,0,Paid
9005272,501758,2024-09-23,1013.41,953.34,945.37,7.96,15,Late
9005273,501758,2024-12-22,935.34,899.33,891.98,7.35,60,Late
9005274,501758,2025-03-22,942.45,759.36,751.95,7.41,60,Late
9005275,501759,2024-01-27,1145.87,1171.93,1161.9,10.03,0,Paid
9005276,501759,2024-04-26,1091.99,1109.4,1099.85,9.55,0,Paid
9005277,501759,2024-07-25,1126.06,1030.51,1020.66,9.85,5,Late
9005278,501760,2025-01-20,1650.42,1640.73,1628.19,12.54,0,Paid
9005279,501760,2025-04-20,1727.56,1774.73,1761.6,13.13,0,Paid
9005280,501760,2025-07-19,1688.33,1731.73,1718.9,12.83,0,Paid
9005281,501761,2020-07-19,667.68,660.31,655.11,5.2,0,Paid
9005282,501761,2020-10-17,638.88,492.46,487.48,4.98,90,Late
9005283,501761,2021-01-15,641.14,562.07,557.07,5.0,5,Late
9005284,501762,2025-03-10,1389.26,1413.61,1405.46,8.15,60,Late
9005285,501762,2025-06-08,1418.38,1410.67,1402.35,8.32,0,Paid
9005286,501762,2025-09-06,1413.15,1433.93,1425.64,8.29,0,Paid
9005287,501763,2019-05-14,1963.57,1993.38,1979.16,14.22,0,Paid
9005288,501763,2019-08-12,1956.17,1912.21,1898.04,14.17,0,Paid
9005289,501763,2019-11-10,1937.13,1933.08,1919.05,14.03,0,Paid
9005290,501764,2019-07-24,2443.39,2091.11,2076.8,14.31,10,Late
9005291,501764,2019-10-22,2246.6,1698.56,1685.4,13.16,10,Late
9005292,501764,2020-01-20,2290.95,2027.52,2014.09,13.42,5,Late
9005293,501765,2021-11-02,15546.94,15908.95,15772.79,136.17,0,Paid
9005294,501765,2022-01-31,14270.32,13910.47,13785.49,124.98,0,Paid
9005295,501765,2022-05-01,14438.43,13573.58,13447.12,126.46,10,Late
9005296,501766,2019-04-29,4383.08,4335.41,4309.55,25.86,0,Paid
9005297,501766,2019-07-28,4533.12,3719.75,3693.01,26.75,15,Late
9005298,501766,2019-10-26,4642.37,4317.5,4290.11,27.39,10,Late
9005299,501767,2019-10-29,15225.75,15290.23,15239.48,50.75,0,Paid
9005300,501767,2020-01-27,15632.72,14395.41,14343.3,52.11,90,Late
9005301,501767,2020-04-26,15013.79,14893.32,14843.28,50.05,5,Late
9005302,501768,2020-03-02,14900.34,12063.98,11896.47,167.5,15,Late
9005303,501768,2020-05-31,15403.02,15689.55,15516.39,173.16,0,Paid
9005304,501768,2020-08-29,14906.77,12450.39,12282.81,167.58,5,Late
9005305,501769,2020-12-23,14971.61,15203.69,15121.72,81.97,0,Paid
9005306,501769,2021-03-23,14484.36,14814.44,14735.14,79.3,0,Paid
9005307,501769,2021-06-21,15299.27,13439.77,13356.01,83.76,45,Late
9005308,501770,2020-06-11,609.78,612.18,606.46,5.72,0,Paid
9005309,501770,2020-09-09,629.06,612.38,606.48,5.9,0,Paid
9005310,501770,2020-12-08,592.23,587.89,582.33,5.56,0,Paid
9005311,501771,2023-03-07,14278.34,14588.53,14481.8,106.73,0,Paid
9005312,501771,2023-06-05,14958.83,12897.71,12785.9,111.82,15,Late
9005313,501771,2023-09-03,15391.54,15269.94,15154.89,115.05,0,Paid
9005314,501772,2025-08-18,15309.53,14900.88,14783.38,117.5,0,Paid
9005315,501772,2025-11-16,14590.86,14382.43,14270.44,111.98,10,Late
9005316,501772,2026-02-14,14924.12,12689.06,12574.52,114.54,30,Late
9005317,501773,2023-07-13,5043.07,5020.86,4980.1,40.76,0,Paid
9005318,501773,2023-10-11,5201.76,5287.27,5245.22,42.05,0,Paid
9005319,501773,2024-01-09,5035.56,4316.73,4276.03,40.7,15,Late
9005320,501774,2023-04-09,1468.8,1268.07,1253.62,14.46,60,Late
9005321,501774,2023-07-08,1485.79,1500.75,1486.13,14.62,0,Paid
9005322,501774,2023-10-06,1537.85,1561.51,1546.38,15.14,0,Paid
9005323,501775,2024-11-23,736.33,730.63,725.89,4.74,0,Paid
9005324,501775,2025-02-21,788.9,772.55,767.48,5.08,60,Late
9005325,501775,2025-05-22,752.43,753.64,748.8,4.84,0,Paid
9005326,501776,2023-11-04,15272.63,14874.27,14766.6,107.67,0,Paid
9005327,501776,2024-02-02,15032.94,14835.28,14729.3,105.98,0,Paid
9005328,501776,2024-05-02,14619.36,14264.02,14160.95,103.07,0,Paid
9005329,501777,2023-03-21,1201.54,1225.98,1215.11,10.87,0,Paid
9005330,501777,2023-06-19,1225.53,1224.78,1213.69,11.09,0,Paid
9005331,501777,2023-09-17,1249.06,1217.5,1206.19,11.3,0,Paid
9005332,501778,2024-08-27,1677.68,1508.79,1499.44,9.35,15,Late
9005333,501778,2024-11-25,1630.31,1618.14,1609.05,9.09,0,Paid
9005334,501778,2025-02-23,1663.09,1292.65,1283.38,9.27,30,Late
9005335,501779,2022-03-10,1116.74,920.4,908.31,12.09,10,Late
9005336,501779,2022-06-08,1100.93,1100.23,1088.31,11.92,0,Paid
9005337,501779,2022-09-06,1141.76,1136.55,1124.19,12.36,0,Paid
9005338,501780,2020-05-19,1680.52,1513.17,1506.87,6.3,30,Late
9005339,501780,2020-08-17,1610.36,1617.73,1611.69,6.04,0,Paid
9005340,501780,2020-11-15,1595.18,1616.69,1610.71,5.98,0,Paid
9005341,501781,2025-04-18,7527.92,7735.38,7675.35,60.04,0,Paid
9005342,501781,2025-07-17,7336.75,7344.6,7286.09,58.51,0,Paid
9005343,501781,2025-10-15,7746.65,7722.1,7660.32,61.78,45,Late
9005344,501782,2021-02-20,6614.73,6422.79,6396.83,25.96,0,Paid
9005345,501782,2021-05-21,6652.26,6774.25,6748.14,26.11,0,Paid
9005346,501782,2021-08-19,6781.86,6895.1,6868.48,26.62,0,Paid
9005347,501783,2021-02-16,451.64,449.87,444.76,5.11,0,Paid
9005348,501783,2021-05-17,464.44,449.07,443.82,5.26,45,Late
9005349,501783,2021-08-15,462.29,399.94,394.71,5.23,5,Late
9005350,501784,2024-07-29,471.98,482.2,477.99,4.21,0,Paid
9005351,501784,2024-10-27,493.98,499.61,495.21,4.4,0,Paid
9005352,501784,2025-01-25,492.13,480.41,476.02,4.39,0,Paid
9005353,501785,2023-05-13,1433.67,1108.23,1091.21,17.01,10,Late
9005354,501785,2023-08-11,1453.88,1496.31,1479.06,17.25,0,Paid
9005355,501785,2023-11-09,1458.08,1488.91,1471.61,17.3,0,Paid
9005356,501786,2024-11-18,2351.98,2306.69,2283.25,23.44,0,Paid
9005357,501786,2025-02-16,2230.66,2265.59,2243.36,22.23,0,Paid
9005358,501786,2025-05-17,2272.44,2169.59,2146.94,22.65,15,Late
9005359,501787,2020-11-24,1921.95,1969.54,1962.55,6.98,0,Paid
9005360,501787,2021-02-22,2046.28,1746.61,1739.17,7.43,5,Late
9005361,501787,2021-05-23,2060.7,1791.07,1783.58,7.49,10,Late
9005362,501788,2022-07-25,3315.16,3310.1,3299.93,10.17,0,Paid
9005363,501788,2022-10-23,3364.2,3428.63,3418.31,10.32,0,Paid
9005364,501788,2023-01-21,3428.41,3343.78,3333.27,10.51,0,Paid
9005365,501789,2022-11-12,15084.16,14794.3,14639.81,154.49,0,Paid
9005366,501789,2023-02-10,14691.37,14898.16,14747.69,150.46,0,Paid
9005367,501789,2023-05-11,14904.08,14335.37,14182.73,152.64,15,Late
9005368,501790,2020-02-25,1698.28,1569.51,1561.7,7.81,5,Late
9005369,501790,2020-05-25,1673.65,1674.68,1666.98,7.7,0,Paid
9005370,501790,2020-08-23,1789.7,1614.85,1606.61,8.23,15,Late
9005371,501791,2021-12-25,1597.91,1556.51,1547.88,8.63,0,Paid
9005372,501791,2022-03-25,1587.61,1601.53,1592.96,8.57,0,Paid
9005373,501791,2022-06-23,1497.05,1527.24,1519.15,8.08,0,Paid
9005374,501792,2019-02-23,8871.14,9019.55,8931.21,88.34,0,Paid
9005375,501792,2019-05-24,9205.72,9224.39,9132.71,91.67,0,Paid
9005376,501792,2019-08-22,8894.95,8445.27,8356.69,88.58,5,Late
9005377,501793,2019-12-11,14895.43,15254.17,15128.18,125.99,0,Paid
9005378,501793,2020-03-10,15496.08,14527.45,14396.38,131.07,5,Late
9005379,501793,2020-06-08,15221.13,14169.82,14041.07,128.75,5,Late
9005380,501794,2022-05-13,1993.78,1661.7,1647.66,14.04,5,Late
9005381,501794,2022-08-11,2098.55,1670.87,1656.09,14.78,10,Late
9005382,501794,2022-11-09,1945.66,1979.08,1965.38,13.7,0,Paid
9005383,501795,2019-04-28,12252.77,10331.61,10194.38,137.23,45,Late
9005384,501795,2019-07-27,12262.87,12357.08,12219.73,137.34,60,Late
9005385,501795,2019-10-25,11838.57,10486.53,10353.93,132.59,30,Late
9005386,501796,2019-10-09,1182.26,1053.83,1047.72,6.11,15,Late
9005387,501796,2020-01-07,1196.92,1123.33,1117.14,6.18,15,Late
9005388,501796,2020-04-06,1221.98,1011.68,1005.37,6.31,45,Late
9005389,501797,2019-11-18,11207.77,10973.07,10857.45,115.63,0,Paid
9005390,501797,2020-02-16,11461.34,9210.6,9092.36,118.24,5,Late
9005391,501797,2020-05-16,11378.84,11528.24,11410.85,117.39,0,Paid
9005392,501798,2020-03-07,2708.49,2627.58,2597.81,29.77,0,Paid
9005393,501798,2020-06-05,2828.97,2760.58,2729.49,31.1,0,Paid
9005394,501798,2020-09-03,2708.94,2740.78,2711.0,29.78,0,Paid
9005395,501799,2019-05-16,8283.86,8295.94,8208.96,86.98,0,Paid
9005396,501799,2019-08-14,8099.56,6867.74,6782.69,85.05,30,Late
9005397,501799,2019-11-12,8082.08,8296.35,8211.49,84.86,0,Paid
9005398,501800,2019-05-03,1945.5,1975.61,1966.32,9.29,0,Paid
9005399,501800,2019-08-01,1996.13,1613.33,1603.8,9.53,30,Late
9005400,501800,2019-10-30,1890.23,1898.31,1889.28,9.03,0,Paid
9005401,501801,2021-09-09,15202.02,15122.1,15022.4,99.7,0,Paid
9005402,501801,2021-12-08,14276.22,14025.47,13931.85,93.63,0,Paid
9005403,501801,2022-03-08,14270.01,14218.8,14125.21,93.59,0,Paid
9005404,501802,2021-08-21,14853.25,11926.94,11817.76,109.17,30,Late
9005405,501802,2021-11-19,14379.88,14451.27,14345.57,105.69,0,Paid
9005406,501802,2022-02-17,14292.29,14649.79,14544.74,105.05,0,Paid
9005407,501803,2023-01-01,458.25,454.44,450.15,4.29,0,Paid
9005408,501803,2023-04-01,477.13,490.18,485.72,4.47,0,Paid
9005409,501803,2023-06-30,456.72,454.58,450.31,4.27,0,Paid
9005410,501804,2022-10-20,1073.48,955.45,947.52,7.93,60,Late
9005411,501804,2023-01-18,1130.53,1067.99,1059.64,8.35,120,Late
9005412,501804,2023-04-18,1046.57,950.88,943.15,7.73,120,Late
9005413,501805,2020-02-06,1969.75,1940.62,1931.81,8.81,0,Paid
9005414,501805,2020-05-06,1989.14,2024.54,2015.63,8.9,0,Paid
9005415,501805,2020-08-04,1972.73,2014.89,2006.06,8.83,0,Paid
9005416,501806,2025-06-17,15033.8,15364.4,15290.73,73.67,0,Paid
9005417,501806,2025-09-15,15124.52,11582.59,11508.48,74.11,15,Late
9005418,501806,2025-12-14,14804.16,15075.43,15002.89,72.54,0,Paid
9005419,501807,2020-03-04,1966.29,1881.7,1875.72,5.98,15,Late
9005420,501807,2020-06-02,2003.34,1749.12,1743.03,6.09,30,Late
9005421,501807,2020-08-31,1994.39,1848.3,1842.23,6.07,30,Late
9005422,501808,2020-02-15,13978.5,10678.7,10541.01,137.69,60,Late
9005423,501808,2020-05-15,14178.83,13280.63,13140.97,139.66,60,Late
9005424,501808,2020-08-13,13536.0,11163.68,11030.35,133.33,15,Late
9005425,501809,2022-08-30,15420.51,15364.38,15209.79,154.59,0,Paid
9005426,501809,2022-11-28,15210.51,14949.56,14797.07,152.49,5,Late
9005427,501809,2023-02-26,15058.66,14703.1,14552.14,150.96,0,Paid
9005428,501810,2023-05-26,1794.4,1715.09,1708.54,6.55,90,Late
9005429,501810,2023-08-24,1737.95,1319.74,1313.4,6.34,45,Late
9005430,501810,2023-11-22,1647.79,1528.3,1522.29,6.01,90,Late
9005431,501811,2025-01-07,2136.92,2161.67,2142.2,19.46,0,Paid
9005432,501811,2025-04-07,2163.4,2129.14,2109.43,19.7,0,Paid
9005433,501811,2025-07-06,2121.96,2092.97,2073.64,19.33,30,Late
9005434,501812,2021-02-17,1187.05,1182.71,1177.25,5.46,0,Paid
9005435,501812,2021-05-18,1210.93,935.22,929.65,5.57,90,Late
9005436,501812,2021-08-16,1202.17,1201.57,1196.04,5.53,0,Paid
9005437,501813,2023-12-23,10104.36,10227.55,10175.09,52.46,0,Paid
9005438,501813,2024-03-22,9504.37,9760.1,9710.76,49.34,0,Paid
9005439,501813,2024-06-20,9827.57,10057.66,10006.64,51.02,45,Late
9005440,501814,2021-11-07,1792.18,1774.06,1762.52,11.54,0,Paid
9005441,501814,2022-02-05,1727.08,1746.46,1735.33,11.13,0,Paid
9005442,501814,2022-05-06,1751.15,1552.1,1540.82,11.28,10,Late
9005443,501815,2020-10-02,4694.47,4728.36,4688.65,39.71,0,Paid
9005444,501815,2020-12-31,4444.5,4556.1,4518.51,37.59,0,Paid
9005445,501815,2021-03-31,4550.18,4601.01,4562.52,38.49,0,Paid
9005446,501816,2024-01-14,1785.48,1795.84,1775.38,20.46,0,Paid
9005447,501816,2024-04-13,1798.48,1825.89,1805.28,20.61,90,Late
9005448,501816,2024-07-12,1827.49,1872.62,1851.68,20.94,0,Paid
9005449,501817,2022-10-19,12803.7,13097.1,13023.59,73.51,0,Paid
9005450,501817,2023-01-17,12590.86,12251.51,12179.22,72.29,0,Paid
9005451,501817,2023-04-17,13725.7,14102.22,14023.41,78.81,0,Paid
9005452,501818,2020-05-02,15572.9,15505.23,15386.36,118.87,0,Paid
9005453,501818,2020-07-31,14362.89,14682.3,14572.66,109.64,0,Paid
9005454,501818,2020-10-29,15279.24,14856.63,14740.0,116.63,0,Paid
9005455,501819,2025-10-12,868.19,893.37,888.21,5.17,0,Paid
9005456,501819,2026-01-10,879.53,870.55,865.31,5.23,0,Paid
9005457,501819,2026-04-10,852.5,842.73,837.65,5.07,0,Paid
9005458,501820,2020-08-12,9264.58,8787.76,8731.94,55.82,10,Late
9005459,501820,2020-11-10,9610.7,8970.56,8912.66,57.9,90,Late
9005460,501820,2021-02-08,9182.59,9179.6,9124.28,55.33,0,Paid
9005461,501821,2024-04-01,718.7,698.66,696.26,2.4,0,Paid
9005462,501821,2024-06-30,725.04,708.19,705.77,2.42,0,Paid
9005463,501821,2024-09-28,711.07,692.35,689.98,2.37,0,Paid
9005464,501822,2022-07-05,718.91,605.12,602.35,2.77,30,Late
9005465,501822,2022-10-03,722.52,617.6,614.82,2.78,5,Late
9005466,501822,2023-01-01,694.61,699.35,696.68,2.67,5,Late
9005467,501823,2019-09-14,9206.65,9018.61,8940.2,78.41,15,Late
9005468,501823,2019-12-13,9158.41,8124.33,8046.33,78.0,5,Late
9005469,501823,2020-03-12,9169.04,9101.72,9023.63,78.09,0,Paid
9005470,501824,2023-09-23,947.88,882.65,879.43,3.22,10,Late
9005471,501824,2023-12-22,970.62,954.76,951.46,3.3,0,Paid
9005472,501824,2024-03-21,923.44,926.73,923.59,3.14,0,Paid
9005473,501825,2023-01-20,833.6,823.83,821.32,2.51,0,Paid
9005474,501825,2023-04-20,825.14,820.15,817.66,2.49,0,Paid
9005475,501825,2023-07-19,818.87,781.42,778.95,2.47,10,Late
9005476,501826,2021-08-04,14895.36,14487.1,14440.93,46.18,0,Paid
9005477,501826,2021-11-02,15091.32,11458.61,11411.83,46.78,45,Late
9005478,501826,2022-01-31,14272.83,14458.2,14413.96,44.25,0,Paid
9005479,501827,2019-01-28,8110.35,7909.95,7859.13,50.82,0,Paid
9005480,501827,2019-04-28,7665.45,7622.5,7574.47,48.04,90,Late
9005481,501827,2019-07-27,7790.09,5942.27,5893.45,48.82,60,Late
9005482,501828,2022-05-04,799.46,807.05,804.42,2.62,0,Paid
9005483,501828,2022-08-02,844.95,864.52,861.75,2.77,0,Paid
9005484,501828,2022-10-31,846.2,832.4,829.63,2.78,0,Paid
9005485,501829,2023-04-15,14513.31,14179.64,14062.33,117.32,0,Paid
9005486,501829,2023-07-14,15337.83,15427.16,15303.18,123.98,0,Paid
9005487,501829,2023-10-12,15654.4,12189.03,12062.49,126.54,45,Late
9005488,501830,2022-01-18,1332.78,1116.16,1108.61,7.55,30,Late
9005489,501830,2022-04-18,1442.14,1095.09,1086.92,8.17,5,Late
9005490,501830,2022-07-17,1398.74,1360.47,1352.54,7.93,0,Paid
9005491,501831,2022-07-04,14920.38,15111.34,14977.18,134.16,0,Paid
9005492,501831,2022-10-02,15740.39,15867.15,15725.61,141.53,0,Paid
9005493,501831,2022-12-31,14271.95,14115.75,13987.42,128.33,0,Paid
9005494,501832,2020-04-29,1741.38,1763.74,1747.74,16.01,0,Paid
9005495,501832,2020-07-28,1723.37,1687.82,1671.98,15.84,0,Paid
9005496,501832,2020-10-26,1791.13,1814.41,1797.94,16.46,0,Paid
9005497,501833,2021-10-17,4975.11,4016.85,3968.8,48.05,60,Late
9005498,501833,2022-01-15,5040.53,5049.04,5000.36,48.68,0,Paid
9005499,501833,2022-04-15,4974.86,4019.92,3971.87,48.05,30,Late
9005500,501834,2019-10-03,6747.67,6895.97,6837.27,58.7,0,Paid
9005501,501834,2020-01-01,6307.25,6384.9,6330.03,54.87,15,Late
9005502,501834,2020-03-31,6667.39,6582.54,6524.54,58.01,0,Paid
9005503,501835,2020-12-06,11572.57,11899.69,11799.3,100.39,0,Paid
9005504,501835,2021-03-06,11229.89,11469.61,11372.19,97.42,0,Paid
9005505,501835,2021-06-04,11334.36,11514.7,11416.38,98.33,0,Paid
9005506,501836,2021-12-30,827.63,831.23,826.73,4.5,120,Late
9005507,501836,2022-03-30,821.64,806.86,802.4,4.46,60,Late
9005508,501836,2022-06-28,885.77,737.11,732.3,4.81,120,Late
9005509,501837,2019-07-11,2223.21,2163.26,2144.16,19.1,0,Paid
9005510,501837,2019-10-09,2353.67,2287.22,2267.0,20.22,0,Paid
9005511,501837,2020-01-07,2352.24,2409.28,2389.07,20.21,0,Paid
9005512,501838,2022-08-07,1418.29,1460.55,1456.3,4.25,0,Paid
9005513,501838,2022-11-05,1405.21,1380.05,1375.83,4.22,0,Paid
9005514,501838,2023-02-03,1384.8,1356.27,1352.11,4.15,0,Paid
9005515,501839,2021-02-24,4895.14,4778.08,4731.37,46.71,0,Paid
9005516,501839,2021-05-25,4982.9,4904.6,4857.06,47.55,0,Paid
9005517,501839,2021-08-23,5169.74,5051.67,5002.34,49.33,0,Paid
9005518,501840,2020-12-29,15524.2,12711.8,12578.03,133.77,10,Late
9005519,501840,2021-03-29,14910.31,14975.98,14847.5,128.48,0,Paid
9005520,501840,2021-06-27,15030.75,14832.49,14702.98,129.51,0,Paid
9005521,501841,2019-03-27,4990.22,4767.42,4730.11,37.3,10,Late
9005522,501841,2019-06-25,5078.26,5222.56,5184.6,37.96,90,Late
9005523,501841,2019-09-23,4883.44,4961.9,4925.4,36.5,0,Paid
9005524,501842,2023-08-27,1698.35,1355.4,1340.19,15.21,5,Late
9005525,501842,2023-11-25,1645.15,1612.46,1597.72,14.74,0,Paid
9005526,501842,2024-02-23,1751.85,1615.84,1600.15,15.69,15,Late
9005527,501843,2020-05-13,839.06,718.87,712.99,5.87,30,Late
9005528,501843,2020-08-11,822.44,814.61,808.85,5.76,0,Paid
9005529,501843,2020-11-09,828.78,837.61,831.81,5.8,0,Paid
9005530,501844,2024-11-22,1313.45,1058.75,1050.76,7.99,10,Late
9005531,501844,2025-02-20,1284.75,1308.08,1300.26,7.82,0,Paid
9005532,501844,2025-05-21,1251.62,1236.49,1228.87,7.61,45,Late
9005533,501845,2023-12-22,13087.93,13023.26,12942.45,80.82,30,Late
9005534,501845,2024-03-21,13000.86,13265.37,13185.09,80.28,0,Paid
9005535,501845,2024-06-19,13035.71,9984.68,9904.18,80.5,10,Late
9005536,501846,2019-09-17,8619.5,8415.12,8324.4,90.72,0,Paid
9005537,501846,2019-12-16,8419.72,8279.56,8190.94,88.62,0,Paid
9005538,501846,2020-03-15,8545.04,8569.64,8479.7,89.94,0,Paid
9005539,501847,2024-11-15,6314.15,5833.82,5768.26,65.56,10,Late
9005540,501847,2025-02-13,6372.75,5055.91,4989.74,66.17,60,Late
9005541,501847,2025-05-14,6416.59,6468.33,6401.71,66.63,0,Paid
9005542,501848,2022-11-03,6767.56,6770.24,6720.16,50.08,0,Paid
9005543,501848,2023-02-01,6671.06,6836.29,6786.93,49.37,0,Paid
9005544,501848,2023-05-02,6830.11,6889.86,6839.32,50.54,0,Paid
9005545,501849,2025-05-10,14414.23,14341.94,14201.04,140.9,0,Paid
9005546,501849,2025-08-08,15505.85,15804.58,15653.01,151.57,0,Paid
9005547,501849,2025-11-06,14830.39,13664.94,13519.97,144.97,15,Late
9005548,501850,2025-09-17,1023.05,1007.25,1000.38,6.87,0,Paid
9005549,501850,2025-12-16,1082.95,1114.27,1107.0,7.27,0,Paid
9005550,501850,2026-03-16,1062.65,950.9,943.76,7.14,60,Late
9005551,501851,2020-11-08,1427.78,1385.91,1378.17,7.75,0,Paid
9005552,501851,2021-02-06,1437.22,1462.43,1454.64,7.8,0,Paid
9005553,501851,2021-05-07,1437.55,1466.72,1458.92,7.8,0,Paid
9005554,501852,2021-06-15,9320.77,9442.82,9332.37,110.45,0,Paid
9005555,501852,2021-09-13,8860.47,8866.99,8761.99,105.0,0,Paid
9005556,501852,2021-12-12,9648.59,9833.82,9719.48,114.34,0,Paid
9005557,501853,2019-04-13,2536.99,1908.84,1886.01,22.83,15,Late
9005558,501853,2019-07-12,2535.82,2597.94,2575.11,22.82,0,Paid
9005559,501853,2019-10-10,2375.0,2444.9,2423.53,21.38,0,Paid
9005560,501854,2023-05-30,1780.41,1821.81,1814.26,7.55,0,Paid
9005561,501854,2023-08-28,1817.63,1797.09,1789.38,7.71,0,Paid
9005562,501854,2023-11-26,1771.65,1530.06,1522.54,7.51,30,Late
9005563,501855,2025-02-08,1946.38,1675.67,1666.44,9.23,10,Late
9005564,501855,2025-05-09,1949.99,1849.35,1840.1,9.25,15,Late
9005565,501855,2025-08-07,1881.46,1858.38,1849.46,8.92,0,Paid
9005566,501856,2021-07-23,1573.7,1534.18,1516.6,17.59,0,Paid
9005567,501856,2021-10-21,1591.82,1587.85,1570.06,17.79,0,Paid
9005568,501856,2022-01-19,1604.51,1640.54,1622.61,17.93,0,Paid
9005569,501857,2024-02-20,11096.35,9698.34,9610.87,87.48,45,Late
9005570,501857,2024-05-20,10333.87,10479.36,10397.89,81.47,0,Paid
9005571,501857,2024-08-18,10394.71,7963.11,7881.16,81.94,45,Late
9005572,501858,2019-09-08,8120.8,8048.15,7956.66,91.49,0,Paid
9005573,501858,2019-12-07,7793.89,7956.74,7868.93,87.81,5,Late
9005574,501858,2020-03-06,8011.31,7675.23,7584.97,90.26,5,Late
9005575,501859,2024-05-21,15627.96,15772.63,15635.89,136.74,0,Paid
9005576,501859,2024-08-19,15073.36,15024.03,14892.14,131.89,0,Paid
9005577,501859,2024-11-17,14795.06,15117.29,14987.83,129.46,0,Paid
9005578,501860,2023-04-28,13374.37,13008.35,12910.94,97.41,0,Paid
9005579,501860,2023-07-27,13556.35,13294.09,13195.35,98.74,0,Paid
9005580,501860,2023-10-25,14584.7,14989.32,14883.09,106.23,0,Paid
9005581,501861,2020-04-09,1398.79,1362.64,1351.92,10.72,5,Late
9005582,501861,2020-07-08,1316.62,1017.63,1007.54,10.09,5,Late
9005583,501861,2020-10-06,1378.44,1382.17,1371.6,10.57,0,Paid
9005584,501862,2025-10-17,2178.12,2149.47,2124.83,24.63,0,Paid
9005585,501862,2026-01-15,2178.71,2211.4,2186.77,24.64,0,Paid
9005586,501862,2026-04-15,2246.68,2282.08,2256.68,25.41,30,Late
9005587,501863,2021-10-10,1816.27,1847.8,1827.95,19.84,0,Paid
9005588,501863,2022-01-08,1781.3,1812.59,1793.13,19.46,0,Paid
9005589,501863,2022-04-08,1773.84,1355.48,1336.1,19.38,30,Late
9005590,501864,2022-10-21,353.74,344.4,341.53,2.87,0,Paid
9005591,501864,2023-01-19,361.26,351.3,348.36,2.94,45,Late
9005592,501864,2023-04-19,367.61,377.48,374.49,2.99,0,Paid
9005593,501865,2019-02-24,514.97,508.39,503.14,5.25,0,Paid
9005594,501865,2019-05-25,541.8,446.04,440.52,5.52,30,Late
9005595,501865,2019-08-23,532.03,543.93,538.51,5.42,0,Paid
9005596,501866,2024-06-05,12671.71,12417.14,12367.62,49.53,0,Paid
9005597,501866,2024-09-03,12634.33,12877.55,12828.17,49.38,0,Paid
9005598,501866,2024-12-02,13097.5,12794.15,12742.96,51.19,0,Paid
9005599,501867,2023-04-03,5298.49,4572.2,4517.8,54.4,45,Late
9005600,501867,2023-07-02,5342.6,4252.4,4197.55,54.85,60,Late
9005601,501867,2023-09-30,5020.48,4163.2,4111.65,51.54,30,Late
9005602,501868,2021-11-14,7601.01,7598.76,7523.01,75.76,0,Paid
9005603,501868,2022-02-12,7673.65,7562.98,7486.5,76.48,0,Paid
9005604,501868,2022-05-13,7907.4,7825.3,7746.49,78.81,0,Paid
9005605,501869,2020-11-08,1032.53,1016.86,1008.72,8.14,0,Paid
9005606,501869,2021-02-06,1094.59,1104.84,1096.21,8.63,0,Paid
9005607,501869,2021-05-07,1045.67,1001.31,993.07,8.24,10,Late
9005608,501870,2022-10-29,2511.91,1924.05,1915.65,8.39,45,Late
9005609,501870,2023-01-27,2458.37,2226.85,2218.64,8.22,45,Late
9005610,501870,2023-04-27,2367.5,2364.17,2356.26,7.91,90,Late
9005611,501871,2023-02-25,2374.52,2436.66,2416.99,19.67,0,Paid
9005612,501871,2023-05-26,2402.1,2439.84,2419.94,19.9,0,Paid
9005613,501871,2023-08-24,2417.75,2305.15,2285.12,20.03,15,Late
9005614,501872,2024-02-12,7440.32,7635.15,7591.63,43.53,0,Paid
9005615,501872,2024-05-12,7146.93,5440.27,5398.46,41.81,60,Late
9005616,501872,2024-08-10,7151.87,7233.49,7191.65,41.84,0,Paid
9005617,501873,2025-06-16,1010.56,1015.66,1008.12,7.54,0,Paid
9005618,501873,2025-09-14,1097.84,1100.35,1092.17,8.19,0,Paid
9005619,501873,2025-12-13,1024.03,1006.08,998.45,7.64,0,Paid
9005620,501874,2022-12-02,11536.76,11391.83,11342.6,49.22,15,Late
9005621,501874,2023-03-02,12391.69,11530.3,11477.42,52.87,15,Late
9005622,501874,2023-05-31,11549.18,10764.58,10715.31,49.28,30,Late
9005623,501875,2022-09-08,3069.52,3025.0,3004.92,20.08,5,Late
9005624,501875,2022-12-07,3186.19,3126.09,3105.24,20.84,0,Paid
9005625,501875,2023-03-07,3197.73,3177.37,3156.45,20.92,0,Paid
9005626,501876,2023-09-20,12988.0,12844.25,12758.64,85.61,0,Paid
9005627,501876,2023-12-19,13394.94,11048.65,10960.36,88.29,15,Late
9005628,501876,2024-03-18,13697.04,13509.28,13418.99,90.29,30,Late
9005629,501877,2019-07-27,1259.35,1090.58,1078.04,12.54,10,Late
9005630,501877,2019-10-25,1315.33,996.43,983.33,13.1,30,Late
9005631,501877,2020-01-23,1361.4,1322.66,1309.11,13.56,0,Paid
9005632,501878,2024-10-01,6953.45,7090.01,7048.0,42.01,0,Paid
9005633,501878,2024-12-30,6808.83,6988.42,6947.29,41.14,0,Paid
9005634,501878,2025-03-30,6983.29,6908.72,6866.53,42.19,0,Paid
9005635,501879,2022-04-09,1141.12,1146.37,1136.98,9.39,60,Late
9005636,501879,2022-07-08,1172.84,935.27,925.62,9.65,30,Late
9005637,501879,2022-10-06,1127.86,1095.92,1086.65,9.28,0,Paid
9005638,501880,2025-02-25,6123.17,5975.93,5920.97,54.96,0,Paid
9005639,501880,2025-05-26,5883.85,6010.95,5958.15,52.81,0,Paid
9005640,501880,2025-08-24,6163.08,6072.71,6017.39,55.31,0,Paid
9005641,501881,2023-07-12,14835.51,11457.01,11346.98,110.03,5,Late
9005642,501881,2023-10-10,15567.7,12811.89,12696.43,115.46,45,Late
9005643,501881,2024-01-08,14714.97,14482.67,14373.54,109.14,0,Paid
9005644,501882,2022-09-03,934.5,931.41,927.87,3.54,0,Paid
9005645,501882,2022-12-02,864.19,676.09,672.81,3.28,60,Late
9005646,501882,2023-03-02,906.3,779.73,776.29,3.44,15,Late
9005647,501883,2020-09-07,1656.93,1668.65,1652.58,16.07,0,Paid
9005648,501883,2020-12-06,1714.6,1700.3,1683.67,16.63,0,Paid
9005649,501883,2021-03-06,1580.96,1415.27,1399.94,15.34,5,Late
9005650,501884,2022-06-25,8388.55,7124.0,7057.94,66.06,45,Late
9005651,501884,2022-09-23,8447.76,7685.92,7619.39,66.53,30,Late
9005652,501884,2022-12-22,8335.14,8118.28,8052.64,65.64,0,Paid
9005653,501885,2024-01-28,10543.14,10246.05,10122.96,123.09,0,Paid
9005654,501885,2024-04-27,10895.21,10789.53,10662.33,127.2,0,Paid
9005655,501885,2024-07-26,10933.78,10838.99,10711.34,127.65,0,Paid
9005656,501886,2024-02-28,9584.44,9729.23,9626.68,102.55,0,Paid
9005657,501886,2024-05-28,9314.32,9254.05,9154.39,99.66,0,Paid
9005658,501886,2024-08-26,10002.61,7953.04,7846.01,107.03,30,Late
9005659,501887,2020-01-01,292.13,295.37,294.32,1.04,0,Paid
9005660,501887,2020-03-31,302.19,302.24,301.16,1.08,0,Paid
9005661,501887,2020-06-29,312.49,269.22,268.11,1.11,15,Late
9005662,501888,2021-03-03,1397.05,1300.54,1289.7,10.84,15,Late
9005663,501888,2021-06-01,1353.86,1315.58,1305.08,10.5,0,Paid
9005664,501888,2021-08-30,1341.24,1307.99,1297.58,10.41,0,Paid
9005665,501889,2025-08-11,14680.96,14361.04,14257.91,103.13,0,Paid
9005666,501889,2025-11-09,14874.85,15006.07,14901.57,104.5,5,Late
9005667,501889,2026-02-07,14743.47,11655.73,11552.16,103.57,10,Late
9005668,501890,2019-05-02,7613.63,7663.9,7619.49,44.41,0,Paid
9005669,501890,2019-07-31,7487.01,7374.36,7330.68,43.67,0,Paid
9005670,501890,2019-10-29,7714.61,7381.45,7336.45,45.0,30,Late
9005671,501891,2020-03-22,15567.02,15318.91,15233.68,85.23,0,Paid
9005672,501891,2020-06-20,15694.39,12414.27,12328.34,85.93,45,Late
9005673,501891,2020-09-18,15345.86,11703.78,11619.76,84.02,30,Late
9005674,501892,2022-01-15,14530.68,12492.54,12325.8,166.74,90,Late
9005675,501892,2022-04-15,14003.2,13866.56,13705.87,160.69,90,Late
9005676,501892,2022-07-14,13661.32,12021.03,11864.27,156.76,60,Late
9005677,501893,2024-10-06,6372.99,4983.44,4950.62,32.82,30,Late
9005678,501893,2025-01-04,6818.71,5195.06,5159.95,35.12,15,Late
9005679,501893,2025-04-04,6562.08,6728.4,6694.6,33.79,5,Late
9005680,501894,2025-06-26,4454.2,4508.08,4470.52,37.56,0,Paid
9005681,501894,2025-09-24,4305.59,3443.99,3407.68,36.31,10,Late
9005682,501894,2025-12-23,4666.28,4695.72,4656.36,39.35,0,Paid
9005683,501895,2024-08-14,13982.04,13620.33,13546.8,73.52,0,Paid
9005684,501895,2024-11-12,15067.42,13638.29,13559.06,79.23,30,Late
9005685,501895,2025-02-10,14513.4,12499.32,12423.0,76.32,45,Late
9005686,501896,2020-09-04,1349.44,1370.91,1358.95,11.97,0,Paid
9005687,501896,2020-12-03,1449.09,1448.31,1435.47,12.85,0,Paid
9005688,501896,2021-03-03,1436.9,1342.25,1329.51,12.74,5,Late
9005689,501897,2025-03-22,1645.89,1639.86,1623.14,16.72,0,Paid
9005690,501897,2025-06-20,1603.69,1352.84,1336.55,16.29,5,Late
9005691,501897,2025-09-18,1636.12,1636.06,1619.44,16.62,0,Paid
9005692,501898,2021-05-20,2287.17,2264.61,2252.13,12.48,15,Late
9005693,501898,2021-08-18,2439.03,2480.41,2467.1,13.31,0,Paid
9005694,501898,2021-11-16,2283.31,2278.65,2266.18,12.46,0,Paid
9005695,501899,2025-01-05,10610.19,9910.35,9818.3,92.04,90,Late
9005696,501899,2025-04-05,10899.4,8418.41,8323.86,94.55,90,Late
9005697,501899,2025-07-04,10823.92,10462.11,10368.22,93.9,60,Late
9005698,501900,2024-10-23,8862.04,9076.36,9023.63,52.73,0,Paid
9005699,501900,2025-01-21,8950.44,9161.94,9108.69,53.26,0,Paid
9005700,501900,2025-04-21,9085.58,8976.6,8922.54,54.06,0,Paid
9005701,501901,2024-06-24,15543.8,15287.13,15174.18,112.95,0,Paid
9005702,501901,2024-09-22,15634.42,15814.69,15701.08,113.61,0,Paid
9005703,501901,2024-12-21,14782.77,11485.14,11377.72,107.42,5,Late
9005704,501902,2025-11-11,14276.01,14490.95,14347.24,143.71,0,Paid
9005705,501902,2026-02-09,14345.94,14692.64,14548.23,144.42,0,Paid
9005706,501902,2026-05-10,15023.13,14697.18,14545.95,151.23,0,Paid
9005707,501903,2025-04-13,164.07,137.04,135.44,1.59,60,Late
9005708,501903,2025-07-12,155.51,131.25,129.74,1.51,60,Late
9005709,501903,2025-10-10,156.73,134.52,133.0,1.52,60,Late
9005710,501904,2019-11-23,7356.8,7509.94,7444.16,65.78,0,Paid
9005711,501904,2020-02-21,7530.68,7735.06,7667.72,67.34,0,Paid
9005712,501904,2020-05-21,7734.23,7922.36,7853.2,69.16,0,Paid
9005713,501905,2020-04-23,6195.4,6210.85,6136.76,74.09,0,Paid
9005714,501905,2020-07-22,5958.07,5392.64,5321.39,71.25,10,Late
9005715,501905,2020-10-20,6401.31,6227.91,6151.36,76.55,0,Paid
9005716,501906,2021-04-30,15135.97,13795.9,13658.41,137.49,90,Late
9005717,501906,2021-07-29,15683.05,14762.32,14619.87,142.45,90,Late
9005718,501906,2021-10-27,15225.74,15020.93,14882.63,138.3,5,Late
9005719,501907,2020-07-11,15486.52,15301.1,15218.5,82.59,0,Paid
9005720,501907,2020-10-09,14317.52,14663.54,14587.18,76.36,0,Paid
9005721,501907,2021-01-07,15278.81,15069.29,14987.81,81.49,45,Late
9005722,501908,2025-03-02,11709.16,9817.52,9752.25,65.28,45,Late
9005723,501908,2025-05-31,11949.04,11712.05,11645.44,66.62,60,Late
9005724,501908,2025-08-29,11822.48,10952.96,10887.05,65.91,45,Late
9005725,501909,2023-07-23,14958.94,11707.67,11576.91,130.77,60,Late
9005726,501909,2023-10-21,14752.63,14978.26,14849.3,128.96,60,Late
9005727,501909,2024-01-19,15410.95,14913.38,14778.66,134.72,45,Late
9005728,501910,2020-12-29,757.27,770.26,762.02,8.24,0,Paid
9005729,501910,2021-03-29,716.55,701.85,694.05,7.8,0,Paid
9005730,501910,2021-06-27,717.39,732.69,724.88,7.81,0,Paid
9005731,501911,2020-12-16,3188.78,3145.59,3133.39,12.2,0,Paid
9005732,501911,2021-03-16,3227.02,2451.32,2438.97,12.34,5,Late
9005733,501911,2021-06-14,3181.56,2481.89,2469.72,12.17,10,Late
9005734,501912,2021-10-01,836.52,820.08,811.49,8.6,0,Paid
9005735,501912,2021-12-30,843.55,828.46,819.8,8.67,0,Paid
9005736,501912,2022-03-30,874.74,861.48,852.5,8.99,0,Paid
9005737,501913,2020-02-09,2452.25,2138.23,2121.13,17.1,30,Late
9005738,501913,2020-05-09,2369.71,2046.79,2030.26,16.53,45,Late
9005739,501913,2020-08-07,2404.08,2455.39,2438.62,16.77,90,Late
9005740,501914,2020-07-31,9463.34,7817.48,7741.69,75.79,60,Late
9005741,501914,2020-10-29,9110.17,7307.54,7234.59,72.96,45,Late
9005742,501914,2021-01-27,9058.41,8297.74,8225.2,72.54,30,Late
9005743,501915,2023-12-18,1447.67,1319.72,1312.3,7.42,5,Late
9005744,501915,2024-03-17,1401.84,1408.69,1401.51,7.18,0,Paid
9005745,501915,2024-06-15,1418.57,1378.18,1370.91,7.27,0,Paid
9005746,501916,2024-06-02,9169.62,7030.2,6963.49,66.71,30,Late
9005747,501916,2024-08-31,9328.21,9512.42,9444.55,67.86,0,Paid
9005748,501916,2024-11-29,9072.0,7850.14,7784.14,66.0,10,Late
9005749,501917,2021-08-01,8525.23,8601.76,8531.07,70.69,5,Late
9005750,501917,2021-10-30,8569.48,7980.03,7908.97,71.06,60,Late
9005751,501917,2022-01-28,8697.3,8607.13,8535.01,72.12,0,Paid
9005752,501918,2025-06-06,4276.13,4387.8,4359.54,28.26,0,Paid
9005753,501918,2025-09-04,4547.34,4180.22,4150.17,30.05,45,Late
9005754,501918,2025-12-03,4431.16,3529.79,3500.51,29.28,45,Late
9005755,501919,2021-09-13,7334.29,7123.35,7048.11,75.24,0,Paid
9005756,501919,2021-12-12,7187.71,6996.91,6923.18,73.73,0,Paid
9005757,501919,2022-03-12,7241.06,6187.43,6113.14,74.28,15,Late
9005758,501920,2022-11-10,2228.55,2105.16,2085.68,19.48,5,Late
9005759,501920,2023-02-08,2240.37,2288.7,2269.12,19.58,0,Paid
9005760,501920,2023-05-09,2446.34,2440.8,2419.42,21.39,0,Paid
9005761,501921,2020-09-04,1586.1,1607.04,1592.38,14.66,5,Late
9005762,501921,2020-12-03,1524.3,1340.62,1326.53,14.09,15,Late
9005763,501921,2021-03-03,1586.7,1564.61,1549.95,14.66,0,Paid
9005764,501922,2021-12-26,1094.74,1090.05,1077.65,12.41,0,Paid
9005765,501922,2022-03-26,1085.75,1021.02,1008.71,12.31,90,Late
9005766,501922,2022-06-24,1082.08,1065.22,1052.96,12.26,0,Paid
9005767,501923,2020-07-26,8399.08,8517.84,8473.25,44.59,0,Paid
9005768,501923,2020-10-24,8898.25,8782.69,8735.46,47.23,0,Paid
9005769,501923,2021-01-22,8398.35,8328.3,8283.72,44.58,45,Late
9005770,501924,2024-12-05,13778.19,14055.94,13948.47,107.47,0,Paid
9005771,501924,2025-03-05,13834.4,13640.14,13532.24,107.91,0,Paid
9005772,501924,2025-06-03,13550.2,13521.51,13415.82,105.69,0,Paid
9005773,501925,2021-08-17,9042.59,9263.96,9161.93,102.03,0,Paid
9005774,501925,2021-11-15,8955.71,9113.76,9012.71,101.05,0,Paid
9005775,501925,2022-02-13,9191.13,9201.81,9098.11,103.71,90,Late
9005776,501926,2019-05-07,1938.6,1957.3,1937.09,20.21,0,Paid
9005777,501926,2019-08-05,2054.14,2088.08,2066.67,21.41,0,Paid
9005778,501926,2019-11-03,2042.71,2056.34,2035.05,21.3,0,Paid
9005779,501927,2019-05-22,6357.46,6488.79,6467.71,21.09,60,Late
9005780,501927,2019-08-20,5812.08,5641.8,5622.52,19.28,0,Paid
9005781,501927,2019-11-18,5838.41,4503.72,4484.35,19.36,5,Late
9005782,501928,2021-07-14,1405.88,1441.8,1429.25,12.56,0,Paid
9005783,501928,2021-10-12,1496.46,1215.55,1202.19,13.37,5,Late
9005784,501928,2022-01-10,1415.99,1162.25,1149.6,12.65,5,Late
9005785,501929,2019-08-25,7144.09,6974.67,6921.74,52.93,0,Paid
9005786,501929,2019-11-23,7137.56,7062.07,7009.19,52.88,0,Paid
9005787,501929,2020-02-21,6922.64,7119.92,7068.63,51.29,0,Paid
9005788,501930,2022-02-02,15566.43,14584.53,14482.18,102.35,60,Late
9005789,501930,2022-05-03,14870.8,14733.8,14636.02,97.78,45,Late
9005790,501930,2022-08-01,15654.06,14382.69,14279.76,102.93,60,Late
9005791,501931,2022-03-15,4935.89,4829.2,4801.47,27.72,0,Paid
9005792,501931,2022-06-13,5344.03,5429.96,5399.95,30.02,0,Paid
9005793,501931,2022-09-11,4849.17,4852.26,4825.02,27.24,0,Paid
9005794,501932,2024-11-03,1694.81,1598.35,1586.7,11.65,90,Late
9005795,501932,2025-02-01,1685.42,1551.91,1540.33,11.59,120,Late
9005796,501932,2025-05-02,1652.72,1357.85,1346.49,11.36,120,Late
9005797,501933,2021-08-20,14872.96,14690.02,14556.78,133.24,45,Late
9005798,501933,2021-11-18,15672.72,14208.56,14068.16,140.4,60,Late
9005799,501933,2022-02-16,15400.07,13496.5,13358.54,137.96,60,Late
9005800,501934,2025-07-13,14976.15,15257.35,15078.51,178.84,0,Paid
9005801,501934,2025-10-11,14276.81,14471.51,14301.02,170.49,0,Paid
9005802,501934,2026-01-09,14516.43,14339.35,14166.0,173.35,0,Paid
9005803,501935,2025-05-13,2068.95,2086.43,2069.91,16.52,0,Paid
9005804,501935,2025-08-11,2230.65,2172.72,2154.91,17.81,0,Paid
9005805,501935,2025-11-09,2210.95,1660.37,1642.72,17.65,5,Late
9005806,501936,2025-06-25,396.3,393.05,388.33,4.72,0,Paid
9005807,501936,2025-09-23,427.19,370.67,365.58,5.09,30,Late
9005808,501936,2025-12-22,407.84,413.1,408.24,4.86,5,Late
9005809,501937,2025-06-24,14686.65,11112.84,11063.76,49.08,60,Late
9005810,501937,2025-09-22,15138.76,13691.99,13641.4,50.59,90,Late
9005811,501937,2025-12-21,15338.04,13657.99,13606.73,51.25,60,Late
9005812,501938,2024-08-27,6362.63,6529.48,6477.89,51.59,90,Late
9005813,501938,2024-11-25,6409.48,5799.51,5747.54,51.97,120,Late
9005814,501938,2025-02-23,6621.75,5044.48,4990.79,53.69,90,Late
9005815,501939,2021-07-16,267.49,246.9,244.03,2.88,45,Late
9005816,501939,2021-10-14,261.27,256.16,253.35,2.81,0,Paid
9005817,501939,2022-01-12,263.02,246.51,243.68,2.83,5,Late
9005818,501940,2023-06-07,7670.08,7677.81,7595.42,82.39,0,Paid
9005819,501940,2023-09-05,7551.48,7507.35,7426.23,81.12,0,Paid
9005820,501940,2023-12-04,7599.85,7439.71,7358.07,81.64,5,Late
9005821,501941,2022-04-23,2279.44,2313.35,2301.88,11.47,90,Late
9005822,501941,2022-07-22,2261.61,1741.89,1730.5,11.38,60,Late
9005823,501941,2022-10-20,2359.38,1786.87,1775.0,11.88,60,Late
9005824,501942,2021-01-05,889.37,698.13,688.2,9.92,15,Late
9005825,501942,2021-04-05,867.45,693.75,684.07,9.68,45,Late
9005826,501942,2021-07-04,892.0,788.63,778.68,9.95,45,Late
9005827,501943,2023-08-27,15281.86,11907.52,11811.11,96.4,15,Late
9005828,501943,2023-11-25,14637.89,11755.06,11662.72,92.34,5,Late
9005829,501943,2024-02-23,14480.66,14716.73,14625.38,91.35,0,Paid
9005830,501944,2022-05-12,1506.82,1519.2,1505.29,13.91,0,Paid
9005831,501944,2022-08-10,1528.52,1509.03,1494.92,14.11,0,Paid
9005832,501944,2022-11-08,1454.16,1494.33,1480.91,13.43,0,Paid
9005833,501945,2020-04-12,12442.77,12457.51,12347.5,110.01,0,Paid
9005834,501945,2020-07-11,13527.81,13329.6,13210.0,119.61,0,Paid
9005835,501945,2020-10-09,12569.97,12530.38,12419.24,111.14,0,Paid
9005836,501946,2020-08-31,7242.68,7051.38,7018.97,32.41,0,Paid
9005837,501946,2020-11-29,7420.58,7360.24,7327.03,33.21,0,Paid
9005838,501946,2021-02-27,7411.73,7574.29,7541.13,33.17,0,Paid
9005839,501947,2020-05-31,14653.04,14942.43,14853.04,89.38,0,Paid
9005840,501947,2020-08-29,14213.0,14343.0,14256.3,86.7,0,Paid
9005841,501947,2020-11-27,13604.99,13917.09,13834.1,82.99,0,Paid
9005842,501948,2025-05-19,1235.17,1093.84,1079.14,14.7,90,Late
9005843,501948,2025-08-17,1242.43,951.88,937.1,14.78,45,Late
9005844,501948,2025-11-15,1262.44,1114.99,1099.97,15.02,90,Late
9005845,501949,2021-09-23,6358.19,6330.54,6303.2,27.34,0,Paid
9005846,501949,2021-12-22,6512.15,6686.95,6658.95,28.0,0,Paid
9005847,501949,2022-03-22,6450.58,6542.75,6515.01,27.74,0,Paid
9005848,501950,2021-05-02,4751.45,4621.0,4595.26,25.74,0,Paid
9005849,501950,2021-07-31,4484.0,4547.44,4523.15,24.29,0,Paid
9005850,501950,2021-10-29,4626.4,4547.64,4522.58,25.06,0,Paid
9005851,501951,2025-12-13,515.12,508.41,504.61,3.79,0,Paid
9005852,501951,2026-03-13,492.32,424.16,420.53,3.63,30,Late
9005853,501951,2026-06-11,490.98,502.61,499.0,3.62,0,Paid
9005854,501952,2025-06-25,1779.68,1652.41,1640.75,11.66,90,Late
9005855,501952,2025-09-23,1794.53,1432.19,1420.43,11.75,45,Late
9005856,501952,2025-12-22,1686.59,1534.91,1523.87,11.05,120,Late
9005857,501953,2024-06-13,1111.76,1096.35,1086.44,9.9,0,Paid
9005858,501953,2024-09-11,1131.32,1060.53,1050.46,10.08,30,Late
9005859,501953,2024-12-10,1185.96,1203.37,1192.8,10.56,0,Paid
9005860,501954,2019-02-03,1796.05,1664.85,1649.34,15.51,45,Late
9005861,501954,2019-05-04,1703.79,1738.26,1723.55,14.71,0,Paid
9005862,501954,2019-08-02,1733.19,1655.7,1640.73,14.96,5,Late
9005863,501955,2020-02-29,981.88,765.82,757.84,7.98,15,Late
9005864,501955,2020-05-29,959.39,946.5,938.71,7.8,15,Late
9005865,501955,2020-08-27,960.22,937.17,929.37,7.8,0,Paid
9005866,501956,2022-01-22,5317.43,5252.53,5229.66,22.86,0,Paid
9005867,501956,2022-04-22,5090.06,5050.41,5028.52,21.89,0,Paid
9005868,501956,2022-07-21,5294.08,5294.43,5271.67,22.76,0,Paid
9005869,501957,2019-08-24,245.12,185.76,183.94,1.82,120,Late
9005870,501957,2019-11-22,265.02,218.8,216.83,1.97,120,Late
9005871,501957,2020-02-20,258.58,213.78,211.86,1.92,60,Late
9005872,501958,2021-10-02,572.91,568.03,563.92,4.11,0,Paid
9005873,501958,2021-12-31,592.44,590.99,586.73,4.25,0,Paid
9005874,501958,2022-03-31,579.36,574.79,570.63,4.16,45,Late
9005875,501959,2022-10-11,2002.45,1586.6,1565.19,21.41,90,Late
9005876,501959,2023-01-09,1940.48,1952.71,1931.96,20.75,0,Paid
9005877,501959,2023-04-09,1992.26,1964.83,1943.53,21.3,0,Paid
9005878,501960,2025-04-15,14495.92,14429.93,14270.36,159.58,0,Paid
9005879,501960,2025-07-14,14383.1,14066.94,13908.61,158.33,0,Paid
9005880,501960,2025-10-12,14517.29,14267.91,14108.1,159.81,0,Paid
9005881,501961,2023-01-18,8749.67,6917.32,6855.63,61.69,60,Late
9005882,501961,2023-04-18,8560.89,8314.41,8254.06,60.35,0,Paid
9005883,501961,2023-07-17,8086.48,8203.24,8146.23,57.01,0,Paid
9005884,501962,2020-10-18,499.42,496.72,492.22,4.5,0,Paid
9005885,501962,2021-01-16,500.52,410.97,406.46,4.51,5,Late
9005886,501962,2021-04-16,493.21,483.54,479.1,4.44,0,Paid
9005887,501963,2020-10-22,13498.37,13305.44,13235.92,69.52,0,Paid
9005888,501963,2021-01-20,14026.38,13611.87,13539.64,72.24,0,Paid
9005889,501963,2021-04-20,12993.42,11805.87,11738.96,66.92,10,Late
9005890,501964,2022-07-04,742.22,726.66,719.94,6.72,0,Paid
9005891,501964,2022-10-02,709.92,700.52,694.09,6.43,0,Paid
9005892,501964,2022-12-31,771.83,753.17,746.18,6.99,0,Paid
9005893,501965,2020-09-03,1689.8,1323.15,1311.08,12.07,120,Late
9005894,501965,2020-12-02,1718.61,1696.29,1684.01,12.27,45,Late
9005895,501965,2021-03-02,1645.59,1464.31,1452.56,11.75,120,Late
9005896,501966,2022-05-06,490.43,490.63,485.45,5.18,0,Paid
9005897,501966,2022-08-04,503.34,397.05,391.73,5.31,30,Late
9005898,501966,2022-11-02,496.42,487.58,482.34,5.24,0,Paid
9005899,501967,2020-05-26,13156.01,12656.51,12507.85,148.66,15,Late
9005900,501967,2020-08-24,12733.5,12842.01,12698.13,143.89,0,Paid
9005901,501967,2020-11-22,12050.59,10073.07,9936.9,136.17,15,Late
9005902,501968,2023-12-05,1035.94,1060.41,1050.22,10.2,0,Paid
9005903,501968,2024-03-04,1042.77,1050.09,1039.83,10.26,0,Paid
9005904,501968,2024-06-02,1017.96,1041.14,1031.12,10.02,0,Paid
9005905,501969,2025-12-18,5244.78,5181.64,5129.37,52.27,0,Paid
9005906,501969,2026-03-18,5281.97,5402.24,5349.6,52.64,0,Paid
9005907,501969,2026-06-16,5582.99,5512.22,5456.57,55.64,0,Paid
9005908,501970,2025-12-30,15596.15,14582.48,14439.65,142.83,60,Late
9005909,501970,2026-03-30,15035.95,14289.25,14151.54,137.7,120,Late
9005910,501970,2026-06-28,15217.64,11712.48,11573.11,139.37,45,Late
9005911,501971,2021-10-22,534.99,538.48,533.02,5.46,0,Paid
9005912,501971,2022-01-20,515.83,454.8,449.53,5.27,60,Late
9005913,501971,2022-04-20,516.27,505.31,500.04,5.27,0,Paid
9005914,501972,2020-03-16,9525.97,7713.2,7653.75,59.46,5,Late
9005915,501972,2020-06-14,9641.89,9416.89,9356.7,60.18,0,Paid
9005916,501972,2020-09-12,9706.0,9225.26,9164.68,60.58,10,Late
9005917,501973,2025-02-25,2237.41,1807.27,1798.79,8.48,90,Late
9005918,501973,2025-05-26,2323.2,2005.56,1996.75,8.81,10,Late
9005919,501973,2025-08-24,2224.05,1691.33,1682.89,8.43,30,Late
9005920,501974,2023-06-15,8743.95,6558.32,6515.7,42.63,10,Late
9005921,501974,2023-09-13,9162.3,9127.35,9082.68,44.67,0,Paid
9005922,501974,2023-12-12,8866.73,9027.16,8983.93,43.23,0,Paid
9005923,501975,2021-06-24,5907.15,5783.72,5751.09,32.64,0,Paid
9005924,501975,2021-09-22,6188.58,6366.83,6332.64,34.19,0,Paid
9005925,501975,2021-12-21,5936.01,5778.03,5745.23,32.8,0,Paid
9005926,501976,2022-06-17,1447.08,1323.26,1307.23,16.03,15,Late
9005927,501976,2022-09-15,1522.57,1496.88,1480.02,16.86,0,Paid
9005928,501976,2022-12-14,1494.86,1511.28,1494.72,16.56,0,Paid
9005929,501977,2024-08-23,2189.76,2221.69,2208.26,13.43,0,Paid
9005930,501977,2024-11-21,2209.6,2168.06,2154.5,13.55,0,Paid
9005931,501977,2025-02-19,2318.42,2259.85,2245.64,14.22,0,Paid
9005932,501978,2020-05-21,3692.91,3447.22,3433.77,13.45,15,Late
9005933,501978,2020-08-19,3574.6,3510.88,3497.86,13.02,0,Paid
9005934,501978,2020-11-17,3541.05,3599.15,3586.26,12.9,0,Paid
9005935,501979,2025-06-27,1951.04,1998.93,1978.35,20.58,0,Paid
9005936,501979,2025-09-25,2091.41,1632.56,1610.5,22.06,5,Late
9005937,501979,2025-12-24,2123.76,2090.93,2068.52,22.41,0,Paid
9005938,501980,2024-02-07,1489.97,1385.71,1375.61,10.11,30,Late
9005939,501980,2024-05-07,1386.07,1365.4,1356.0,9.4,0,Paid
9005940,501980,2024-08-05,1388.93,1389.58,1380.16,9.42,0,Paid
9005941,501981,2024-05-13,1245.32,1273.18,1268.84,4.34,0,Paid
9005942,501981,2024-08-11,1158.88,1182.84,1178.81,4.04,0,Paid
9005943,501981,2024-11-09,1158.44,1173.42,1169.38,4.04,0,Paid
9005944,501982,2022-03-12,13907.87,14161.49,14113.97,47.52,15,Late
9005945,501982,2022-06-10,12758.72,11438.06,11394.47,43.59,30,Late
9005946,501982,2022-09-08,12602.69,11094.43,11051.37,43.06,45,Late
9005947,501983,2022-05-08,5347.31,5312.48,5263.73,48.75,0,Paid
9005948,501983,2022-08-06,4937.48,4507.41,4462.4,45.01,60,Late
9005949,501983,2022-11-04,5365.62,5090.59,5041.68,48.92,45,Late
9005950,501984,2020-12-08,1275.57,1279.26,1273.55,5.71,0,Paid
9005951,501984,2021-03-08,1195.33,1212.09,1206.74,5.35,0,Paid
9005952,501984,2021-06-06,1309.65,1336.22,1330.36,5.86,0,Paid
9005953,501985,2019-06-16,14704.85,12085.83,12007.04,78.79,5,Late
9005954,501985,2019-09-14,14884.99,14571.49,14491.73,79.76,0,Paid
9005955,501985,2019-12-13,14699.7,14892.59,14813.83,78.77,0,Paid
9005956,501986,2024-03-30,1872.62,1820.89,1813.04,7.85,0,Paid
9005957,501986,2024-06-28,1762.17,1775.95,1768.56,7.39,0,Paid
9005958,501986,2024-09-26,1805.98,1359.83,1352.26,7.57,90,Late
9005959,501987,2023-08-05,14398.99,13264.9,13105.68,159.23,45,Late
9005960,501987,2023-11-03,14481.11,14686.49,14526.35,160.14,0,Paid
9005961,501987,2024-02-01,14515.78,14185.03,14024.51,160.52,0,Paid
9005962,501988,2025-11-03,2725.61,2731.31,2711.14,20.17,0,Paid
9005963,501988,2026-02-01,2518.66,2584.34,2565.71,18.64,0,Paid
9005964,501988,2026-05-02,2695.52,2685.85,2665.91,19.95,0,Paid
9005965,501989,2020-07-24,14449.93,12112.17,11986.7,125.47,30,Late
9005966,501989,2020-10-22,14999.65,14740.65,14610.41,130.25,0,Paid
9005967,501989,2021-01-20,14274.85,12446.77,12322.82,123.95,5,Late
9005968,501990,2022-02-21,4682.07,4435.77,4381.11,54.66,60,Late
9005969,501990,2022-05-22,4464.43,4490.83,4438.71,52.12,0,Paid
9005970,501990,2022-08-20,4579.55,4707.78,4654.32,53.47,0,Paid
9005971,501991,2019-07-16,15677.27,15765.29,15609.04,156.25,5,Late
9005972,501991,2019-10-14,14630.09,14535.98,14390.17,145.81,0,Paid
9005973,501991,2020-01-12,15498.64,15600.07,15445.6,154.47,0,Paid
9005974,501992,2025-07-16,1574.17,1601.0,1582.59,18.42,0,Paid
9005975,501992,2025-10-14,1561.14,1576.44,1558.17,18.27,0,Paid
9005976,501992,2026-01-12,1517.06,1327.7,1309.95,17.75,60,Late
9005977,501993,2022-06-03,7442.18,7421.77,7398.45,23.32,0,Paid
9005978,501993,2022-09-01,7508.43,7618.79,7595.26,23.53,0,Paid
9005979,501993,2022-11-30,7279.2,7299.19,7276.38,22.81,0,Paid
9005980,501994,2021-12-06,8471.39,6639.82,6605.87,33.96,5,Late
9005981,501994,2022-03-06,8386.43,8629.89,8596.27,33.62,0,Paid
9005982,501994,2022-06-04,9030.66,9020.47,8984.27,36.2,0,Paid
9005983,501995,2025-08-02,14507.03,11543.66,11441.26,102.4,45,Late
9005984,501995,2025-10-31,14275.49,12573.71,12472.95,100.76,45,Late
9005985,501995,2026-01-29,14877.57,12501.39,12396.38,105.01,15,Late
9005986,501996,2021-04-30,1843.55,1409.88,1403.3,6.58,10,Late
9005987,501996,2021-07-29,1907.99,1440.72,1433.92,6.81,5,Late
9005988,501996,2021-10-27,1876.48,1875.76,1869.07,6.69,0,Paid
9005989,501997,2019-11-14,2182.92,2155.23,2142.14,13.1,15,Late
9005990,501997,2020-02-12,2299.32,2367.32,2353.52,13.8,0,Paid
9005991,501997,2020-05-12,2132.86,1823.08,1810.28,12.8,90,Late
9005992,501998,2022-07-25,2712.79,2757.66,2749.72,7.93,0,Paid
9005993,501998,2022-10-23,2687.66,2654.28,2646.42,7.86,0,Paid
9005994,501998,2023-01-21,2852.16,2759.85,2751.51,8.34,15,Late
9005995,501999,2019-05-27,2476.4,2300.68,2275.28,25.4,30,Late
9005996,501999,2019-08-25,2459.71,2382.64,2357.41,25.23,60,Late
9005997,501999,2019-11-23,2369.56,2187.07,2162.76,24.31,90,Late
9005998,502000,2023-01-16,14300.71,12506.73,12381.48,125.25,5,Late
9005999,502000,2023-04-16,14253.53,13363.25,13238.42,124.84,15,Late
9006000,502000,2023-07-15,14718.15,13179.26,13050.36,128.91,5,Late
9006001,502001,2025-03-07,5470.42,4497.14,4433.04,64.1,120,Late
9006002,502001,2025-06-05,5448.38,4670.59,4606.76,63.84,90,Late
9006003,502001,2025-09-03,5468.13,4979.08,4915.01,64.07,60,Late
9006004,502002,2023-05-20,1385.29,1236.93,1224.65,12.28,60,Late
9006005,502002,2023-08-18,1421.93,1140.14,1127.53,12.61,45,Late
9006006,502002,2023-11-16,1444.01,1165.81,1153.0,12.8,90,Late
9006007,502003,2025-09-01,989.78,894.36,886.61,7.75,60,Late
9006008,502003,2025-11-30,1008.48,812.54,804.65,7.89,15,Late
9006009,502003,2026-02-28,974.22,868.9,861.28,7.62,45,Late
9006010,502004,2025-03-29,861.22,726.49,717.13,9.36,45,Late
9006011,502004,2025-06-27,881.25,877.24,867.66,9.58,0,Paid
9006012,502004,2025-09-25,870.22,894.97,885.52,9.46,0,Paid
9006013,502005,2022-02-09,15427.21,13590.73,13506.4,84.34,45,Late
9006014,502005,2022-05-10,14282.69,12443.42,12365.34,78.08,60,Late
9006015,502005,2022-08-08,15741.58,13515.96,13429.9,86.05,90,Late
9006016,502006,2021-07-19,1792.86,1486.42,1478.63,7.78,5,Late
9006017,502006,2021-10-17,1770.05,1508.4,1500.72,7.68,10,Late
9006018,502006,2022-01-15,1742.48,1724.37,1716.8,7.57,0,Paid
9006019,502007,2019-08-17,8480.5,7755.4,7689.39,66.01,10,Late
9006020,502007,2019-11-15,8058.09,6226.42,6163.71,62.72,30,Late
9006021,502007,2020-02-13,8465.22,8706.88,8640.99,65.89,0,Paid
9006022,502008,2023-08-05,2427.7,2493.24,2478.28,14.95,45,Late
9006023,502008,2023-11-03,2460.9,2444.8,2429.64,15.16,0,Paid
9006024,502008,2024-02-01,2536.09,2607.33,2591.71,15.62,0,Paid
9006025,502009,2023-09-02,4436.09,4325.59,4278.42,47.17,0,Paid
9006026,502009,2023-12-01,4524.15,4625.47,4577.36,48.11,0,Paid
9006027,502009,2024-02-29,4323.53,4264.43,4218.45,45.97,10,Late
9006028,502010,2020-03-04,14629.98,14569.22,14430.23,138.98,0,Paid
9006029,502010,2020-06-02,14195.51,14492.84,14357.98,134.86,30,Late
9006030,502010,2020-08-31,13993.15,14146.93,14013.99,132.93,15,Late
9006031,502011,2020-06-21,1135.11,1131.89,1125.08,6.81,0,Paid
9006032,502011,2020-09-19,1134.65,1106.69,1099.88,6.81,0,Paid
9006033,502011,2020-12-18,1199.49,1212.21,1205.01,7.2,0,Paid
9006034,502012,2024-03-24,7972.91,7604.97,7551.02,53.95,30,Late
9006035,502012,2024-06-22,8414.56,8038.06,7981.12,56.94,15,Late
9006036,502012,2024-09-20,8179.01,8026.31,7970.97,55.34,0,Paid
9006037,502013,2023-04-13,14765.46,13236.41,13185.47,50.94,5,Late
9006038,502013,2023-07-12,15704.67,15268.44,15214.26,54.18,0,Paid
9006039,502013,2023-10-10,14512.84,14189.23,14139.17,50.07,0,Paid
9006040,502014,2025-02-11,2122.85,1729.66,1709.0,20.66,45,Late
9006041,502014,2025-05-12,1978.12,2011.95,1992.7,19.25,0,Paid
9006042,502014,2025-08-10,2057.6,2059.38,2039.36,20.03,0,Paid
9006043,502015,2025-06-25,15586.78,12094.95,11956.1,138.85,5,Late
9006044,502015,2025-09-23,14455.3,14240.47,14111.7,128.77,0,Paid
9006045,502015,2025-12-22,14831.22,13992.6,13860.48,132.12,10,Late
9006046,502016,2021-05-18,737.72,716.45,713.45,3.01,0,Paid
9006047,502016,2021-08-16,726.6,725.52,722.56,2.96,0,Paid
9006048,502016,2021-11-14,720.67,569.46,566.53,2.94,30,Late
9006049,502017,2022-10-21,15616.44,15820.88,15669.53,151.35,60,Late
9006050,502017,2023-01-19,15397.2,15678.56,15529.33,149.22,30,Late
9006051,502017,2023-04-19,14280.26,11985.38,11846.98,138.4,30,Late
9006052,502018,2019-05-21,760.96,683.11,676.65,6.46,90,Late
9006053,502018,2019-08-19,774.27,768.12,761.55,6.57,10,Late
9006054,502018,2019-11-17,738.88,569.87,563.6,6.27,5,Late
9006055,502019,2024-02-22,1516.85,1494.95,1486.86,8.09,0,Paid
9006056,502019,2024-05-22,1554.9,1561.14,1552.84,8.29,0,Paid
9006057,502019,2024-08-20,1438.88,1468.6,1460.93,7.67,0,Paid
9006058,502020,2023-02-18,10687.05,11006.71,10899.57,107.14,0,Paid
9006059,502020,2023-05-19,10540.56,10713.06,10607.39,105.67,5,Late
9006060,502020,2023-08-17,9918.29,9885.87,9786.44,99.43,0,Paid
9006061,502021,2020-11-11,2421.48,2369.91,2349.55,20.36,0,Paid
9006062,502021,2021-02-09,2364.56,2382.8,2362.92,19.88,0,Paid
9006063,502021,2021-05-10,2468.57,2492.55,2471.79,20.76,0,Paid
9006064,502022,2019-06-04,15115.11,15495.52,15444.13,51.39,10,Late
9006065,502022,2019-09-02,14824.85,14625.89,14575.48,50.4,0,Paid
9006066,502022,2019-12-01,15140.84,15532.42,15480.94,51.48,0,Paid
9006067,502023,2021-09-09,15665.37,14440.28,14297.85,142.42,45,Late
9006068,502023,2021-12-08,15110.97,13091.8,12954.42,137.38,60,Late
9006069,502023,2022-03-08,15111.09,15080.61,14943.22,137.38,60,Late
9006070,502024,2022-02-18,1976.62,1684.71,1674.47,10.25,60,Late
9006071,502024,2022-05-19,1986.25,1721.95,1711.65,10.3,60,Late
9006072,502024,2022-08-17,1977.92,1871.39,1861.14,10.25,120,Late
9006073,502025,2023-03-30,677.48,691.44,686.81,4.63,60,Late
9006074,502025,2023-06-28,668.15,611.86,607.29,4.57,60,Late
9006075,502025,2023-09-26,677.3,533.77,529.14,4.63,30,Late
9006076,502026,2025-05-30,1070.05,848.61,838.31,10.3,5,Late
9006077,502026,2025-08-28,1052.91,931.27,921.13,10.13,5,Late
9006078,502026,2025-11-26,1015.09,1034.89,1025.11,9.77,0,Paid
9006079,502027,2024-07-31,1895.36,1902.98,1888.91,14.07,0,Paid
9006080,502027,2024-10-29,1858.29,1831.82,1818.02,13.8,0,Paid
9006081,502027,2025-01-27,1944.86,1969.59,1955.15,14.44,0,Paid
9006082,502028,2021-01-28,763.08,774.36,771.07,3.29,30,Late
9006083,502028,2021-04-28,778.68,682.54,679.19,3.35,30,Late
9006084,502028,2021-07-27,807.65,705.48,702.0,3.48,60,Late
9006085,502029,2021-02-28,15247.94,11871.53,11797.32,74.21,60,Late
9006086,502029,2021-05-29,14737.89,15096.22,15024.49,71.72,0,Paid
9006087,502029,2021-08-27,15079.39,15306.28,15232.89,73.39,0,Paid
9006088,502030,2021-07-20,7600.5,7495.51,7470.17,25.33,120,Late
9006089,502030,2021-10-18,7427.51,7530.54,7505.78,24.76,120,Late
9006090,502030,2022-01-16,7540.3,5931.48,5906.34,25.13,45,Late
9006091,502031,2020-01-04,441.69,361.03,359.3,1.73,60,Late
9006092,502031,2020-04-03,469.68,368.35,366.51,1.84,10,Late
9006093,502031,2020-07-02,445.86,426.42,424.67,1.75,5,Late
9006094,502032,2020-09-09,15404.3,15832.14,15649.86,182.28,0,Paid
9006095,502032,2020-12-08,15128.34,13902.71,13723.69,179.02,45,Late
9006096,502032,2021-03-08,14367.23,14426.27,14256.26,170.01,0,Paid
9006097,502033,2019-03-25,6691.66,6724.07,6645.28,78.79,0,Paid
9006098,502033,2019-06-23,6745.49,6727.51,6648.08,79.43,15,Late
9006099,502033,2019-09-21,6702.98,5483.95,5405.02,78.93,45,Late
9006100,502034,2021-01-23,10774.13,10465.4,10384.15,81.25,0,Paid
9006101,502034,2021-04-23,10626.29,9367.72,9287.58,80.14,10,Late
9006102,502034,2021-07-22,11165.28,11458.78,11374.57,84.2,45,Late
9006103,502035,2020-11-26,1441.56,1151.04,1143.53,7.51,90,Late
9006104,502035,2021-02-24,1401.31,1419.02,1411.72,7.3,0,Paid
9006105,502035,2021-05-25,1381.23,1341.81,1334.61,7.19,0,Paid
9006106,502036,2020-01-07,8385.49,7663.99,7576.64,87.35,45,Late
9006107,502036,2020-04-06,8428.6,6516.93,6429.13,87.8,60,Late
9006108,502036,2020-07-05,7883.2,6965.77,6883.66,82.12,45,Late
9006109,502037,2025-08-09,1327.56,1104.67,1096.87,7.8,15,Late
9006110,502037,2025-11-07,1248.62,1042.55,1035.21,7.34,45,Late
9006111,502037,2026-02-05,1367.11,1116.52,1108.49,8.03,5,Late
9006112,502038,2023-04-27,2163.78,1859.23,1852.14,7.09,15,Late
9006113,502038,2023-07-26,2241.49,1815.63,1808.29,7.34,5,Late
9006114,502038,2023-10-24,2254.34,2244.01,2236.62,7.38,0,Paid
9006115,502039,2024-10-30,448.56,457.05,454.7,2.36,0,Paid
9006116,502039,2025-01-28,444.86,437.4,435.06,2.34,0,Paid
9006117,502039,2025-04-28,438.57,450.08,447.77,2.31,0,Paid
9006118,502040,2025-12-29,1112.6,1119.4,1109.78,9.62,0,Paid
9006119,502040,2026-03-29,1091.43,1080.03,1070.59,9.44,45,Late
9006120,502040,2026-06-27,1085.41,1091.01,1081.62,9.39,0,Paid
9006121,502041,2019-02-10,14700.13,14391.73,14267.02,124.71,0,Paid
9006122,502041,2019-05-11,14427.85,14715.55,14593.16,122.4,0,Paid
9006123,502041,2019-08-09,15724.78,15928.22,15794.82,133.4,0,Paid
9006124,502042,2020-10-04,11204.97,11102.33,11006.81,95.52,0,Paid
9006125,502042,2021-01-02,11303.86,11342.56,11246.19,96.37,0,Paid
9006126,502042,2021-04-02,10860.53,9329.36,9236.77,92.59,30,Late
9006127,502043,2023-06-03,10546.28,10725.29,10606.82,118.47,0,Paid
9006128,502043,2023-09-01,10368.14,10452.48,10336.01,116.47,0,Paid
9006129,502043,2023-11-30,10541.9,10658.75,10540.33,118.42,30,Late
9006130,502044,2023-06-12,5379.48,5378.23,5355.45,22.77,0,Paid
9006131,502044,2023-09-10,5023.55,5103.62,5082.36,21.27,0,Paid
9006132,502044,2023-12-09,5218.39,5099.67,5077.58,22.09,0,Paid
9006133,502045,2019-07-02,5183.98,4310.16,4255.46,54.69,30,Late
9006134,502045,2019-09-30,5465.37,4488.56,4430.9,57.66,10,Late
9006135,502045,2019-12-29,5356.22,5234.93,5178.42,56.51,30,Late
9006136,502046,2021-05-03,13160.07,13161.36,13119.69,41.67,0,Paid
9006137,502046,2021-08-01,14272.81,14339.26,14294.06,45.2,0,Paid
9006138,502046,2021-10-30,14033.39,13990.88,13946.44,44.44,0,Paid
9006139,502047,2022-06-20,5658.53,5656.35,5591.8,64.55,0,Paid
9006140,502047,2022-09-18,5803.67,5632.93,5566.72,66.21,0,Paid
9006141,502047,2022-12-17,5749.3,4607.69,4542.1,65.59,90,Late
9006142,502048,2024-03-23,7322.74,7216.59,7160.08,56.51,0,Paid
9006143,502048,2024-06-21,7528.24,7574.44,7516.35,58.09,0,Paid
9006144,502048,2024-09-19,7746.79,7932.3,7872.52,59.78,0,Paid
9006145,502049,2021-07-13,2002.83,1924.07,1911.27,12.8,10,Late
9006146,502049,2021-10-11,1986.09,1976.6,1963.91,12.69,0,Paid
9006147,502049,2022-01-09,2017.66,2025.8,2012.91,12.9,0,Paid
9006148,502050,2022-09-10,9612.93,7889.22,7818.01,71.22,30,Late
9006149,502050,2022-12-09,9629.17,9875.7,9804.37,71.34,0,Paid
9006150,502050,2023-03-09,9588.47,9857.3,9786.27,71.03,0,Paid
9006151,502051,2022-01-27,15537.04,12631.26,12571.06,60.21,45,Late
9006152,502051,2022-04-27,15226.42,11754.7,11695.7,59.0,120,Late
9006153,502051,2022-07-26,14679.05,13919.86,13862.98,56.88,90,Late
9006154,502052,2025-03-28,14433.08,14079.81,13943.17,136.63,0,Paid
9006155,502052,2025-06-26,15099.62,11538.68,11395.74,142.94,5,Late
9006156,502052,2025-09-24,15616.67,11812.24,11664.4,147.84,60,Late
9006157,502053,2022-06-22,2481.74,2421.46,2411.74,9.72,0,Paid
9006158,502053,2022-09-20,2538.81,2486.58,2476.63,9.94,0,Paid
9006159,502053,2022-12-19,2450.2,2521.21,2511.61,9.6,0,Paid
9006160,502054,2022-08-19,7961.45,8010.76,7953.84,56.92,0,Paid
9006161,502054,2022-11-17,7901.68,7874.72,7818.23,56.5,0,Paid
9006162,502054,2023-02-15,8093.09,6481.58,6423.71,57.87,90,Late
9006163,502055,2021-02-16,6417.22,5931.2,5882.48,48.72,90,Late
9006164,502055,2021-05-17,6585.84,5417.29,5367.29,50.0,15,Late
9006165,502055,2021-08-15,6613.74,6759.36,6709.15,50.21,0,Paid
9006166,502056,2024-05-14,243.42,237.78,236.54,1.24,0,Paid
9006167,502056,2024-08-12,230.83,234.74,233.57,1.18,0,Paid
9006168,502056,2024-11-10,234.73,235.85,234.66,1.2,0,Paid
9006169,502057,2021-01-08,1160.74,915.19,904.0,11.19,30,Late
9006170,502057,2021-04-08,1157.79,1111.93,1100.77,11.16,90,Late
9006171,502057,2021-07-07,1247.08,1232.84,1220.81,12.02,0,Paid
9006172,502058,2025-04-09,1586.0,1368.95,1361.14,7.81,5,Late
9006173,502058,2025-07-08,1571.1,1570.88,1563.14,7.74,0,Paid
9006174,502058,2025-10-06,1589.34,1605.0,1597.17,7.83,0,Paid
9006175,502059,2023-10-25,535.67,426.15,423.02,3.12,45,Late
9006176,502059,2024-01-23,514.77,522.35,519.35,3.0,10,Late
9006177,502059,2024-04-22,493.05,503.94,501.07,2.88,0,Paid
9006178,502060,2020-12-29,10449.86,10099.25,10052.84,46.41,15,Late
9006179,502060,2021-03-29,10069.57,9603.17,9558.44,44.73,15,Late
9006180,502060,2021-06-27,10157.34,9976.96,9931.85,45.12,0,Paid
9006181,502061,2022-05-11,3053.38,3100.32,3082.46,17.86,0,Paid
9006182,502061,2022-08-09,3257.52,2693.74,2674.69,19.06,5,Late
9006183,502061,2022-11-07,3229.79,3134.33,3115.43,18.89,0,Paid
9006184,502062,2021-09-20,9653.43,9866.25,9770.2,96.05,0,Paid
9006185,502062,2021-12-19,10156.15,10260.55,10159.49,101.05,0,Paid
9006186,502062,2022-03-19,9744.24,8781.93,8684.98,96.96,15,Late
9006187,502063,2019-08-17,11651.02,11132.84,11086.14,46.7,45,Late
9006188,502063,2019-11-15,12074.16,11772.75,11724.35,48.4,90,Late
9006189,502063,2020-02-13,11910.01,11704.24,11656.5,47.74,60,Late
9006190,502064,2021-02-10,4802.77,4896.26,4850.83,45.43,0,Paid
9006191,502064,2021-05-11,4530.29,4402.61,4359.76,42.85,0,Paid
9006192,502064,2021-08-09,4788.09,4920.1,4874.82,45.29,10,Late
9006193,502065,2020-04-14,990.51,966.65,963.62,3.04,0,Paid
9006194,502065,2020-07-13,1057.09,879.21,875.97,3.24,5,Late
9006195,502065,2020-10-11,1070.51,1100.69,1097.41,3.28,0,Paid
9006196,502066,2024-03-10,720.71,620.98,618.19,2.79,90,Late
9006197,502066,2024-06-08,766.95,773.67,770.69,2.97,90,Late
9006198,502066,2024-09-06,775.36,666.75,663.74,3.0,120,Late
9006199,502067,2025-03-17,958.66,934.2,922.65,11.55,0,Paid
9006200,502067,2025-06-15,965.42,947.87,936.24,11.63,0,Paid
9006201,502067,2025-09-13,924.54,950.46,939.32,11.14,0,Paid
9006202,502068,2019-05-30,1712.74,1686.93,1675.12,11.82,5,Late
9006203,502068,2019-08-28,1669.13,1660.4,1648.88,11.52,0,Paid
9006204,502068,2019-11-26,1716.16,1743.62,1731.78,11.84,0,Paid
9006205,502069,2019-07-15,12900.86,12771.27,12649.79,121.48,0,Paid
9006206,502069,2019-10-13,12147.84,12203.0,12088.61,114.39,0,Paid
9006207,502069,2020-01-11,11768.81,10362.27,10251.45,110.82,30,Late
9006208,502070,2022-07-27,1489.32,1450.64,1444.82,5.82,0,Paid
9006209,502070,2022-10-25,1388.8,1208.56,1203.13,5.43,45,Late
9006210,502070,2023-01-23,1354.22,1314.85,1309.56,5.29,45,Late
9006211,502071,2020-06-24,910.82,937.95,931.12,6.83,0,Paid
9006212,502071,2020-09-22,967.86,957.13,949.87,7.26,0,Paid
9006213,502071,2020-12-21,967.95,995.91,988.65,7.26,0,Paid
9006214,502072,2020-05-09,13241.16,10300.28,10175.04,125.24,10,Late
9006215,502072,2020-08-07,13347.07,13155.33,13029.09,126.24,0,Paid
9006216,502072,2020-11-05,14075.55,14417.32,14284.18,133.13,15,Late
9006217,502073,2019-12-26,15561.32,15445.97,15315.65,130.33,0,Paid
9006218,502073,2020-03-25,15712.61,13296.47,13164.88,131.59,10,Late
9006219,502073,2020-06-23,15175.03,12164.23,12037.14,127.09,10,Late
9006220,502074,2023-06-13,1036.34,1018.49,1013.94,4.54,45,Late
9006221,502074,2023-09-11,1121.06,1132.57,1127.66,4.91,0,Paid
9006222,502074,2023-12-10,1057.6,974.2,969.57,4.64,5,Late
9006223,502075,2025-12-25,1789.27,1780.56,1766.8,13.76,0,Paid
9006224,502075,2026-03-25,1844.11,1586.47,1572.29,14.18,10,Late
9006225,502075,2026-06-23,1892.44,1890.55,1876.0,14.56,0,Paid
9006226,502076,2024-03-10,2402.15,2373.54,2346.28,27.26,0,Paid
9006227,502076,2024-06-08,2478.19,2511.92,2483.79,28.13,0,Paid
9006228,502076,2024-09-06,2255.17,2164.84,2139.24,25.6,60,Late
9006229,502077,2025-05-19,13614.84,13849.98,13705.09,144.88,15,Late
9006230,502077,2025-08-17,13086.29,11686.69,11547.43,139.26,30,Late
9006231,502077,2025-11-15,13568.12,12881.23,12736.84,144.39,15,Late
9006232,502078,2025-05-13,1359.48,1335.01,1328.07,6.94,0,Paid
9006233,502078,2025-08-11,1435.94,1419.51,1412.17,7.34,0,Paid
9006234,502078,2025-11-09,1340.03,1325.16,1318.32,6.85,0,Paid
9006235,502079,2023-03-09,15152.63,15077.22,14999.06,78.16,5,Late
9006236,502079,2023-06-07,14382.15,13977.0,13902.81,74.19,0,Paid
9006237,502079,2023-09-05,15593.42,15857.38,15776.94,80.44,0,Paid
9006238,502080,2023-01-04,4892.81,4837.93,4779.71,58.22,0,Paid
9006239,502080,2023-04-04,4521.36,4613.91,4560.11,53.8,0,Paid
9006240,502080,2023-07-03,4618.54,4725.75,4670.78,54.96,0,Paid
9006241,502081,2023-04-25,5153.06,5008.04,4949.56,58.49,0,Paid
9006242,502081,2023-07-24,5001.85,4858.68,4801.9,56.77,0,Paid
9006243,502081,2023-10-22,5216.84,5338.12,5278.9,59.21,0,Paid
9006244,502082,2020-06-06,1716.46,1729.2,1720.19,9.01,0,Paid
9006245,502082,2020-09-04,1742.05,1713.67,1704.52,9.15,0,Paid
9006246,502082,2020-12-03,1630.79,1649.84,1641.27,8.56,0,Paid
9006247,502083,2021-11-21,1128.26,1052.98,1048.16,4.82,60,Late
9006248,502083,2022-02-19,1030.33,1009.19,1004.78,4.4,60,Late
9006249,502083,2022-05-20,1078.84,926.77,922.16,4.61,30,Late
9006250,502084,2019-06-14,4674.46,4733.66,4701.45,32.21,0,Paid
9006251,502084,2019-09-12,5063.13,4919.84,4884.95,34.89,0,Paid
9006252,502084,2019-12-11,4855.06,3711.79,3678.33,33.46,5,Late
9006253,502085,2024-04-07,8984.87,9194.59,9092.31,102.28,90,Late
9006254,502085,2024-07-06,9227.16,8689.84,8584.8,105.04,60,Late
9006255,502085,2024-10-04,9280.43,8683.15,8577.51,105.64,90,Late
9006256,502086,2020-12-20,5934.64,6086.02,6064.66,21.36,0,Paid
9006257,502086,2021-03-20,6002.06,6095.97,6074.36,21.61,0,Paid
9006258,502086,2021-06-18,5578.9,5666.06,5645.97,20.08,0,Paid
9006259,502087,2024-07-31,12918.82,13230.85,13192.63,38.22,45,Late
9006260,502087,2024-10-29,13496.79,13531.76,13491.83,39.93,0,Paid
9006261,502087,2025-01-27,12931.22,9703.16,9664.91,38.25,30,Late
9006262,502088,2019-06-01,14292.05,14463.98,14295.93,168.05,0,Paid
9006263,502088,2019-08-30,15509.96,15225.46,15043.09,182.37,0,Paid
9006264,502088,2019-11-28,14278.75,14392.43,14224.53,167.89,0,Paid
9006265,502089,2025-02-18,2702.57,2665.03,2655.77,9.26,0,Paid
9006266,502089,2025-05-19,2525.19,2473.37,2464.72,8.65,0,Paid
9006267,502089,2025-08-17,2666.85,2651.32,2642.18,9.13,0,Paid
9006268,502090,2023-05-15,7766.92,7981.72,7894.6,87.12,0,Paid
9006269,502090,2023-08-13,7598.1,7095.77,7010.54,85.23,5,Late
9006270,502090,2023-11-11,7466.59,6430.35,6346.6,83.75,60,Late
9006271,502091,2022-06-15,451.51,430.21,426.96,3.25,120,Late
9006272,502091,2022-09-13,437.79,396.54,393.39,3.16,90,Late
9006273,502091,2022-12-12,443.34,369.14,365.94,3.2,45,Late
9006274,502092,2022-06-23,14885.57,15180.65,15118.99,61.65,0,Paid
9006275,502092,2022-09-21,15738.72,15271.88,15206.7,65.18,0,Paid
9006276,502092,2022-12-20,14361.02,12677.56,12618.08,59.48,45,Late
9006277,502093,2021-12-26,2419.9,2349.36,2322.64,26.72,0,Paid
9006278,502093,2022-03-26,2386.07,2320.3,2293.95,26.35,0,Paid
9006279,502093,2022-06-24,2210.43,2232.33,2207.92,24.41,0,Paid
9006280,502094,2020-08-04,1393.3,1355.57,1340.92,14.65,0,Paid
9006281,502094,2020-11-02,1406.92,1446.52,1431.72,14.8,0,Paid
9006282,502094,2021-01-31,1431.99,1434.84,1419.78,15.06,0,Paid
9006283,502095,2024-10-10,13679.29,12212.42,12062.29,150.13,60,Late
9006284,502095,2025-01-08,13639.24,12366.95,12217.26,149.69,90,Late
9006285,502095,2025-04-08,12707.8,10971.62,10832.15,139.47,120,Late
9006286,502096,2019-04-21,1590.12,1198.81,1184.54,14.27,30,Late
9006287,502096,2019-07-20,1640.33,1345.41,1330.69,14.72,5,Late
9006288,502096,2019-10-18,1664.52,1523.66,1508.72,14.94,5,Late
9006289,502097,2025-07-07,1540.78,1332.68,1324.05,8.63,5,Late
9006290,502097,2025-10-05,1417.34,1438.56,1430.62,7.94,0,Paid
9006291,502097,2026-01-03,1397.95,1357.88,1350.06,7.83,0,Paid
9006292,502098,2025-12-14,10569.86,10050.28,9940.7,109.57,60,Late
9006293,502098,2026-03-14,9733.07,9532.81,9431.91,100.9,0,Paid
9006294,502098,2026-06-12,10098.24,9165.38,9060.69,104.69,45,Late
9006295,502099,2021-08-21,1041.24,1071.78,1062.14,9.64,0,Paid
9006296,502099,2021-11-19,1085.45,961.74,951.69,10.05,60,Late
9006297,502099,2022-02-17,1095.67,1058.81,1048.67,10.14,45,Late
9006298,502100,2025-04-01,2409.41,2058.3,2038.96,19.34,120,Late
9006299,502100,2025-06-30,2285.54,1770.88,1752.54,18.34,60,Late
9006300,502100,2025-09-28,2261.99,1755.32,1737.17,18.15,90,Late
9006301,502101,2025-08-30,14564.58,14260.28,14152.26,108.02,0,Paid
9006302,502101,2025-11-28,15288.71,11646.0,11532.61,113.39,10,Late
9006303,502101,2026-02-26,14382.29,14394.02,14287.35,106.67,0,Paid
9006304,502102,2022-03-02,2900.34,2670.34,2656.68,13.66,5,Late
9006305,502102,2022-05-31,2960.81,2918.43,2904.49,13.94,0,Paid
9006306,502102,2022-08-29,2933.61,2999.9,2986.09,13.81,0,Paid
9006307,502103,2021-04-20,1987.34,1692.7,1671.06,21.65,15,Late
9006308,502103,2021-07-19,1927.64,1815.95,1794.96,21.0,5,Late
9006309,502103,2021-10-17,2110.25,2130.75,2107.76,22.98,0,Paid
9006310,502104,2024-07-27,1916.31,1965.93,1958.52,7.41,0,Paid
9006311,502104,2024-10-25,1970.86,1695.59,1687.97,7.62,15,Late
9006312,502104,2025-01-23,1964.43,1983.14,1975.54,7.6,0,Paid
9006313,502105,2024-05-10,15410.82,15100.85,14916.69,184.16,0,Paid
9006314,502105,2024-08-08,15342.5,14905.16,14721.82,183.34,0,Paid
9006315,502105,2024-11-06,14805.01,14575.44,14398.52,176.92,0,Paid
9006316,502106,2020-08-05,5783.76,4383.96,4364.68,19.28,15,Late
9006317,502106,2020-11-03,5681.39,5813.01,5794.07,18.94,0,Paid
9006318,502106,2021-02-01,5526.29,5644.39,5625.97,18.42,0,Paid
9006319,502107,2023-12-25,7107.11,7222.82,7142.22,80.61,0,Paid
9006320,502107,2024-03-24,6664.89,6824.24,6748.65,75.59,0,Paid
9006321,502107,2024-06-22,6825.85,7021.31,6943.89,77.42,0,Paid
9006322,502108,2020-05-03,14474.63,14750.07,14662.98,87.09,0,Paid
9006323,502108,2020-08-01,15251.25,14971.53,14879.77,91.76,0,Paid
9006324,502108,2020-10-30,14877.75,14827.11,14737.6,89.51,0,Paid
9006325,502109,2020-10-11,4576.95,4486.6,4460.93,25.67,0,Paid
9006326,502109,2021-01-09,4582.06,4505.35,4479.65,25.7,0,Paid
9006327,502109,2021-04-09,4631.47,4680.84,4654.87,25.97,0,Paid
9006328,502110,2024-08-12,1972.84,1988.41,1967.56,20.85,0,Paid
9006329,502110,2024-11-10,1881.85,1874.72,1854.83,19.88,0,Paid
9006330,502110,2025-02-08,1873.17,1734.24,1714.45,19.79,30,Late
9006331,502111,2021-03-13,591.16,584.94,578.75,6.19,0,Paid
9006332,502111,2021-06-11,561.26,547.49,541.61,5.88,5,Late
9006333,502111,2021-09-09,549.85,477.57,471.81,5.76,5,Late
9006334,502112,2020-08-08,10046.46,8497.87,8454.42,43.45,30,Late
9006335,502112,2020-11-06,10622.99,10895.03,10849.08,45.94,0,Paid
9006336,502112,2021-02-04,10063.11,10006.58,9963.05,43.52,0,Paid
9006337,502113,2024-11-14,1309.23,1045.93,1033.27,12.66,30,Late
9006338,502113,2025-02-12,1355.03,1367.39,1354.29,13.1,0,Paid
9006339,502113,2025-05-13,1352.32,1329.9,1316.83,13.07,0,Paid
9006340,502114,2023-01-30,4068.02,3818.83,3786.29,32.54,60,Late
9006341,502114,2023-04-30,4132.49,4019.59,3986.53,33.06,0,Paid
9006342,502114,2023-07-29,3851.69,3767.03,3736.22,30.81,0,Paid
9006343,502115,2025-10-06,2295.62,2235.31,2213.7,21.62,0,Paid
9006344,502115,2026-01-04,2364.57,2377.16,2354.9,22.27,0,Paid
9006345,502115,2026-04-04,2374.68,2356.38,2334.02,22.36,0,Paid
9006346,502116,2025-12-06,11481.79,11555.28,11501.7,53.58,0,Paid
9006347,502116,2026-03-06,11802.61,11723.28,11668.21,55.08,0,Paid
9006348,502116,2026-06-04,11906.09,12050.07,11994.51,55.56,0,Paid
9006349,502117,2025-09-07,814.25,663.15,653.74,9.41,90,Late
9006350,502117,2025-12-06,839.29,863.41,853.71,9.7,120,Late
9006351,502117,2026-03-06,823.43,825.88,816.36,9.52,60,Late
9006352,502118,2019-06-28,10942.08,10834.8,10709.6,125.2,0,Paid
9006353,502118,2019-09-26,10908.38,10665.31,10540.5,124.81,0,Paid
9006354,502118,2019-12-25,11323.58,11096.19,10966.63,129.56,0,Paid
9006355,502119,2022-02-05,2081.05,1567.83,1553.18,14.65,10,Late
9006356,502119,2022-05-06,2161.04,2205.95,2190.73,15.22,0,Paid
9006357,502119,2022-08-04,2103.32,2124.01,2109.2,14.81,0,Paid
9006358,502120,2023-11-18,13811.07,12607.26,12499.53,107.73,90,Late
9006359,502120,2024-02-16,14294.01,14653.89,14542.4,111.49,30,Late
9006360,502120,2024-05-16,14347.04,14774.07,14662.16,111.91,45,Late
9006361,502121,2021-06-30,1589.76,1589.19,1570.9,18.28,0,Paid
9006362,502121,2021-09-28,1543.44,1393.2,1375.45,17.75,45,Late
9006363,502121,2021-12-27,1605.04,1616.38,1597.92,18.46,0,Paid
9006364,502122,2022-11-02,577.05,589.83,587.65,2.18,0,Paid
9006365,502122,2023-01-31,559.83,573.9,571.79,2.11,0,Paid
9006366,502122,2023-05-01,575.58,439.75,437.58,2.17,5,Late
9006367,502123,2025-11-09,15331.95,14899.85,14808.24,91.61,120,Late
9006368,502123,2026-02-07,14687.0,12047.17,11959.41,87.75,45,Late
9006369,502123,2026-05-08,15296.16,15718.81,15627.42,91.39,45,Late
9006370,502124,2020-07-17,1153.25,1156.73,1144.46,12.26,0,Paid
9006371,502124,2020-10-15,1125.8,1119.38,1107.41,11.97,0,Paid
9006372,502124,2021-01-13,1121.11,931.06,919.14,11.92,5,Late
9006373,502125,2021-04-01,4833.5,4701.22,4664.25,36.98,0,Paid
9006374,502125,2021-06-30,5117.77,5034.53,4995.38,39.15,0,Paid
9006375,502125,2021-09-28,5147.27,5205.41,5166.03,39.38,0,Paid
9006376,502126,2021-02-17,13779.93,13466.01,13329.47,136.54,0,Paid
9006377,502126,2021-05-18,12842.1,12531.27,12404.03,127.24,0,Paid
9006378,502126,2021-08-16,13447.17,13694.56,13561.32,133.24,10,Late
9006379,502127,2021-10-13,14806.77,14620.1,14541.38,78.72,0,Paid
9006380,502127,2022-01-11,14997.87,15049.43,14969.69,79.74,10,Late
9006381,502127,2022-04-11,14645.43,14613.58,14535.71,77.86,0,Paid
9006382,502128,2021-07-27,1179.57,1074.85,1067.43,7.42,60,Late
9006383,502128,2021-10-25,1175.11,900.51,893.11,7.39,60,Late
9006384,502128,2022-01-23,1197.94,1030.84,1023.31,7.54,45,Late
9006385,502129,2023-02-07,1626.19,1621.24,1603.49,17.75,0,Paid
9006386,502129,2023-05-08,1642.41,1669.02,1651.09,17.93,45,Late
9006387,502129,2023-08-06,1756.03,1771.33,1752.16,19.17,0,Paid
9006388,502130,2019-06-28,2532.96,2472.74,2462.94,9.79,0,Paid
9006389,502130,2019-09-26,2461.5,2408.89,2399.37,9.52,15,Late
9006390,502130,2019-12-25,2547.54,2566.52,2556.67,9.85,0,Paid
9006391,502131,2021-04-11,6859.11,6963.32,6882.56,80.77,0,Paid
9006392,502131,2021-07-10,6967.43,6601.5,6519.46,82.04,5,Late
9006393,502131,2021-10-08,6612.42,6721.5,6643.64,77.86,0,Paid
9006394,502132,2021-08-22,13614.15,12130.62,11992.1,138.52,90,Late
9006395,502132,2021-11-20,13315.95,13135.57,13000.08,135.49,0,Paid
9006396,502132,2022-02-18,13834.76,13065.76,12924.99,140.77,10,Late
9006397,502133,2023-01-10,183.36,188.53,187.8,0.73,45,Late
9006398,502133,2023-04-10,194.31,156.36,155.58,0.77,120,Late
9006399,502133,2023-07-09,184.26,152.95,152.22,0.73,120,Late
9006400,502134,2025-03-06,15288.63,12824.03,12645.28,178.75,90,Late
9006401,502134,2025-06-04,15443.48,14039.66,13859.1,180.56,120,Late
9006402,502134,2025-09-02,14888.98,12497.16,12323.09,174.08,90,Late
9006403,502135,2025-08-11,2001.62,1995.94,1974.03,21.9,0,Paid
9006404,502135,2025-11-09,1870.18,1851.14,1830.68,20.46,0,Paid
9006405,502135,2026-02-07,1854.24,1844.99,1824.7,20.29,0,Paid
9006406,502136,2024-07-26,905.31,915.96,910.22,5.74,0,Paid
9006407,502136,2024-10-24,885.74,866.5,860.89,5.62,0,Paid
9006408,502136,2025-01-22,960.89,822.36,816.27,6.09,60,Late
9006409,502137,2019-01-24,2092.15,1734.31,1712.38,21.93,60,Late
9006410,502137,2019-04-24,2094.69,2071.97,2050.01,21.96,30,Late
9006411,502137,2019-07-23,2166.15,2217.14,2194.43,22.71,0,Paid
9006412,502138,2024-12-28,2028.64,1977.11,1970.15,6.96,0,Paid
9006413,502138,2025-03-28,1925.06,1904.21,1897.6,6.61,0,Paid
9006414,502138,2025-06-26,2014.84,1997.31,1990.4,6.92,0,Paid
9006415,502139,2019-10-16,582.5,494.93,491.23,3.7,120,Late
9006416,502139,2020-01-14,627.57,624.0,620.02,3.99,120,Late
9006417,502139,2020-04-13,581.16,524.21,520.52,3.69,90,Late
9006418,502140,2025-09-12,1899.14,1481.47,1472.25,9.23,5,Late
9006419,502140,2025-12-11,1920.94,1660.13,1650.8,9.33,15,Late
9006420,502140,2026-03-11,1942.52,1915.03,1905.59,9.44,0,Paid
9006421,502141,2020-10-26,3517.49,3547.78,3515.98,31.8,90,Late
9006422,502141,2021-01-24,3692.69,3211.79,3178.41,33.39,120,Late
9006423,502141,2021-04-24,3548.41,2672.6,2640.51,32.08,45,Late
9006424,502142,2019-12-13,6183.21,5384.95,5325.49,59.46,30,Late
9006425,502142,2020-03-12,5928.36,5810.23,5753.22,57.01,0,Paid
9006426,502142,2020-06-10,6127.74,6140.86,6081.93,58.93,0,Paid
9006427,502143,2025-03-14,959.55,778.39,769.95,8.44,60,Late
9006428,502143,2025-06-12,991.77,967.63,958.92,8.72,0,Paid
9006429,502143,2025-09-10,929.21,784.99,776.82,8.17,10,Late
9006430,502144,2019-07-27,1208.42,988.33,975.13,13.2,45,Late
9006431,502144,2019-10-25,1189.52,1023.88,1010.89,13.0,90,Late
9006432,502144,2020-01-23,1205.01,1210.05,1196.88,13.16,45,Late
9006433,502145,2025-12-16,5305.71,3987.34,3955.95,31.39,60,Late
9006434,502145,2026-03-16,5193.79,4177.68,4146.95,30.73,60,Late
9006435,502145,2026-06-14,5551.59,4664.52,4631.67,32.85,60,Late
9006436,502146,2024-02-06,1246.53,944.55,932.75,11.8,60,Late
9006437,502146,2024-05-06,1233.48,929.82,918.14,11.68,60,Late
9006438,502146,2024-08-04,1189.12,1098.07,1086.82,11.26,45,Late
9006439,502147,2025-12-26,2402.89,2341.41,2322.09,19.32,0,Paid
9006440,502147,2026-03-26,2557.54,2510.99,2490.43,20.57,0,Paid
9006441,502147,2026-06-24,2479.69,2493.86,2473.92,19.94,0,Paid
9006442,502148,2023-10-10,15620.65,15042.84,14950.94,91.9,30,Late
9006443,502148,2024-01-08,14838.36,12656.04,12568.74,87.3,30,Late
9006444,502148,2024-04-07,15416.64,13602.6,13511.9,90.7,30,Late
9006445,502149,2022-05-11,1607.64,1514.07,1505.6,8.47,15,Late
9006446,502149,2022-08-09,1533.15,1512.85,1504.77,8.07,15,Late
9006447,502149,2022-11-07,1620.37,1309.76,1301.23,8.53,15,Late
9006448,502150,2020-01-28,910.58,894.38,889.76,4.62,0,Paid
9006449,502150,2020-04-27,962.45,938.28,933.4,4.88,0,Paid
9006450,502150,2020-07-26,953.88,730.96,726.12,4.84,60,Late
9006451,502151,2025-06-05,2013.6,1845.76,1835.46,10.3,15,Late
9006452,502151,2025-09-03,2093.4,2094.62,2083.91,10.71,0,Paid
9006453,502151,2025-12-02,2074.94,1950.77,1940.15,10.62,90,Late
9006454,502152,2024-06-10,7178.28,7059.21,6983.66,75.55,30,Late
9006455,502152,2024-09-08,7445.15,7612.2,7533.84,78.36,0,Paid
9006456,502152,2024-12-07,7574.02,7714.62,7634.9,79.72,0,Paid
9006457,502153,2024-10-10,15632.88,15275.55,15109.06,166.49,0,Paid
9006458,502153,2025-01-08,14612.49,14193.42,14037.8,155.62,0,Paid
9006459,502153,2025-04-08,15259.13,15196.07,15033.56,162.51,0,Paid
9006460,502154,2021-04-23,8099.16,7526.43,7448.68,77.75,5,Late
9006461,502154,2021-07-22,8031.63,7956.31,7879.21,77.1,0,Paid
9006462,502154,2021-10-20,7518.17,7004.88,6932.71,72.17,45,Late
9006463,502155,2024-12-28,14445.68,14180.28,14134.17,46.11,0,Paid
9006464,502155,2025-03-28,14113.49,12777.17,12732.12,45.05,5,Late
9006465,502155,2025-06-26,14282.74,13866.71,13821.12,45.59,0,Paid
9006466,502156,2019-05-09,483.23,480.92,479.37,1.55,0,Paid
9006467,502156,2019-08-07,476.47,483.02,481.49,1.53,0,Paid
9006468,502156,2019-11-05,450.14,444.33,442.88,1.44,0,Paid
9006469,502157,2020-02-19,1419.66,1121.93,1106.92,15.01,45,Late
9006470,502157,2020-05-19,1365.38,1098.14,1083.7,14.44,60,Late
9006471,502157,2020-08-17,1438.15,1347.03,1331.82,15.21,120,Late
9006472,502158,2019-08-12,13270.0,12927.01,12786.68,140.33,0,Paid
9006473,502158,2019-11-10,14215.17,14055.36,13905.03,150.33,0,Paid
9006474,502158,2020-02-08,14278.83,13914.34,13763.34,151.0,0,Paid
9006475,502159,2019-11-20,14557.25,12010.93,11864.26,146.66,60,Late
9006476,502159,2020-02-18,14761.97,14829.56,14680.83,148.73,0,Paid
9006477,502159,2020-05-18,14787.6,14772.28,14623.29,148.99,0,Paid
9006478,502160,2024-03-04,14822.43,12025.0,11970.16,54.84,5,Late
9006479,502160,2024-06-02,15101.33,15360.41,15304.54,55.87,0,Paid
9006480,502160,2024-08-31,14778.04,14914.93,14860.26,54.68,0,Paid
9006481,502161,2021-12-17,4413.3,4326.45,4303.68,22.77,0,Paid
9006482,502161,2022-03-17,4425.36,4438.5,4415.67,22.83,0,Paid
9006483,502161,2022-06-15,4318.84,3630.74,3608.46,22.28,15,Late
9006484,502162,2020-06-02,8157.77,8145.33,8059.27,86.06,45,Late
9006485,502162,2020-08-31,8601.59,8329.72,8238.98,90.75,60,Late
9006486,502162,2020-11-29,8353.46,7184.44,7096.31,88.13,15,Late
9006487,502163,2024-11-28,10562.48,10593.72,10491.26,102.46,0,Paid
9006488,502163,2025-02-26,10441.78,10220.57,10119.28,101.29,0,Paid
9006489,502163,2025-05-27,10838.92,10702.69,10597.55,105.14,0,Paid
9006490,502164,2022-12-09,2813.7,2809.76,2785.14,24.62,0,Paid
9006491,502164,2023-03-09,2803.21,2731.82,2707.29,24.53,0,Paid
9006492,502164,2023-06-07,2978.46,2696.36,2670.3,26.06,30,Late
9006493,502165,2019-09-29,1567.85,1585.84,1568.91,16.93,0,Paid
9006494,502165,2019-12-28,1596.71,1625.77,1608.53,17.24,5,Late
9006495,502165,2020-03-27,1687.48,1708.24,1690.01,18.22,30,Late
9006496,502166,2019-03-09,1088.06,828.32,816.24,12.08,5,Late
9006497,502166,2019-06-07,1051.03,1045.52,1033.85,11.67,0,Paid
9006498,502166,2019-09-05,1044.48,1033.19,1021.6,11.59,0,Paid
9006499,502167,2024-10-22,15302.61,15005.66,14822.79,182.87,0,Paid
9006500,502167,2025-01-20,15191.08,11552.13,11370.59,181.53,5,Late
9006501,502167,2025-04-20,15746.04,13385.15,13196.98,188.17,5,Late
9006502,502168,2024-10-27,1943.57,1750.1,1736.95,13.15,45,Late
9006503,502168,2025-01-25,2080.68,2134.14,2120.06,14.08,5,Late
9006504,502168,2025-04-25,1978.89,2019.84,2006.45,13.39,0,Paid
9006505,502169,2020-09-24,981.55,973.87,964.39,9.48,0,Paid
9006506,502169,2020-12-23,981.04,918.23,908.76,9.48,15,Late
9006507,502169,2021-03-23,959.97,976.57,967.3,9.27,0,Paid
9006508,502170,2024-07-21,1223.82,1228.83,1219.36,9.47,0,Paid
9006509,502170,2024-10-19,1199.48,1216.07,1206.79,9.29,0,Paid
9006510,502170,2025-01-17,1254.88,1263.92,1254.21,9.71,0,Paid
9006511,502171,2023-04-19,3412.97,3473.55,3434.99,38.57,0,Paid
9006512,502171,2023-07-18,3449.62,3539.63,3500.65,38.98,0,Paid
9006513,502171,2023-10-16,3264.07,3152.13,3115.25,36.88,90,Late
9006514,502172,2021-10-24,4820.06,3955.24,3931.26,23.98,15,Late
9006515,502172,2022-01-22,4785.74,4139.57,4115.76,23.81,45,Late
9006516,502172,2022-04-22,4815.43,4958.95,4935.0,23.96,45,Late
9006517,502173,2024-07-16,12953.16,13011.41,12957.76,53.65,45,Late
9006518,502173,2024-10-14,12198.39,11543.11,11492.59,50.52,45,Late
9006519,502173,2025-01-12,12489.57,11279.48,11227.76,51.73,90,Late
9006520,502174,2021-12-08,1534.04,1494.46,1481.34,13.12,0,Paid
9006521,502174,2022-03-08,1523.89,1516.11,1503.08,13.03,0,Paid
9006522,502174,2022-06-06,1487.7,1353.41,1340.69,12.72,10,Late
9006523,502175,2021-07-24,5713.25,5670.74,5624.65,46.09,0,Paid
9006524,502175,2021-10-22,5588.2,4710.08,4665.0,45.08,60,Late
9006525,502175,2022-01-20,5752.92,5685.88,5639.48,46.41,0,Paid
9006526,502176,2024-02-21,2370.66,2426.56,2398.76,27.8,30,Late
9006527,502176,2024-05-21,2384.23,2446.6,2418.65,27.96,45,Late
9006528,502176,2024-08-19,2377.95,1787.12,1759.24,27.88,45,Late
9006529,502177,2022-05-10,1404.27,1188.05,1171.95,16.1,90,Late
9006530,502177,2022-08-08,1441.99,1442.21,1425.68,16.53,0,Paid
9006531,502177,2022-11-06,1408.75,1417.78,1401.62,16.15,0,Paid
9006532,502178,2024-11-26,639.76,615.87,611.26,4.6,15,Late
9006533,502178,2025-02-24,614.66,601.33,596.91,4.42,0,Paid
9006534,502178,2025-05-25,594.53,600.36,596.08,4.28,0,Paid
9006535,502179,2021-10-11,3304.54,3350.18,3339.38,10.79,0,Paid
9006536,502179,2022-01-09,3250.08,2836.89,2826.27,10.62,10,Late
9006537,502179,2022-04-09,3401.66,3113.06,3101.95,11.11,15,Late
9006538,502180,2022-05-17,3776.13,3113.35,3071.53,41.82,45,Late
9006539,502180,2022-08-15,3890.36,3884.79,3841.7,43.09,0,Paid
9006540,502180,2022-11-13,3897.28,3816.51,3773.34,43.16,0,Paid
9006541,502181,2019-09-17,9422.23,9230.83,9125.3,105.53,0,Paid
9006542,502181,2019-12-16,9781.7,9409.78,9300.23,109.55,30,Late
9006543,502181,2020-03-15,9672.49,9933.47,9825.13,108.33,0,Paid
9006544,502182,2024-04-08,2585.56,2111.78,2082.37,29.41,5,Late
9006545,502182,2024-07-07,2845.02,2881.03,2848.66,32.36,0,Paid
9006546,502182,2024-10-05,2751.97,2817.32,2786.02,31.3,5,Late
9006547,502183,2022-07-03,1936.89,1946.68,1929.52,17.16,0,Paid
9006548,502183,2022-10-01,1859.47,1425.16,1408.69,16.47,60,Late
9006549,502183,2022-12-30,1968.3,1929.17,1911.73,17.44,0,Paid
9006550,502184,2025-04-04,5638.26,5471.74,5451.49,20.25,0,Paid
9006551,502184,2025-07-03,5313.59,5254.38,5235.3,19.08,0,Paid
9006552,502184,2025-10-01,5493.44,5597.84,5578.11,19.73,0,Paid
9006553,502185,2019-05-19,14394.7,14206.66,14081.06,125.59,0,Paid
9006554,502185,2019-08-17,14564.9,14742.67,14615.59,127.08,0,Paid
9006555,502185,2019-11-15,14457.73,11493.66,11367.52,126.14,5,Late
9006556,502186,2021-10-21,6593.7,6446.66,6410.67,35.99,30,Late
9006557,502186,2022-01-19,6859.86,6781.31,6743.87,37.44,0,Paid
9006558,502186,2022-04-19,6870.69,6692.31,6654.81,37.5,0,Paid
9006559,502187,2022-01-09,13079.83,12690.36,12650.03,40.33,0,Paid
9006560,502187,2022-04-09,12408.26,12322.22,12283.97,38.26,0,Paid
9006561,502187,2022-07-08,13140.14,13471.18,13430.67,40.52,0,Paid
9006562,502188,2024-01-19,424.3,411.63,409.65,1.98,0,Paid
9006563,502188,2024-04-18,409.82,407.81,405.89,1.91,0,Paid
9006564,502188,2024-07-17,385.57,379.55,377.75,1.8,0,Paid
9006565,502189,2022-08-27,1928.19,1708.81,1689.33,19.47,90,Late
9006566,502189,2022-11-25,1856.74,1454.18,1435.42,18.75,60,Late
9006567,502189,2023-02-23,1989.78,1973.31,1953.21,20.1,0,Paid
9006568,502190,2025-09-17,2865.08,2827.3,2806.55,20.75,0,Paid
9006569,502190,2025-12-16,2730.94,2266.78,2247.0,19.78,10,Late
9006570,502190,2026-03-16,2884.81,2791.42,2770.53,20.89,5,Late
9006571,502191,2019-01-20,1761.17,1696.97,1683.87,13.09,45,Late
9006572,502191,2019-04-20,1844.29,1807.48,1793.77,13.71,0,Paid
9006573,502191,2019-07-19,1768.47,1424.02,1410.87,13.15,30,Late
9006574,502192,2020-06-28,1962.38,1910.64,1898.65,11.99,0,Paid
9006575,502192,2020-09-26,1813.33,1849.41,1838.33,11.08,0,Paid
9006576,502192,2020-12-25,1816.52,1848.2,1837.11,11.1,0,Paid
9006577,502193,2023-12-19,2211.05,2144.77,2122.32,22.44,0,Paid
9006578,502193,2024-03-18,2220.3,2247.82,2225.28,22.54,0,Paid
9006579,502193,2024-06-16,2335.64,2354.43,2330.72,23.71,0,Paid
9006580,502194,2020-11-10,1992.21,2004.75,1984.38,20.37,0,Paid
9006581,502194,2021-02-08,2023.1,1969.06,1948.38,20.69,0,Paid
9006582,502194,2021-05-09,2047.58,2044.82,2023.88,20.94,0,Paid
9006583,502195,2023-04-03,14653.08,12600.53,12522.26,78.27,45,Late
9006584,502195,2023-07-02,15513.73,14340.74,14257.87,82.87,45,Late
9006585,502195,2023-09-30,14785.87,13826.22,13747.24,78.98,45,Late
9006586,502196,2021-03-27,2276.76,1840.28,1833.11,7.17,90,Late
9006587,502196,2021-06-25,2316.74,2320.23,2312.94,7.3,0,Paid
9006588,502196,2021-09-23,2204.59,2179.16,2172.22,6.94,0,Paid
9006589,502197,2025-03-11,8013.37,7846.64,7797.35,49.28,0,Paid
9006590,502197,2025-06-09,8599.33,8432.46,8379.58,52.89,0,Paid
9006591,502197,2025-09-07,8590.12,8459.09,8406.26,52.83,0,Paid
9006592,502198,2023-04-07,9227.56,8008.06,7907.71,100.35,5,Late
9006593,502198,2023-07-06,8716.9,8697.67,8602.88,94.8,0,Paid
9006594,502198,2023-10-04,8862.89,8829.06,8732.68,96.38,0,Paid
9006595,502199,2025-02-28,15125.92,15156.62,15051.49,105.13,0,Paid
9006596,502199,2025-05-29,15584.5,12316.64,12208.33,108.31,60,Late
9006597,502199,2025-08-27,15214.76,15238.76,15133.02,105.74,0,Paid
9006598,502200,2023-12-24,1763.25,1760.7,1747.81,12.89,0,Paid
9006599,502200,2024-03-23,1753.92,1709.93,1697.11,12.82,0,Paid
9006600,502200,2024-06-21,1723.01,1434.5,1421.91,12.59,30,Late
9006601,502201,2021-12-26,10328.16,8291.38,8211.86,79.53,90,Late
9006602,502201,2022-03-26,9864.06,9892.02,9816.06,75.95,90,Late
9006603,502201,2022-06-24,9495.07,8262.86,8189.75,73.11,90,Late
9006604,502202,2024-09-22,801.9,635.59,629.05,6.54,45,Late
9006605,502202,2024-12-21,802.16,694.2,687.65,6.54,90,Late
9006606,502202,2025-03-21,807.9,830.07,823.48,6.59,120,Late
9006607,502203,2025-10-17,14503.52,14380.45,14219.1,161.35,0,Paid
9006608,502203,2026-01-15,15639.91,15763.37,15589.38,173.99,0,Paid
9006609,502203,2026-04-15,14308.66,14732.52,14573.33,159.18,0,Paid
9006610,502204,2021-08-07,11389.79,9431.43,9354.45,76.98,90,Late
9006611,502204,2021-11-05,11148.67,8419.7,8344.35,75.35,15,Late
9006612,502204,2022-02-03,11629.17,11654.01,11575.42,78.59,0,Paid
9006613,502205,2020-12-01,15098.83,15151.62,14970.82,180.81,0,Paid
9006614,502205,2021-03-01,14069.19,14105.69,13937.21,168.48,0,Paid
9006615,502205,2021-05-30,15116.22,14969.91,14788.9,181.02,0,Paid
9006616,502206,2021-05-03,2317.16,1912.93,1902.58,10.35,5,Late
9006617,502206,2021-08-01,2308.61,2339.35,2329.04,10.31,0,Paid
9006618,502206,2021-10-30,2182.26,1853.7,1843.95,9.75,90,Late
9006619,502207,2021-01-21,6351.81,5243.8,5198.49,45.31,15,Late
9006620,502207,2021-04-21,6507.04,6374.64,6328.23,46.42,0,Paid
9006621,502207,2021-07-20,6632.26,5478.44,5431.13,47.31,60,Late
9006622,502208,2021-07-02,6883.71,6456.56,6394.09,62.47,10,Late
9006623,502208,2021-09-30,6981.66,6187.02,6123.67,63.36,10,Late
9006624,502208,2021-12-29,7037.18,7049.09,6985.23,63.86,0,Paid
9006625,502209,2025-05-17,10906.68,11197.87,11108.52,89.34,0,Paid
9006626,502209,2025-08-15,10606.25,9260.18,9173.29,86.88,15,Late
9006627,502209,2025-11-13,10612.37,9220.6,9133.66,86.93,30,Late
9006628,502210,2020-09-22,6015.25,6001.51,5944.01,57.5,0,Paid
9006629,502210,2020-12-21,6350.15,6528.27,6467.57,60.7,0,Paid
9006630,502210,2021-03-21,5809.64,5748.11,5692.58,55.53,0,Paid
9006631,502211,2024-01-18,974.93,988.07,982.22,5.85,15,Late
9006632,502211,2024-04-17,995.1,996.44,990.47,5.97,0,Paid
9006633,502211,2024-07-16,941.18,926.76,921.12,5.65,0,Paid
9006634,502212,2021-04-13,1857.93,1518.17,1497.48,20.68,5,Late
9006635,502212,2021-07-12,1965.1,1971.7,1949.82,21.88,0,Paid
9006636,502212,2021-10-10,1979.48,1689.03,1666.99,22.04,30,Late
9006637,502213,2020-03-24,15523.53,15831.4,15646.8,184.6,45,Late
9006638,502213,2020-06-22,14320.57,10918.84,10748.55,170.3,10,Late
9006639,502213,2020-09-20,15225.44,15103.91,14922.86,181.06,0,Paid
9006640,502214,2020-12-02,752.36,620.82,615.67,5.15,45,Late
9006641,502214,2021-03-02,699.28,713.09,708.31,4.78,0,Paid
9006642,502214,2021-05-31,717.49,706.38,701.47,4.91,15,Late
9006643,502215,2022-03-04,12531.4,12614.57,12543.24,71.32,45,Late
9006644,502215,2022-06-02,12705.63,12658.36,12586.05,72.32,0,Paid
9006645,502215,2022-08-31,11879.81,11862.01,11794.39,67.62,0,Paid
9006646,502216,2020-01-16,14361.54,12327.41,12249.02,78.39,60,Late
9006647,502216,2020-04-15,14651.15,14252.67,14172.7,79.97,0,Paid
9006648,502216,2020-07-14,15025.78,14120.07,14038.05,82.02,5,Late
9006649,502217,2024-08-30,2044.0,1995.35,1987.89,7.46,0,Paid
9006650,502217,2024-11-28,2046.28,2020.28,2012.81,7.47,0,Paid
9006651,502217,2025-02-26,2059.1,2012.71,2005.2,7.52,0,Paid
9006652,502218,2024-01-01,6011.01,5995.94,5928.02,67.92,0,Paid
9006653,502218,2024-03-31,5934.74,6068.89,6001.83,67.06,0,Paid
9006654,502218,2024-06-29,5971.8,5440.43,5372.95,67.48,90,Late
9006655,502219,2024-07-23,14981.49,12228.95,12129.58,99.38,45,Late
9006656,502219,2024-10-21,14685.02,11703.1,11605.69,97.41,45,Late
9006657,502219,2025-01-19,14781.21,14006.19,13908.15,98.05,30,Late
9006658,502220,2022-12-02,6531.55,6538.46,6462.47,75.98,0,Paid
9006659,502220,2023-03-02,6793.46,5959.34,5880.31,79.03,90,Late
9006660,502220,2023-05-31,6439.44,6462.55,6387.64,74.91,0,Paid
9006661,502221,2021-04-13,324.37,258.4,255.02,3.38,60,Late
9006662,502221,2021-07-12,343.38,290.05,286.47,3.57,45,Late
9006663,502221,2021-10-10,336.25,277.19,273.69,3.5,10,Late
9006664,502222,2021-11-07,9616.68,7857.83,7766.63,91.2,45,Late
9006665,502222,2022-02-05,9669.43,9126.46,9034.76,91.7,30,Late
9006666,502222,2022-05-06,9541.3,8604.43,8513.94,90.48,30,Late
9006667,502223,2024-09-11,5185.61,5163.06,5120.23,42.82,0,Paid
9006668,502223,2024-12-10,4737.1,4632.2,4593.08,39.12,0,Paid
9006669,502223,2025-03-10,4763.87,4797.69,4758.35,39.34,10,Late
9006670,502224,2025-07-11,1265.7,1275.95,1260.83,15.13,0,Paid
9006671,502224,2025-10-09,1292.62,977.15,961.7,15.45,15,Late
9006672,502224,2026-01-07,1220.59,1212.73,1198.14,14.59,0,Paid
9006673,502225,2021-03-11,14794.96,14999.46,14928.08,71.39,0,Paid
9006674,502225,2021-06-09,14507.93,13120.04,13050.04,70.0,45,Late
9006675,502225,2021-09-07,15374.13,15052.98,14978.8,74.18,0,Paid
9006676,502226,2019-03-27,1981.97,1931.85,1919.13,12.72,5,Late
9006677,502226,2019-06-25,2043.7,2001.62,1988.51,13.11,10,Late
9006678,502226,2019-09-23,1951.28,1706.63,1694.11,12.52,10,Late
9006679,502227,2020-04-30,7041.65,5903.52,5868.02,35.5,5,Late
9006680,502227,2020-07-29,7004.02,6971.18,6935.87,35.31,0,Paid
9006681,502227,2020-10-27,6737.94,6839.22,6805.25,33.97,0,Paid
9006682,502228,2023-10-28,9721.56,9739.96,9683.01,56.95,0,Paid
9006683,502228,2024-01-26,10124.27,10055.68,9996.37,59.31,30,Late
9006684,502228,2024-04-25,10246.91,7803.85,7743.82,60.03,45,Late
9006685,502229,2022-06-05,7282.94,7260.55,7220.61,39.93,0,Paid
9006686,502229,2022-09-03,6745.24,6100.0,6063.02,36.99,5,Late
9006687,502229,2022-12-02,7279.75,7318.87,7278.95,39.92,0,Paid
9006688,502230,2020-03-09,11832.79,11937.34,11900.65,36.68,0,Paid
9006689,502230,2020-06-07,12532.18,12882.06,12843.21,38.85,0,Paid
9006690,502230,2020-09-05,11718.91,10063.77,10027.44,36.33,45,Late
9006691,502231,2023-12-14,14872.74,11669.29,11586.38,82.92,15,Late
9006692,502231,2024-03-13,15683.94,13613.12,13525.68,87.44,30,Late
9006693,502231,2024-06-11,15128.6,14115.08,14030.74,84.34,30,Late
9006694,502232,2022-04-01,7886.24,6927.9,6873.61,54.28,5,Late
9006695,502232,2022-06-30,7938.56,7761.82,7707.17,54.64,0,Paid
9006696,502232,2022-09-28,8157.67,8379.69,8323.53,56.15,0,Paid
9006697,502233,2023-07-20,791.39,801.66,797.74,3.92,0,Paid
9006698,502233,2023-10-18,792.28,791.55,787.63,3.93,0,Paid
9006699,502233,2024-01-16,781.5,617.83,613.96,3.87,10,Late
9006700,502234,2025-02-17,934.88,733.16,729.02,4.14,5,Late
9006701,502234,2025-05-18,1008.19,1030.62,1026.16,4.46,0,Paid
9006702,502234,2025-08-16,992.31,773.71,769.32,4.39,60,Late
9006703,502235,2019-08-07,10458.45,10181.54,10089.07,92.47,60,Late
9006704,502235,2019-11-05,10580.12,10760.09,10666.54,93.55,15,Late
9006705,502235,2020-02-03,10731.21,8633.52,8538.64,94.88,60,Late
9006706,502236,2023-09-21,3344.88,3318.42,3284.41,34.01,0,Paid
9006707,502236,2023-12-20,3262.08,2829.52,2796.35,33.16,10,Late
9006708,502236,2024-03-19,3286.47,3234.12,3200.71,33.41,0,Paid
9006709,502237,2024-06-15,15250.28,15189.34,15082.21,107.13,0,Paid
9006710,502237,2024-09-13,14459.1,13788.12,13686.55,101.58,10,Late
9006711,502237,2024-12-12,14627.59,14562.63,14459.87,102.76,0,Paid
9006712,502238,2020-04-04,14481.27,14333.31,14186.09,147.23,0,Paid
9006713,502238,2020-07-03,14376.56,14487.59,14341.43,146.16,0,Paid
9006714,502238,2020-10-01,15486.43,14130.8,13973.35,157.45,10,Late
9006715,502239,2019-01-22,14661.0,15095.46,14921.36,174.1,0,Paid
9006716,502239,2019-04-22,14489.86,14528.4,14356.33,172.07,0,Paid
9006717,502239,2019-07-21,14065.23,14461.87,14294.84,167.02,0,Paid
9006718,502240,2025-10-30,1288.23,1281.63,1271.8,9.83,0,Paid
9006719,502240,2026-01-28,1266.11,1265.94,1256.27,9.66,0,Paid
9006720,502240,2026-04-28,1344.84,1213.45,1203.19,10.27,15,Late
9006721,502241,2022-06-27,1606.17,1392.58,1375.24,17.33,5,Late
9006722,502241,2022-09-25,1547.44,1525.97,1509.27,16.7,0,Paid
9006723,502241,2022-12-24,1608.53,1623.8,1606.44,17.36,0,Paid
9006724,502242,2020-03-01,1164.09,1170.85,1163.12,7.72,0,Paid
9006725,502242,2020-05-30,1074.86,1087.51,1080.38,7.13,0,Paid
9006726,502242,2020-08-28,1111.27,1080.5,1073.13,7.37,5,Late
9006727,502243,2019-11-10,777.4,625.17,618.35,6.82,60,Late
9006728,502243,2020-02-08,797.79,606.5,599.51,6.99,45,Late
9006729,502243,2020-05-08,783.25,793.16,786.29,6.87,45,Late
9006730,502244,2025-01-03,14793.39,14568.13,14501.06,67.06,0,Paid
9006731,502244,2025-04-03,14282.98,14636.12,14571.37,64.75,0,Paid
9006732,502244,2025-07-02,14292.3,14175.7,14110.91,64.79,0,Paid
9006733,502245,2025-01-07,1668.77,1639.66,1626.68,12.99,10,Late
9006734,502245,2025-04-07,1604.86,1573.89,1561.4,12.49,0,Paid
9006735,502245,2025-07-06,1616.27,1643.82,1631.24,12.58,0,Paid
9006736,502246,2025-12-02,1134.6,1148.71,1139.37,9.34,120,Late
9006737,502246,2026-03-02,1181.51,904.6,894.87,9.73,120,Late
9006738,502246,2026-05-31,1211.98,1040.74,1030.76,9.98,90,Late
9006739,502247,2023-01-25,14280.28,12294.54,12163.04,131.5,30,Late
9006740,502247,2023-04-25,14892.71,15216.9,15079.77,137.14,30,Late
9006741,502247,2023-07-24,14705.85,14928.82,14793.41,135.42,0,Paid
9006742,502248,2020-11-04,2376.4,2283.46,2260.82,22.64,5,Late
9006743,502248,2021-02-02,2344.55,1878.3,1855.97,22.33,15,Late
9006744,502248,2021-05-03,2499.98,2401.65,2377.84,23.81,45,Late
9006745,502249,2019-04-12,838.5,824.17,814.28,9.89,0,Paid
9006746,502249,2019-07-11,803.18,726.19,716.72,9.47,30,Late
9006747,502249,2019-10-09,796.2,637.44,628.06,9.39,60,Late
9006748,502250,2019-05-09,15320.62,15399.59,15335.12,64.47,45,Late
9006749,502250,2019-08-07,14640.54,12198.15,12136.54,61.61,15,Late
9006750,502250,2019-11-05,15163.15,13627.43,13563.62,63.81,60,Late
9006751,502251,2022-10-26,981.24,949.34,945.92,3.42,90,Late
9006752,502251,2023-01-24,1008.98,973.99,970.47,3.51,45,Late
9006753,502251,2023-04-24,1018.88,881.12,877.57,3.55,60,Late
9006754,502252,2021-06-28,2316.56,2289.52,2281.45,8.07,0,Paid
9006755,502252,2021-09-26,2331.25,2320.21,2312.09,8.12,0,Paid
9006756,502252,2021-12-25,2231.72,1838.01,1830.23,7.77,60,Late
9006757,502253,2020-02-04,1855.27,1439.62,1419.65,19.98,10,Late
9006758,502253,2020-05-04,1901.23,1860.1,1839.63,20.47,0,Paid
9006759,502253,2020-08-02,1863.34,1917.2,1897.14,20.06,0,Paid
9006760,502254,2025-09-15,2134.96,2063.52,2055.88,7.63,120,Late
9006761,502254,2025-12-14,2058.88,2066.95,2059.59,7.36,120,Late
9006762,502254,2026-03-14,2064.62,1741.92,1734.54,7.38,45,Late
9006763,502255,2022-02-15,8904.16,7406.81,7349.82,56.99,5,Late
9006764,502255,2022-05-16,9538.57,9459.16,9398.11,61.05,30,Late
9006765,502255,2022-08-14,9585.47,9587.51,9526.16,61.35,0,Paid
9006766,502256,2020-03-03,8602.0,8401.17,8373.93,27.24,0,Paid
9006767,502256,2020-06-01,7929.9,7057.1,7031.99,25.11,30,Late
9006768,502256,2020-08-30,8584.64,8781.87,8754.69,27.18,0,Paid
9006769,502257,2024-11-29,15181.42,14866.07,14755.0,111.08,0,Paid
9006770,502257,2025-02-27,15037.62,14666.65,14556.63,110.03,0,Paid
9006771,502257,2025-05-28,15511.76,15702.67,15589.17,113.49,0,Paid
9006772,502258,2024-09-01,2137.87,2103.69,2084.58,19.12,0,Paid
9006773,502258,2024-11-30,2130.6,2089.92,2070.87,19.05,0,Paid
9006774,502258,2025-02-28,2220.7,2216.82,2196.96,19.86,0,Paid
9006775,502259,2020-11-21,13003.65,12780.94,12651.02,129.93,0,Paid
9006776,502259,2021-02-19,12561.78,9557.84,9432.33,125.51,45,Late
9006777,502259,2021-05-20,12661.86,12872.54,12746.03,126.51,0,Paid
9006778,502260,2022-07-21,2179.17,2110.54,2093.7,16.83,5,Late
9006779,502260,2022-10-19,2159.49,2100.63,2083.95,16.68,0,Paid
9006780,502260,2023-01-17,2102.38,2086.24,2070.0,16.24,30,Late
9006781,502261,2025-08-05,5166.48,4289.53,4237.56,51.97,5,Late
9006782,502261,2025-11-03,5111.9,4972.67,4921.25,51.42,0,Paid
9006783,502261,2026-02-01,5473.34,5577.35,5522.3,55.05,5,Late
9006784,502262,2023-01-26,1746.71,1507.79,1494.5,13.29,30,Late
9006785,502262,2023-04-26,1769.93,1764.74,1751.28,13.47,0,Paid
9006786,502262,2023-07-25,1743.23,1714.9,1701.64,13.26,0,Paid
9006787,502263,2022-01-14,1500.29,1318.68,1307.46,11.21,10,Late
9006788,502263,2022-04-14,1492.74,1537.38,1526.22,11.16,0,Paid
9006789,502263,2022-07-13,1451.29,1450.16,1439.31,10.85,0,Paid
9006790,502264,2024-11-27,15696.02,13000.41,12890.93,109.48,60,Late
9006791,502264,2025-02-25,14641.98,14701.19,14599.07,102.13,45,Late
9006792,502264,2025-05-26,14990.08,12504.57,12400.02,104.56,120,Late
9006793,502265,2019-07-09,2033.36,2067.62,2061.47,6.15,0,Paid
9006794,502265,2019-10-07,2033.84,1974.72,1968.56,6.15,0,Paid
9006795,502265,2020-01-05,1929.85,1916.78,1910.94,5.84,0,Paid
9006796,502266,2025-12-08,9644.27,9782.81,9685.32,97.49,0,Paid
9006797,502266,2026-03-08,9334.02,7511.41,7417.06,94.35,90,Late
9006798,502266,2026-06-06,9388.23,9284.08,9189.18,94.9,10,Late
9006799,502267,2021-11-28,833.87,679.34,673.79,5.55,15,Late
9006800,502267,2022-02-26,810.6,787.01,781.62,5.39,0,Paid
9006801,502267,2022-05-27,809.58,802.68,797.3,5.38,0,Paid
9006802,502268,2019-01-12,646.5,656.62,652.73,3.9,0,Paid
9006803,502268,2019-04-12,660.87,613.31,609.33,3.98,10,Late
9006804,502268,2019-07-11,685.65,680.11,675.97,4.13,0,Paid
9006805,502269,2024-04-02,2249.34,2090.96,2066.99,23.97,120,Late
9006806,502269,2024-07-01,2338.14,2237.89,2212.97,24.92,120,Late
9006807,502269,2024-09-29,2304.08,2001.59,1977.03,24.56,60,Late
9006808,502270,2022-08-10,14970.42,14645.28,14507.43,137.85,0,Paid
9006809,502270,2022-11-08,15106.79,15288.9,15149.79,139.11,0,Paid
9006810,502270,2023-02-06,14455.28,13565.04,13431.93,133.11,5,Late
9006811,502271,2020-07-06,6542.78,5258.37,5186.95,71.43,5,Late
9006812,502271,2020-10-04,6761.23,6745.77,6671.96,73.81,0,Paid
9006813,502271,2021-01-02,6535.24,5202.61,5131.27,71.34,60,Late
9006814,502272,2025-12-30,1500.65,1479.72,1470.1,9.62,5,Late
9006815,502272,2026-03-30,1578.2,1597.05,1586.94,10.11,0,Paid
9006816,502272,2026-06-28,1572.5,1578.64,1568.56,10.08,0,Paid
9006817,502273,2019-07-03,7531.15,7680.37,7628.46,51.9,0,Paid
9006818,502273,2019-10-01,7747.68,7830.02,7776.62,53.39,0,Paid
9006819,502273,2019-12-30,7474.74,7653.67,7602.16,51.51,0,Paid
9006820,502274,2021-08-03,1250.76,1226.19,1215.55,10.64,0,Paid
9006821,502274,2021-11-01,1225.68,1151.26,1140.83,10.43,60,Late
9006822,502274,2022-01-30,1233.66,1201.03,1190.53,10.5,15,Late
9006823,502275,2022-05-08,6754.23,6252.57,6173.43,79.14,60,Late
9006824,502275,2022-08-06,6682.82,6865.68,6787.38,78.3,0,Paid
9006825,502275,2022-11-04,6665.01,6851.65,6773.56,78.09,5,Late
9006826,502276,2024-08-22,9012.63,7078.08,7012.43,65.64,10,Late
9006827,502276,2024-11-20,9240.19,8426.88,8359.58,67.3,15,Late
9006828,502276,2025-02-18,9211.06,9403.73,9336.64,67.09,0,Paid
9006829,502277,2024-11-13,773.58,716.26,713.96,2.29,45,Late
9006830,502277,2025-02-11,779.43,802.31,800.0,2.31,0,Paid
9006831,502277,2025-05-12,811.08,679.09,676.69,2.41,5,Late
9006832,502278,2020-05-11,3340.75,2963.44,2924.52,38.92,5,Late
9006833,502278,2020-08-09,3414.27,3344.62,3304.84,39.78,0,Paid
9006834,502278,2020-11-07,3288.61,3327.96,3289.65,38.31,0,Paid
9006835,502279,2020-03-24,4720.76,4383.7,4368.9,14.79,5,Late
9006836,502279,2020-06-22,4548.2,4546.02,4531.77,14.25,0,Paid
9006837,502279,2020-09-20,4755.2,4853.24,4838.34,14.9,0,Paid
9006838,502280,2023-09-20,1550.51,1511.33,1494.43,16.9,0,Paid
9006839,502280,2023-12-19,1525.04,1330.3,1313.68,16.62,90,Late
9006840,502280,2024-03-18,1468.47,1287.51,1271.51,16.01,5,Late
9006841,502281,2025-08-13,15586.44,11746.53,11635.61,110.92,5,Late
9006842,502281,2025-11-11,14305.2,11971.61,11869.81,101.81,30,Late
9006843,502281,2026-02-09,14431.18,14097.44,13994.74,102.7,0,Paid
9006844,502282,2022-09-29,2338.12,2388.34,2364.92,23.42,15,Late
9006845,502282,2022-12-28,2400.72,2467.93,2443.88,24.05,0,Paid
9006846,502282,2023-03-28,2376.81,2337.4,2313.59,23.81,0,Paid
9006847,502283,2020-03-25,4877.96,4838.76,4792.79,45.97,0,Paid
9006848,502283,2020-06-23,4881.67,4807.4,4761.39,46.01,0,Paid
9006849,502283,2020-09-21,4617.78,4508.93,4465.41,43.52,0,Paid
9006850,502284,2023-02-04,9998.98,10210.11,10163.37,46.75,0,Paid
9006851,502284,2023-05-05,10576.66,10440.32,10390.87,49.45,0,Paid
9006852,502284,2023-08-03,9844.12,10066.51,10020.49,46.02,0,Paid
9006853,502285,2023-11-02,9676.99,9680.9,9599.45,81.45,0,Paid
9006854,502285,2024-01-31,9484.93,8577.35,8497.52,79.83,5,Late
9006855,502285,2024-04-30,10178.44,10150.4,10064.73,85.67,0,Paid
9006856,502286,2020-03-15,4774.35,3626.62,3608.68,17.94,10,Late
9006857,502286,2020-06-13,4886.25,4869.35,4850.99,18.36,0,Paid
9006858,502286,2020-09-11,4736.12,4166.17,4148.37,17.8,45,Late
9006859,502287,2024-09-27,6397.18,6579.35,6533.61,45.74,0,Paid
9006860,502287,2024-12-26,6700.38,6643.72,6595.81,47.91,0,Paid
9006861,502287,2025-03-26,6224.02,6239.01,6194.5,44.5,0,Paid
9006862,502288,2022-08-28,2160.36,2169.5,2154.9,14.6,60,Late
9006863,502288,2022-11-26,2138.74,2201.61,2187.15,14.45,0,Paid
9006864,502288,2023-02-24,2107.06,2133.5,2119.26,14.24,5,Late
9006865,502289,2025-07-22,7817.27,7825.76,7799.97,25.8,0,Paid
9006866,502289,2025-10-20,7768.07,7977.15,7951.51,25.63,0,Paid
9006867,502289,2026-01-18,7443.37,7398.42,7373.86,24.56,0,Paid
9006868,502290,2024-07-31,489.26,466.21,462.89,3.32,90,Late
9006869,502290,2024-10-29,494.26,503.2,499.85,3.35,120,Late
9006870,502290,2025-01-27,504.69,466.14,462.72,3.42,60,Late
9006871,502291,2021-04-02,1526.23,1361.99,1357.04,4.95,5,Late
9006872,502291,2021-07-01,1458.47,1420.72,1415.99,4.73,0,Paid
9006873,502291,2021-09-29,1419.93,1178.44,1173.83,4.6,60,Late
9006874,502292,2023-07-16,8520.71,8569.15,8530.52,38.63,0,Paid
9006875,502292,2023-10-14,8733.76,8639.42,8599.83,39.59,0,Paid
9006876,502292,2024-01-12,9118.96,9132.93,9091.59,41.34,0,Paid
9006877,502293,2023-04-10,647.03,580.34,577.68,2.66,45,Late
9006878,502293,2023-07-09,622.31,566.61,564.05,2.56,60,Late
9006879,502293,2023-10-07,641.4,650.15,647.51,2.64,45,Late
9006880,502294,2024-12-31,2416.75,1955.95,1927.53,28.42,45,Late
9006881,502294,2025-03-31,2434.66,2461.51,2432.89,28.63,0,Paid
9006882,502294,2025-06-29,2249.95,2311.12,2284.67,26.46,0,Paid
9006883,502295,2022-12-30,1534.96,1317.72,1300.97,16.74,45,Late
9006884,502295,2023-03-30,1505.42,1546.88,1530.46,16.42,0,Paid
9006885,502295,2023-06-28,1531.42,1544.25,1527.55,16.71,0,Paid
9006886,502296,2025-12-25,149.13,150.86,150.13,0.73,0,Paid
9006887,502296,2026-03-25,155.55,159.02,158.25,0.76,0,Paid
9006888,502296,2026-06-23,153.8,141.44,140.68,0.75,5,Late
9006889,502297,2022-11-10,3193.51,3169.47,3145.49,23.98,0,Paid
9006890,502297,2023-02-08,3377.92,3440.84,3415.47,25.36,0,Paid
9006891,502297,2023-05-09,3175.77,2768.44,2744.59,23.84,5,Late
9006892,502298,2025-02-14,15017.02,14457.98,14326.08,131.9,5,Late
9006893,502298,2025-05-15,15439.61,15453.98,15318.37,135.61,0,Paid
9006894,502298,2025-08-13,14578.48,14866.46,14738.41,128.05,0,Paid
9006895,502299,2025-07-24,589.34,580.72,576.76,3.96,0,Paid
9006896,502299,2025-10-22,594.94,602.2,598.2,4.0,0,Paid
9006897,502299,2026-01-20,610.08,609.15,605.05,4.1,0,Paid
9006898,502300,2025-08-04,891.24,726.12,718.77,7.35,90,Late
9006899,502300,2025-11-02,838.55,700.42,693.51,6.92,60,Late
9006900,502300,2026-01-31,893.17,716.86,709.49,7.37,120,Late
9006901,502301,2025-01-19,9407.18,9515.61,9459.17,56.44,0,Paid
9006902,502301,2025-04-19,9576.29,9501.29,9443.83,57.46,0,Paid
9006903,502301,2025-07-18,9499.81,9752.7,9695.7,57.0,0,Paid
9006904,502302,2020-04-22,14664.72,14599.67,14474.77,124.89,0,Paid
9006905,502302,2020-07-21,14998.04,14814.55,14686.81,127.73,0,Paid
9006906,502302,2020-10-19,15627.62,12145.11,12012.01,133.1,10,Late
9006907,502303,2021-02-28,955.66,944.67,941.19,3.48,0,Paid
9006908,502303,2021-05-29,1036.39,1049.46,1045.68,3.77,0,Paid
9006909,502303,2021-08-27,979.53,912.66,909.09,3.57,45,Late
9006910,502304,2020-07-18,4878.58,4778.44,4728.68,49.76,0,Paid
9006911,502304,2020-10-16,5144.3,5026.0,4973.52,52.47,0,Paid
9006912,502304,2021-01-14,4981.19,4590.22,4539.41,50.81,5,Late
9006913,502305,2020-01-02,844.77,662.65,657.02,5.62,5,Late
9006914,502305,2020-04-01,867.73,867.79,862.01,5.78,0,Paid
9006915,502305,2020-06-30,801.27,804.07,798.73,5.34,0,Paid
9006916,502306,2019-12-20,1895.44,1842.87,1829.9,12.97,0,Paid
9006917,502306,2020-03-19,1920.0,1952.99,1939.85,13.14,0,Paid
9006918,502306,2020-06-17,1830.27,1882.99,1870.47,12.52,0,Paid
9006919,502307,2020-07-14,1135.58,876.4,870.11,6.28,5,Late
9006920,502307,2020-10-12,1212.01,1214.12,1207.41,6.71,0,Paid
9006921,502307,2021-01-10,1192.3,1117.3,1110.7,6.6,90,Late
9006922,502308,2025-02-11,1591.59,1575.95,1569.61,6.34,0,Paid
9006923,502308,2025-05-12,1584.65,1538.62,1532.31,6.31,0,Paid
9006924,502308,2025-08-10,1656.97,1665.15,1658.55,6.6,0,Paid
9006925,502309,2019-07-20,1863.38,1852.98,1845.27,7.7,0,Paid
9006926,502309,2019-10-18,1782.51,1354.69,1347.32,7.37,5,Late
9006927,502309,2020-01-16,1770.68,1400.59,1393.27,7.32,5,Late
9006928,502310,2025-05-18,1829.83,1480.83,1460.88,19.95,15,Late
9006929,502310,2025-08-16,1693.88,1744.43,1725.97,18.46,0,Paid
9006930,502310,2025-11-14,1726.82,1768.86,1750.04,18.82,0,Paid
9006931,502311,2022-07-06,4314.97,4378.89,4350.88,28.01,0,Paid
9006932,502311,2022-10-04,4493.15,4552.8,4523.63,29.17,0,Paid
9006933,502311,2023-01-02,4143.13,4194.75,4167.85,26.9,0,Paid
9006934,502312,2023-10-11,894.99,914.07,906.53,7.54,0,Paid
9006935,502312,2024-01-09,878.3,899.8,892.4,7.4,0,Paid
9006936,502312,2024-04-08,905.74,740.6,732.97,7.63,45,Late
9006937,502313,2025-01-02,1262.24,1270.07,1265.22,4.85,0,Paid
9006938,502313,2025-04-02,1224.67,1216.95,1212.24,4.7,0,Paid
9006939,502313,2025-07-01,1273.94,1271.27,1266.38,4.89,0,Paid
9006940,502314,2025-06-24,5993.57,5910.75,5839.03,71.72,0,Paid
9006941,502314,2025-09-22,6047.04,5916.48,5844.12,72.36,0,Paid
9006942,502314,2025-12-21,5617.04,4705.83,4638.61,67.22,10,Late
9006943,502315,2024-09-16,3878.23,3971.43,3949.2,22.24,0,Paid
9006944,502315,2024-12-15,4093.9,4056.36,4032.89,23.47,0,Paid
9006945,502315,2025-03-15,3968.17,3998.01,3975.26,22.75,0,Paid
9006946,502316,2021-09-21,1379.49,1288.5,1274.35,14.15,120,Late
9006947,502316,2021-12-20,1369.43,1120.98,1106.93,14.05,120,Late
9006948,502316,2022-03-20,1402.23,1246.05,1231.66,14.38,120,Late
9006949,502317,2025-12-25,3435.83,3383.02,3365.47,17.55,0,Paid
9006950,502317,2026-03-25,3378.91,3430.3,3413.04,17.26,0,Paid
9006951,502317,2026-06-23,3237.8,2670.59,2654.05,16.54,5,Late
9006952,502318,2019-04-22,761.11,746.3,742.74,3.56,0,Paid
9006953,502318,2019-07-21,764.23,743.1,739.52,3.58,0,Paid
9006954,502318,2019-10-19,729.11,733.01,729.6,3.41,0,Paid
9006955,502319,2022-12-08,4690.45,4562.53,4544.98,17.55,0,Paid
9006956,502319,2023-03-08,4529.91,3642.53,3625.58,16.95,45,Late
9006957,502319,2023-06-06,4768.3,3677.07,3659.23,17.84,30,Late
9006958,502320,2023-02-10,1094.42,1076.63,1072.43,4.2,0,Paid
9006959,502320,2023-05-11,1109.15,1001.19,996.92,4.26,45,Late
9006960,502320,2023-08-09,1021.53,994.63,990.7,3.92,0,Paid
9006961,502321,2020-01-28,15191.87,15481.3,15425.35,55.96,30,Late
9006962,502321,2020-04-27,15618.57,15348.55,15291.02,57.53,0,Paid
9006963,502321,2020-07-26,14775.32,14769.24,14714.82,54.42,0,Paid
9006964,502322,2021-11-13,13117.54,13205.21,13127.93,77.28,120,Late
9006965,502322,2022-02-11,12628.68,9511.16,9436.75,74.4,60,Late
9006966,502322,2022-05-12,12744.96,9766.12,9691.03,75.09,60,Late
9006967,502323,2024-02-12,12527.76,12201.39,12070.89,130.5,0,Paid
9006968,502323,2024-05-12,12187.53,9867.47,9740.52,126.95,90,Late
9006969,502323,2024-08-10,12283.77,12577.52,12449.56,127.96,0,Paid
9006970,502324,2024-07-18,14575.42,14478.77,14346.74,132.03,0,Paid
9006971,502324,2024-10-16,14888.64,14950.47,14815.61,134.87,0,Paid
9006972,502324,2025-01-14,14838.07,14557.94,14423.54,134.41,0,Paid
9006973,502325,2024-10-22,7582.57,6866.19,6809.64,56.55,120,Late
9006974,502325,2025-01-20,7979.25,6051.47,5991.96,59.51,60,Late
9006975,502325,2025-04-20,7791.48,6898.85,6840.74,58.11,60,Late
9006976,502326,2020-01-10,2029.66,1913.51,1904.28,9.23,45,Late
9006977,502326,2020-04-09,2036.28,2059.55,2050.28,9.27,15,Late
9006978,502326,2020-07-08,1984.86,1687.37,1678.34,9.03,45,Late
9006979,502327,2022-08-09,1779.52,1741.41,1731.43,9.98,0,Paid
9006980,502327,2022-11-07,1775.54,1798.66,1788.71,9.96,0,Paid
9006981,502327,2023-02-05,1849.74,1827.64,1817.27,10.37,0,Paid
9006982,502328,2023-11-06,1034.52,882.85,874.8,8.05,90,Late
9006983,502328,2024-02-04,1015.15,1035.02,1027.12,7.9,0,Paid
9006984,502328,2024-05-04,1058.99,1075.56,1067.32,8.24,0,Paid
9006985,502329,2021-11-13,7419.37,6098.42,6063.55,34.87,60,Late
9006986,502329,2022-02-11,6949.18,6897.07,6864.4,32.66,90,Late
9006987,502329,2022-05-12,7527.2,7448.72,7413.35,35.38,90,Late
9006988,502330,2024-11-10,456.34,367.96,364.79,3.18,10,Late
9006989,502330,2025-02-08,431.67,431.71,428.7,3.01,30,Late
9006990,502330,2025-05-09,441.19,440.59,437.52,3.07,0,Paid
9006991,502331,2023-02-24,8734.33,7865.59,7781.96,83.63,45,Late
9006992,502331,2023-05-25,9496.48,9589.29,9498.36,90.93,0,Paid
9006993,502331,2023-08-23,9449.22,9337.1,9246.62,90.48,0,Paid
9006994,502332,2023-01-11,7200.83,7359.16,7302.76,56.41,0,Paid
9006995,502332,2023-04-11,7032.76,6893.56,6838.47,55.09,0,Paid
9006996,502332,2023-07-10,6973.53,6324.37,6269.75,54.63,15,Late
9006997,502333,2023-12-27,185.63,182.72,181.45,1.27,0,Paid
9006998,502333,2024-03-26,192.52,195.29,193.97,1.32,0,Paid
9006999,502333,2024-06-24,182.32,177.0,175.75,1.25,0,Paid
9007000,502334,2019-01-30,207.98,160.62,158.23,2.39,5,Late
9007001,502334,2019-04-30,208.13,202.11,199.72,2.39,0,Paid
9007002,502334,2019-07-29,203.83,208.37,206.03,2.34,0,Paid
9007003,502335,2019-10-28,825.69,839.5,831.21,8.28,0,Paid
9007004,502335,2020-01-26,846.77,791.36,782.86,8.5,90,Late
9007005,502335,2020-04-25,794.86,786.26,778.29,7.98,0,Paid
9007006,502336,2025-11-03,1474.19,1445.79,1433.06,12.73,0,Paid
9007007,502336,2026-02-01,1455.09,1462.75,1450.18,12.56,90,Late
9007008,502336,2026-05-02,1460.66,1478.59,1465.98,12.61,0,Paid
9007009,502337,2020-08-30,1996.25,1998.5,1979.37,19.13,0,Paid
9007010,502337,2020-11-28,1946.47,1956.19,1937.53,18.65,0,Paid
9007011,502337,2021-02-26,2037.12,2012.71,1993.19,19.52,0,Paid
9007012,502338,2024-04-20,4398.48,3525.86,3478.21,47.65,45,Late
9007013,502338,2024-07-19,4594.09,4218.33,4168.57,49.77,15,Late
9007014,502338,2024-10-17,4293.91,3282.77,3236.25,46.52,45,Late
9007015,502339,2024-11-11,2171.85,2202.01,2179.12,22.89,0,Paid
9007016,502339,2025-02-09,2229.53,2289.57,2266.06,23.5,0,Paid
9007017,502339,2025-05-10,2220.67,2171.21,2147.8,23.41,0,Paid
9007018,502340,2022-08-31,4913.9,5022.32,5003.44,18.88,5,Late
9007019,502340,2022-11-29,4989.49,4877.66,4858.49,19.17,0,Paid
9007020,502340,2023-02-27,4905.36,4830.96,4812.11,18.84,0,Paid
9007021,502341,2024-02-14,15071.68,13255.75,13131.4,124.34,15,Late
9007022,502341,2024-05-14,14961.55,13753.53,13630.1,123.43,10,Late
9007023,502341,2024-08-12,14339.14,13927.75,13809.45,118.3,0,Paid
9007024,502342,2021-07-26,1186.96,1171.5,1160.32,11.18,0,Paid
9007025,502342,2021-10-24,1141.95,1115.71,1104.95,10.75,0,Paid
9007026,502342,2022-01-22,1202.41,1023.36,1012.04,11.32,30,Late
9007027,502343,2022-01-13,1915.63,1456.87,1450.95,5.92,15,Late
9007028,502343,2022-04-13,1934.71,1939.17,1933.18,5.98,0,Paid
9007029,502343,2022-07-12,1885.41,1924.84,1919.01,5.83,0,Paid
9007030,502344,2021-12-31,15721.63,15321.4,15243.32,78.08,0,Paid
9007031,502344,2022-03-31,14609.8,14998.49,14925.93,72.56,0,Paid
9007032,502344,2022-06-29,14506.46,14643.85,14571.8,72.05,0,Paid
9007033,502345,2025-05-29,7733.57,7702.77,7636.2,66.57,10,Late
9007034,502345,2025-08-27,7653.22,7542.71,7476.83,65.88,0,Paid
9007035,502345,2025-11-25,7390.56,7608.57,7544.95,63.62,0,Paid
9007036,502346,2025-06-28,12259.18,12447.25,12358.58,88.67,10,Late
9007037,502346,2025-09-26,11968.32,9428.51,9341.94,86.57,15,Late
9007038,502346,2025-12-25,12459.5,12828.93,12738.81,90.12,0,Paid
9007039,502347,2019-11-28,924.04,834.83,831.45,3.38,15,Late
9007040,502347,2020-02-26,888.79,899.62,896.37,3.25,0,Paid
9007041,502347,2020-05-26,921.62,923.37,920.0,3.37,0,Paid
9007042,502348,2019-02-10,11307.54,10741.65,10633.01,108.65,15,Late
9007043,502348,2019-05-11,11272.7,10917.91,10809.6,108.31,30,Late
9007044,502348,2019-08-09,11516.7,9809.99,9699.33,110.66,60,Late
9007045,502349,2024-10-23,2938.41,2318.4,2300.57,17.83,60,Late
9007046,502349,2025-01-21,2748.43,2826.27,2809.6,16.67,60,Late
9007047,502349,2025-04-21,2926.5,2420.11,2402.36,17.75,90,Late
9007048,502350,2019-12-02,1297.97,1284.74,1269.37,15.37,45,Late
9007049,502350,2020-03-01,1252.61,1277.06,1262.22,14.83,0,Paid
9007050,502350,2020-05-30,1189.76,1200.92,1186.83,14.09,5,Late
9007051,502351,2020-10-23,14828.13,11909.42,11739.15,170.28,15,Late
9007052,502351,2021-01-21,14787.21,14416.92,14247.11,169.81,0,Paid
9007053,502351,2021-04-21,15056.55,14832.18,14659.28,172.9,0,Paid
9007054,502352,2019-05-28,869.06,844.05,834.02,10.03,0,Paid
9007055,502352,2019-08-26,803.1,682.75,673.48,9.27,60,Late
9007056,502352,2019-11-24,849.6,739.21,729.4,9.81,5,Late
9007057,502353,2024-06-04,5698.22,4950.78,4891.47,59.31,15,Late
9007058,502353,2024-09-02,5526.85,4658.25,4600.72,57.53,15,Late
9007059,502353,2024-12-01,5894.94,5235.14,5173.78,61.36,45,Late
9007060,502354,2025-04-27,688.3,676.9,671.15,5.75,0,Paid
9007061,502354,2025-07-26,689.04,706.01,700.26,5.75,0,Paid
9007062,502354,2025-10-24,682.68,602.98,597.28,5.7,5,Late
9007063,502355,2023-03-23,15576.22,12974.87,12904.52,70.35,5,Late
9007064,502355,2023-06-21,15626.67,16085.57,16014.99,70.58,0,Paid
9007065,502355,2023-09-19,14791.09,13254.76,13187.95,66.81,45,Late
9007066,502356,2021-02-25,585.91,572.77,565.76,7.01,0,Paid
9007067,502356,2021-05-26,583.02,594.92,587.95,6.98,0,Paid
9007068,502356,2021-08-24,609.91,591.69,584.4,7.3,0,Paid
9007069,502357,2022-04-28,13702.92,13679.5,13520.09,159.41,0,Paid
9007070,502357,2022-07-27,14255.46,13893.36,13727.52,165.84,0,Paid
9007071,502357,2022-10-25,13498.8,13548.08,13391.05,157.04,0,Paid
9007072,502358,2021-02-04,13892.54,13389.9,13306.89,83.01,5,Late
9007073,502358,2021-05-05,14194.4,11449.18,11364.37,84.81,45,Late
9007074,502358,2021-08-03,13639.06,11237.78,11156.29,81.49,10,Late
9007075,502359,2019-12-16,2213.95,1775.28,1760.45,14.83,5,Late
9007076,502359,2020-03-15,2078.77,1583.58,1569.65,13.93,10,Late
9007077,502359,2020-06-13,2119.86,2108.08,2093.88,14.2,0,Paid
9007078,502360,2023-04-14,994.55,1022.28,1010.92,11.36,0,Paid
9007079,502360,2023-07-13,980.81,900.95,889.74,11.21,5,Late
9007080,502360,2023-10-11,980.04,955.16,943.96,11.2,0,Paid
9007081,502361,2021-01-12,1140.72,942.39,937.07,5.32,45,Late
9007082,502361,2021-04-12,1102.95,1033.51,1028.36,5.15,60,Late
9007083,502361,2021-07-11,1144.14,1137.05,1131.71,5.34,0,Paid
9007084,502362,2021-09-14,2488.0,2459.54,2449.38,10.16,0,Paid
9007085,502362,2021-12-13,2485.06,2499.62,2489.47,10.15,0,Paid
9007086,502362,2022-03-13,2415.48,2464.23,2454.37,9.86,0,Paid
9007087,502363,2020-02-17,1468.83,1439.34,1433.27,6.07,0,Paid
9007088,502363,2020-05-17,1489.31,1204.29,1198.13,6.16,45,Late
9007089,502363,2020-08-15,1597.26,1427.17,1420.57,6.6,5,Late
9007090,502364,2025-11-08,15200.65,14899.25,14842.37,56.88,5,Late
9007091,502364,2026-02-06,15121.25,13346.19,13289.61,56.58,90,Late
9007092,502364,2026-05-07,14937.25,14686.54,14630.65,55.89,0,Paid
9007093,502365,2020-09-26,2233.32,2232.0,2220.65,11.35,0,Paid
9007094,502365,2020-12-25,2245.61,2301.6,2290.18,11.42,0,Paid
9007095,502365,2021-03-25,2282.99,2316.0,2304.39,11.61,0,Paid
9007096,502366,2025-09-19,916.17,856.82,848.12,8.7,10,Late
9007097,502366,2025-12-18,961.96,968.15,959.01,9.14,0,Paid
9007098,502366,2026-03-18,963.77,943.93,934.77,9.16,60,Late
9007099,502367,2025-07-27,14340.84,14686.79,14629.07,57.72,0,Paid
9007100,502367,2025-10-25,14581.99,14817.42,14758.72,58.69,0,Paid
9007101,502367,2026-01-23,14861.99,12890.9,12831.08,59.82,5,Late
9007102,502368,2023-11-10,10067.82,9577.17,9535.14,42.03,15,Late
9007103,502368,2024-02-08,11022.89,10965.94,10919.92,46.02,45,Late
9007104,502368,2024-05-08,10884.06,10677.48,10632.04,45.44,0,Paid
9007105,502369,2023-03-10,9382.34,9286.05,9244.46,41.6,0,Paid
9007106,502369,2023-06-08,8592.66,7341.99,7303.9,38.09,90,Late
9007107,502369,2023-09-06,8973.54,9104.54,9064.76,39.78,0,Paid
9007108,502370,2019-02-24,15089.07,14868.74,14705.15,163.59,0,Paid
9007109,502370,2019-05-25,14445.13,11410.12,11253.51,156.61,15,Late
9007110,502370,2019-08-23,14662.5,14240.75,14081.78,158.97,0,Paid
9007111,502371,2021-11-02,14640.48,13861.45,13723.1,138.35,30,Late
9007112,502371,2022-01-31,14283.24,12121.08,11986.1,134.98,60,Late
9007113,502371,2022-05-01,14575.66,14494.69,14356.95,137.74,0,Paid
9007114,502372,2024-12-10,6907.94,6950.91,6928.64,22.28,0,Paid
9007115,502372,2025-03-10,6653.86,6583.0,6561.54,21.46,0,Paid
9007116,502372,2025-06-08,6638.68,6542.16,6520.75,21.41,0,Paid
9007117,502373,2019-03-12,697.1,707.53,699.24,8.3,5,Late
9007118,502373,2019-06-10,668.21,672.54,664.59,7.95,0,Paid
9007119,502373,2019-09-08,666.11,590.26,582.33,7.93,10,Late
9007120,502374,2023-07-29,9561.94,8351.88,8255.71,96.18,60,Late
9007121,502374,2023-10-27,9232.52,7317.27,7224.41,92.86,15,Late
9007122,502374,2024-01-25,9818.92,9365.89,9267.13,98.76,15,Late
9007123,502375,2023-07-13,15382.78,15549.14,15485.55,63.58,0,Paid
9007124,502375,2023-10-11,15107.74,11791.53,11729.09,62.45,60,Late
9007125,502375,2024-01-09,15348.49,11925.66,11862.22,63.44,5,Late
9007126,502376,2024-04-24,2066.97,1583.08,1565.22,17.86,5,Late
9007127,502376,2024-07-23,2023.46,2037.56,2020.07,17.49,0,Paid
9007128,502376,2024-10-21,2218.33,2179.97,2160.8,19.17,0,Paid
9007129,502377,2020-10-06,1901.69,1719.94,1699.56,20.38,5,Late
9007130,502377,2021-01-04,1845.3,1801.4,1781.62,19.78,0,Paid
9007131,502377,2021-04-04,1909.89,1616.8,1596.33,20.47,15,Late
9007132,502378,2019-05-20,1879.84,1837.65,1816.77,20.88,0,Paid
9007133,502378,2019-08-18,1868.03,1874.7,1853.95,20.75,0,Paid
9007134,502378,2019-11-16,1960.47,1924.09,1902.31,21.78,0,Paid
9007135,502379,2025-04-03,13097.49,13477.64,13370.35,107.29,0,Paid
9007136,502379,2025-07-02,13346.76,13366.43,13257.1,109.33,0,Paid
9007137,502379,2025-09-30,13517.41,13711.49,13600.76,110.73,0,Paid
9007138,502380,2023-07-02,5764.15,5753.32,5695.25,58.07,0,Paid
9007139,502380,2023-09-30,6124.71,6092.9,6031.19,61.71,0,Paid
9007140,502380,2023-12-29,5719.48,5568.03,5510.41,57.62,0,Paid
9007141,502381,2025-07-14,6913.73,6860.77,6812.14,48.63,0,Paid
9007142,502381,2025-10-12,6554.58,6437.24,6391.14,46.1,0,Paid
9007143,502381,2026-01-10,6950.64,7029.57,6980.69,48.89,0,Paid
9007144,502382,2022-03-12,1771.56,1815.63,1797.9,17.73,0,Paid
9007145,502382,2022-06-10,1718.67,1769.25,1752.05,17.2,0,Paid
9007146,502382,2022-09-08,1650.11,1611.72,1595.2,16.51,0,Paid
9007147,502383,2025-04-08,1987.97,1966.66,1946.92,19.75,0,Paid
9007148,502383,2025-07-07,1885.08,1853.32,1834.6,18.73,0,Paid
9007149,502383,2025-10-05,1914.76,1870.32,1851.3,19.02,30,Late
9007150,502384,2023-06-05,1879.2,1821.48,1800.14,21.34,90,Late
9007151,502384,2023-09-03,2017.62,1977.85,1954.93,22.92,15,Late
9007152,502384,2023-12-02,2005.08,1960.32,1937.54,22.77,0,Paid
9007153,502385,2021-08-10,4421.8,4460.99,4427.16,33.83,0,Paid
9007154,502385,2021-11-08,4120.8,4057.87,4026.35,31.52,0,Paid
9007155,502385,2022-02-06,4123.31,4114.73,4083.18,31.54,0,Paid
9007156,502386,2024-10-22,523.68,513.81,510.93,2.88,15,Late
9007157,502386,2025-01-20,537.14,548.58,545.62,2.96,0,Paid
9007158,502386,2025-04-20,502.67,499.74,496.97,2.77,0,Paid
9007159,502387,2022-01-18,10590.57,10544.6,10461.11,83.49,0,Paid
9007160,502387,2022-04-18,11110.0,8842.17,8754.59,87.58,45,Late
9007161,502387,2022-07-17,10875.96,9237.43,9151.69,85.74,30,Late
9007162,502388,2020-06-07,14187.47,14246.35,14198.59,47.76,0,Paid
9007163,502388,2020-09-05,13770.94,13554.78,13508.42,46.36,0,Paid
9007164,502388,2020-12-04,13560.15,13749.52,13703.87,45.65,0,Paid
9007165,502389,2024-09-21,1861.15,1414.22,1401.97,12.25,60,Late
9007166,502389,2024-12-20,1879.05,1523.74,1511.37,12.37,45,Late
9007167,502389,2025-03-20,1914.7,1862.42,1849.82,12.61,60,Late
9007168,502390,2022-12-28,13356.38,13580.57,13506.33,74.24,0,Paid
9007169,502390,2023-03-28,13247.41,12935.92,12862.29,73.63,0,Paid
9007170,502390,2023-06-26,14547.3,12447.92,12367.06,80.86,5,Late
9007171,502391,2022-11-09,10148.18,9921.15,9819.33,101.82,0,Paid
9007172,502391,2023-02-07,9991.19,10201.17,10100.93,100.24,0,Paid
9007173,502391,2023-05-08,10469.95,10525.92,10420.87,105.05,5,Late
9007174,502392,2024-10-14,14311.16,14258.78,14186.03,72.75,0,Paid
9007175,502392,2025-01-12,14922.83,14843.88,14768.02,75.86,0,Paid
9007176,502392,2025-04-12,15621.42,16053.66,15974.25,79.41,0,Paid
9007177,502393,2020-07-02,1995.74,1544.41,1526.56,17.85,45,Late
9007178,502393,2020-09-30,2056.93,2010.69,1992.3,18.39,0,Paid
9007179,502393,2020-12-29,1922.81,1769.84,1752.65,17.19,45,Late
9007180,502394,2020-03-01,13110.3,11791.76,11680.97,110.78,10,Late
9007181,502394,2020-05-30,12707.23,12581.27,12473.89,107.38,0,Paid
9007182,502394,2020-08-28,13734.38,14084.99,13968.94,116.06,0,Paid
9007183,502395,2019-05-19,1390.43,1044.61,1035.23,9.37,5,Late
9007184,502395,2019-08-17,1343.14,1327.15,1318.09,9.05,0,Paid
9007185,502395,2019-11-15,1333.99,1368.61,1359.61,8.99,0,Paid
9007186,502396,2020-05-15,1857.41,1839.45,1827.08,12.37,0,Paid
9007187,502396,2020-08-13,1856.92,1613.3,1600.94,12.36,15,Late
9007188,502396,2020-11-11,1834.2,1861.35,1849.14,12.21,0,Paid
9007189,502397,2025-05-28,7593.53,7686.95,7651.45,35.5,0,Paid
9007190,502397,2025-08-26,7481.6,7322.57,7287.59,34.98,0,Paid
9007191,502397,2025-11-24,7713.23,7816.65,7780.59,36.06,0,Paid
9007192,502398,2023-03-24,153.14,151.34,149.9,1.44,0,Paid
9007193,502398,2023-06-22,156.34,154.14,152.67,1.47,0,Paid
9007194,502398,2023-09-20,144.39,141.86,140.51,1.36,0,Paid
9007195,502399,2023-04-11,5644.53,5561.66,5494.44,67.22,0,Paid
9007196,502399,2023-07-10,5402.07,5539.61,5475.28,64.33,0,Paid
9007197,502399,2023-10-08,5759.32,4549.66,4481.08,68.58,30,Late
9007198,502400,2022-04-19,12714.69,12587.28,12531.55,55.73,0,Paid
9007199,502400,2022-07-18,12667.65,12583.15,12527.62,55.53,0,Paid
9007200,502400,2022-10-16,12578.88,12953.14,12898.01,55.14,0,Paid
9007201,502401,2023-09-05,4577.16,4637.21,4590.21,46.99,0,Paid
9007202,502401,2023-12-04,4642.87,4543.26,4495.59,47.67,0,Paid
9007203,502401,2024-03-03,4595.04,4613.63,4566.46,47.18,0,Paid
9007204,502402,2019-08-07,550.81,545.8,539.51,6.29,0,Paid
9007205,502402,2019-11-05,559.03,441.31,434.92,6.39,5,Late
9007206,502402,2020-02-03,521.85,524.02,518.05,5.96,0,Paid
9007207,502403,2020-09-20,4001.7,4087.77,4049.02,38.75,0,Paid
9007208,502403,2020-12-19,3845.09,3918.56,3881.33,37.23,0,Paid
9007209,502403,2021-03-19,3956.98,3086.95,3048.64,38.32,10,Late
9007210,502404,2024-01-09,14529.64,13762.76,13657.54,105.22,5,Late
9007211,502404,2024-04-08,14809.05,12807.28,12700.04,107.24,10,Late
9007212,502404,2024-07-07,14658.66,14372.12,14265.97,106.15,0,Paid
9007213,502405,2024-07-24,1806.04,1833.67,1822.98,10.69,0,Paid
9007214,502405,2024-10-22,1788.5,1713.74,1703.16,10.58,5,Late
9007215,502405,2025-01-20,1728.68,1695.6,1685.37,10.23,5,Late
9007216,502406,2021-12-13,429.89,427.11,423.51,3.6,0,Paid
9007217,502406,2022-03-13,442.02,447.99,444.29,3.7,30,Late
9007218,502406,2022-06-11,420.49,328.06,324.54,3.52,10,Late
9007219,502407,2024-12-25,6298.92,6438.03,6390.06,47.98,0,Paid
9007220,502407,2025-03-25,6476.92,6083.19,6033.86,49.33,60,Late
9007221,502407,2025-06-23,6757.51,6847.07,6795.6,51.47,0,Paid
9007222,502408,2025-03-23,940.13,819.46,808.41,11.05,45,Late
9007223,502408,2025-06-21,928.88,910.47,899.55,10.91,0,Paid
9007224,502408,2025-09-19,911.83,732.09,721.38,10.71,45,Late
9007225,502409,2025-12-04,3398.93,2709.07,2675.91,33.17,60,Late
9007226,502409,2026-03-04,3178.27,3073.84,3042.83,31.01,15,Late
9007227,502409,2026-06-02,3113.82,2658.89,2628.5,30.39,30,Late
9007228,502410,2020-12-18,672.04,541.71,536.59,5.12,90,Late
9007229,502410,2021-03-18,632.23,648.36,643.54,4.82,0,Paid
9007230,502410,2021-06-16,675.93,686.07,680.92,5.15,0,Paid
9007231,502411,2024-01-17,521.96,528.34,526.7,1.64,0,Paid
9007232,502411,2024-04-16,500.17,426.61,425.04,1.57,5,Late
9007233,502411,2024-07-15,529.03,420.14,418.48,1.66,10,Late
9007234,502412,2024-11-21,1636.38,1620.83,1608.05,12.78,0,Paid
9007235,502412,2025-02-19,1659.29,1642.34,1629.39,12.96,0,Paid
9007236,502412,2025-05-20,1578.93,1349.08,1336.75,12.33,90,Late
9007237,502413,2019-05-21,12021.4,11863.55,11751.75,111.8,0,Paid
9007238,502413,2019-08-19,11932.11,11582.12,11471.16,110.97,0,Paid
9007239,502413,2019-11-17,11754.76,11591.6,11482.28,109.32,0,Paid
9007240,502414,2025-11-13,877.26,892.31,885.28,7.03,0,Paid
9007241,502414,2026-02-11,878.81,859.18,852.14,7.04,0,Paid
9007242,502414,2026-05-12,863.49,847.96,841.05,6.92,0,Paid
9007243,502415,2019-12-20,11097.77,8869.42,8771.67,97.75,60,Late
9007244,502415,2020-03-19,11810.33,10394.26,10290.23,104.03,60,Late
9007245,502415,2020-06-17,11645.83,11533.41,11430.83,102.58,60,Late
9007246,502416,2023-01-22,10529.74,10220.97,10174.47,46.51,45,Late
9007247,502416,2023-04-22,9934.48,9798.33,9754.45,43.88,0,Paid
9007248,502416,2023-07-21,10481.37,10422.31,10376.02,46.29,0,Paid
9007249,502417,2024-03-01,4384.62,3513.54,3479.89,33.65,90,Late
9007250,502417,2024-05-30,4371.92,4476.56,4443.0,33.55,0,Paid
9007251,502417,2024-08-28,4094.2,4038.89,4007.47,31.42,0,Paid
9007252,502418,2024-08-31,10300.6,10262.43,10166.55,95.88,0,Paid
9007253,502418,2024-11-29,10204.6,9959.92,9864.94,94.99,0,Paid
9007254,502418,2025-02-27,10547.17,10295.06,10196.88,98.18,0,Paid
9007255,502419,2023-02-16,15148.26,14508.12,14415.97,92.15,30,Late
9007256,502419,2023-05-17,15456.34,11623.72,11529.69,94.03,15,Late
9007257,502419,2023-08-15,15391.82,15022.22,14928.58,93.63,60,Late
9007258,502420,2019-01-28,3626.87,3595.18,3554.71,40.47,0,Paid
9007259,502420,2019-04-28,3517.72,3160.72,3121.47,39.25,15,Late
9007260,502420,2019-07-27,3374.45,3054.81,3017.16,37.65,45,Late
9007261,502421,2023-01-05,15004.53,11833.9,11693.23,140.67,30,Late
9007262,502421,2023-04-05,15010.51,14705.26,14564.53,140.72,15,Late
9007263,502421,2023-07-04,14591.09,12865.46,12728.67,136.79,15,Late
9007264,502422,2021-03-10,12815.51,12537.25,12471.57,65.68,0,Paid
9007265,502422,2021-06-08,12938.17,12650.18,12583.87,66.31,0,Paid
9007266,502422,2021-09-06,13076.83,12745.59,12678.57,67.02,0,Paid
9007267,502423,2021-10-30,7573.63,7791.29,7720.16,71.13,0,Paid
9007268,502423,2022-01-28,7413.58,7509.12,7439.5,69.63,0,Paid
9007269,502423,2022-04-28,7960.29,7822.19,7747.43,74.76,0,Paid
9007270,502424,2022-12-18,3338.4,2708.41,2674.39,34.02,60,Late
9007271,502424,2023-03-18,3202.07,3187.38,3154.74,32.63,0,Paid
9007272,502424,2023-06-16,3274.63,3363.35,3329.98,33.37,0,Paid
9007273,502425,2023-12-05,9432.81,9474.35,9368.86,105.49,0,Paid
9007274,502425,2024-03-04,9273.5,9513.83,9410.12,103.71,0,Paid
9007275,502425,2024-06-02,9463.5,9500.96,9395.12,105.83,0,Paid
9007276,502426,2022-07-22,522.62,511.92,506.91,5.0,0,Paid
9007277,502426,2022-10-20,522.01,457.2,452.2,5.0,5,Late
9007278,502426,2023-01-18,522.62,465.29,460.28,5.0,45,Late
9007279,502427,2019-10-16,14884.31,14881.64,14787.87,93.77,0,Paid
9007280,502427,2020-01-14,14863.76,14124.27,14030.63,93.64,10,Late
9007281,502427,2020-04-13,14866.74,15284.89,15191.23,93.66,0,Paid
9007282,502428,2022-03-12,11197.62,11509.89,11382.89,127.0,0,Paid
9007283,502428,2022-06-10,11166.67,10838.74,10712.09,126.65,0,Paid
9007284,502428,2022-09-08,10735.55,9610.11,9488.35,121.76,60,Late
9007285,502429,2020-07-22,14811.73,14454.11,14333.14,120.96,30,Late
9007286,502429,2020-10-20,15378.4,14080.0,13954.41,125.59,30,Late
9007287,502429,2021-01-18,14412.94,14479.89,14362.18,117.71,0,Paid
9007288,502430,2025-02-23,15350.92,15068.53,14969.01,99.53,0,Paid
9007289,502430,2025-05-24,14500.63,13613.62,13519.61,94.01,5,Late
9007290,502430,2025-08-22,14957.23,14755.85,14658.87,96.97,0,Paid
9007291,502431,2023-10-23,1283.31,1307.43,1301.2,6.23,0,Paid
9007292,502431,2024-01-21,1309.88,1163.45,1157.09,6.36,90,Late
9007293,502431,2024-04-20,1295.67,1310.06,1303.76,6.29,0,Paid
9007294,502432,2025-11-20,1478.01,1509.99,1499.83,10.16,0,Paid
9007295,502432,2026-02-18,1429.98,1396.9,1387.07,9.83,0,Paid
9007296,502432,2026-05-19,1475.81,1488.36,1478.21,10.15,0,Paid
9007297,502433,2022-02-09,11689.58,9295.29,9242.4,52.9,5,Late
9007298,502433,2022-05-10,11596.22,8795.59,8743.12,52.47,10,Late
9007299,502433,2022-08-08,12046.0,12029.57,11975.06,54.51,0,Paid
9007300,502434,2019-04-25,13463.46,13354.85,13242.66,112.2,0,Paid
9007301,502434,2019-07-24,14185.88,14348.34,14230.13,118.22,0,Paid
9007302,502434,2019-10-22,13040.15,12909.94,12801.27,108.67,30,Late
9007303,502435,2019-06-13,976.41,967.23,957.04,10.19,0,Paid
9007304,502435,2019-09-11,935.35,867.56,857.81,9.76,5,Late
9007305,502435,2019-12-10,923.32,946.77,937.14,9.63,0,Paid
9007306,502436,2022-06-04,1589.42,1605.85,1591.01,14.83,0,Paid
9007307,502436,2022-09-02,1565.33,1577.62,1563.01,14.61,0,Paid
9007308,502436,2022-12-01,1549.19,1184.55,1170.09,14.46,30,Late
9007309,502437,2024-05-01,5461.11,5457.55,5422.96,34.59,0,Paid
9007310,502437,2024-07-30,5512.71,5617.77,5582.85,34.91,0,Paid
9007311,502437,2024-10-28,5215.57,5064.68,5031.65,33.03,10,Late
9007312,502438,2022-09-08,8282.31,8411.87,8362.59,49.28,0,Paid
9007313,502438,2022-12-07,8651.63,8863.5,8812.02,51.48,0,Paid
9007314,502438,2023-03-07,8404.91,8371.63,8321.62,50.01,0,Paid
9007315,502439,2022-11-02,15461.79,12648.39,12558.33,90.06,60,Late
9007316,502439,2023-01-31,14257.01,14170.79,14087.74,83.05,60,Late
9007317,502439,2023-05-01,15189.1,12297.44,12208.97,88.48,60,Late
9007318,502440,2024-03-19,2390.34,2443.48,2434.94,8.55,0,Paid
9007319,502440,2024-06-17,2394.34,2438.23,2429.67,8.56,0,Paid
9007320,502440,2024-09-15,2477.4,2360.59,2351.73,8.86,30,Late
9007321,502441,2019-06-18,1724.36,1722.79,1703.73,19.07,0,Paid
9007322,502441,2019-09-16,1785.56,1817.08,1797.33,19.75,0,Paid
9007323,502441,2019-12-15,1700.07,1706.99,1688.19,18.8,0,Paid
9007324,502442,2022-07-31,5562.6,5157.64,5101.32,56.32,45,Late
9007325,502442,2022-10-29,5856.84,5851.37,5792.07,59.3,0,Paid
9007326,502442,2023-01-27,5637.76,5721.81,5664.73,57.08,0,Paid
9007327,502443,2024-12-17,6504.45,6594.28,6537.8,56.48,0,Paid
9007328,502443,2025-03-17,6409.54,5156.72,5101.06,55.66,15,Late
9007329,502443,2025-06-15,6467.39,6290.2,6234.04,56.16,0,Paid
9007330,502444,2020-10-02,5772.64,4731.66,4703.72,27.95,30,Late
9007331,502444,2020-12-31,5427.86,5558.28,5532.0,26.28,0,Paid
9007332,502444,2021-03-31,5392.79,5432.31,5406.2,26.11,0,Paid
9007333,502445,2020-09-26,2338.59,2355.65,2338.66,16.99,0,Paid
9007334,502445,2020-12-25,2447.03,2219.52,2201.74,17.78,10,Late
9007335,502445,2021-03-25,2405.34,2012.62,1995.14,17.48,30,Late
9007336,502446,2024-12-24,5140.25,5011.56,4973.39,38.17,90,Late
9007337,502446,2025-03-24,4762.75,4678.35,4642.98,35.36,0,Paid
9007338,502446,2025-06-22,5136.5,4216.52,4178.39,38.14,45,Late
9007339,502447,2019-05-04,15564.12,15627.64,15545.8,81.84,0,Paid
9007340,502447,2019-08-02,14353.45,14115.62,14040.15,75.48,0,Paid
9007341,502447,2019-10-31,15000.73,14702.89,14624.01,78.88,0,Paid
9007342,502448,2024-12-30,967.12,970.59,966.74,3.84,0,Paid
9007343,502448,2025-03-30,930.68,913.76,910.06,3.7,0,Paid
9007344,502448,2025-06-28,950.13,949.62,945.84,3.78,0,Paid
9007345,502449,2022-04-06,1908.12,1856.23,1846.22,10.0,0,Paid
9007346,502449,2022-07-05,1963.89,1940.71,1930.42,10.29,0,Paid
9007347,502449,2022-10-03,1973.86,1969.75,1959.41,10.35,0,Paid
9007348,502450,2021-09-22,8298.46,6571.21,6475.37,95.85,60,Late
9007349,502450,2021-12-21,8435.65,8142.19,8044.75,97.43,90,Late
9007350,502450,2022-03-21,9018.9,7482.22,7378.06,104.17,45,Late
9007351,502451,2022-12-18,4934.78,4004.18,3974.24,29.94,60,Late
9007352,502451,2023-03-18,4903.94,4850.28,4820.53,29.75,0,Paid
9007353,502451,2023-06-16,4681.73,4731.88,4703.48,28.4,0,Paid
9007354,502452,2019-05-19,9376.38,9316.47,9288.5,27.97,0,Paid
9007355,502452,2019-08-17,9628.13,9730.01,9701.29,28.72,0,Paid
9007356,502452,2019-11-15,9481.49,8776.11,8747.82,28.29,5,Late
9007357,502453,2025-10-25,1606.28,1576.17,1560.59,15.58,0,Paid
9007358,502453,2026-01-23,1623.53,1619.71,1603.96,15.75,0,Paid
9007359,502453,2026-04-23,1667.68,1686.19,1670.01,16.18,0,Paid
9007360,502454,2024-02-08,7481.97,7341.01,7310.02,30.99,0,Paid
9007361,502454,2024-05-08,7525.32,5800.05,5768.89,31.17,15,Late
9007362,502454,2024-08-06,7753.06,7587.59,7555.48,32.11,0,Paid
9007363,502455,2022-05-03,10403.53,8554.58,8501.96,52.62,90,Late
9007364,502455,2022-08-01,10328.81,10536.69,10484.44,52.25,0,Paid
9007365,502455,2022-10-30,10165.65,7682.05,7630.63,51.42,10,Late
9007366,502456,2023-04-15,6104.27,6144.62,6084.7,59.92,0,Paid
9007367,502456,2023-07-14,5953.48,6020.76,5962.31,58.44,0,Paid
9007368,502456,2023-10-12,5938.55,5936.64,5878.35,58.3,0,Paid
9007369,502457,2023-06-23,1822.69,1775.6,1761.07,14.54,0,Paid
9007370,502457,2023-09-21,1737.59,1616.15,1602.3,13.86,30,Late
9007371,502457,2023-12-20,1699.32,1665.26,1651.71,13.55,0,Paid
9007372,502458,2019-05-24,1599.77,1500.91,1485.79,15.12,60,Late
9007373,502458,2019-08-22,1647.32,1554.89,1539.32,15.57,30,Late
9007374,502458,2019-11-20,1629.09,1415.68,1400.29,15.39,45,Late
9007375,502459,2020-12-07,15367.46,12432.69,12297.2,135.49,90,Late
9007376,502459,2021-03-07,15076.64,15096.43,14963.51,132.93,0,Paid
9007377,502459,2021-06-05,14566.08,14465.66,14337.24,128.42,0,Paid
9007378,502460,2019-11-07,3662.97,3603.39,3572.74,30.65,0,Paid
9007379,502460,2020-02-05,3543.4,3372.35,3342.7,29.65,45,Late
9007380,502460,2020-05-05,3525.68,3447.63,3418.13,29.5,0,Paid
9007381,502461,2019-07-16,298.68,240.91,239.91,0.99,60,Late
9007382,502461,2019-10-14,318.51,315.08,314.02,1.06,0,Paid
9007383,502461,2020-01-12,298.8,291.92,290.92,0.99,0,Paid
9007384,502462,2025-11-10,624.14,610.54,604.7,5.85,10,Late
9007385,502462,2026-02-08,582.15,574.05,568.6,5.45,10,Late
9007386,502462,2026-05-09,587.8,597.7,592.19,5.51,15,Late
9007387,502463,2024-01-11,6162.87,6089.18,6036.8,52.38,0,Paid
9007388,502463,2024-04-10,5884.13,6045.52,5995.5,50.02,0,Paid
9007389,502463,2024-07-09,5942.09,5775.08,5724.57,50.51,45,Late
9007390,502464,2025-06-23,10867.28,9037.11,8911.14,125.97,15,Late
9007391,502464,2025-09-21,10836.07,10713.17,10587.56,125.61,45,Late
9007392,502464,2025-12-20,10926.97,9322.33,9195.67,126.66,15,Late
9007393,502465,2022-05-28,1545.16,1497.04,1483.82,13.22,45,Late
9007394,502465,2022-08-26,1532.93,1376.56,1363.44,13.12,60,Late
9007395,502465,2022-11-24,1526.52,1384.74,1371.67,13.06,30,Late
9007396,502466,2025-02-16,1363.24,1323.86,1318.74,5.11,45,Late
9007397,502466,2025-05-17,1315.54,1048.82,1043.89,4.93,5,Late
9007398,502466,2025-08-15,1397.17,1222.53,1217.29,5.24,10,Late
9007399,502467,2024-05-23,2444.26,2427.47,2417.43,10.04,0,Paid
9007400,502467,2024-08-21,2409.52,2389.58,2379.68,9.9,90,Late
9007401,502467,2024-11-19,2422.73,2447.42,2437.46,9.95,0,Paid
9007402,502468,2021-12-05,2311.16,2345.62,2330.9,14.71,0,Paid
9007403,502468,2022-03-05,2211.93,1729.11,1715.03,14.08,15,Late
9007404,502468,2022-06-03,2304.65,2276.78,2262.1,14.67,0,Paid
9007405,502469,2019-01-28,14283.0,14081.65,13942.86,138.78,0,Paid
9007406,502469,2019-04-28,14368.65,12013.79,11874.18,139.62,45,Late
9007407,502469,2019-07-27,15416.91,15525.25,15375.45,149.8,0,Paid
9007408,502470,2020-01-02,2040.5,2046.52,2039.5,7.02,0,Paid
9007409,502470,2020-04-01,1872.8,1922.4,1915.96,6.45,0,Paid
9007410,502470,2020-06-30,1920.18,1550.37,1543.76,6.61,15,Late
9007411,502471,2019-03-23,12389.72,10394.61,10300.55,94.06,5,Late
9007412,502471,2019-06-21,11797.51,11962.23,11872.67,89.56,0,Paid
9007413,502471,2019-09-19,11646.0,9057.08,8968.66,88.41,45,Late
9007414,502472,2019-12-13,4599.21,4106.11,4090.51,15.6,5,Late
9007415,502472,2020-03-12,4602.54,4511.83,4496.22,15.61,45,Late
9007416,502472,2020-06-10,4903.12,5040.29,5023.66,16.63,0,Paid
9007417,502473,2021-06-14,726.38,687.45,679.41,8.04,15,Late
9007418,502473,2021-09-12,757.14,729.03,720.65,8.39,5,Late
9007419,502473,2021-12-11,731.04,725.38,717.28,8.1,0,Paid
9007420,502474,2023-12-31,14284.3,12576.99,12422.13,154.87,30,Late
9007421,502474,2024-03-30,14699.54,14626.79,14467.42,159.37,15,Late
9007422,502474,2024-06-28,15737.43,13634.11,13463.49,170.62,45,Late
9007423,502475,2021-03-03,3792.89,3019.68,2995.12,24.56,5,Late
9007424,502475,2021-06-01,3882.43,3906.34,3881.21,25.14,0,Paid
9007425,502475,2021-08-30,3667.28,3424.79,3401.04,23.75,30,Late
9007426,502476,2023-04-13,667.2,643.61,635.97,7.63,90,Late
9007427,502476,2023-07-12,716.59,723.78,715.58,8.2,0,Paid
9007428,502476,2023-10-10,671.94,586.18,578.5,7.69,90,Late
9007429,502477,2021-06-21,247.13,253.73,252.11,1.61,0,Paid
9007430,502477,2021-09-19,266.09,273.97,272.23,1.74,0,Paid
9007431,502477,2021-12-18,251.67,249.57,247.93,1.64,0,Paid
9007432,502478,2024-10-31,12865.54,10104.46,9991.78,112.68,15,Late
9007433,502478,2025-01-29,13187.59,12812.41,12696.91,115.5,45,Late
9007434,502478,2025-04-29,13871.5,11263.58,11142.09,121.49,30,Late
9007435,502479,2024-04-06,11921.62,10561.73,10427.81,133.92,90,Late
9007436,502479,2024-07-05,11932.69,11931.73,11797.69,134.04,0,Paid
9007437,502479,2024-10-03,11233.25,10997.42,10871.23,126.19,0,Paid
9007438,502480,2023-11-06,1800.21,1492.4,1471.52,20.88,60,Late
9007439,502480,2024-02-04,1813.42,1538.6,1517.57,21.04,45,Late
9007440,502480,2024-05-04,1882.27,1510.28,1488.45,21.83,45,Late
9007441,502481,2021-10-21,9052.15,8397.87,8310.44,87.43,10,Late
9007442,502481,2022-01-19,9245.22,9172.71,9083.41,89.29,0,Paid
9007443,502481,2022-04-19,9575.45,9812.4,9719.92,92.48,0,Paid
9007444,502482,2024-05-04,1764.48,1411.27,1390.3,20.97,30,Late
9007445,502482,2024-08-02,1775.19,1780.2,1759.11,21.1,0,Paid
9007446,502482,2024-10-31,1623.31,1589.77,1570.48,19.29,0,Paid
9007447,502483,2024-03-09,1884.49,1723.18,1707.87,15.31,5,Late
9007448,502483,2024-06-07,1816.49,1415.41,1400.65,14.76,30,Late
9007449,502483,2024-09-05,1800.68,1840.3,1825.67,14.63,0,Paid
9007450,502484,2025-06-26,15493.34,15118.3,15005.84,112.46,0,Paid
9007451,502484,2025-09-24,15037.7,15225.81,15116.66,109.15,0,Paid
9007452,502484,2025-12-23,15309.99,15239.37,15128.25,111.13,0,Paid
9007453,502485,2025-08-13,4985.24,4949.16,4893.2,55.96,0,Paid
9007454,502485,2025-11-11,5175.95,5106.87,5048.77,58.1,0,Paid
9007455,502485,2026-02-09,5038.29,4955.19,4898.64,56.55,0,Paid
9007456,502486,2025-10-13,6886.61,6966.19,6906.56,59.63,0,Paid
9007457,502486,2026-01-11,6778.7,5760.92,5702.23,58.69,45,Late
9007458,502486,2026-04-11,6525.68,5108.47,5051.97,56.5,45,Late
9007459,502487,2021-08-13,4726.12,4774.09,4744.59,29.5,0,Paid
9007460,502487,2021-11-11,4562.32,4685.07,4656.59,28.48,0,Paid
9007461,502487,2022-02-09,4472.16,4509.87,4481.96,27.91,0,Paid
9007462,502488,2020-10-10,214.14,210.38,208.67,1.71,0,Paid
9007463,502488,2021-01-08,197.43,188.4,186.83,1.57,45,Late
9007464,502488,2021-04-08,198.35,202.38,200.8,1.58,0,Paid
9007465,502489,2024-03-19,4336.23,4233.56,4202.63,30.93,0,Paid
9007466,502489,2024-06-17,4496.71,3780.2,3748.12,32.08,10,Late
9007467,502489,2024-09-15,4508.75,3693.53,3661.37,32.16,5,Late
9007468,502490,2021-07-28,2075.51,2101.91,2078.18,23.73,0,Paid
9007469,502490,2021-10-26,2118.7,2049.39,2025.16,24.22,5,Late
9007470,502490,2022-01-24,2132.23,1785.38,1761.01,24.38,45,Late
9007471,502491,2019-03-02,360.14,354.21,351.44,2.77,0,Paid
9007472,502491,2019-05-31,342.82,344.81,342.18,2.63,0,Paid
9007473,502491,2019-08-29,350.63,341.24,338.54,2.69,0,Paid
9007474,502492,2022-04-27,13555.92,13799.89,13645.46,154.42,0,Paid
9007475,502492,2022-07-26,13490.61,13653.89,13500.21,153.68,0,Paid
9007476,502492,2022-10-24,14175.68,14517.67,14356.19,161.48,0,Paid
9007477,502493,2019-11-29,933.29,753.78,744.36,9.42,30,Late
9007478,502493,2020-02-27,888.76,722.49,713.52,8.97,15,Late
9007479,502493,2020-05-27,863.2,811.12,802.41,8.71,60,Late
9007480,502494,2024-08-04,925.08,916.49,907.41,9.08,0,Paid
9007481,502494,2024-11-02,984.42,1003.72,994.05,9.66,0,Paid
9007482,502494,2025-01-31,948.21,774.65,765.34,9.31,5,Late
9007483,502495,2023-02-15,4195.03,4157.89,4114.09,43.8,0,Paid
9007484,502495,2023-05-16,4143.18,3965.14,3921.88,43.26,30,Late
9007485,502495,2023-08-14,3996.33,3996.09,3954.37,41.73,0,Paid
9007486,502496,2020-06-05,1489.34,1453.72,1443.61,10.12,0,Paid
9007487,502496,2020-09-03,1486.39,1442.65,1432.55,10.1,0,Paid
9007488,502496,2020-12-02,1460.3,1495.95,1486.03,9.92,0,Paid
9007489,502497,2020-01-24,6915.4,5413.79,5359.96,53.82,45,Late
9007490,502497,2020-04-23,7276.81,7289.8,7233.16,56.64,5,Late
9007491,502497,2020-07-22,6868.17,5353.42,5299.96,53.46,30,Late
9007492,502498,2025-10-07,14094.5,14352.65,14307.31,45.34,0,Paid
9007493,502498,2026-01-05,13786.9,13793.46,13749.11,44.35,0,Paid
9007494,502498,2026-04-05,13926.94,14327.01,14282.21,44.8,0,Paid
9007495,502499,2020-11-07,641.24,648.19,641.6,6.58,0,Paid
9007496,502499,2021-02-05,684.71,598.49,591.46,7.03,45,Late
9007497,502499,2021-05-06,676.1,677.62,670.68,6.94,0,Paid
9007498,502500,2025-10-26,4266.32,3605.0,3574.85,30.15,90,Late
9007499,502500,2026-01-24,4130.85,4213.93,4184.74,29.19,0,Paid
9007500,502500,2026-04-24,4375.04,4380.24,4349.33,30.92,5,Late
9007501,502501,2024-08-07,1538.3,1538.17,1532.68,5.49,0,Paid
9007502,502501,2024-11-05,1425.19,1321.55,1316.46,5.08,90,Late
9007503,502501,2025-02-03,1493.3,1466.75,1461.42,5.33,0,Paid
9007504,502502,2023-05-01,1390.19,1197.47,1187.09,10.38,5,Late
9007505,502502,2023-07-30,1355.99,1154.04,1143.92,10.12,60,Late
9007506,502502,2023-10-28,1381.44,1117.03,1106.71,10.31,90,Late
9007507,502503,2024-11-23,1027.33,1034.99,1029.9,5.09,90,Late
9007508,502503,2025-02-21,1083.94,1098.18,1092.82,5.37,0,Paid
9007509,502503,2025-05-22,1065.44,1044.39,1039.11,5.27,0,Paid
9007510,502504,2022-11-06,1795.12,1644.79,1630.44,14.35,10,Late
9007511,502504,2023-02-04,1819.68,1503.51,1488.97,14.54,10,Late
9007512,502504,2023-05-05,1791.96,1401.09,1386.77,14.32,5,Late
9007513,502505,2025-12-12,1576.07,1346.64,1337.81,8.83,60,Late
9007514,502505,2026-03-12,1503.93,1160.96,1152.54,8.42,60,Late
9007515,502505,2026-06-10,1550.41,1514.84,1506.16,8.68,0,Paid
9007516,502506,2024-02-19,4574.84,4295.49,4244.9,50.59,15,Late
9007517,502506,2024-05-19,4679.3,4687.05,4635.3,51.75,0,Paid
9007518,502506,2024-08-17,4421.9,4509.82,4460.92,48.9,0,Paid
9007519,502507,2020-09-21,11630.72,11310.03,11266.61,43.42,0,Paid
9007520,502507,2020-12-20,11108.17,11008.49,10967.02,41.47,0,Paid
9007521,502507,2021-03-20,11598.91,11339.81,11296.51,43.3,0,Paid
9007522,502508,2024-05-24,853.48,848.51,839.71,8.81,90,Late
9007523,502508,2024-08-22,832.76,635.82,627.22,8.59,45,Late
9007524,502508,2024-11-20,822.29,709.66,701.17,8.48,60,Late
9007525,502509,2023-12-01,4748.5,4440.09,4399.25,40.84,45,Late
9007526,502509,2024-02-29,4681.95,3721.62,3681.36,40.26,15,Late
9007527,502509,2024-05-29,4790.46,4166.77,4125.57,41.2,15,Late
9007528,502510,2019-07-09,1485.78,1489.74,1472.09,17.66,0,Paid
9007529,502510,2019-10-07,1551.14,1517.31,1498.87,18.43,0,Paid
9007530,502510,2020-01-05,1545.17,1236.05,1217.69,18.36,90,Late
9007531,502511,2020-12-20,871.02,883.9,880.67,3.22,0,Paid
9007532,502511,2021-03-20,836.52,855.12,852.02,3.1,0,Paid
9007533,502511,2021-06-18,831.72,855.21,852.13,3.08,15,Late
9007534,502512,2020-03-14,7657.56,7168.99,7144.74,24.25,15,Late
9007535,502512,2020-06-12,7878.32,7945.34,7920.39,24.95,0,Paid
9007536,502512,2020-09-10,7835.85,8069.54,8044.73,24.81,0,Paid
9007537,502513,2023-12-30,12860.76,10065.53,10011.62,53.91,10,Late
9007538,502513,2024-03-29,12661.73,12378.69,12325.62,53.07,0,Paid
9007539,502513,2024-06-27,13572.02,10437.8,10380.91,56.89,15,Late
9007540,502514,2021-01-08,2093.98,1773.3,1749.36,23.94,90,Late
9007541,502514,2021-04-08,2152.5,1970.97,1946.36,24.61,45,Late
9007542,502514,2021-07-07,2041.73,2023.83,2000.48,23.34,45,Late
9007543,502515,2019-08-13,441.34,416.02,414.49,1.53,45,Late
9007544,502515,2019-11-11,445.71,451.48,449.93,1.55,0,Paid
9007545,502515,2020-02-09,425.66,413.83,412.35,1.48,0,Paid
9007546,502516,2025-04-22,1660.82,1299.79,1292.17,7.63,5,Late
9007547,502516,2025-07-21,1763.95,1755.95,1747.85,8.1,0,Paid
9007548,502516,2025-10-19,1676.71,1686.12,1678.42,7.7,0,Paid
9007549,502517,2024-10-24,14336.73,14006.36,13917.71,88.65,0,Paid
9007550,502517,2025-01-22,15297.49,15554.22,15459.63,94.59,0,Paid
9007551,502517,2025-04-22,14767.69,15031.41,14940.1,91.31,15,Late
9007552,502518,2021-12-08,15239.87,14770.37,14605.4,164.97,15,Late
9007553,502518,2022-03-08,14831.06,14818.37,14657.83,160.55,60,Late
9007554,502518,2022-06-06,14528.49,12234.44,12077.17,157.27,60,Late
9007555,502519,2022-01-03,6832.44,6645.21,6586.16,59.04,0,Paid
9007556,502519,2022-04-03,7017.24,6901.14,6840.5,60.64,0,Paid
9007557,502519,2022-07-02,6807.21,6749.57,6690.74,58.83,0,Paid
9007558,502520,2019-05-05,7409.24,6272.11,6223.02,49.09,10,Late
9007559,502520,2019-08-03,7352.09,7191.54,7142.83,48.71,0,Paid
9007560,502520,2019-11-01,7294.81,7474.8,7426.47,48.33,0,Paid
9007561,502521,2020-02-01,10211.42,8756.57,8688.49,68.08,60,Late
9007562,502521,2020-05-01,10184.16,8805.69,8737.79,67.89,30,Late
9007563,502521,2020-07-30,9601.14,9640.92,9576.92,64.01,0,Paid
9007564,502522,2024-07-31,14528.78,10913.53,10742.94,170.59,45,Late
9007565,502522,2024-10-29,14406.22,14199.97,14030.82,169.15,0,Paid
9007566,502522,2025-01-27,15284.32,14829.62,14650.16,179.46,0,Paid
9007567,502523,2024-08-30,5400.63,5330.78,5289.15,41.63,30,Late
9007568,502523,2024-11-28,5436.72,5373.11,5331.21,41.91,0,Paid
9007569,502523,2025-02-26,5103.92,4374.93,4335.59,39.34,10,Late
9007570,502524,2020-09-18,2452.25,2063.86,2036.15,27.71,10,Late
9007571,502524,2020-12-17,2439.25,2036.81,2009.25,27.56,10,Late
9007572,502524,2021-03-17,2284.78,2245.39,2219.57,25.82,0,Paid
9007573,502525,2025-02-15,14898.71,14799.81,14685.47,114.35,0,Paid
9007574,502525,2025-05-16,15356.22,13967.88,13850.02,117.86,30,Late
9007575,502525,2025-08-14,15138.21,11591.39,11475.21,116.19,5,Late
9007576,502526,2025-08-02,2342.86,1890.55,1866.91,23.64,45,Late
9007577,502526,2025-10-31,2239.71,2218.02,2195.42,22.6,0,Paid
9007578,502526,2026-01-29,2321.97,2350.89,2327.46,23.43,0,Paid
9007579,502527,2021-09-29,1794.18,1689.53,1676.85,12.68,10,Late
9007580,502527,2021-12-28,1846.77,1400.96,1387.91,13.05,90,Late
9007581,502527,2022-03-28,1892.99,1872.09,1858.71,13.38,15,Late
9007582,502528,2023-02-25,15250.44,15596.54,15432.98,163.56,0,Paid
9007583,502528,2023-05-26,14495.36,14660.28,14504.82,155.46,0,Paid
9007584,502528,2023-08-24,15485.79,15458.89,15292.81,166.09,0,Paid
9007585,502529,2021-08-09,1834.42,1860.08,1851.75,8.33,0,Paid
9007586,502529,2021-11-07,1810.5,1860.97,1852.75,8.22,5,Late
9007587,502529,2022-02-05,1752.66,1349.86,1341.9,7.96,15,Late
9007588,502530,2022-04-18,1527.09,1493.32,1485.52,7.8,0,Paid
9007589,502530,2022-07-17,1564.07,1553.88,1545.89,7.99,0,Paid
9007590,502530,2022-10-15,1570.99,1571.63,1563.6,8.03,0,Paid
9007591,502531,2020-03-29,14964.98,12555.18,12378.1,177.09,15,Late
9007592,502531,2020-06-27,14618.94,14894.74,14721.75,172.99,0,Paid
9007593,502531,2020-09-25,15216.59,15418.52,15238.46,180.06,0,Paid
9007594,502532,2024-10-29,1787.8,1793.41,1780.66,12.75,0,Paid
9007595,502532,2025-01-27,1708.82,1693.9,1681.71,12.19,45,Late
9007596,502532,2025-04-27,1710.94,1533.67,1521.46,12.2,5,Late
9007597,502533,2019-01-11,10196.73,10497.48,10438.51,58.97,45,Late
9007598,502533,2019-04-11,9612.72,7621.34,7565.75,55.59,60,Late
9007599,502533,2019-07-10,9896.57,8657.34,8600.1,57.24,15,Late
9007600,502534,2020-11-14,7965.6,6862.4,6813.94,48.46,10,Late
9007601,502534,2021-02-12,8028.23,7877.89,7829.05,48.84,0,Paid
9007602,502534,2021-05-13,7825.91,7824.81,7777.2,47.61,30,Late
9007603,502535,2025-03-16,1079.91,975.02,963.87,11.15,45,Late
9007604,502535,2025-06-14,1065.02,1055.42,1044.42,11.0,0,Paid
9007605,502535,2025-09-12,1108.58,1009.84,998.4,11.45,5,Late
9007606,502536,2022-09-08,8937.3,9148.25,9040.33,107.92,60,Late
9007607,502536,2022-12-07,8792.31,6957.0,6850.83,106.17,5,Late
9007608,502536,2023-03-07,8857.78,8663.2,8556.24,106.96,0,Paid
9007609,502537,2023-04-30,13269.22,12374.53,12299.12,75.41,90,Late
9007610,502537,2023-07-29,13798.84,13667.6,13589.18,78.42,0,Paid
9007611,502537,2023-10-27,13295.48,13418.47,13342.91,75.56,0,Paid
9007612,502538,2024-08-27,12585.33,12799.42,12726.95,72.47,0,Paid
9007613,502538,2024-11-25,12819.14,13091.87,13018.06,73.82,0,Paid
9007614,502538,2025-02-23,13493.73,13746.29,13668.59,77.7,0,Paid
9007615,502539,2021-07-28,15396.35,11967.58,11831.06,136.51,5,Late
9007616,502539,2021-10-26,14436.07,14686.55,14558.55,128.0,0,Paid
9007617,502539,2022-01-24,15294.33,15223.47,15087.86,135.61,0,Paid
9007618,502540,2020-11-21,1417.33,1453.35,1446.32,7.03,0,Paid
9007619,502540,2021-02-19,1421.23,1452.8,1445.75,7.05,0,Paid
9007620,502540,2021-05-20,1424.74,1399.37,1392.3,7.06,0,Paid
9007621,502541,2019-07-13,587.63,597.13,594.79,2.33,60,Late
9007622,502541,2019-10-11,564.67,450.57,448.33,2.24,60,Late
9007623,502541,2020-01-09,567.18,521.41,519.16,2.25,15,Late
9007624,502542,2020-10-29,6440.45,4899.19,4838.38,60.81,30,Late
9007625,502542,2021-01-27,5975.42,5164.66,5108.24,56.42,60,Late
9007626,502542,2021-04-27,6436.04,6290.97,6230.2,60.77,15,Late
9007627,502543,2025-10-01,1768.37,1801.52,1783.4,18.13,0,Paid
9007628,502543,2025-12-30,1748.83,1610.4,1592.48,17.93,30,Late
9007629,502543,2026-03-30,1810.97,1855.48,1836.92,18.56,0,Paid
9007630,502544,2023-03-05,6754.06,5401.74,5334.93,66.81,45,Late
9007631,502544,2023-06-03,6854.66,6088.72,6020.91,67.8,60,Late
9007632,502544,2023-09-01,6460.46,5673.25,5609.34,63.9,15,Late
9007633,502545,2023-06-01,15111.4,14748.9,14586.7,162.2,0,Paid
9007634,502545,2023-08-30,15217.39,15621.17,15457.83,163.33,0,Paid
9007635,502545,2023-11-28,15149.64,14762.08,14599.47,162.61,5,Late
9007636,502546,2023-10-25,398.8,399.78,397.1,2.68,0,Paid
9007637,502546,2024-01-23,377.38,353.87,351.34,2.53,10,Late
9007638,502546,2024-04-22,370.02,298.17,295.68,2.49,45,Late
9007639,502547,2020-01-10,1727.56,1545.4,1534.78,10.62,120,Late
9007640,502547,2020-04-09,1814.22,1382.34,1371.18,11.16,45,Late
9007641,502547,2020-07-08,1659.21,1387.59,1377.39,10.2,45,Late
9007642,502548,2020-01-20,7572.53,7551.79,7484.96,66.83,0,Paid
9007643,502548,2020-04-19,7231.7,7231.29,7167.47,63.82,0,Paid
9007644,502548,2020-07-18,6959.46,7154.68,7093.26,61.42,0,Paid
9007645,502549,2025-01-17,15422.9,12982.79,12857.35,125.44,30,Late
9007646,502549,2025-04-17,15234.36,12364.1,12240.2,123.91,90,Late
9007647,502549,2025-07-16,15473.26,15687.92,15562.07,125.85,0,Paid
9007648,502550,2024-05-27,11374.67,10638.79,10515.56,123.23,10,Late
9007649,502550,2024-08-25,11374.94,9578.17,9454.94,123.23,5,Late
9007650,502550,2024-11-23,10745.99,10947.4,10830.99,116.41,0,Paid
9007651,502551,2019-11-05,15519.06,15695.69,15599.86,95.83,0,Paid
9007652,502551,2020-02-03,14883.64,15297.87,15205.97,91.91,0,Paid
9007653,502551,2020-05-03,15467.28,12425.64,12330.13,95.51,90,Late
9007654,502552,2019-05-13,5512.15,4907.02,4866.46,40.56,10,Late
9007655,502552,2019-08-11,5478.82,5458.0,5417.69,40.32,0,Paid
9007656,502552,2019-11-09,5602.61,5503.88,5462.65,41.23,0,Paid
9007657,502553,2024-12-31,482.34,490.36,486.14,4.22,0,Paid
9007658,502553,2025-03-31,465.12,459.15,455.08,4.07,0,Paid
9007659,502553,2025-06-29,480.26,485.23,481.02,4.21,0,Paid
9007660,502554,2024-08-24,9768.57,9878.61,9834.9,43.71,10,Late
9007661,502554,2024-11-22,9886.46,9010.55,8966.31,44.24,60,Late
9007662,502554,2025-02-20,9272.83,9128.45,9086.95,41.5,0,Paid
9007663,502555,2021-02-01,1064.6,1048.43,1040.62,7.81,0,Paid
9007664,502555,2021-05-02,1028.0,1037.93,1030.39,7.54,0,Paid
9007665,502555,2021-07-31,1079.61,1084.65,1076.73,7.92,0,Paid
9007666,502556,2022-12-11,7326.31,7149.98,7061.51,88.47,0,Paid
9007667,502556,2023-03-11,7250.01,5879.08,5791.54,87.54,15,Late
9007668,502556,2023-06-09,7348.71,7125.56,7036.82,88.74,60,Late
9007669,502557,2019-06-15,15617.3,13996.71,13879.84,116.87,5,Late
9007670,502557,2019-09-13,15311.1,15006.72,14892.15,114.58,0,Paid
9007671,502557,2019-12-12,15301.57,11548.67,11434.17,114.51,30,Late
9007672,502558,2020-09-11,1460.66,1488.82,1483.5,5.32,0,Paid
9007673,502558,2020-12-10,1551.66,1328.89,1323.24,5.65,5,Late
9007674,502558,2021-03-10,1489.6,1455.93,1450.51,5.42,5,Late
9007675,502559,2025-01-05,1847.48,1815.71,1794.7,21.02,0,Paid
9007676,502559,2025-04-05,1899.28,1856.05,1834.45,21.6,0,Paid
9007677,502559,2025-07-04,1822.71,1483.36,1462.62,20.73,5,Late
9007678,502560,2021-10-08,14579.0,14327.57,14187.13,140.44,0,Paid
9007679,502560,2022-01-06,14804.97,11131.63,10989.01,142.62,30,Late
9007680,502560,2022-04-06,14972.05,14871.44,14727.21,144.23,0,Paid
9007681,502561,2021-07-01,13009.04,12719.47,12657.24,62.23,0,Paid
9007682,502561,2021-09-29,13366.19,12619.17,12555.24,63.93,10,Late
9007683,502561,2021-12-28,13479.87,13526.1,13461.62,64.48,0,Paid
9007684,502562,2020-09-22,2020.53,2038.1,2017.86,20.24,0,Paid
9007685,502562,2020-12-21,1870.47,1923.93,1905.2,18.74,60,Late
9007686,502562,2021-03-21,1855.0,1823.65,1805.07,18.58,0,Paid
9007687,502563,2024-06-01,1615.75,1628.75,1616.55,12.2,30,Late
9007688,502563,2024-08-30,1572.96,1582.04,1570.16,11.88,0,Paid
9007689,502563,2024-11-28,1693.6,1279.71,1266.92,12.79,10,Late
9007690,502564,2024-09-16,2216.41,1837.09,1818.79,18.3,30,Late
9007691,502564,2024-12-15,2281.1,2272.25,2253.41,18.84,5,Late
9007692,502564,2025-03-15,2223.04,2193.23,2174.87,18.36,0,Paid
9007693,502565,2023-01-29,1689.85,1641.33,1622.32,19.01,0,Paid
9007694,502565,2023-04-29,1722.5,1708.51,1689.13,19.38,0,Paid
9007695,502565,2023-07-28,1626.87,1267.81,1249.51,18.3,60,Late
9007696,502566,2024-10-17,14816.15,14623.32,14542.2,81.12,10,Late
9007697,502566,2025-01-15,15337.64,12821.39,12737.41,83.97,5,Late
9007698,502566,2025-04-15,14512.02,14278.71,14199.26,79.45,45,Late
9007699,502567,2024-04-01,1350.44,1365.4,1359.36,6.04,0,Paid
9007700,502567,2024-06-30,1384.44,1398.74,1392.54,6.2,0,Paid
9007701,502567,2024-09-28,1275.82,1267.86,1262.15,5.71,0,Paid
9007702,502568,2024-07-08,6897.99,6917.88,6897.7,20.18,0,Paid
9007703,502568,2024-10-06,7394.72,6139.79,6118.16,21.63,60,Late
9007704,502568,2025-01-04,7252.88,6905.04,6883.82,21.21,90,Late
9007705,502569,2021-01-12,389.13,391.21,387.19,4.02,0,Paid
9007706,502569,2021-04-12,361.85,364.53,360.79,3.74,0,Paid
9007707,502569,2021-07-11,393.21,400.21,396.14,4.06,0,Paid
9007708,502570,2020-10-23,525.66,514.66,513.01,1.65,0,Paid
9007709,502570,2021-01-21,487.33,494.53,493.0,1.53,0,Paid
9007710,502570,2021-04-21,518.47,456.02,454.39,1.63,10,Late
9007711,502571,2023-12-10,774.89,777.92,774.41,3.51,0,Paid
9007712,502571,2024-03-09,807.54,720.44,716.78,3.66,60,Late
9007713,502571,2024-06-07,768.63,755.49,752.01,3.48,0,Paid
9007714,502572,2022-08-02,1072.12,1057.16,1050.58,6.58,0,Paid
9007715,502572,2022-10-31,1081.33,977.8,971.15,6.64,60,Late
9007716,502572,2023-01-29,1099.03,1119.88,1113.13,6.75,0,Paid
9007717,502573,2020-12-20,837.33,713.53,703.84,9.69,5,Late
9007718,502573,2021-03-20,830.42,831.74,822.13,9.61,0,Paid
9007719,502573,2021-06-18,836.62,644.18,634.49,9.68,15,Late
9007720,502574,2019-08-12,833.91,824.58,818.12,6.46,10,Late
9007721,502574,2019-11-10,821.34,844.01,837.64,6.37,0,Paid
9007722,502574,2020-02-08,785.41,777.32,771.24,6.09,0,Paid
9007723,502575,2023-09-01,14658.24,14269.36,14136.21,133.15,90,Late
9007724,502575,2023-11-30,14316.7,13735.8,13605.76,130.04,60,Late
9007725,502575,2024-02-28,15422.43,13356.05,13215.96,140.09,120,Late
9007726,502576,2024-01-14,485.15,475.84,473.69,2.15,0,Paid
9007727,502576,2024-04-13,471.81,474.4,472.31,2.09,0,Paid
9007728,502576,2024-07-12,506.7,512.75,510.51,2.24,0,Paid
9007729,502577,2021-07-11,638.68,584.25,581.78,2.47,30,Late
9007730,502577,2021-10-09,665.34,665.98,663.41,2.57,0,Paid
9007731,502577,2022-01-07,663.47,644.96,642.4,2.57,0,Paid
9007732,502578,2022-08-28,1922.85,1481.29,1462.66,18.64,30,Late
9007733,502578,2022-11-26,1958.03,1956.47,1937.5,18.98,0,Paid
9007734,502578,2023-02-24,1908.26,1757.46,1738.97,18.49,5,Late
9007735,502579,2024-01-30,489.32,495.92,493.92,2.01,0,Paid
9007736,502579,2024-04-29,448.37,356.52,354.68,1.84,15,Late
9007737,502579,2024-07-28,484.17,479.0,477.01,1.99,0,Paid
9007738,502580,2019-11-15,14234.14,14350.72,14180.39,170.34,0,Paid
9007739,502580,2020-02-13,13375.13,13115.79,12955.73,160.06,0,Paid
9007740,502580,2020-05-13,13627.83,13254.96,13091.88,163.08,0,Paid
9007741,502581,2020-05-27,1519.03,1509.59,1502.56,7.03,0,Paid
9007742,502581,2020-08-25,1530.35,1571.19,1564.12,7.08,0,Paid
9007743,502581,2020-11-23,1612.71,1566.85,1559.39,7.46,0,Paid
9007744,502582,2022-05-22,842.57,678.99,670.5,8.49,60,Late
9007745,502582,2022-08-20,788.97,745.39,737.45,7.95,45,Late
9007746,502582,2022-11-18,870.06,673.29,664.52,8.77,45,Late
9007747,502583,2020-04-20,2332.85,2312.51,2288.31,24.2,0,Paid
9007748,502583,2020-07-19,2414.08,2373.37,2348.33,25.05,0,Paid
9007749,502583,2020-10-17,2366.59,2378.78,2354.23,24.55,15,Late
9007750,502584,2024-02-21,7119.16,5557.55,5480.37,77.18,10,Late
9007751,502584,2024-05-21,7609.29,7807.19,7724.69,82.5,0,Paid
9007752,502584,2024-08-19,7310.83,6797.48,6718.22,79.26,60,Late
9007753,502585,2022-03-31,14710.2,13956.32,13833.98,122.34,5,Late
9007754,502585,2022-06-29,14558.17,14900.69,14779.61,121.08,0,Paid
9007755,502585,2022-09-27,14578.88,14680.48,14559.23,121.25,30,Late
9007756,502586,2020-07-17,15551.12,15344.23,15165.26,178.97,0,Paid
9007757,502586,2020-10-15,14740.96,14678.35,14508.7,169.64,0,Paid
9007758,502586,2021-01-13,14887.16,15164.31,14992.98,171.33,0,Paid
9007759,502587,2019-03-20,14255.39,11925.84,11755.72,170.11,45,Late
9007760,502587,2019-06-18,15256.71,12491.87,12309.8,182.06,90,Late
9007761,502587,2019-09-16,15246.49,11767.63,11585.69,181.94,45,Late
9007762,502588,2023-05-11,4833.97,4730.19,4683.02,47.17,0,Paid
9007763,502588,2023-08-09,4458.88,4403.28,4359.77,43.51,0,Paid
9007764,502588,2023-11-07,4437.27,4430.08,4386.78,43.3,0,Paid
9007765,502589,2023-07-26,3756.99,3724.99,3712.49,12.49,0,Paid
9007766,502589,2023-10-24,3435.18,3365.4,3353.97,11.42,30,Late
9007767,502589,2024-01-22,3705.04,3637.75,3625.43,12.32,0,Paid
9007768,502590,2022-06-10,15641.25,15266.79,15185.19,81.6,0,Paid
9007769,502590,2022-09-08,14329.9,14416.13,14341.38,74.75,0,Paid
9007770,502590,2022-12-07,14800.8,14936.77,14859.56,77.21,0,Paid
9007771,502591,2022-09-27,12263.35,12060.37,11964.92,95.45,0,Paid
9007772,502591,2022-12-26,11589.3,11202.63,11112.42,90.2,10,Late
9007773,502591,2023-03-26,11261.29,11595.92,11508.27,87.65,0,Paid
9007774,502592,2024-06-01,1724.5,1717.55,1701.23,16.33,0,Paid
9007775,502592,2024-08-30,1660.38,1705.22,1689.5,15.72,5,Late
9007776,502592,2024-11-28,1766.72,1728.7,1711.98,16.72,0,Paid
9007777,502593,2021-07-05,14516.57,14849.74,14701.79,147.95,0,Paid
9007778,502593,2021-10-03,14914.21,14709.19,14557.19,152.0,0,Paid
9007779,502593,2022-01-01,14766.08,14229.72,14079.23,150.49,5,Late
9007780,502594,2019-08-17,669.59,638.09,633.27,4.82,30,Late
9007781,502594,2019-11-15,721.54,680.63,675.44,5.2,90,Late
9007782,502594,2020-02-13,725.76,565.25,560.02,5.23,60,Late
9007783,502595,2020-09-24,10630.41,10639.09,10512.67,126.41,0,Paid
9007784,502595,2020-12-23,10248.23,10308.7,10186.83,121.87,0,Paid
9007785,502595,2021-03-23,10803.51,10675.72,10547.25,128.47,0,Paid
9007786,502596,2025-12-21,960.16,823.28,820.2,3.07,45,Late
9007787,502596,2026-03-21,1019.19,1049.07,1045.81,3.26,90,Late
9007788,502596,2026-06-19,963.61,924.07,920.99,3.08,60,Late
9007789,502597,2025-08-31,6108.69,5146.73,5084.42,62.31,30,Late
9007790,502597,2025-11-29,6405.16,6442.01,6376.68,65.33,0,Paid
9007791,502597,2026-02-27,6607.45,4980.44,4913.04,67.4,45,Late
9007792,502598,2023-04-11,7664.34,7501.26,7447.16,54.1,0,Paid
9007793,502598,2023-07-10,7868.1,6174.12,6118.58,55.54,10,Late
9007794,502598,2023-10-08,7782.98,7912.89,7857.96,54.93,0,Paid
9007795,502599,2021-09-02,5408.19,5533.27,5509.79,23.48,5,Late
9007796,502599,2021-12-01,5235.55,5154.79,5132.06,22.73,0,Paid
9007797,502599,2022-03-01,5340.32,5385.24,5362.06,23.19,0,Paid
9007798,502600,2019-06-27,1592.36,1564.39,1545.35,19.04,0,Paid
9007799,502600,2019-09-25,1595.14,1456.62,1437.55,19.08,10,Late
9007800,502600,2019-12-24,1684.76,1692.19,1672.04,20.15,0,Paid
9007801,502601,2022-06-28,1437.14,1383.21,1378.31,4.9,10,Late
9007802,502601,2022-09-26,1530.45,1552.06,1546.84,5.22,0,Paid
9007803,502601,2022-12-25,1490.1,1468.08,1463.0,5.08,0,Paid
9007804,502602,2019-12-28,14339.55,14641.9,14565.54,76.36,0,Paid
9007805,502602,2020-03-27,14337.51,12727.39,12651.04,76.35,15,Late
9007806,502602,2020-06-25,15341.32,15146.35,15064.66,81.69,0,Paid
9007807,502603,2024-04-20,823.19,808.48,805.08,3.4,0,Paid
9007808,502603,2024-07-19,808.45,740.43,737.09,3.34,10,Late
9007809,502603,2024-10-17,787.83,730.43,727.17,3.26,45,Late
9007810,502604,2022-09-23,7834.45,7812.29,7729.12,83.18,0,Paid
9007811,502604,2022-12-22,7841.77,7174.74,7091.48,83.25,30,Late
9007812,502604,2023-03-22,7908.12,8103.93,8019.98,83.96,0,Paid
9007813,502605,2022-04-23,9188.86,9212.42,9128.35,84.08,0,Paid
9007814,502605,2022-07-22,9369.64,9474.9,9389.17,85.73,0,Paid
9007815,502605,2022-10-20,9507.56,9253.51,9166.52,86.99,0,Paid
9007816,502606,2025-04-14,2745.39,2090.88,2064.39,26.49,60,Late
9007817,502606,2025-07-13,2848.86,2347.54,2320.04,27.49,45,Late
9007818,502606,2025-10-11,2773.34,2824.79,2798.02,26.76,90,Late
9007819,502607,2022-01-30,11626.47,11969.63,11920.51,49.12,0,Paid
9007820,502607,2022-04-30,11300.95,8739.9,8692.15,47.75,5,Late
9007821,502607,2022-07-29,11630.39,11591.41,11542.27,49.14,0,Paid
9007822,502608,2020-07-05,2252.16,1760.86,1747.91,12.95,45,Late
9007823,502608,2020-10-03,2188.86,1868.35,1855.77,12.59,120,Late
9007824,502608,2021-01-01,2059.4,1679.98,1668.14,11.84,60,Late
9007825,502609,2022-10-20,13519.28,11727.23,11611.3,115.93,30,Late
9007826,502609,2023-01-18,13434.6,13241.98,13126.78,115.2,0,Paid
9007827,502609,2023-04-18,13421.92,13262.34,13147.25,115.09,0,Paid
9007828,502610,2022-09-18,14267.21,13980.26,13888.23,92.02,0,Paid
9007829,502610,2022-12-17,14657.51,13586.12,13491.58,94.54,60,Late
9007830,502610,2023-03-17,14261.83,12446.23,12354.24,91.99,60,Late
9007831,502611,2020-08-23,3973.91,3641.63,3617.0,24.64,15,Late
9007832,502611,2020-11-21,4126.81,3879.27,3853.68,25.59,45,Late
9007833,502611,2021-02-19,4165.61,4134.04,4108.21,25.83,30,Late
9007834,502612,2024-09-12,9409.33,7480.43,7397.94,82.49,90,Late
9007835,502612,2024-12-11,9776.36,7669.24,7583.53,85.71,120,Late
9007836,502612,2025-03-11,10301.86,8233.32,8143.01,90.31,120,Late
9007837,502613,2019-07-30,1203.64,1219.52,1214.63,4.88,0,Paid
9007838,502613,2019-10-28,1164.43,1167.26,1162.54,4.73,10,Late
9007839,502613,2020-01-26,1249.17,1096.85,1091.78,5.07,5,Late
9007840,502614,2021-08-11,461.01,471.45,468.6,2.85,0,Paid
9007841,502614,2021-11-09,471.6,484.47,481.55,2.92,0,Paid
9007842,502614,2022-02-07,459.82,472.22,469.38,2.84,0,Paid
9007843,502615,2025-06-16,11931.05,10369.57,10270.15,99.43,15,Late
9007844,502615,2025-09-14,12192.67,11375.89,11274.29,101.61,30,Late
9007845,502615,2025-12-13,12681.86,12521.79,12416.11,105.68,0,Paid
9007846,502616,2024-11-18,11594.94,11606.9,11481.58,125.32,0,Paid
9007847,502616,2025-02-16,11779.96,12010.48,11883.15,127.32,30,Late
9007848,502616,2025-05-17,11891.01,11971.99,11843.47,128.52,5,Late
9007849,502617,2023-09-24,5052.21,5035.62,5007.79,27.83,45,Late
9007850,502617,2023-12-23,5343.47,5253.81,5224.38,29.43,0,Paid
9007851,502617,2024-03-22,5274.21,5255.61,5226.55,29.05,15,Late
9007852,502618,2021-07-07,5177.73,4757.95,4739.05,18.9,60,Late
9007853,502618,2021-10-05,5272.85,5336.31,5317.07,19.25,45,Late
9007854,502618,2022-01-03,5113.73,4552.76,4534.09,18.67,15,Late
9007855,502619,2021-05-09,527.61,452.75,450.26,2.49,45,Late
9007856,502619,2021-08-07,505.32,501.64,499.26,2.38,30,Late
9007857,502619,2021-11-05,516.5,529.19,526.76,2.44,15,Late
9007858,502620,2021-03-04,8112.43,8353.5,8278.19,75.31,0,Paid
9007859,502620,2021-06-02,7921.86,8148.66,8075.12,73.54,0,Paid
9007860,502620,2021-08-31,8133.91,7699.92,7624.41,75.51,5,Late
9007861,502621,2021-01-24,1982.61,1951.54,1934.34,17.2,0,Paid
9007862,502621,2021-04-24,1985.39,1577.01,1559.79,17.22,45,Late
9007863,502621,2021-07-23,1968.74,2019.99,2002.91,17.08,0,Paid
9007864,502622,2022-08-09,4976.81,4458.63,4406.54,52.09,120,Late
9007865,502622,2022-11-07,4939.29,4364.19,4312.49,51.7,120,Late
9007866,502622,2023-02-05,5320.32,4650.85,4595.17,55.69,90,Late
9007867,502623,2025-04-19,14973.64,12086.2,11944.7,141.5,45,Late
9007868,502623,2025-07-18,15447.54,15901.92,15755.94,145.98,0,Paid
9007869,502623,2025-10-16,15335.81,15575.33,15430.41,144.92,0,Paid
9007870,502624,2022-07-22,2102.49,1682.48,1661.33,21.15,45,Late
9007871,502624,2022-10-20,1944.0,1673.92,1654.37,19.55,45,Late
9007872,502624,2023-01-18,1984.68,1619.04,1599.07,19.96,45,Late
9007873,502625,2025-06-18,14421.36,14240.45,14140.7,99.75,0,Paid
9007874,502625,2025-09-16,15201.86,15095.76,14990.61,105.15,0,Paid
9007875,502625,2025-12-15,15155.51,14718.73,14613.91,104.83,0,Paid
9007876,502626,2024-09-25,1094.72,1097.39,1087.42,9.96,0,Paid
9007877,502626,2024-12-24,1006.81,1018.52,1009.36,9.16,0,Paid
9007878,502626,2025-03-24,1024.72,1027.57,1018.25,9.32,0,Paid
9007879,502627,2020-05-27,393.6,384.77,380.9,3.87,10,Late
9007880,502627,2020-08-25,372.33,372.55,368.9,3.66,0,Paid
9007881,502627,2020-11-23,379.25,303.27,299.54,3.73,45,Late
9007882,502628,2020-08-02,1622.76,1349.06,1331.99,17.07,10,Late
9007883,502628,2020-10-31,1720.21,1743.35,1725.26,18.09,15,Late
9007884,502628,2021-01-29,1642.59,1636.74,1619.46,17.27,0,Paid
9007885,502629,2019-05-08,2155.61,2131.85,2122.08,9.77,0,Paid
9007886,502629,2019-08-06,2187.78,1950.29,1940.38,9.92,60,Late
9007887,502629,2019-11-04,2109.91,2101.12,2091.56,9.56,0,Paid
9007888,502630,2023-12-07,12631.05,12850.42,12786.32,64.1,0,Paid
9007889,502630,2024-03-06,11572.88,11630.13,11571.4,58.73,0,Paid
9007890,502630,2024-06-04,12082.96,11851.13,11789.81,61.32,0,Paid
9007891,502631,2024-12-07,1271.91,1260.4,1256.42,3.99,0,Paid
9007892,502631,2025-03-07,1236.2,1258.7,1254.82,3.87,0,Paid
9007893,502631,2025-06-05,1243.73,1235.74,1231.84,3.9,0,Paid
9007894,502632,2023-10-20,1353.17,1317.07,1312.68,4.39,0,Paid
9007895,502632,2024-01-18,1380.53,1396.87,1392.39,4.48,0,Paid
9007896,502632,2024-04-17,1443.24,1089.13,1084.46,4.68,5,Late
9007897,502633,2019-06-17,1287.79,1272.15,1259.61,12.55,0,Paid
9007898,502633,2019-09-15,1309.84,1275.67,1262.91,12.76,0,Paid
9007899,502633,2019-12-14,1317.13,1351.5,1338.67,12.83,0,Paid
9007900,502634,2021-06-17,15692.68,16161.08,16039.72,121.36,45,Late
9007901,502634,2021-09-15,15002.13,14903.17,14787.15,116.02,0,Paid
9007902,502634,2021-12-14,14578.86,13867.05,13754.31,112.74,45,Late
9007903,502635,2024-02-14,2921.59,2975.42,2960.35,15.07,0,Paid
9007904,502635,2024-05-14,2964.25,2963.05,2947.76,15.29,0,Paid
9007905,502635,2024-08-12,3040.48,3051.57,3035.89,15.68,0,Paid
9007906,502636,2019-01-20,11716.16,10947.79,10901.12,46.67,15,Late
9007907,502636,2019-04-20,11688.66,10248.15,10201.59,46.56,90,Late
9007908,502636,2019-07-19,11333.81,8724.31,8679.16,45.15,90,Late
9007909,502637,2021-02-18,440.54,441.81,436.54,5.28,0,Paid
9007910,502637,2021-05-19,422.95,421.92,416.85,5.06,0,Paid
9007911,502637,2021-08-17,445.71,433.81,428.48,5.34,0,Paid
9007912,502638,2023-07-13,14036.91,13696.3,13557.22,139.08,0,Paid
9007913,502638,2023-10-11,13140.1,12936.58,12806.38,130.2,0,Paid
9007914,502638,2024-01-09,13541.05,13474.99,13340.82,134.17,0,Paid
9007915,502639,2023-01-11,7846.86,6934.49,6910.1,24.39,120,Late
9007916,502639,2023-04-11,8026.53,8054.26,8029.31,24.95,60,Late
9007917,502639,2023-07-10,8556.57,7922.9,7896.3,26.6,90,Late
9007918,502640,2024-10-21,3061.24,3083.25,3064.63,18.62,0,Paid
9007919,502640,2025-01-19,3135.62,3113.84,3094.77,19.08,0,Paid
9007920,502640,2025-04-19,3111.22,3087.68,3068.75,18.93,0,Paid
9007921,502641,2020-03-16,1147.72,1152.05,1143.94,8.11,0,Paid
9007922,502641,2020-06-14,1049.12,1019.05,1011.63,7.41,0,Paid
9007923,502641,2020-09-12,1140.57,1115.59,1107.53,8.06,0,Paid
9007924,502642,2019-01-07,14715.1,11491.83,11401.58,90.25,30,Late
9007925,502642,2019-04-07,14265.21,14548.2,14460.71,87.49,90,Late
9007926,502642,2019-07-06,14163.04,11816.0,11729.13,86.87,30,Late
9007927,502643,2025-07-26,14751.88,14965.76,14842.22,123.55,0,Paid
9007928,502643,2025-10-24,14895.13,14701.23,14576.48,124.75,0,Paid
9007929,502643,2026-01-22,14674.91,14263.1,14140.2,122.9,0,Paid
9007930,502644,2020-09-18,10876.51,10537.7,10445.89,91.82,90,Late
9007931,502644,2020-12-17,11000.67,9732.19,9639.33,92.86,45,Late
9007932,502644,2021-03-17,10856.36,9417.43,9325.78,91.65,120,Late
9007933,502645,2021-07-03,14887.42,15057.19,14952.48,104.71,0,Paid
9007934,502645,2021-10-01,14309.47,14597.41,14496.76,100.64,0,Paid
9007935,502645,2021-12-30,13699.63,14028.85,13932.5,96.35,0,Paid
9007936,502646,2022-05-10,13449.46,13476.0,13418.4,57.61,0,Paid
9007937,502646,2022-08-08,14178.11,13892.44,13831.71,60.73,0,Paid
9007938,502646,2022-11-06,13983.27,12684.35,12624.46,59.9,60,Late
9007939,502647,2025-04-21,10187.8,10226.98,10138.17,88.8,0,Paid
9007940,502647,2025-07-20,9900.49,10034.77,9948.47,86.3,45,Late
9007941,502647,2025-10-18,9657.42,9518.01,9433.83,84.18,15,Late
9007942,502648,2024-09-21,820.05,704.92,698.03,6.89,30,Late
9007943,502648,2024-12-20,768.37,739.99,733.53,6.45,45,Late
9007944,502648,2025-03-20,758.91,635.82,629.45,6.37,30,Late
9007945,502649,2022-11-03,1384.69,1351.13,1337.9,13.24,0,Paid
9007946,502649,2023-02-01,1338.17,1224.21,1211.42,12.79,5,Late
9007947,502649,2023-05-02,1410.68,1440.37,1426.89,13.48,0,Paid
9007948,502650,2019-02-05,499.2,501.53,497.24,4.28,45,Late
9007949,502650,2019-05-06,513.28,513.44,509.03,4.41,0,Paid
9007950,502650,2019-08-04,518.62,507.26,502.81,4.45,0,Paid
9007951,502651,2023-07-22,412.24,416.4,411.9,4.5,0,Paid
9007952,502651,2023-10-20,423.57,426.49,421.86,4.63,0,Paid
9007953,502651,2024-01-18,421.17,424.86,420.26,4.6,0,Paid
9007954,502652,2023-01-04,15029.85,14672.24,14545.48,126.75,45,Late
9007955,502652,2023-04-04,15504.63,12494.55,12363.8,130.76,15,Late
9007956,502652,2023-07-03,14860.66,13918.35,13793.02,125.32,60,Late
9007957,502653,2022-03-03,7389.68,7497.57,7440.42,57.15,0,Paid
9007958,502653,2022-06-01,7669.01,6061.94,6002.63,59.31,15,Late
9007959,502653,2022-08-30,7292.13,7279.35,7222.96,56.39,0,Paid
9007960,502654,2023-04-14,14497.51,14769.37,14599.51,169.86,0,Paid
9007961,502654,2023-07-13,15348.23,12831.9,12652.07,179.83,10,Late
9007962,502654,2023-10-11,14885.89,11465.46,11291.04,174.41,60,Late
9007963,502655,2022-01-04,1064.63,972.45,963.95,8.51,10,Late
9007964,502655,2022-04-04,1041.73,1020.34,1012.01,8.33,0,Paid
9007965,502655,2022-07-03,1070.14,870.29,861.74,8.55,15,Late
9007966,502656,2023-08-14,1343.81,1169.54,1153.66,15.88,90,Late
9007967,502656,2023-11-12,1272.54,1285.65,1270.61,15.04,0,Paid
9007968,502656,2024-02-10,1286.96,1155.79,1140.58,15.21,5,Late
9007969,502657,2024-07-18,1093.5,983.74,976.11,7.63,45,Late
9007970,502657,2024-10-16,1059.63,896.35,888.96,7.39,30,Late
9007971,502657,2025-01-14,1064.9,835.6,828.17,7.43,15,Late
9007972,502658,2021-10-26,5991.25,5988.96,5967.74,21.22,10,Late
9007973,502658,2022-01-24,6032.69,6033.88,6012.51,21.37,0,Paid
9007974,502658,2022-04-24,6187.33,6306.82,6284.91,21.91,0,Paid
9007975,502659,2023-05-31,2083.73,2100.77,2085.04,15.73,0,Paid
9007976,502659,2023-08-29,2078.68,1932.74,1917.05,15.69,90,Late
9007977,502659,2023-11-27,2060.05,2093.61,2078.05,15.55,0,Paid
9007978,502660,2025-09-18,5862.27,5737.23,5695.95,41.28,0,Paid
9007979,502660,2025-12-17,5556.65,4691.73,4652.6,39.13,15,Late
9007980,502660,2026-03-17,5680.63,5836.11,5796.11,40.0,0,Paid
9007981,502661,2022-06-01,3246.87,3342.05,3312.61,29.44,0,Paid
9007982,502661,2022-08-30,3185.99,3113.93,3085.04,28.89,0,Paid
9007983,502661,2022-11-28,3211.98,3244.47,3215.35,29.12,0,Paid
9007984,502662,2019-12-20,15706.35,15575.67,15388.9,186.77,0,Paid
9007985,502662,2020-03-19,15627.3,15421.46,15235.63,185.83,0,Paid
9007986,502662,2020-06-17,14704.11,14828.13,14653.28,174.86,0,Paid
9007987,502663,2025-09-15,15004.99,15105.45,15035.3,70.15,0,Paid
9007988,502663,2025-12-14,15433.33,15209.65,15137.5,72.15,0,Paid
9007989,502663,2026-03-14,15738.06,15740.97,15667.39,73.58,0,Paid
9007990,502664,2024-11-02,1688.64,1380.55,1362.16,18.39,45,Late
9007991,502664,2025-01-31,1622.17,1616.09,1598.43,17.67,0,Paid
9007992,502664,2025-05-01,1730.26,1723.65,1704.8,18.85,0,Paid
9007993,502665,2023-06-20,1560.7,1568.06,1554.43,13.63,0,Paid
9007994,502665,2023-09-18,1538.04,1581.5,1568.06,13.43,0,Paid
9007995,502665,2023-12-17,1634.16,1566.32,1552.05,14.27,10,Late
9007996,502666,2020-01-08,15018.57,12542.99,12416.7,126.28,60,Late
9007997,502666,2020-04-07,15532.7,15532.32,15401.71,130.6,0,Paid
9007998,502666,2020-07-06,15062.61,11673.9,11547.25,126.65,10,Late
9007999,502667,2019-02-01,9463.6,9288.72,9202.68,86.04,0,Paid
9008000,502667,2019-05-02,9078.62,8515.31,8432.77,82.54,10,Late
9008001,502667,2019-07-31,9000.16,7843.84,7762.01,81.83,5,Late
9008002,502668,2019-03-08,12477.49,12254.99,12170.77,84.22,0,Paid
9008003,502668,2019-06-06,12001.8,10269.94,10188.93,81.01,5,Late
9008004,502668,2019-09-04,12284.57,12601.67,12518.75,82.92,0,Paid
9008005,502669,2023-06-13,1667.13,1658.18,1647.92,10.27,0,Paid
9008006,502669,2023-09-11,1669.25,1672.85,1662.57,10.28,0,Paid
9008007,502669,2023-12-10,1687.56,1728.95,1718.56,10.39,0,Paid
9008008,502670,2024-02-27,2105.34,1609.18,1587.34,21.84,90,Late
9008009,502670,2024-05-27,2039.5,1997.75,1976.59,21.16,0,Paid
9008010,502670,2024-08-25,2041.44,1984.89,1963.71,21.18,0,Paid
9008011,502671,2019-06-09,1410.59,1443.56,1435.88,7.69,0,Paid
9008012,502671,2019-09-07,1406.39,1426.32,1418.65,7.66,0,Paid
9008013,502671,2019-12-06,1406.56,1402.62,1394.96,7.67,0,Paid
9008014,502672,2019-08-13,2093.6,2129.76,2120.09,9.67,0,Paid
9008015,502672,2019-11-11,2170.28,1824.14,1814.12,10.02,45,Late
9008016,502672,2020-02-09,2053.79,2035.15,2025.67,9.48,0,Paid
9008017,502673,2021-11-02,15139.65,14927.84,14813.4,114.43,0,Paid
9008018,502673,2022-01-31,14455.43,14336.11,14226.85,109.26,0,Paid
9008019,502673,2022-05-01,15099.39,12753.56,12639.44,114.13,5,Late
9008020,502674,2025-08-02,2016.19,1962.23,1942.14,20.09,0,Paid
9008021,502674,2025-10-31,1997.88,2017.28,1997.37,19.91,0,Paid
9008022,502674,2026-01-29,1900.94,1747.07,1728.12,18.95,5,Late
9008023,502675,2022-12-11,3735.81,3825.54,3804.21,21.33,0,Paid
9008024,502675,2023-03-11,3755.45,3677.22,3655.78,21.44,0,Paid
9008025,502675,2023-06-09,3984.14,3674.68,3651.94,22.74,5,Late
9008026,502676,2022-02-15,817.88,703.23,695.3,7.93,60,Late
9008027,502676,2022-05-16,786.82,803.58,795.95,7.63,0,Paid
9008028,502676,2022-08-14,865.92,883.12,874.73,8.39,0,Paid
9008029,502677,2019-03-14,665.3,509.24,504.78,4.46,30,Late
9008030,502677,2019-06-12,617.76,532.61,528.47,4.14,45,Late
9008031,502677,2019-09-10,615.13,586.27,582.14,4.12,30,Late
9008032,502678,2023-09-10,5124.22,4039.72,3996.21,43.51,15,Late
9008033,502678,2023-12-09,4813.76,4927.89,4887.02,40.88,0,Paid
9008034,502678,2024-03-08,5145.98,5084.76,5041.06,43.7,0,Paid
9008035,502679,2019-08-08,643.59,660.8,655.88,4.92,0,Paid
9008036,502679,2019-11-06,667.89,570.0,564.89,5.11,45,Late
9008037,502679,2020-02-04,675.73,677.95,672.78,5.17,0,Paid
9008038,502680,2021-03-28,14761.13,12313.2,12165.34,147.86,10,Late
9008039,502680,2021-06-26,15679.38,13646.36,13489.3,157.06,60,Late
9008040,502680,2021-09-24,14778.13,15156.91,15008.88,148.03,0,Paid
9008041,502681,2019-04-16,1592.65,1557.95,1541.32,16.63,0,Paid
9008042,502681,2019-07-15,1557.18,1246.71,1230.45,16.26,10,Late
9008043,502681,2019-10-13,1499.52,1472.66,1457.0,15.66,0,Paid
9008044,502682,2024-08-22,7540.53,7264.92,7181.41,83.51,15,Late
9008045,502682,2024-11-20,7379.74,5696.48,5614.75,81.73,30,Late
9008046,502682,2025-02-18,7399.83,5865.75,5783.8,81.95,60,Late
9008047,502683,2024-01-30,6960.12,6958.95,6888.65,70.3,0,Paid
9008048,502683,2024-04-29,7433.39,7473.71,7398.63,75.08,0,Paid
9008049,502683,2024-07-28,6952.96,6374.87,6304.64,70.22,15,Late
9008050,502684,2021-02-20,14935.31,11917.19,11862.31,54.89,45,Late
9008051,502684,2021-05-21,15698.12,15752.65,15694.96,57.69,0,Paid
9008052,502684,2021-08-19,15094.19,15366.69,15311.22,55.47,15,Late
9008053,502685,2024-10-04,11139.32,10415.87,10373.82,42.05,45,Late
9008054,502685,2025-01-02,11388.06,10698.15,10655.16,42.99,30,Late
9008055,502685,2025-04-02,11029.76,11276.61,11234.97,41.64,45,Late
9008056,502686,2023-10-08,638.08,620.07,614.83,5.24,30,Late
9008057,502686,2024-01-06,686.46,530.25,524.62,5.63,45,Late
9008058,502686,2024-04-05,654.54,589.43,584.05,5.37,15,Late
9008059,502687,2024-11-21,847.75,852.25,843.83,8.41,0,Paid
9008060,502687,2025-02-19,853.37,831.58,823.11,8.47,0,Paid
9008061,502687,2025-05-20,839.15,818.47,810.14,8.33,0,Paid
9008062,502688,2022-07-07,1204.94,927.8,918.17,9.63,60,Late
9008063,502688,2022-10-05,1194.98,941.47,931.92,9.55,60,Late
9008064,502688,2023-01-03,1197.37,898.1,888.53,9.57,60,Late
9008065,502689,2025-09-02,13662.12,12217.36,12133.79,83.57,90,Late
9008066,502689,2025-12-01,13983.69,13721.17,13635.64,85.53,60,Late
9008067,502689,2026-03-01,13368.41,12097.0,12015.23,81.77,90,Late
9008068,502690,2020-02-26,156.67,160.39,158.84,1.54,0,Paid
9008069,502690,2020-05-26,156.84,148.16,146.62,1.54,60,Late
9008070,502690,2020-08-24,143.44,140.74,139.33,1.41,0,Paid
9008071,502691,2019-07-10,1806.95,1451.54,1436.45,15.09,5,Late
9008072,502691,2019-10-08,1950.46,1947.49,1931.21,16.29,0,Paid
9008073,502691,2020-01-06,1803.1,1815.29,1800.23,15.06,0,Paid
9008074,502692,2019-03-19,2162.02,2077.69,2067.1,10.59,15,Late
9008075,502692,2019-06-17,2267.8,2241.14,2230.03,11.11,0,Paid
9008076,502692,2019-09-15,2308.9,2189.52,2178.21,11.31,5,Late
9008077,502693,2024-07-27,6090.57,6064.73,6004.84,59.89,0,Paid
9008078,502693,2024-10-25,6574.07,5777.84,5713.2,64.65,5,Late
9008079,502693,2025-01-23,6592.76,6596.29,6531.46,64.83,0,Paid
9008080,502694,2021-09-13,1513.68,1416.55,1403.03,13.52,30,Late
9008081,502694,2021-12-12,1531.99,1461.81,1448.13,13.69,15,Late
9008082,502694,2022-03-12,1540.78,1171.17,1157.4,13.76,5,Late
9008083,502695,2021-05-07,9708.84,9737.31,9679.62,57.69,0,Paid
9008084,502695,2021-08-05,9883.12,9865.7,9806.97,58.72,0,Paid
9008085,502695,2021-11-03,10014.18,10155.11,10095.6,59.5,0,Paid
9008086,502696,2025-02-06,141.21,143.49,142.44,1.05,120,Late
9008087,502696,2025-05-07,147.48,140.63,139.53,1.1,90,Late
9008088,502696,2025-08-05,142.54,140.54,139.48,1.06,60,Late
9008089,502697,2024-09-19,793.18,683.91,675.3,8.61,90,Late
9008090,502697,2024-12-18,826.58,845.9,836.92,8.98,90,Late
9008091,502697,2025-03-18,825.38,805.79,796.83,8.96,120,Late
9008092,502698,2019-03-01,964.19,945.23,935.26,9.96,0,Paid
9008093,502698,2019-05-30,978.31,952.01,941.9,10.11,0,Paid
9008094,502698,2019-08-28,900.37,911.49,902.18,9.3,15,Late
9008095,502699,2021-04-16,713.2,659.37,652.3,7.07,5,Late
9008096,502699,2021-07-15,759.68,751.76,744.23,7.53,0,Paid
9008097,502699,2021-10-13,697.72,716.5,709.58,6.92,0,Paid
9008098,502700,2024-09-18,2221.64,1792.47,1784.07,8.41,45,Late
9008099,502700,2024-12-17,2231.39,2098.51,2090.07,8.44,30,Late
9008100,502700,2025-03-17,2258.83,1890.67,1882.13,8.55,30,Late
9008101,502701,2024-06-06,1647.38,1695.33,1683.96,11.37,0,Paid
9008102,502701,2024-09-04,1652.59,1613.38,1601.98,11.4,0,Paid
9008103,502701,2024-12-03,1714.52,1713.97,1702.14,11.83,0,Paid
9008104,502702,2025-09-24,11195.81,10934.52,10822.37,112.14,0,Paid
9008105,502702,2025-12-23,10442.95,10720.23,10615.63,104.6,0,Paid
9008106,502702,2026-03-23,11262.2,10972.28,10859.47,112.81,0,Paid
9008107,502703,2020-07-28,15268.37,14858.44,14785.54,72.91,0,Paid
9008108,502703,2020-10-26,15097.38,14757.08,14684.99,72.09,0,Paid
9008109,502703,2021-01-24,15599.59,15361.06,15286.57,74.49,0,Paid
9008110,502704,2022-01-04,5046.51,5124.71,5068.61,56.1,0,Paid
9008111,502704,2022-04-04,4625.8,4534.46,4483.04,51.42,0,Paid
9008112,502704,2022-07-03,4720.74,4814.21,4761.73,52.48,10,Late
9008113,502705,2025-02-05,2013.49,1900.89,1888.8,12.1,5,Late
9008114,502705,2025-05-06,2111.24,1950.66,1937.97,12.69,5,Late
9008115,502705,2025-08-04,2028.76,2046.84,2034.65,12.19,0,Paid
9008116,502706,2022-11-20,15525.73,15383.52,15255.43,128.09,0,Paid
9008117,502706,2023-02-18,15001.6,15436.45,15312.68,123.76,0,Paid
9008118,502706,2023-05-19,15219.22,11947.77,11822.21,125.56,10,Late
9008119,502707,2020-04-09,14479.8,14662.47,14619.27,43.2,0,Paid
9008120,502707,2020-07-08,14503.49,14352.41,14309.14,43.27,0,Paid
9008121,502707,2020-10-06,15559.31,15617.37,15570.95,46.42,0,Paid
9008122,502708,2019-10-29,14530.14,14474.24,14386.46,87.79,60,Late
9008123,502708,2020-01-27,15277.96,14396.17,14303.86,92.3,90,Late
9008124,502708,2020-04-26,15024.15,14740.39,14649.62,90.77,45,Late
9008125,502709,2023-05-09,3442.58,3483.8,3449.58,34.23,0,Paid
9008126,502709,2023-08-07,3494.54,3590.13,3555.39,34.74,0,Paid
9008127,502709,2023-11-05,3446.71,3489.74,3455.47,34.27,0,Paid
9008128,502710,2022-04-03,4913.28,4772.61,4735.15,37.46,0,Paid
9008129,502710,2022-07-02,4814.97,4888.72,4852.01,36.71,0,Paid
9008130,502710,2022-09-30,4795.77,4931.71,4895.14,36.57,0,Paid
9008131,502711,2021-04-28,529.29,528.97,524.95,4.02,0,Paid
9008132,502711,2021-07-27,527.29,524.12,520.11,4.0,90,Late
9008133,502711,2021-10-25,512.38,506.35,502.46,3.89,0,Paid
9008134,502712,2023-06-22,11150.52,8997.3,8863.3,133.99,5,Late
9008135,502712,2023-09-20,11762.42,12015.71,11874.37,141.35,0,Paid
9008136,502712,2023-12-19,11113.51,10355.33,10221.78,133.55,60,Late
9008137,502713,2025-03-20,8861.35,8726.48,8620.29,106.19,0,Paid
9008138,502713,2025-06-18,8811.36,9072.91,8967.32,105.59,0,Paid
9008139,502713,2025-09-16,8977.6,8921.15,8813.57,107.58,0,Paid
9008140,502714,2025-11-02,558.32,569.85,567.39,2.46,0,Paid
9008141,502714,2026-01-31,543.8,499.76,497.37,2.4,10,Late
9008142,502714,2026-05-01,523.63,533.23,530.93,2.31,0,Paid
9008143,502715,2021-06-27,1064.53,1011.35,1005.68,5.67,60,Late
9008144,502715,2021-09-25,1055.93,913.35,907.73,5.62,60,Late
9008145,502715,2021-12-24,1050.57,794.19,788.6,5.59,45,Late
9008146,502716,2019-03-12,13610.71,13707.74,13611.44,96.3,0,Paid
9008147,502716,2019-06-10,13499.47,13312.47,13216.96,95.51,0,Paid
9008148,502716,2019-09-08,13105.64,10375.38,10282.66,92.72,5,Late
9008149,502717,2020-09-06,568.69,570.8,565.64,5.17,0,Paid
9008150,502717,2020-12-05,524.13,430.94,426.18,4.76,15,Late
9008151,502717,2021-03-05,548.98,541.59,536.6,4.99,0,Paid
9008152,502718,2025-06-15,13225.46,12454.02,12377.86,76.16,60,Late
9008153,502718,2025-09-13,13519.09,13847.1,13769.25,77.85,0,Paid
9008154,502718,2025-12-12,12948.22,13318.14,13243.58,74.56,0,Paid
9008155,502719,2023-02-12,4922.64,4992.56,4966.75,25.8,0,Paid
9008156,502719,2023-05-13,4974.05,5035.05,5008.98,26.07,0,Paid
9008157,502719,2023-08-11,4606.93,4721.68,4697.54,24.15,0,Paid
9008158,502720,2020-02-09,14986.49,15415.45,15234.74,180.71,0,Paid
9008159,502720,2020-05-09,15385.37,14988.93,14803.41,185.52,0,Paid
9008160,502720,2020-08-07,14878.58,14659.92,14480.51,179.41,0,Paid
9008161,502721,2022-07-12,1118.76,1099.64,1091.59,8.06,0,Paid
9008162,502721,2022-10-10,1022.99,1019.93,1012.56,7.37,0,Paid
9008163,502721,2023-01-08,1099.15,1068.98,1061.07,7.91,0,Paid
9008164,502722,2024-06-13,7271.85,7345.49,7267.32,78.17,0,Paid
9008165,502722,2024-09-11,7841.52,7810.88,7726.59,84.3,0,Paid
9008166,502722,2024-12-10,7918.46,8118.11,8032.99,85.12,0,Paid
9008167,502723,2024-04-06,1909.57,1876.12,1863.63,12.49,0,Paid
9008168,502723,2024-07-05,1832.8,1844.62,1832.63,11.99,5,Late
9008169,502723,2024-10-03,1946.01,1971.25,1958.52,12.73,0,Paid
9008170,502724,2020-10-29,1454.35,1480.82,1469.88,10.94,0,Paid
9008171,502724,2021-01-27,1417.43,1384.17,1373.5,10.67,0,Paid
9008172,502724,2021-04-27,1461.39,1455.56,1444.57,11.0,0,Paid
9008173,502725,2020-04-30,1750.0,1761.83,1754.24,7.58,0,Paid
9008174,502725,2020-07-29,1679.4,1655.58,1648.3,7.28,0,Paid
9008175,502725,2020-10-27,1802.55,1532.43,1524.62,7.81,10,Late
9008176,502726,2025-02-05,12611.5,9525.51,9385.73,139.78,15,Late
9008177,502726,2025-05-06,12740.45,10905.54,10764.34,141.21,10,Late
9008178,502726,2025-08-04,11778.63,10368.52,10237.97,130.55,60,Late
9008179,502727,2021-01-01,4052.47,4020.2,4000.68,19.52,0,Paid
9008180,502727,2021-04-01,4213.49,4194.05,4173.76,20.29,0,Paid
9008181,502727,2021-06-30,4109.54,3215.34,3195.55,19.79,10,Late
9008182,502728,2023-04-29,6182.22,4722.46,4662.08,60.38,30,Late
9008183,502728,2023-07-28,6601.35,5037.38,4972.91,64.47,15,Late
9008184,502728,2023-10-26,6080.66,6241.99,6182.6,59.39,0,Paid
9008185,502729,2020-07-03,915.45,934.59,929.87,4.72,10,Late
9008186,502729,2020-10-01,977.14,1001.98,996.94,5.04,0,Paid
9008187,502729,2020-12-30,952.15,942.18,937.27,4.91,0,Paid
9008188,502730,2024-03-10,382.43,363.92,361.62,2.3,15,Late
9008189,502730,2024-06-08,374.24,325.25,322.99,2.25,10,Late
9008190,502730,2024-09-06,362.24,289.48,287.3,2.18,5,Late
9008191,502731,2023-12-17,1499.45,1464.62,1449.94,14.68,0,Paid
9008192,502731,2024-03-16,1403.72,1435.81,1422.06,13.74,0,Paid
9008193,502731,2024-06-14,1393.62,1404.02,1390.37,13.65,60,Late
9008194,502732,2024-04-05,398.73,404.75,401.16,3.59,90,Late
9008195,502732,2024-07-04,389.53,399.6,396.09,3.51,0,Paid
9008196,502732,2024-10-02,373.73,374.68,371.31,3.37,0,Paid
9008197,502733,2019-01-25,2257.63,2216.69,2203.69,13.0,0,Paid
9008198,502733,2019-04-25,2191.83,2180.59,2167.96,12.62,45,Late
9008199,502733,2019-07-24,2174.2,2213.63,2201.11,12.52,0,Paid
9008200,502734,2023-02-27,13022.72,11316.64,11218.42,98.21,15,Late
9008201,502734,2023-05-28,12266.88,12082.5,11989.98,92.51,0,Paid
9008202,502734,2023-08-26,11950.89,11456.7,11366.57,90.13,5,Late
9008203,502735,2023-06-19,1671.16,1698.25,1691.35,6.89,0,Paid
9008204,502735,2023-09-17,1603.99,1602.49,1595.88,6.62,0,Paid
9008205,502735,2023-12-16,1607.84,1577.39,1570.76,6.63,0,Paid
9008206,502736,2023-02-26,15594.39,15570.74,15444.55,126.18,60,Late
9008207,502736,2023-05-27,14744.79,11095.43,10976.12,119.31,5,Late
9008208,502736,2023-08-25,14634.76,14640.72,14522.3,118.42,0,Paid
9008209,502737,2025-09-16,4499.3,4369.73,4356.15,13.57,0,Paid
9008210,502737,2025-12-15,4287.98,4355.49,4342.55,12.94,0,Paid
9008211,502737,2026-03-15,4514.59,4527.62,4514.0,13.62,0,Paid
9008212,502738,2020-04-07,2018.16,2055.35,2036.38,18.97,0,Paid
9008213,502738,2020-07-06,2103.23,2160.23,2140.46,19.77,0,Paid
9008214,502738,2020-10-04,2022.08,1959.37,1940.36,19.01,30,Late
9008215,502739,2021-04-27,1476.46,1365.31,1359.14,6.16,120,Late
9008216,502739,2021-07-26,1384.96,1238.89,1233.11,5.78,60,Late
9008217,502739,2021-10-24,1462.96,1156.81,1150.7,6.11,60,Late
9008218,502740,2025-08-01,9129.56,7674.52,7601.18,73.34,10,Late
9008219,502740,2025-10-30,9438.7,9294.15,9218.32,75.82,0,Paid
9008220,502740,2026-01-28,8727.4,8563.07,8492.96,70.11,0,Paid
9008221,502741,2022-02-13,811.9,727.06,718.4,8.67,15,Late
9008222,502741,2022-05-14,764.09,749.58,741.42,8.16,0,Paid
9008223,502741,2022-08-12,780.43,792.72,784.39,8.33,0,Paid
9008224,502742,2025-05-08,15424.56,15063.37,14999.1,64.27,0,Paid
9008225,502742,2025-08-06,15673.13,13925.18,13859.87,65.3,15,Late
9008226,502742,2025-11-04,14776.04,15055.51,14993.94,61.57,0,Paid
9008227,502743,2021-01-10,888.29,902.78,898.4,4.37,0,Paid
9008228,502743,2021-04-10,867.22,882.21,877.94,4.27,0,Paid
9008229,502743,2021-07-09,918.93,898.97,894.44,4.53,0,Paid
9008230,502744,2019-09-11,917.96,928.66,925.79,2.88,5,Late
9008231,502744,2019-12-10,868.93,882.56,879.84,2.72,0,Paid
9008232,502744,2020-03-09,853.48,856.04,853.37,2.67,0,Paid
9008233,502745,2025-02-05,1262.89,1226.01,1218.63,7.39,0,Paid
9008234,502745,2025-05-06,1307.06,1332.1,1324.46,7.65,0,Paid
9008235,502745,2025-08-04,1214.24,1193.65,1186.54,7.1,0,Paid
9008236,502746,2025-01-25,1927.78,1820.61,1804.57,16.03,45,Late
9008237,502746,2025-04-25,1844.03,1793.99,1778.66,15.34,60,Late
9008238,502746,2025-07-24,1920.22,1491.33,1475.36,15.97,60,Late
9008239,502747,2023-05-27,1600.55,1610.93,1592.77,18.17,0,Paid
9008240,502747,2023-08-25,1656.93,1281.1,1262.29,18.81,30,Late
9008241,502747,2023-11-23,1650.37,1616.8,1598.07,18.73,0,Paid
9008242,502748,2022-08-28,4781.07,4696.51,4681.89,14.62,0,Paid
9008243,502748,2022-11-26,4936.74,5061.78,5046.68,15.1,0,Paid
9008244,502748,2023-02-24,4913.83,4339.27,4324.24,15.03,10,Late
9008245,502749,2025-10-16,10710.21,8259.7,8208.65,51.05,15,Late
9008246,502749,2026-01-14,10651.75,10660.11,10609.34,50.77,0,Paid
9008247,502749,2026-04-14,11128.38,10962.13,10909.08,53.05,0,Paid
9008248,502750,2019-12-18,14539.73,12083.78,11980.07,103.72,30,Late
9008249,502750,2020-03-17,14854.55,13693.99,13588.03,105.96,5,Late
9008250,502750,2020-06-15,15328.92,13193.17,13083.82,109.35,5,Late
9008251,502751,2024-04-28,4387.28,4483.92,4443.92,40.0,0,Paid
9008252,502751,2024-07-27,4595.9,4579.98,4538.08,41.9,0,Paid
9008253,502751,2024-10-25,4223.2,4227.49,4188.99,38.5,0,Paid
9008254,502752,2023-03-30,7745.71,7830.65,7798.44,32.21,0,Paid
9008255,502752,2023-06-28,7731.11,6315.4,6283.25,32.15,15,Late
9008256,502752,2023-09-26,8082.74,7958.81,7925.2,33.61,0,Paid
9008257,502753,2023-02-07,14504.19,14290.23,14162.96,127.27,0,Paid
9008258,502753,2023-05-08,15458.24,15393.2,15257.55,135.65,0,Paid
9008259,502753,2023-08-06,14414.28,14149.1,14022.62,126.49,0,Paid
9008260,502754,2021-03-23,2442.51,2508.68,2494.51,14.17,60,Late
9008261,502754,2021-06-21,2377.85,1954.21,1940.42,13.79,60,Late
9008262,502754,2021-09-19,2336.83,1902.63,1889.08,13.55,30,Late
9008263,502755,2020-03-02,6027.97,6077.76,6013.82,63.95,0,Paid
9008264,502755,2020-05-31,6172.39,6116.21,6050.73,65.48,0,Paid
9008265,502755,2020-08-29,6275.62,6301.67,6235.1,66.57,5,Late
9008266,502756,2024-07-25,8549.14,8573.23,8479.27,93.97,0,Paid
9008267,502756,2024-10-23,8130.75,8133.07,8043.7,89.37,0,Paid
9008268,502756,2025-01-21,8312.26,7123.34,7031.97,91.37,5,Late
9008269,502757,2023-09-21,11340.12,9814.88,9776.61,38.27,45,Late
9008270,502757,2023-12-20,11008.96,9464.26,9427.11,37.16,120,Late
9008271,502757,2024-03-19,11280.32,10647.4,10609.33,38.07,90,Late
9008272,502758,2023-04-04,1131.43,898.36,894.74,3.62,120,Late
9008273,502758,2023-07-03,1122.16,1019.43,1015.84,3.59,90,Late
9008274,502758,2023-10-01,1047.17,1051.72,1048.37,3.35,120,Late
9008275,502759,2023-03-03,1819.94,1776.73,1769.55,7.19,0,Paid
9008276,502759,2023-06-01,1824.87,1810.62,1803.41,7.21,0,Paid
9008277,502759,2023-08-30,1777.63,1747.39,1740.37,7.02,0,Paid
9008278,502760,2022-02-28,5425.53,5207.85,5147.13,60.72,90,Late
9008279,502760,2022-05-29,5529.49,5601.32,5539.44,61.88,0,Paid
9008280,502760,2022-08-27,5227.32,5229.69,5171.19,58.5,0,Paid
9008281,502761,2020-07-29,1952.18,1942.07,1920.32,21.75,0,Paid
9008282,502761,2020-10-27,2001.49,1953.41,1931.11,22.3,0,Paid
9008283,502761,2021-01-25,1985.92,1767.1,1744.97,22.13,15,Late
9008284,502762,2021-02-23,1213.21,1177.94,1170.42,7.51,0,Paid
9008285,502762,2021-05-24,1211.49,1177.32,1169.82,7.5,0,Paid
9008286,502762,2021-08-22,1232.22,1231.25,1223.62,7.63,0,Paid
9008287,502763,2025-02-25,8392.09,8493.7,8398.8,94.9,0,Paid
9008288,502763,2025-05-26,8338.73,6742.72,6648.42,94.3,15,Late
9008289,502763,2025-08-24,8310.46,6776.85,6682.87,93.98,45,Late
9008290,502764,2019-04-19,181.66,178.0,177.39,0.61,0,Paid
9008291,502764,2019-07-18,170.8,166.89,166.31,0.58,0,Paid
9008292,502764,2019-10-16,175.59,174.11,173.52,0.59,0,Paid
9008293,502765,2021-02-20,10786.54,11046.7,10918.25,128.45,60,Late
9008294,502765,2021-05-21,10494.08,10507.0,10382.03,124.97,0,Paid
9008295,502765,2021-08-19,10403.73,9456.69,9332.8,123.89,5,Late
9008296,502766,2025-05-18,2405.71,2472.48,2446.58,25.9,0,Paid
9008297,502766,2025-08-16,2461.89,2508.85,2482.34,26.51,0,Paid
9008298,502766,2025-11-14,2399.73,2225.59,2199.76,25.84,90,Late
9008299,502767,2024-08-11,8220.96,8001.62,7971.14,30.49,0,Paid
9008300,502767,2024-11-09,7986.21,6183.53,6153.91,29.62,45,Late
9008301,502767,2025-02-07,8174.41,8283.88,8253.57,30.31,0,Paid
9008302,502768,2023-08-02,7327.38,6653.33,6595.02,58.31,120,Late
9008303,502768,2023-10-31,7411.56,5721.43,5662.44,58.98,45,Late
9008304,502768,2024-01-29,7314.15,6685.7,6627.49,58.21,90,Late
9008305,502769,2023-12-08,11593.04,11744.47,11690.95,53.52,0,Paid
9008306,502769,2024-03-07,11857.32,9591.15,9536.41,54.74,15,Late
9008307,502769,2024-06-05,11888.23,11746.07,11691.18,54.88,0,Paid
9008308,502770,2025-02-06,12759.4,12441.1,12319.25,121.85,45,Late
9008309,502770,2025-05-07,12864.69,12791.86,12669.0,122.86,120,Late
9008310,502770,2025-08-05,13240.92,12313.47,12187.02,126.45,60,Late
9008311,502771,2020-07-14,15260.71,15699.49,15547.9,151.59,30,Late
9008312,502771,2020-10-12,14275.82,14616.72,14474.91,141.81,0,Paid
9008313,502771,2021-01-10,15414.57,15769.45,15616.33,153.12,0,Paid
9008314,502772,2019-07-11,8444.8,8068.75,7967.55,101.2,120,Late
9008315,502772,2019-10-09,8902.22,8008.82,7902.14,106.68,90,Late
9008316,502772,2020-01-07,8439.4,6640.45,6539.32,101.13,90,Late
9008317,502773,2022-01-14,1071.54,921.83,909.74,12.09,5,Late
9008318,502773,2022-04-14,1124.66,876.37,863.68,12.69,60,Late
9008319,502773,2022-07-13,1076.97,970.02,957.87,12.15,45,Late
9008320,502774,2019-03-13,7728.63,7504.68,7434.54,70.14,0,Paid
9008321,502774,2019-06-11,7019.79,6857.3,6793.59,63.7,0,Paid
9008322,502774,2019-09-09,7570.67,7727.91,7659.2,68.7,0,Paid
9008323,502775,2024-12-16,11673.36,11587.19,11541.37,45.82,0,Paid
9008324,502775,2025-03-16,11616.4,11632.88,11587.29,45.59,0,Paid
9008325,502775,2025-06-14,11662.15,11847.38,11801.61,45.77,0,Paid
9008326,502776,2022-05-30,15327.58,15373.81,15259.88,113.94,0,Paid
9008327,502776,2022-08-28,15031.87,14228.52,14116.78,111.74,5,Late
9008328,502776,2022-11-26,14598.19,14557.64,14449.13,108.51,0,Paid
9008329,502777,2024-10-29,15380.09,12000.21,11873.45,126.76,15,Late
9008330,502777,2025-01-27,14325.5,11253.87,11135.8,118.07,30,Late
9008331,502777,2025-04-27,15342.84,15002.88,14876.43,126.45,15,Late
9008332,502778,2020-12-20,1234.39,1266.69,1256.59,10.1,15,Late
9008333,502778,2021-03-20,1250.7,957.84,947.61,10.23,45,Late
9008334,502778,2021-06-18,1244.54,1270.61,1260.42,10.18,0,Paid
9008335,502779,2019-11-29,15250.97,15169.22,15052.43,116.8,0,Paid
9008336,502779,2020-02-27,14482.44,14691.4,14580.49,110.91,0,Paid
9008337,502779,2020-05-27,14689.61,13190.72,13078.22,112.5,15,Late
9008338,502780,2019-02-18,1743.37,1683.34,1668.2,15.14,60,Late
9008339,502780,2019-05-19,1710.9,1733.15,1718.29,14.86,0,Paid
9008340,502780,2019-08-17,1674.32,1345.06,1330.52,14.54,5,Late
9008341,502781,2019-12-07,1598.06,1577.03,1559.7,17.33,0,Paid
9008342,502781,2020-03-06,1608.57,1653.15,1635.71,17.44,0,Paid
9008343,502781,2020-06-04,1635.94,1609.36,1591.63,17.74,0,Paid
9008344,502782,2019-10-19,15266.34,13935.38,13859.43,75.95,5,Late
9008345,502782,2020-01-17,15267.45,15176.08,15100.12,75.96,0,Paid
9008346,502782,2020-04-16,15071.14,14777.78,14702.8,74.98,10,Late
9008347,502783,2020-04-16,819.03,738.74,729.38,9.35,45,Late
9008348,502783,2020-07-15,805.81,630.66,621.46,9.2,45,Late
9008349,502783,2020-10-13,779.15,754.82,745.92,8.9,45,Late
9008350,502784,2022-11-16,603.46,599.31,595.29,4.02,0,Paid
9008351,502784,2023-02-14,608.45,591.14,587.09,4.05,0,Paid
9008352,502784,2023-05-15,627.13,550.82,546.65,4.18,5,Late
9008353,502785,2023-03-01,10978.31,11219.27,11138.49,80.78,0,Paid
9008354,502785,2023-05-30,11113.08,11302.93,11221.16,81.77,60,Late
9008355,502785,2023-08-28,10774.85,10875.4,10796.11,79.28,0,Paid
9008356,502786,2020-01-17,743.52,762.98,755.18,7.8,0,Paid
9008357,502786,2020-04-16,758.99,750.75,742.79,7.96,0,Paid
9008358,502786,2020-07-15,775.71,755.38,747.24,8.14,0,Paid
9008359,502787,2021-06-16,2658.28,2591.71,2569.31,22.4,0,Paid
9008360,502787,2021-09-14,2520.38,2494.33,2473.09,21.23,0,Paid
9008361,502787,2021-12-13,2571.32,2549.75,2528.09,21.66,0,Paid
9008362,502788,2020-03-06,8571.07,7155.85,7119.92,35.93,5,Late
9008363,502788,2020-06-04,8415.79,8190.35,8155.08,35.28,0,Paid
9008364,502788,2020-09-02,8479.5,8675.71,8640.16,35.54,15,Late
9008365,502789,2024-05-04,4631.55,4529.42,4473.46,55.96,0,Paid
9008366,502789,2024-08-02,4768.29,4667.18,4609.56,57.62,0,Paid
9008367,502789,2024-10-31,4810.9,4706.38,4648.25,58.13,0,Paid
9008368,502790,2022-02-27,14598.64,11631.6,11508.6,122.99,60,Late
9008369,502790,2022-05-28,15252.46,13679.72,13551.22,128.5,30,Late
9008370,502790,2022-08-26,15130.88,15566.26,15438.79,127.48,30,Late
9008371,502791,2025-02-19,881.61,887.9,878.88,9.03,0,Paid
9008372,502791,2025-05-20,868.18,862.14,853.24,8.89,0,Paid
9008373,502791,2025-08-18,871.4,702.48,693.56,8.92,5,Late
9008374,502792,2019-07-21,938.9,777.95,768.28,9.66,30,Late
9008375,502792,2019-10-19,994.63,902.03,891.79,10.24,60,Late
9008376,502792,2020-01-17,990.31,752.66,742.47,10.19,30,Late
9008377,502793,2020-02-19,11964.02,12076.94,12036.36,40.58,0,Paid
9008378,502793,2020-05-19,12542.97,12294.29,12251.75,42.54,0,Paid
9008379,502793,2020-08-17,12228.58,11061.57,11020.09,41.48,90,Late
9008380,502794,2020-07-17,1008.9,883.02,872.42,10.6,30,Late
9008381,502794,2020-10-15,1105.35,1074.32,1062.7,11.62,0,Paid
9008382,502794,2021-01-13,1016.11,928.82,918.14,10.68,15,Late
9008383,502795,2023-01-03,14376.36,12829.55,12762.82,66.73,10,Late
9008384,502795,2023-04-03,14557.45,14783.01,14715.44,67.57,0,Paid
9008385,502795,2023-07-02,14233.82,14379.14,14313.07,66.07,0,Paid
9008386,502796,2023-06-10,10964.58,10143.87,10066.75,77.12,5,Late
9008387,502796,2023-09-08,10589.54,8572.02,8497.54,74.48,5,Late
9008388,502796,2023-12-07,11449.87,11407.71,11327.18,80.53,0,Paid
9008389,502797,2019-11-25,12537.01,12910.84,12783.69,127.15,0,Paid
9008390,502797,2020-02-23,12692.38,10325.77,10197.05,128.72,30,Late
9008391,502797,2020-05-23,12262.99,11089.93,10965.56,124.37,60,Late
9008392,502798,2022-07-12,888.02,864.47,857.61,6.85,0,Paid
9008393,502798,2022-10-10,914.1,921.22,914.16,7.05,0,Paid
9008394,502798,2023-01-08,945.78,744.27,736.97,7.3,5,Late
9008395,502799,2021-06-26,2980.43,2999.36,2980.71,18.65,0,Paid
9008396,502799,2021-09-24,3070.71,3065.09,3045.88,19.22,0,Paid
9008397,502799,2021-12-23,2851.44,2801.34,2783.5,17.85,0,Paid
9008398,502800,2022-07-19,904.86,858.75,849.54,9.21,45,Late
9008399,502800,2022-10-17,900.82,771.14,761.96,9.17,60,Late
9008400,502800,2023-01-15,877.53,668.78,659.85,8.94,60,Late
9008401,502801,2022-10-28,1507.34,1410.08,1398.07,12.01,30,Late
9008402,502801,2023-01-26,1410.75,1413.67,1402.43,11.24,0,Paid
9008403,502801,2023-04-26,1435.0,1283.76,1272.32,11.43,30,Late
9008404,502802,2020-05-22,650.84,664.35,659.51,4.83,0,Paid
9008405,502802,2020-08-20,665.87,673.96,669.02,4.94,0,Paid
9008406,502802,2020-11-18,650.56,609.77,604.94,4.83,5,Late
9008407,502803,2024-04-27,13260.47,13483.32,13433.04,50.28,30,Late
9008408,502803,2024-07-26,12254.73,10094.64,10048.17,46.47,45,Late
9008409,502803,2024-10-24,12385.2,12013.29,11966.33,46.96,60,Late
9008410,502804,2021-11-01,13986.32,14354.78,14240.79,113.99,0,Paid
9008411,502804,2022-01-30,15305.35,15025.58,14900.84,124.74,0,Paid
9008412,502804,2022-04-30,14774.39,15194.24,15073.83,120.41,0,Paid
9008413,502805,2020-12-29,14476.72,14715.63,14645.05,70.57,5,Late
9008414,502805,2021-03-29,14456.47,12484.99,12414.51,70.48,5,Late
9008415,502805,2021-06-27,15672.08,15502.46,15426.06,76.4,0,Paid
9008416,502806,2025-08-14,1161.34,1159.5,1147.26,12.24,0,Paid
9008417,502806,2025-11-12,1144.66,1176.55,1164.48,12.07,0,Paid
9008418,502806,2026-02-10,1220.17,1091.17,1078.31,12.86,60,Late
9008419,502807,2023-06-13,5439.97,5489.4,5432.47,56.94,5,Late
9008420,502807,2023-09-11,5388.51,5519.16,5462.76,56.4,60,Late
9008421,502807,2023-12-10,5241.51,5192.74,5137.88,54.86,0,Paid
9008422,502808,2022-06-03,9008.18,7461.94,7399.48,62.46,45,Late
9008423,502808,2022-09-01,9031.36,9089.37,9026.76,62.62,0,Paid
9008424,502808,2022-11-30,9539.68,9702.78,9636.64,66.14,0,Paid
9008425,502809,2024-03-10,14973.11,13073.89,12966.83,107.06,90,Late
9008426,502809,2024-06-08,15414.17,15074.62,14964.41,110.21,0,Paid
9008427,502809,2024-09-06,14566.24,14444.16,14340.01,104.15,0,Paid
9008428,502810,2025-02-08,1155.59,1043.66,1039.68,3.99,5,Late
9008429,502810,2025-05-09,1253.68,1222.35,1218.03,4.33,0,Paid
9008430,502810,2025-08-07,1251.68,1246.47,1242.15,4.32,0,Paid
9008431,502811,2025-12-06,12066.17,10785.38,10739.63,45.75,60,Late
9008432,502811,2026-03-06,11143.17,10052.6,10010.34,42.25,60,Late
9008433,502811,2026-06-04,11186.15,11283.78,11241.36,42.41,30,Late
9008434,502812,2020-12-05,1099.59,919.63,908.1,11.53,10,Late
9008435,502812,2021-03-05,1147.8,1153.1,1141.06,12.03,0,Paid
9008436,502812,2021-06-03,1109.56,974.03,962.4,11.63,30,Late
9008437,502813,2022-07-28,8556.09,8541.32,8482.35,58.97,0,Paid
9008438,502813,2022-10-26,9213.29,9440.84,9377.35,63.49,0,Paid
9008439,502813,2023-01-24,8526.93,8446.15,8387.39,58.76,0,Paid
9008440,502814,2023-05-01,1297.21,1293.57,1283.11,10.45,0,Paid
9008441,502814,2023-07-30,1318.57,1107.84,1097.22,10.63,10,Late
9008442,502814,2023-10-28,1343.89,1377.09,1366.26,10.83,5,Late
9008443,502815,2021-08-31,1617.89,1386.67,1369.53,17.14,30,Late
9008444,502815,2021-11-29,1664.54,1400.97,1383.34,17.63,5,Late
9008445,502815,2022-02-27,1648.5,1625.49,1608.02,17.46,90,Late
9008446,502816,2025-08-08,15342.6,15541.99,15451.98,90.01,0,Paid
9008447,502816,2025-11-06,15583.14,14181.65,14090.23,91.42,10,Late
9008448,502816,2026-02-04,15450.62,15797.47,15706.83,90.64,0,Paid
9008449,502817,2024-11-17,12800.0,11170.57,11124.28,46.29,15,Late
9008450,502817,2025-02-15,11954.13,9749.53,9706.29,43.23,30,Late
9008451,502817,2025-05-16,12807.09,12735.65,12689.33,46.32,0,Paid
9008452,502818,2024-01-31,1489.98,1259.41,1247.71,11.7,30,Late
9008453,502818,2024-04-30,1417.12,1418.36,1407.23,11.12,0,Paid
9008454,502818,2024-07-29,1491.0,1478.6,1466.9,11.7,0,Paid
9008455,502819,2023-07-12,8897.77,8953.79,8922.79,30.99,0,Paid
9008456,502819,2023-10-10,8391.06,8463.09,8433.86,29.23,0,Paid
9008457,502819,2024-01-08,8546.71,8719.48,8689.7,29.77,0,Paid
9008458,502820,2020-06-26,357.65,367.35,363.71,3.64,0,Paid
9008459,502820,2020-09-24,371.4,370.67,366.9,3.78,0,Paid
9008460,502820,2020-12-23,366.68,312.47,308.74,3.73,60,Late
9008461,502821,2023-04-26,959.47,828.45,821.59,6.86,30,Late
9008462,502821,2023-07-25,892.41,730.44,724.06,6.38,60,Late
9008463,502821,2023-10-23,936.57,909.97,903.27,6.7,30,Late
9008464,502822,2019-02-20,15348.52,13870.88,13731.34,139.54,45,Late
9008465,502822,2019-05-21,14351.08,11000.86,10870.39,130.48,30,Late
9008466,502822,2019-08-19,15146.0,13392.62,13254.92,137.7,60,Late
9008467,502823,2024-02-25,15149.36,15576.63,15514.77,61.86,0,Paid
9008468,502823,2024-05-25,15740.22,16170.16,16105.89,64.27,0,Paid
9008469,502823,2024-08-23,15449.87,15030.44,14967.35,63.09,0,Paid
9008470,502824,2021-08-15,11165.3,11226.38,11153.71,72.67,0,Paid
9008471,502824,2021-11-13,10775.97,11096.47,11026.34,70.13,0,Paid
9008472,502824,2022-02-11,11779.0,11824.67,11748.01,76.66,0,Paid
9008473,502825,2021-05-24,272.51,270.08,267.28,2.8,0,Paid
9008474,502825,2021-08-22,270.49,275.93,273.14,2.78,0,Paid
9008475,502825,2021-11-20,257.05,225.98,223.34,2.65,5,Late
9008476,502826,2024-03-10,810.41,792.46,789.57,2.88,0,Paid
9008477,502826,2024-06-08,824.51,804.71,801.78,2.93,0,Paid
9008478,502826,2024-09-06,807.54,683.74,680.86,2.87,90,Late
9008479,502827,2023-01-23,1630.11,1603.57,1597.17,6.4,0,Paid
9008480,502827,2023-04-23,1731.89,1690.84,1684.05,6.8,0,Paid
9008481,502827,2023-07-22,1688.91,1481.87,1475.24,6.63,5,Late
9008482,502828,2020-09-06,12178.77,12218.05,12124.58,93.47,120,Late
9008483,502828,2020-12-05,12023.34,10088.43,9996.15,92.28,60,Late
9008484,502828,2021-03-05,12119.6,10508.01,10414.99,93.02,120,Late
9008485,502829,2023-09-01,14431.71,14829.54,14676.69,152.86,0,Paid
9008486,502829,2023-11-30,14089.58,14172.34,14023.11,149.23,0,Paid
9008487,502829,2024-02-28,14709.11,14421.3,14265.5,155.79,0,Paid
9008488,502830,2019-05-22,12942.82,13250.75,13206.42,44.33,60,Late
9008489,502830,2019-08-20,12673.92,9635.81,9592.4,43.41,30,Late
9008490,502830,2019-11-18,12293.08,11610.88,11568.78,42.1,90,Late
9008491,502831,2023-01-12,3515.85,2912.21,2900.61,11.6,15,Late
9008492,502831,2023-04-12,3662.71,3546.75,3534.67,12.09,10,Late
9008493,502831,2023-07-11,3837.92,3795.49,3782.82,12.67,0,Paid
9008494,502832,2021-06-17,1834.14,1789.2,1779.77,9.43,0,Paid
9008495,502832,2021-09-15,1742.18,1743.79,1734.84,8.96,0,Paid
9008496,502832,2021-12-14,1743.63,1787.72,1778.75,8.97,0,Paid
9008497,502833,2020-10-27,5134.26,5126.03,5085.51,40.52,30,Late
9008498,502833,2021-01-25,5493.37,4576.47,4533.12,43.35,45,Late
9008499,502833,2021-04-25,5187.43,4300.17,4259.24,40.94,45,Late
9008500,502834,2025-08-26,175.22,171.82,170.37,1.46,0,Paid
9008501,502834,2025-11-24,184.37,171.15,169.62,1.53,10,Late
9008502,502834,2026-02-22,179.31,182.09,180.6,1.49,0,Paid
9008503,502835,2024-11-05,14833.94,12361.22,12251.57,109.65,90,Late
9008504,502835,2025-02-03,14833.48,12753.89,12644.24,109.64,90,Late
9008505,502835,2025-05-04,14883.67,13604.34,13494.32,110.02,45,Late
9008506,502836,2025-09-03,14660.04,14801.62,14670.41,131.21,45,Late
9008507,502836,2025-12-02,14390.11,13456.69,13327.9,128.79,45,Late
9008508,502836,2026-03-02,14900.15,13718.4,13585.05,133.36,30,Late
9008509,502837,2022-11-07,15222.29,15393.86,15221.85,172.01,0,Paid
9008510,502837,2023-02-05,14267.6,13678.6,13517.38,161.22,10,Late
9008511,502837,2023-05-06,14944.54,14669.52,14500.65,168.87,0,Paid
9008512,502838,2024-11-13,1103.05,1128.41,1123.43,4.97,0,Paid
9008513,502838,2025-02-11,1056.58,1038.75,1033.98,4.76,0,Paid
9008514,502838,2025-05-12,1012.5,1025.0,1020.43,4.56,0,Paid
9008515,502839,2019-03-22,838.46,730.72,726.33,4.39,60,Late
9008516,502839,2019-06-20,789.37,628.7,624.57,4.13,15,Late
9008517,502839,2019-09-18,809.91,792.58,788.34,4.24,15,Late
9008518,502840,2019-07-15,13660.38,11865.41,11764.44,100.97,5,Late
9008519,502840,2019-10-13,14094.03,13870.65,13766.47,104.18,0,Paid
9008520,502840,2020-01-11,14026.52,14074.96,13971.28,103.68,0,Paid
9008521,502841,2020-10-31,1966.94,1991.01,1975.23,15.78,0,Paid
9008522,502841,2021-01-29,1906.93,1947.26,1931.96,15.3,0,Paid
9008523,502841,2021-04-29,2023.03,1984.82,1968.59,16.23,0,Paid
9008524,502842,2022-08-02,11000.2,11247.35,11138.72,108.63,0,Paid
9008525,502842,2022-10-31,11018.22,10710.28,10601.48,108.8,0,Paid
9008526,502842,2023-01-29,10696.55,9338.3,9232.67,105.63,5,Late
9008527,502843,2020-05-08,15177.57,14854.34,14771.12,83.22,0,Paid
9008528,502843,2020-08-06,14299.07,14079.23,14000.83,78.41,0,Paid
9008529,502843,2020-11-04,15031.34,12093.09,12010.67,82.42,5,Late
9008530,502844,2024-11-29,6174.75,5077.95,5028.86,49.09,5,Late
9008531,502844,2025-02-27,6361.09,6180.63,6130.06,50.57,0,Paid
9008532,502844,2025-05-28,5967.75,5196.37,5148.93,47.44,90,Late
9008533,502845,2019-05-26,8190.91,8005.01,7979.96,25.05,0,Paid
9008534,502845,2019-08-24,8577.84,8458.34,8432.11,26.23,0,Paid
9008535,502845,2019-11-22,8416.81,8609.21,8583.47,25.74,0,Paid
9008536,502846,2019-09-28,15530.09,15960.99,15788.09,172.9,0,Paid
9008537,502846,2019-12-27,14557.2,14950.36,14788.29,162.07,0,Paid
9008538,502846,2020-03-26,15308.26,15756.73,15586.3,170.43,0,Paid
9008539,502847,2020-09-30,936.33,928.5,923.54,4.96,90,Late
9008540,502847,2020-12-29,893.01,866.01,861.27,4.73,90,Late
9008541,502847,2021-03-29,926.47,849.55,844.64,4.91,60,Late
9008542,502848,2023-12-27,1405.9,1353.82,1341.21,12.61,60,Late
9008543,502848,2024-03-26,1381.79,1408.72,1396.33,12.39,0,Paid
9008544,502848,2024-06-24,1414.55,1102.98,1090.3,12.68,5,Late
9008545,502849,2025-06-20,1394.45,1398.97,1389.03,9.95,0,Paid
9008546,502849,2025-09-18,1347.46,1342.6,1332.99,9.61,0,Paid
9008547,502849,2025-12-17,1467.62,1443.94,1433.47,10.47,0,Paid
9008548,502850,2024-04-24,659.76,666.31,658.76,7.54,0,Paid
9008549,502850,2024-07-23,636.8,627.63,620.35,7.28,0,Paid
9008550,502850,2024-10-21,652.2,524.2,516.74,7.46,5,Late
9008551,502851,2019-01-27,6532.18,6355.54,6318.63,36.91,0,Paid
9008552,502851,2019-04-27,6583.79,6576.45,6539.25,37.2,0,Paid
9008553,502851,2019-07-26,6219.36,6405.24,6370.1,35.14,0,Paid
9008554,502852,2020-07-17,1423.96,1123.52,1118.73,4.79,5,Late
9008555,502852,2020-10-15,1455.15,1353.39,1348.49,4.9,15,Late
9008556,502852,2021-01-13,1395.75,1403.96,1399.26,4.7,0,Paid
9008557,502853,2024-02-28,6015.53,5958.0,5895.34,62.66,5,Late
9008558,502853,2024-05-28,6173.46,6217.5,6153.2,64.31,0,Paid
9008559,502853,2024-08-26,6200.43,6193.22,6128.63,64.59,0,Paid
9008560,502854,2020-11-07,562.61,570.94,567.39,3.54,0,Paid
9008561,502854,2021-02-05,587.27,576.64,572.94,3.7,0,Paid
9008562,502854,2021-05-06,534.56,539.02,535.65,3.37,0,Paid
9008563,502855,2019-08-18,12647.37,10686.68,10552.93,133.75,5,Late
9008564,502855,2019-11-16,12512.44,12569.3,12436.99,132.32,0,Paid
9008565,502855,2020-02-14,11992.6,11323.64,11196.82,126.82,15,Late
9008566,502856,2025-12-30,4374.05,3540.79,3492.35,48.44,30,Late
9008567,502856,2026-03-30,4677.31,3900.57,3848.76,51.8,45,Late
9008568,502856,2026-06-28,4777.91,4899.58,4846.66,52.92,0,Paid
9008569,502857,2023-07-06,9285.1,9152.57,9123.71,28.86,0,Paid
9008570,502857,2023-10-04,9502.8,9450.62,9421.08,29.54,0,Paid
9008571,502857,2024-01-02,8867.2,8732.65,8705.08,27.56,0,Paid
9008572,502858,2024-10-10,1846.52,1486.55,1475.52,11.03,15,Late
9008573,502858,2025-01-08,1878.0,1851.91,1840.69,11.22,0,Paid
9008574,502858,2025-04-08,1776.07,1757.47,1746.86,10.61,0,Paid
9008575,502859,2023-02-02,3208.28,2640.03,2620.4,19.62,45,Late
9008576,502859,2023-05-03,3170.7,3186.46,3167.07,19.39,0,Paid
9008577,502859,2023-08-01,2924.28,2210.29,2192.4,17.89,5,Late
9008578,502860,2019-12-20,10159.2,9909.73,9807.89,101.85,0,Paid
9008579,502860,2020-03-19,10604.36,10636.76,10530.45,106.31,0,Paid
9008580,502860,2020-06-17,10739.63,10814.16,10706.49,107.66,0,Paid
9008581,502861,2023-07-30,445.32,344.26,339.98,4.29,90,Late
9008582,502861,2023-10-28,416.3,320.69,316.68,4.01,10,Late
9008583,502861,2024-01-26,443.75,455.19,450.92,4.27,0,Paid
9008584,502862,2021-07-07,10548.82,10843.72,10794.49,49.23,15,Late
9008585,502862,2021-10-05,11116.25,11422.9,11371.02,51.88,0,Paid
9008586,502862,2022-01-03,10513.34,10623.08,10574.01,49.06,0,Paid
9008587,502863,2024-03-21,2451.28,2036.44,2021.89,14.54,45,Late
9008588,502863,2024-06-19,2430.41,2233.44,2219.02,14.42,45,Late
9008589,502863,2024-09-17,2356.59,2011.97,1997.99,13.98,120,Late
9008590,502864,2020-11-24,748.92,738.32,735.4,2.91,0,Paid
9008591,502864,2021-02-22,765.99,745.93,742.94,2.98,0,Paid
9008592,502864,2021-05-23,740.86,757.46,754.58,2.88,0,Paid
9008593,502865,2024-10-20,1885.55,1858.27,1847.05,11.22,0,Paid
9008594,502865,2025-01-18,1820.19,1681.44,1670.61,10.83,90,Late
9008595,502865,2025-04-18,1858.06,1847.56,1836.51,11.06,0,Paid
9008596,502866,2022-01-09,15031.26,15391.7,15232.12,159.58,0,Paid
9008597,502866,2022-04-09,13883.61,14157.15,14009.75,147.4,0,Paid
9008598,502866,2022-07-08,13795.45,13759.2,13612.74,146.46,30,Late
9008599,502867,2024-07-29,2504.15,2482.79,2465.24,17.55,0,Paid
9008600,502867,2024-10-27,2504.69,2370.25,2352.69,17.55,15,Late
9008601,502867,2025-01-25,2609.42,2596.93,2578.64,18.29,0,Paid
9008602,502868,2024-07-26,14501.5,14577.15,14430.33,146.83,0,Paid
9008603,502868,2024-10-24,14774.24,14579.52,14429.93,149.59,0,Paid
9008604,502868,2025-01-22,15731.32,14581.42,14422.14,159.28,60,Late
9008605,502869,2022-08-03,10131.72,9903.1,9845.94,57.16,0,Paid
9008606,502869,2022-11-01,10470.35,10217.05,10157.98,59.07,0,Paid
9008607,502869,2023-01-30,9660.43,9782.04,9727.54,54.5,0,Paid
9008608,502870,2025-12-13,14433.25,14679.81,14550.51,129.3,0,Paid
9008609,502870,2026-03-13,15185.8,14885.63,14749.59,136.04,0,Paid
9008610,502870,2026-06-11,14310.73,14515.44,14387.24,128.2,0,Paid
9008611,502871,2022-01-31,616.99,623.67,617.58,6.09,0,Paid
9008612,502871,2022-05-01,571.31,557.41,551.77,5.64,0,Paid
9008613,502871,2022-07-30,601.65,591.98,586.03,5.94,0,Paid
9008614,502872,2020-03-16,336.59,342.69,340.24,2.45,30,Late
9008615,502872,2020-06-14,345.46,343.05,340.54,2.51,0,Paid
9008616,502872,2020-09-12,344.9,343.11,340.6,2.51,0,Paid
9008617,502873,2024-03-28,7909.72,6860.18,6795.39,64.79,60,Late
9008618,502873,2024-06-26,7734.76,6844.05,6780.69,63.36,45,Late
9008619,502873,2024-09-24,7401.79,7096.66,7036.03,60.63,45,Late
9008620,502874,2025-12-05,15673.18,15289.91,15182.94,106.97,0,Paid
9008621,502874,2026-03-05,14943.67,15210.27,15108.28,101.99,0,Paid
9008622,502874,2026-06-03,14456.62,14033.65,13934.98,98.67,0,Paid
9008623,502875,2025-06-17,1575.46,1541.52,1526.33,15.19,0,Paid
9008624,502875,2025-09-15,1687.68,1703.25,1686.98,16.27,0,Paid
9008625,502875,2025-12-14,1587.09,1627.87,1612.57,15.3,0,Paid
9008626,502876,2022-01-31,1837.52,1604.24,1598.57,5.67,45,Late
9008627,502876,2022-05-01,1745.8,1778.77,1773.38,5.38,0,Paid
9008628,502876,2022-07-30,1760.23,1719.44,1714.01,5.43,5,Late
9008629,502877,2022-04-06,14080.88,14365.57,14309.24,56.32,30,Late
9008630,502877,2022-07-05,15093.98,13778.04,13717.66,60.38,60,Late
9008631,502877,2022-10-03,15364.91,15212.41,15150.95,61.46,30,Late
9008632,502878,2024-06-24,11415.01,11194.21,11126.2,68.01,0,Paid
9008633,502878,2024-09-22,12328.46,12350.96,12277.5,73.46,0,Paid
9008634,502878,2024-12-21,11447.7,11231.93,11163.72,68.21,0,Paid
9008635,502879,2023-01-12,2360.43,2397.83,2375.34,22.48,0,Paid
9008636,502879,2023-04-12,2477.47,2474.31,2450.71,23.6,0,Paid
9008637,502879,2023-07-11,2357.9,2400.44,2377.98,22.46,0,Paid
9008638,502880,2024-11-18,15176.34,15036.84,14920.74,116.1,0,Paid
9008639,502880,2025-02-16,15232.13,15251.04,15134.51,116.53,0,Paid
9008640,502880,2025-05-17,14287.27,13629.97,13520.67,109.3,10,Late
9008641,502881,2019-10-28,868.6,880.46,875.78,4.68,60,Late
9008642,502881,2020-01-26,817.41,676.06,671.66,4.4,90,Late
9008643,502881,2020-04-25,844.69,785.4,780.85,4.55,45,Late
9008644,502882,2024-01-19,1032.99,1031.93,1023.42,8.5,0,Paid
9008645,502882,2024-04-18,1102.78,1015.97,1006.89,9.08,30,Late
9008646,502882,2024-07-17,1063.52,1081.28,1072.53,8.76,0,Paid
9008647,502883,2019-05-29,2096.47,2085.02,2064.63,20.39,0,Paid
9008648,502883,2019-08-27,2057.16,2091.15,2071.14,20.01,0,Paid
9008649,502883,2019-11-25,2015.92,1635.47,1615.86,19.6,90,Late
9008650,502884,2022-09-21,977.68,1004.26,998.11,6.15,0,Paid
9008651,502884,2022-12-20,967.32,961.72,955.63,6.09,0,Paid
9008652,502884,2023-03-20,1038.1,1046.85,1040.32,6.53,10,Late
9008653,502885,2023-05-01,15686.44,15888.42,15802.41,86.01,0,Paid
9008654,502885,2023-07-30,14951.41,14691.79,14609.8,81.98,0,Paid
9008655,502885,2023-10-28,14353.63,13993.06,13914.35,78.71,0,Paid
9008656,502886,2023-02-24,5970.42,6073.75,6054.59,19.16,0,Paid
9008657,502886,2023-05-25,6012.37,6146.29,6127.0,19.29,0,Paid
9008658,502886,2023-08-23,5739.85,5725.33,5706.92,18.42,0,Paid
9008659,502887,2021-04-20,5335.78,5294.12,5277.5,16.63,0,Paid
9008660,502887,2021-07-19,5381.19,5463.08,5446.31,16.77,0,Paid
9008661,502887,2021-10-17,5532.67,5633.69,5616.44,17.24,0,Paid
9008662,502888,2025-04-10,5619.15,5561.65,5503.53,58.11,0,Paid
9008663,502888,2025-07-09,5801.71,5739.72,5679.72,60.0,0,Paid
9008664,502888,2025-10-07,5964.85,5988.56,5926.87,61.69,0,Paid
9008665,502889,2025-03-11,981.67,988.51,983.84,4.66,0,Paid
9008666,502889,2025-06-09,1031.93,945.35,940.45,4.9,90,Late
9008667,502889,2025-09-07,1006.92,999.02,994.23,4.78,0,Paid
9008668,502890,2021-02-14,2437.85,2266.57,2248.23,18.34,30,Late
9008669,502890,2021-05-15,2303.89,1888.44,1871.1,17.34,30,Late
9008670,502890,2021-08-13,2488.09,2125.94,2107.22,18.72,15,Late
9008671,502891,2019-09-06,1816.65,1763.12,1750.51,12.61,0,Paid
9008672,502891,2019-12-05,1817.21,1831.03,1818.42,12.61,0,Paid
9008673,502891,2020-03-04,1835.32,1854.6,1841.86,12.74,0,Paid
9008674,502892,2023-08-16,6039.86,5909.73,5841.89,67.85,0,Paid
9008675,502892,2023-11-14,6169.48,6097.18,6027.88,69.3,0,Paid
9008676,502892,2024-02-12,6435.17,6586.73,6514.44,72.29,0,Paid
9008677,502893,2023-12-05,566.63,477.59,472.65,4.94,45,Late
9008678,502893,2024-03-04,538.42,548.28,543.59,4.69,0,Paid
9008679,502893,2024-06-02,553.02,568.24,563.42,4.82,0,Paid
9008680,502894,2023-03-01,1218.11,915.51,903.19,12.32,90,Late
9008681,502894,2023-05-30,1217.01,1185.03,1172.72,12.31,0,Paid
9008682,502894,2023-08-28,1138.96,1129.06,1117.54,11.52,0,Paid
9008683,502895,2022-01-16,15007.45,15407.1,15248.65,158.45,0,Paid
9008684,502895,2022-04-16,14640.26,14980.7,14826.12,154.58,0,Paid
9008685,502895,2022-07-15,14443.46,14078.85,13926.35,152.5,0,Paid
9008686,502896,2019-07-30,1892.86,1635.98,1614.83,21.15,90,Late
9008687,502896,2019-10-28,1907.73,1961.6,1940.28,21.32,0,Paid
9008688,502896,2020-01-26,1878.59,1663.92,1642.93,20.99,5,Late
9008689,502897,2024-02-14,15219.33,14170.17,14087.99,82.18,15,Late
9008690,502897,2024-05-14,14275.3,13898.76,13821.67,77.09,0,Paid
9008691,502897,2024-08-12,15172.38,14624.51,14542.58,81.93,15,Late
9008692,502898,2020-03-09,14696.78,12053.67,11959.98,93.69,30,Late
9008693,502898,2020-06-07,15059.64,12034.57,11938.57,96.01,45,Late
9008694,502898,2020-09-05,15300.66,11780.52,11682.98,97.54,10,Late
9008695,502899,2024-06-25,550.83,556.38,554.71,1.67,0,Paid
9008696,502899,2024-09-23,511.0,518.2,516.66,1.55,0,Paid
9008697,502899,2024-12-22,555.33,534.37,532.69,1.68,5,Late
9008698,502900,2022-07-04,481.68,376.72,374.19,2.52,5,Late
9008699,502900,2022-10-02,503.55,496.68,494.04,2.64,0,Paid
9008700,502900,2022-12-31,519.73,512.77,510.05,2.72,45,Late
9008701,502901,2023-05-06,12536.44,11401.54,11354.64,46.91,15,Late
9008702,502901,2023-08-04,12678.63,11574.34,11526.9,47.44,5,Late
9008703,502901,2023-11-02,12703.49,11993.78,11946.25,47.53,5,Late
9008704,502902,2024-03-06,7715.5,7804.03,7758.57,45.46,0,Paid
9008705,502902,2024-06-04,7270.65,5494.7,5451.86,42.84,90,Late
9008706,502902,2024-09-02,7384.84,7294.8,7251.29,43.51,0,Paid
9008707,502903,2024-11-12,323.38,322.82,320.84,1.98,45,Late
9008708,502903,2025-02-10,324.12,261.99,260.0,1.99,15,Late
9008709,502903,2025-05-11,301.16,242.1,240.25,1.84,15,Late
9008710,502904,2019-07-14,11184.34,10881.54,10837.18,44.36,0,Paid
9008711,502904,2019-10-12,11739.6,11752.87,11706.3,46.57,0,Paid
9008712,502904,2020-01-10,11317.42,11449.31,11404.42,44.89,0,Paid
9008713,502905,2020-08-27,6163.82,4670.54,4597.5,73.04,10,Late
9008714,502905,2020-11-25,5765.21,5807.19,5738.88,68.32,0,Paid
9008715,502905,2021-02-23,6163.97,6159.19,6086.15,73.04,0,Paid
9008716,502906,2021-04-07,2186.32,2118.08,2095.53,22.56,45,Late
9008717,502906,2021-07-06,2229.89,1872.31,1849.31,23.0,45,Late
9008718,502906,2021-10-04,2142.89,1828.94,1806.83,22.11,60,Late
9008719,502907,2019-06-29,3096.8,2762.69,2733.3,29.39,60,Late
9008720,502907,2019-09-27,2959.84,2986.38,2958.28,28.09,60,Late
9008721,502907,2019-12-26,2993.69,2612.74,2584.33,28.42,45,Late
9008722,502908,2024-04-27,7031.65,7225.88,7169.16,56.72,0,Paid
9008723,502908,2024-07-26,7243.65,6298.55,6240.12,58.43,10,Late
9008724,502908,2024-10-24,7329.17,7282.72,7223.59,59.12,0,Paid
9008725,502909,2020-05-08,1262.49,1081.94,1070.13,11.8,5,Late
9008726,502909,2020-08-06,1356.27,1333.09,1320.41,12.68,0,Paid
9008727,502909,2020-11-04,1352.55,1376.47,1363.83,12.65,0,Paid
9008728,502910,2025-06-12,1828.3,1757.2,1738.54,18.66,45,Late
9008729,502910,2025-09-10,1843.1,1839.16,1820.34,18.82,30,Late
9008730,502910,2025-12-09,1793.21,1436.11,1417.81,18.31,60,Late
9008731,502911,2025-10-15,1791.94,1743.7,1727.8,15.9,0,Paid
9008732,502911,2026-01-13,1745.58,1769.29,1753.8,15.49,0,Paid
9008733,502911,2026-04-13,1847.34,1488.81,1472.41,16.4,30,Late
9008734,502912,2024-11-23,4253.14,3931.48,3888.17,43.31,45,Late
9008735,502912,2025-02-21,4407.58,4360.18,4315.29,44.88,0,Paid
9008736,502912,2025-05-22,4261.48,3772.36,3728.97,43.4,10,Late
9008737,502913,2023-10-12,4100.05,4176.72,4128.33,48.38,0,Paid
9008738,502913,2024-01-10,4270.23,3702.42,3652.03,50.39,10,Late
9008739,502913,2024-04-09,3931.85,3521.9,3475.51,46.4,30,Late
9008740,502914,2019-06-23,1178.08,999.87,987.61,12.26,30,Late
9008741,502914,2019-09-21,1207.65,1036.77,1024.2,12.57,60,Late
9008742,502914,2019-12-20,1199.78,1206.11,1193.63,12.49,45,Late
9008743,502915,2021-07-25,2506.88,2464.23,2444.64,19.6,0,Paid
9008744,502915,2021-10-23,2524.55,2470.39,2450.65,19.73,0,Paid
9008745,502915,2022-01-21,2495.43,2001.35,1981.84,19.51,45,Late
9008746,502916,2023-09-05,13587.98,13205.66,13162.29,43.37,0,Paid
9008747,502916,2023-12-04,13585.3,13635.4,13592.04,43.36,0,Paid
9008748,502916,2024-03-03,14182.35,13821.82,13776.56,45.27,0,Paid
9008749,502917,2022-08-25,7550.07,7480.06,7393.8,86.26,0,Paid
9008750,502917,2022-11-23,7420.69,6060.07,5975.29,84.78,45,Late
9008751,502917,2023-02-21,7501.4,7402.11,7316.4,85.7,0,Paid
9008752,502918,2023-10-06,1156.32,1166.23,1162.07,4.15,0,Paid
9008753,502918,2024-01-04,1175.88,1187.3,1183.08,4.22,0,Paid
9008754,502918,2024-04-03,1107.77,1076.98,1073.0,3.98,0,Paid
9008755,502919,2022-10-20,11889.67,11736.41,11669.44,66.98,0,Paid
9008756,502919,2023-01-18,11478.01,11391.22,11326.56,64.66,15,Late
9008757,502919,2023-04-18,11983.17,9485.47,9417.97,67.51,5,Late
9008758,502920,2022-07-31,15026.5,14762.29,14581.72,180.57,0,Paid
9008759,502920,2022-10-29,14331.32,14682.76,14510.54,172.21,0,Paid
9008760,502920,2023-01-27,14725.05,12349.12,12172.18,176.95,10,Late
9008761,502921,2023-06-22,4217.28,4044.76,3998.51,46.25,90,Late
9008762,502921,2023-09-20,4423.33,3686.47,3637.97,48.51,90,Late
9008763,502921,2023-12-19,4253.73,4214.54,4167.89,46.65,0,Paid
9008764,502922,2021-07-20,1532.77,1536.46,1522.13,14.33,60,Late
9008765,502922,2021-10-18,1509.64,1305.12,1291.01,14.12,60,Late
9008766,502922,2022-01-16,1498.26,1521.71,1507.7,14.01,0,Paid
9008767,502923,2019-01-03,15008.58,14612.45,14485.01,127.45,0,Paid
9008768,502923,2019-04-03,15430.16,14640.5,14509.48,131.03,5,Late
9008769,502923,2019-07-02,15395.34,15224.56,15093.82,130.73,0,Paid
9008770,502924,2023-03-24,1293.67,1270.94,1260.86,10.08,0,Paid
9008771,502924,2023-06-22,1300.16,1332.89,1322.76,10.13,0,Paid
9008772,502924,2023-09-20,1266.31,1279.53,1269.67,9.87,0,Paid
9008773,502925,2023-01-31,1031.12,1042.01,1037.79,4.22,0,Paid
9008774,502925,2023-05-01,1029.1,1003.87,999.65,4.21,10,Late
9008775,502925,2023-07-30,1041.57,801.76,797.5,4.26,10,Late
9008776,502926,2020-03-12,15332.2,12633.26,12462.56,170.7,30,Late
9008777,502926,2020-06-10,14809.42,14896.63,14731.75,164.88,0,Paid
9008778,502926,2020-09-08,14376.28,14185.63,14025.57,160.06,0,Paid
9008779,502927,2025-09-26,776.58,768.87,766.61,2.27,0,Paid
9008780,502927,2025-12-25,742.3,723.24,721.07,2.17,0,Paid
9008781,502927,2026-03-25,800.0,779.61,777.28,2.33,0,Paid
9008782,502928,2022-08-10,1740.19,1758.88,1742.8,16.08,0,Paid
9008783,502928,2022-11-08,1649.82,1428.15,1412.9,15.25,45,Late
9008784,502928,2023-02-06,1693.66,1435.01,1419.36,15.65,30,Late
9008785,502929,2020-06-23,1155.33,1151.81,1146.9,4.91,30,Late
9008786,502929,2020-09-21,1137.31,880.32,875.48,4.83,30,Late
9008787,502929,2020-12-20,1108.73,842.02,837.31,4.71,45,Late
9008788,502930,2022-10-09,1065.6,1049.95,1037.51,12.44,0,Paid
9008789,502930,2023-01-07,1024.26,1051.08,1039.12,11.96,0,Paid
9008790,502930,2023-04-07,988.04,972.44,960.91,11.54,0,Paid
9008791,502931,2020-01-18,12392.32,9762.09,9644.15,117.93,15,Late
9008792,502931,2020-04-17,12149.14,9115.58,8999.96,115.62,5,Late
9008793,502931,2020-07-16,12791.12,10965.49,10843.76,121.73,60,Late
9008794,502932,2019-03-29,8295.1,8542.34,8481.93,60.42,0,Paid
9008795,502932,2019-06-27,8486.42,7083.84,7022.03,61.81,30,Late
9008796,502932,2019-09-25,8730.82,8489.35,8425.76,63.59,0,Paid
9008797,502933,2025-04-22,2028.45,2031.52,2014.07,17.44,0,Paid
9008798,502933,2025-07-21,2176.98,2183.19,2164.47,18.72,0,Paid
9008799,502933,2025-10-19,2081.43,2140.38,2122.48,17.9,0,Paid
9008800,502934,2025-04-18,6946.38,6977.86,6921.71,56.15,10,Late
9008801,502934,2025-07-17,7396.64,7310.41,7250.62,59.79,0,Paid
9008802,502934,2025-10-15,6869.86,6707.22,6651.69,55.53,10,Late
9008803,502935,2024-01-04,8920.29,7120.97,7040.61,80.36,90,Late
9008804,502935,2024-04-03,9629.75,9374.93,9288.19,86.75,90,Late
9008805,502935,2024-07-02,9594.96,7529.26,7442.83,86.43,45,Late
9008806,502936,2019-10-03,7787.33,7976.05,7950.09,25.96,45,Late
9008807,502936,2020-01-01,8367.98,8236.52,8208.63,27.89,0,Paid
9008808,502936,2020-03-31,8032.2,6466.1,6439.32,26.77,30,Late
9008809,502937,2021-04-18,975.97,948.48,940.07,8.41,10,Late
9008810,502937,2021-07-17,993.8,998.2,989.64,8.56,0,Paid
9008811,502937,2021-10-15,992.38,992.96,984.41,8.55,0,Paid
9008812,502938,2023-11-22,1800.74,1799.58,1781.12,18.46,0,Paid
9008813,502938,2024-02-20,1757.97,1583.86,1565.84,18.02,10,Late
9008814,502938,2024-05-20,1789.88,1789.38,1771.04,18.35,0,Paid
9008815,502939,2019-07-11,1677.57,1714.27,1698.84,15.43,0,Paid
9008816,502939,2019-10-09,1690.3,1694.95,1679.4,15.55,0,Paid
9008817,502939,2020-01-07,1730.82,1736.71,1720.78,15.92,0,Paid
9008818,502940,2024-10-19,390.14,384.46,382.65,1.81,0,Paid
9008819,502940,2025-01-17,428.43,416.81,414.82,1.99,0,Paid
9008820,502940,2025-04-17,399.07,315.65,313.79,1.86,30,Late
9008821,502941,2019-01-17,3304.06,3223.63,3202.71,20.93,0,Paid
9008822,502941,2019-04-17,3237.98,3251.37,3230.87,20.51,0,Paid
9008823,502941,2019-07-16,3192.1,2515.28,2495.06,20.22,10,Late
9008824,502942,2022-11-01,6140.99,6059.02,6004.57,54.45,0,Paid
9008825,502942,2023-01-30,5947.81,6122.27,6069.54,52.74,0,Paid
9008826,502942,2023-04-30,6388.3,6516.71,6460.07,56.64,0,Paid
9008827,502943,2019-04-15,15552.82,13883.98,13757.36,126.63,90,Late
9008828,502943,2019-07-14,14594.74,13616.24,13497.42,118.83,90,Late
9008829,502943,2019-10-12,15643.83,12758.91,12631.55,127.37,90,Late
9008830,502944,2019-06-10,4212.44,4247.74,4220.22,27.52,0,Paid
9008831,502944,2019-09-08,4149.71,4148.53,4121.42,27.11,0,Paid
9008832,502944,2019-12-07,4302.37,4013.13,3985.02,28.11,45,Late
9008833,502945,2022-07-20,15576.53,15549.67,15440.51,109.17,0,Paid
9008834,502945,2022-10-18,15322.15,15568.9,15461.52,107.38,0,Paid
9008835,502945,2023-01-16,14843.28,14632.75,14528.73,104.03,0,Paid
9008836,502946,2019-12-16,535.15,519.57,513.79,5.78,0,Paid
9008837,502946,2020-03-15,569.85,568.56,562.4,6.16,0,Paid
9008838,502946,2020-06-13,533.92,549.39,543.62,5.77,0,Paid
9008839,502947,2024-12-01,1353.0,1119.16,1111.83,7.33,60,Late
9008840,502947,2025-03-01,1313.42,1313.1,1305.98,7.11,0,Paid
9008841,502947,2025-05-30,1426.17,1177.84,1170.12,7.73,15,Late
9008842,502948,2020-11-16,14805.33,14612.66,14477.32,135.35,0,Paid
9008843,502948,2021-02-14,14956.39,15150.29,15013.56,136.73,0,Paid
9008844,502948,2021-05-15,14966.53,14904.71,14767.89,136.82,0,Paid
9008845,502949,2025-02-13,10007.79,9844.87,9766.39,78.48,0,Paid
9008846,502949,2025-05-14,10022.24,9792.63,9714.03,78.59,0,Paid
9008847,502949,2025-08-12,10025.18,9947.93,9869.32,78.61,0,Paid
9008848,502950,2024-05-09,2131.88,2097.9,2090.81,7.09,0,Paid
9008849,502950,2024-08-07,1994.04,2038.26,2031.63,6.63,0,Paid
9008850,502950,2024-11-05,1988.36,1980.15,1973.54,6.61,0,Paid
9008851,502951,2025-10-15,14618.3,14579.11,14485.43,93.68,0,Paid
9008852,502951,2026-01-13,15053.26,15468.86,15372.39,96.47,90,Late
9008853,502951,2026-04-13,15203.29,15622.59,15525.16,97.43,0,Paid
9008854,502952,2025-04-22,510.06,441.73,437.54,4.19,45,Late
9008855,502952,2025-07-21,510.0,442.05,437.87,4.19,60,Late
9008856,502952,2025-10-19,511.62,399.34,395.14,4.2,60,Late
9008857,502953,2023-05-02,8597.8,6725.23,6632.3,92.93,45,Late
9008858,502953,2023-07-31,8560.93,6463.5,6370.97,92.53,60,Late
9008859,502953,2023-10-29,8870.37,7274.43,7178.55,95.87,45,Late
9008860,502954,2024-06-13,7178.12,7186.2,7156.35,29.85,0,Paid
9008861,502954,2024-09-11,7362.32,7398.11,7367.49,30.61,5,Late
9008862,502954,2024-12-10,7170.6,5505.21,5475.4,29.82,30,Late
9008863,502955,2024-03-25,15197.71,15040.61,14950.56,90.05,90,Late
9008864,502955,2024-06-23,15671.02,12224.63,12131.77,92.85,90,Late
9008865,502955,2024-09-21,15547.75,13007.09,12914.97,92.12,60,Late
9008866,502956,2022-05-07,973.22,774.1,767.0,7.1,60,Late
9008867,502956,2022-08-05,950.88,960.14,953.21,6.93,45,Late
9008868,502956,2022-11-03,957.02,855.16,848.18,6.98,45,Late
9008869,502957,2023-11-16,565.11,556.55,553.25,3.3,0,Paid
9008870,502957,2024-02-14,561.0,511.01,507.74,3.28,90,Late
9008871,502957,2024-05-14,559.34,497.97,494.7,3.27,10,Late
9008872,502958,2021-08-06,1878.13,1433.17,1417.99,15.18,10,Late
9008873,502958,2021-11-04,1904.65,1945.21,1929.81,15.4,0,Paid
9008874,502958,2022-02-02,1915.8,1867.67,1852.18,15.49,0,Paid
9008875,502959,2025-04-30,7514.47,7601.09,7528.76,72.33,0,Paid
9008876,502959,2025-07-29,7109.97,6960.87,6892.43,68.43,0,Paid
9008877,502959,2025-10-27,7628.9,6766.75,6693.32,73.43,45,Late
9008878,502960,2025-08-13,854.23,877.37,870.43,6.94,0,Paid
9008879,502960,2025-11-11,811.26,735.76,729.17,6.59,10,Late
9008880,502960,2026-02-09,817.59,833.88,827.24,6.64,0,Paid
9008881,502961,2023-12-30,992.46,1005.99,998.19,7.8,45,Late
9008882,502961,2024-03-29,1010.24,1019.24,1011.31,7.94,0,Paid
9008883,502961,2024-06-27,1044.98,1034.41,1026.2,8.21,0,Paid
9008884,502962,2025-08-31,2020.01,1962.3,1947.73,14.58,15,Late
9008885,502962,2025-11-29,1864.69,1890.81,1877.35,13.46,30,Late
9008886,502962,2026-02-27,1909.94,1903.64,1889.85,13.78,30,Late
9008887,502963,2019-02-23,8966.9,8855.87,8789.07,66.8,10,Late
9008888,502963,2019-05-24,8988.23,6777.79,6710.83,66.96,15,Late
9008889,502963,2019-08-22,8741.52,7563.51,7498.39,65.12,5,Late
9008890,502964,2024-04-27,1574.84,1427.87,1421.19,6.68,60,Late
9008891,502964,2024-07-26,1575.08,1183.78,1177.1,6.68,45,Late
9008892,502964,2024-10-24,1499.38,1329.37,1323.01,6.36,60,Late
9008893,502965,2024-02-19,1718.84,1299.86,1289.54,10.31,5,Late
9008894,502965,2024-05-19,1772.44,1780.3,1769.66,10.63,0,Paid
9008895,502965,2024-08-17,1697.47,1653.16,1642.98,10.18,0,Paid
9008896,502966,2023-09-02,1690.63,1513.33,1505.06,8.27,30,Late
9008897,502966,2023-12-01,1667.44,1710.12,1701.96,8.16,0,Paid
9008898,502966,2024-02-29,1579.73,1501.76,1494.03,7.73,5,Late
9008899,502967,2021-01-05,14875.25,14495.38,14390.51,104.87,45,Late
9008900,502967,2021-04-05,14432.83,14339.7,14237.95,101.75,30,Late
9008901,502967,2021-07-04,15048.3,15300.31,15194.22,106.09,60,Late
9008902,502968,2019-05-14,933.51,814.18,804.41,9.77,90,Late
9008903,502968,2019-08-12,925.18,708.29,698.6,9.68,90,Late
9008904,502968,2019-11-10,939.68,939.57,929.74,9.84,45,Late
9008905,502969,2020-03-16,1139.73,1135.32,1123.55,11.77,0,Paid
9008906,502969,2020-06-14,1143.19,1045.01,1033.2,11.8,10,Late
9008907,502969,2020-09-12,1154.39,1120.94,1109.02,11.92,0,Paid
9008908,502970,2025-01-24,605.65,541.9,539.63,2.27,30,Late
9008909,502970,2025-04-24,589.26,525.19,522.98,2.21,15,Late
9008910,502970,2025-07-23,628.52,518.55,516.2,2.36,30,Late
9008911,502971,2020-12-15,1541.5,1506.0,1491.1,14.9,0,Paid
9008912,502971,2021-03-15,1587.05,1328.92,1313.58,15.34,60,Late
9008913,502971,2021-06-13,1492.97,1531.3,1516.87,14.43,0,Paid
9008914,502972,2020-03-09,3368.05,3450.35,3420.68,29.67,0,Paid
9008915,502972,2020-06-07,3438.56,3463.64,3433.35,30.29,0,Paid
9008916,502972,2020-09-05,3273.29,3204.78,3175.95,28.83,0,Paid
9008917,502973,2020-04-04,14455.36,14855.55,14683.9,171.66,30,Late
9008918,502973,2020-07-03,14264.77,13876.26,13706.87,169.39,0,Paid
9008919,502973,2020-10-01,13986.75,14357.24,14191.14,166.09,0,Paid
9008920,502974,2021-07-01,15023.25,13868.36,13733.78,134.58,15,Late
9008921,502974,2021-09-29,14335.19,13971.07,13842.65,128.42,0,Paid
9008922,502974,2021-12-28,15595.23,15245.87,15106.17,139.71,0,Paid
9008923,502975,2023-12-10,14292.59,14242.03,14182.84,59.2,0,Paid
9008924,502975,2024-03-09,14894.07,15172.35,15110.67,61.69,0,Paid
9008925,502975,2024-06-07,15566.43,15241.35,15176.88,64.47,0,Paid
9008926,502976,2024-11-08,2118.41,2126.38,2108.32,18.06,45,Late
9008927,502976,2025-02-06,2078.2,2080.48,2062.76,17.72,0,Paid
9008928,502976,2025-05-07,2158.43,2105.12,2086.72,18.4,0,Paid
9008929,502977,2019-08-18,2550.24,2507.08,2498.04,9.03,0,Paid
9008930,502977,2019-11-16,2637.69,2644.04,2634.7,9.34,0,Paid
9008931,502977,2020-02-14,2480.0,2551.89,2543.11,8.78,0,Paid
9008932,502978,2021-04-11,651.66,545.94,540.45,5.48,10,Late
9008933,502978,2021-07-10,650.89,665.71,660.23,5.48,0,Paid
9008934,502978,2021-10-08,692.18,698.12,692.29,5.83,0,Paid
9008935,502979,2024-03-11,2214.03,1861.29,1847.93,13.36,90,Late
9008936,502979,2024-06-09,2278.83,2251.24,2237.49,13.75,0,Paid
9008937,502979,2024-09-07,2159.82,1913.79,1900.76,13.03,5,Late
9008938,502980,2020-03-31,5729.11,5689.03,5670.08,18.95,0,Paid
9008939,502980,2020-06-29,6022.37,6009.0,5989.07,19.92,0,Paid
9008940,502980,2020-09-27,5980.74,5408.27,5388.49,19.79,10,Late
9008941,502981,2021-09-06,478.82,466.98,463.49,3.49,0,Paid
9008942,502981,2021-12-05,475.08,484.55,481.09,3.46,0,Paid
9008943,502981,2022-03-05,451.24,433.15,429.86,3.29,60,Late
9008944,502982,2022-09-11,15225.28,15389.04,15301.75,87.29,0,Paid
9008945,502982,2022-12-10,14256.84,13743.71,13661.97,81.74,15,Late
9008946,502982,2023-03-10,15313.49,15672.88,15585.08,87.8,15,Late
9008947,502983,2025-07-06,7629.63,6620.81,6595.89,24.92,15,Late
9008948,502983,2025-10-04,7649.26,6710.92,6685.93,24.99,10,Late
9008949,502983,2026-01-02,7806.62,7821.51,7796.0,25.5,0,Paid
9008950,502984,2022-02-02,15373.42,15464.31,15331.2,133.11,15,Late
9008951,502984,2022-05-03,15101.6,13723.13,13592.37,130.75,15,Late
9008952,502984,2022-08-01,15107.98,13073.61,12942.8,130.81,45,Late
9008953,502985,2021-12-16,1484.93,1522.84,1510.01,12.83,0,Paid
9008954,502985,2022-03-16,1434.68,1445.69,1433.29,12.4,0,Paid
9008955,502985,2022-06-14,1466.2,1140.06,1127.39,12.67,45,Late
9008956,502986,2024-02-08,11427.07,11449.41,11343.81,105.61,0,Paid
9008957,502986,2024-05-08,10937.05,10622.27,10521.19,101.08,0,Paid
9008958,502986,2024-08-06,11706.25,11963.98,11855.79,108.19,0,Paid
9008959,502987,2021-03-30,1853.4,1705.16,1684.33,20.84,15,Late
9008960,502987,2021-06-28,1841.14,1884.74,1864.04,20.7,30,Late
9008961,502987,2021-09-26,1843.47,1573.02,1552.3,20.72,45,Late
9008962,502988,2021-12-28,986.81,936.03,928.33,7.71,15,Late
9008963,502988,2022-03-28,1010.55,802.71,794.81,7.89,30,Late
9008964,502988,2022-06-26,1051.22,882.99,874.79,8.21,15,Late
9008965,502989,2021-08-08,14372.97,14642.02,14537.1,104.92,0,Paid
9008966,502989,2021-11-06,15112.46,15128.7,15018.38,110.32,0,Paid
9008967,502989,2022-02-04,14796.19,11906.67,11798.66,108.01,10,Late
9008968,502990,2025-03-08,2497.25,2562.25,2554.55,7.7,0,Paid
9008969,502990,2025-06-06,2400.96,2380.66,2373.25,7.4,0,Paid
9008970,502990,2025-09-04,2468.32,2421.75,2414.14,7.61,0,Paid
9008971,502991,2025-10-17,15397.55,15808.02,15711.66,96.36,0,Paid
9008972,502991,2026-01-15,15093.88,13820.92,13726.45,94.46,60,Late
9008973,502991,2026-04-15,15077.3,14867.51,14773.15,94.36,0,Paid
9008974,502992,2021-12-06,9540.82,9443.11,9337.28,105.82,0,Paid
9008975,502992,2022-03-06,9884.86,8310.69,8201.05,109.64,60,Late
9008976,502992,2022-06-04,9260.08,9010.25,8907.54,102.71,0,Paid
9008977,502993,2023-06-05,1084.08,850.27,845.07,5.19,5,Late
9008978,502993,2023-09-03,1115.35,1136.6,1131.26,5.34,0,Paid
9008979,502993,2023-12-02,1045.78,1039.69,1034.68,5.01,0,Paid
9008980,502994,2021-01-23,904.01,919.83,912.15,7.68,0,Paid
9008981,502994,2021-04-23,885.44,888.38,880.86,7.52,0,Paid
9008982,502994,2021-07-22,876.36,886.61,879.17,7.44,0,Paid
9008983,502995,2024-11-27,1539.13,1581.9,1567.65,14.25,0,Paid
9008984,502995,2025-02-25,1564.84,1554.39,1539.9,14.49,0,Paid
9008985,502995,2025-05-26,1581.54,1577.99,1563.35,14.64,0,Paid
9008986,502996,2021-08-24,363.93,277.9,274.02,3.88,45,Late
9008987,502996,2021-11-22,346.45,349.83,346.14,3.69,0,Paid
9008988,502996,2022-02-20,360.27,359.21,355.37,3.84,0,Paid
9008989,502997,2024-09-02,1540.25,1549.17,1540.67,8.5,0,Paid
9008990,502997,2024-12-01,1676.87,1641.73,1632.48,9.25,0,Paid
9008991,502997,2025-03-01,1587.13,1593.57,1584.81,8.76,0,Paid
9008992,502998,2022-08-13,15089.6,14750.31,14635.63,114.68,0,Paid
9008993,502998,2022-11-11,14567.07,14116.14,14005.43,110.71,15,Late
9008994,502998,2023-02-09,14400.61,14043.67,13934.22,109.44,0,Paid
9008995,502999,2021-07-10,4831.08,4792.86,4759.37,33.5,0,Paid
9008996,502999,2021-10-08,4816.94,4883.37,4849.97,33.4,0,Paid
9008997,502999,2022-01-06,4866.03,4770.08,4736.34,33.74,0,Paid
9008998,503000,2023-08-16,7900.06,7940.59,7903.86,36.74,0,Paid
9008999,503000,2023-11-14,8106.92,8301.52,8263.83,37.7,0,Paid
9009000,503000,2024-02-12,7836.82,7606.28,7569.84,36.44,0,Paid
9009001,503001,2024-12-01,2459.04,2389.57,2361.21,28.36,0,Paid
9009002,503001,2025-03-01,2589.36,2340.57,2310.7,29.86,90,Late
9009003,503001,2025-05-30,2444.01,1963.36,1935.17,28.19,5,Late
9009004,503002,2025-02-03,1625.31,1645.11,1636.87,8.23,0,Paid
9009005,503002,2025-05-04,1572.71,1593.67,1585.7,7.97,0,Paid
9009006,503002,2025-08-02,1565.68,1209.34,1201.4,7.93,60,Late
9009007,503003,2024-04-04,1729.51,1433.02,1417.63,15.39,90,Late
9009008,503003,2024-07-03,1695.93,1646.48,1631.38,15.09,0,Paid
9009009,503003,2024-10-01,1834.82,1759.8,1743.47,16.33,45,Late
9009010,503004,2022-01-20,11359.4,9689.54,9592.51,97.03,10,Late
9009011,503004,2022-04-20,11279.99,11539.21,11442.86,96.35,0,Paid
9009012,503004,2022-07-19,11480.52,11484.44,11386.38,98.06,0,Paid
9009013,503005,2022-01-23,2172.59,2136.85,2124.58,12.28,0,Paid
9009014,503005,2022-04-23,2149.78,1984.09,1971.94,12.15,15,Late
9009015,503005,2022-07-22,2199.32,1964.49,1952.06,12.43,5,Late
9009016,503006,2022-01-03,13387.52,11164.89,11057.01,107.88,60,Late
9009017,503006,2022-04-03,13173.74,12855.37,12749.21,106.16,0,Paid
9009018,503006,2022-07-02,13122.47,13206.37,13100.63,105.75,0,Paid
9009019,503007,2024-09-29,14422.74,14110.67,14038.68,71.99,0,Paid
9009020,503007,2024-12-28,15409.32,15539.25,15462.33,76.92,0,Paid
9009021,503007,2025-03-28,14565.07,14230.41,14157.71,72.7,15,Late
9009022,503008,2023-04-05,14936.59,15376.6,15311.87,64.73,0,Paid
9009023,503008,2023-07-04,15747.17,16087.22,16018.98,68.24,0,Paid
9009024,503008,2023-10-02,15722.59,15893.17,15825.04,68.13,0,Paid
9009025,503009,2020-01-12,14691.68,13348.5,13194.85,153.65,5,Late
9009026,503009,2020-04-11,14656.81,14973.38,14820.1,153.29,0,Paid
9009027,503009,2020-07-10,14332.75,14347.77,14197.87,149.9,5,Late
9009028,503010,2019-02-05,2437.02,2085.77,2057.7,28.07,30,Late
9009029,503010,2019-05-06,2258.52,1958.23,1932.22,26.01,60,Late
9009030,503010,2019-08-04,2334.46,1985.23,1958.34,26.89,30,Late
9009031,503011,2023-09-08,8559.03,8587.62,8560.65,26.96,0,Paid
9009032,503011,2023-12-07,8537.03,7936.59,7909.7,26.89,30,Late
9009033,503011,2024-03-06,8485.0,8269.6,8242.87,26.73,0,Paid
9009034,503012,2020-09-15,536.96,522.15,520.38,1.77,90,Late
9009035,503012,2020-12-14,526.31,449.92,448.18,1.74,120,Late
9009036,503012,2021-03-14,509.09,391.9,390.22,1.68,90,Late
9009037,503013,2024-02-19,1878.8,1702.09,1680.44,21.65,10,Late
9009038,503013,2024-05-19,1907.59,1902.55,1880.56,21.98,5,Late
9009039,503013,2024-08-17,1854.14,1776.14,1754.77,21.37,5,Late
9009040,503014,2019-05-19,871.72,879.04,875.88,3.17,0,Paid
9009041,503014,2019-08-17,927.39,923.46,920.09,3.37,0,Paid
9009042,503014,2019-11-15,858.39,834.15,831.03,3.12,0,Paid
9009043,503015,2019-07-26,4835.89,4504.93,4488.37,16.56,5,Late
9009044,503015,2019-10-24,4693.29,4434.04,4417.97,16.07,60,Late
9009045,503015,2020-01-22,4507.57,4450.64,4435.2,15.44,0,Paid
9009046,503016,2021-05-21,14633.29,14438.29,14317.2,121.09,0,Paid
9009047,503016,2021-08-19,14555.36,12510.62,12390.18,120.45,60,Late
9009048,503016,2021-11-17,14520.54,13247.79,13127.63,120.16,15,Late
9009049,503017,2021-10-06,564.5,561.0,558.94,2.07,0,Paid
9009050,503017,2022-01-04,518.43,505.36,503.46,1.9,0,Paid
9009051,503017,2022-04-04,516.74,512.31,510.42,1.89,0,Paid
9009052,503018,2019-08-20,13616.05,13673.27,13509.2,164.07,0,Paid
9009053,503018,2019-11-18,13582.53,13715.74,13552.07,163.67,0,Paid
9009054,503018,2020-02-16,13315.98,13570.47,13410.01,160.46,0,Paid
9009055,503019,2021-04-25,7550.45,7216.92,7172.5,44.42,60,Late
9009056,503019,2021-07-24,7392.53,5900.09,5856.6,43.49,15,Late
9009057,503019,2021-10-22,7727.57,7896.09,7850.63,45.46,30,Late
9009058,503020,2020-07-06,7617.17,7175.72,7106.53,69.19,10,Late
9009059,503020,2020-10-04,7064.56,5610.28,5546.11,64.17,15,Late
9009060,503020,2021-01-02,7174.67,6080.97,6015.8,65.17,90,Late
9009061,503021,2019-12-17,420.71,432.39,429.07,3.32,0,Paid
9009062,503021,2020-03-16,404.83,405.83,402.64,3.19,0,Paid
9009063,503021,2020-06-14,418.73,423.74,420.44,3.3,0,Paid
9009064,503022,2022-09-16,5326.33,4848.99,4817.83,31.16,10,Late
9009065,503022,2022-12-15,5046.45,3961.62,3932.1,29.52,5,Late
9009066,503022,2023-03-15,5348.75,4938.38,4907.09,31.29,5,Late
9009067,503023,2022-06-14,1533.76,1287.05,1273.2,13.85,120,Late
9009068,503023,2022-09-12,1534.91,1204.28,1190.42,13.87,90,Late
9009069,503023,2022-12-11,1544.3,1480.83,1466.88,13.95,60,Late
9009070,503024,2022-02-27,15579.14,15376.68,15320.85,55.83,0,Paid
9009071,503024,2022-05-28,15508.54,13430.37,13374.79,55.57,5,Late
9009072,503024,2022-08-26,15022.74,14682.15,14628.32,53.83,0,Paid
9009073,503025,2020-11-28,1652.65,1672.38,1656.82,15.56,5,Late
9009074,503025,2021-02-26,1615.09,1639.51,1624.31,15.21,0,Paid
9009075,503025,2021-05-27,1665.8,1701.13,1685.44,15.69,0,Paid
9009076,503026,2022-08-04,15163.03,14709.62,14542.57,167.05,0,Paid
9009077,503026,2022-11-02,14942.95,14787.26,14622.64,164.62,0,Paid
9009078,503026,2023-01-31,15717.02,14894.12,14720.97,173.15,45,Late
9009079,503027,2024-11-06,13661.97,10618.49,10521.04,97.46,90,Late
9009080,503027,2025-02-04,13444.47,13175.44,13079.54,95.9,0,Paid
9009081,503027,2025-05-05,12539.15,10115.8,10026.35,89.45,15,Late
9009082,503028,2023-01-20,14459.56,11798.56,11726.5,72.06,15,Late
9009083,503028,2023-04-20,14777.38,13530.46,13456.82,73.64,5,Late
9009084,503028,2023-07-19,14249.82,14421.21,14350.2,71.01,0,Paid
9009085,503029,2019-06-01,2220.86,2242.81,2225.54,17.27,0,Paid
9009086,503029,2019-08-30,2120.69,2103.02,2086.53,16.49,0,Paid
9009087,503029,2019-11-28,2187.98,2223.99,2206.97,17.01,0,Paid
9009088,503030,2019-01-28,1797.96,1791.37,1780.2,11.18,0,Paid
9009089,503030,2019-04-28,1828.45,1811.56,1800.19,11.37,0,Paid
9009090,503030,2019-07-27,1738.86,1723.38,1712.57,10.81,0,Paid
9009091,503031,2021-01-02,942.85,952.15,944.41,7.74,0,Paid
9009092,503031,2021-04-02,930.11,936.2,928.56,7.63,0,Paid
9009093,503031,2021-07-01,904.16,898.16,890.74,7.42,0,Paid
9009094,503032,2019-04-08,746.98,750.14,742.21,7.94,0,Paid
9009095,503032,2019-07-07,734.68,739.61,731.8,7.81,10,Late
9009096,503032,2019-10-05,730.75,613.59,605.83,7.76,15,Late
9009097,503033,2020-12-30,3313.45,3257.19,3245.56,11.62,0,Paid
9009098,503033,2021-03-30,3267.99,3277.44,3265.97,11.47,0,Paid
9009099,503033,2021-06-28,3308.23,3288.94,3277.34,11.61,0,Paid
9009100,503034,2025-06-27,8531.78,8326.73,8250.65,76.08,0,Paid
9009101,503034,2025-09-25,8676.06,8840.54,8763.18,77.36,45,Late
9009102,503034,2025-12-24,8364.49,8262.77,8188.19,74.58,0,Paid
9009103,503035,2024-02-05,340.14,333.57,330.5,3.07,0,Paid
9009104,503035,2024-05-05,361.99,358.41,355.14,3.27,0,Paid
9009105,503035,2024-08-03,337.43,337.76,334.71,3.05,0,Paid
9009106,503036,2024-10-22,1592.44,1250.05,1237.19,12.86,5,Late
9009107,503036,2025-01-20,1681.13,1683.71,1670.14,13.58,0,Paid
9009108,503036,2025-04-20,1669.41,1648.61,1635.13,13.48,0,Paid
9009109,503037,2020-01-28,1247.55,1227.99,1216.47,11.52,0,Paid
9009110,503037,2020-04-27,1183.52,1016.14,1005.21,10.93,5,Late
9009111,503037,2020-07-26,1172.75,1139.49,1128.66,10.83,10,Late
9009112,503038,2023-01-01,7777.89,7734.14,7666.15,67.99,0,Paid
9009113,503038,2023-04-01,7468.81,7553.25,7487.96,65.29,0,Paid
9009114,503038,2023-06-30,7696.93,7702.6,7635.31,67.28,0,Paid
9009115,503039,2021-09-23,2340.8,2169.17,2161.31,7.86,30,Late
9009116,503039,2021-12-22,2225.67,1744.04,1736.56,7.47,15,Late
9009117,503039,2022-03-22,2282.14,2162.08,2154.42,7.66,30,Late
9009118,503040,2022-07-30,3155.15,3190.87,3170.96,19.9,45,Late
9009119,503040,2022-10-28,3095.3,2476.39,2456.87,19.53,45,Late
9009120,503040,2023-01-26,3068.27,2869.15,2849.8,19.36,60,Late
9009121,503041,2023-12-23,1665.9,1706.94,1699.48,7.45,0,Paid
9009122,503041,2024-03-22,1755.29,1703.9,1696.04,7.85,60,Late
9009123,503041,2024-06-20,1640.77,1668.69,1661.35,7.34,10,Late
9009124,503042,2022-08-23,640.67,484.17,482.23,1.94,30,Late
9009125,503042,2022-11-21,644.17,633.62,631.67,1.95,0,Paid
9009126,503042,2023-02-19,631.82,618.1,616.19,1.91,5,Late
9009127,503043,2025-05-31,14810.63,14438.19,14335.01,103.18,0,Paid
9009128,503043,2025-08-29,14154.0,13976.4,13877.8,98.61,0,Paid
9009129,503043,2025-11-27,14045.08,14404.25,14306.4,97.85,0,Paid
9009130,503044,2024-06-23,15311.34,15516.31,15369.58,146.73,0,Paid
9009131,503044,2024-09-21,14865.85,13664.03,13521.57,142.46,90,Late
9009132,503044,2024-12-20,15501.46,15431.76,15283.2,148.56,0,Paid
9009133,503045,2021-08-30,13272.4,10365.77,10278.72,87.04,90,Late
9009134,503045,2021-11-28,13225.22,9994.7,9907.97,86.74,90,Late
9009135,503045,2022-02-26,12988.26,12629.82,12544.64,85.18,0,Paid
9009136,503046,2019-06-24,7519.03,6562.8,6497.33,65.48,5,Late
9009137,503046,2019-09-22,7168.49,7235.39,7172.97,62.43,15,Late
9009138,503046,2019-12-21,7372.36,5853.23,5789.03,64.2,30,Late
9009139,503047,2019-11-20,5914.12,5994.73,5924.25,70.48,0,Paid
9009140,503047,2020-02-18,5802.62,5700.15,5631.01,69.15,0,Paid
9009141,503047,2020-05-18,6201.24,6216.94,6143.04,73.9,0,Paid
9009142,503048,2023-01-11,15167.97,13173.25,13058.48,114.77,10,Late
9009143,503048,2023-04-11,15387.49,12893.58,12777.15,116.43,5,Late
9009144,503048,2023-07-10,14409.85,14382.1,14273.07,109.03,0,Paid
9009145,503049,2024-11-28,4327.79,4154.79,4115.59,39.2,45,Late
9009146,503049,2025-02-26,4307.33,3321.52,3282.5,39.02,90,Late
9009147,503049,2025-05-27,4422.5,4405.98,4365.92,40.06,0,Paid
9009148,503050,2020-10-18,3607.55,3514.76,3482.26,32.5,0,Paid
9009149,503050,2021-01-16,3495.25,3467.56,3436.08,31.49,0,Paid
9009150,503050,2021-04-16,3647.81,3648.12,3615.26,32.86,0,Paid
9009151,503051,2024-10-25,6724.91,6803.26,6736.8,66.46,0,Paid
9009152,503051,2025-01-23,7041.0,6926.71,6857.12,69.59,0,Paid
9009153,503051,2025-04-23,6656.81,6019.75,5953.96,65.79,5,Late
9009154,503052,2020-02-24,13359.35,13567.34,13469.59,97.75,0,Paid
9009155,503052,2020-05-24,13849.82,13451.37,13350.03,101.33,0,Paid
9009156,503052,2020-08-22,13681.89,13731.54,13631.44,100.11,0,Paid
9009157,503053,2024-03-07,6644.33,6489.87,6441.76,48.12,0,Paid
9009158,503053,2024-06-05,6963.42,7062.22,7011.79,50.43,0,Paid
9009159,503053,2024-09-03,7094.91,6002.95,5951.57,51.38,10,Late
9009160,503054,2019-08-02,1357.42,1327.73,1312.27,15.46,0,Paid
9009161,503054,2019-10-31,1286.98,1098.44,1083.78,14.66,10,Late
9009162,503054,2020-01-29,1299.81,1117.34,1102.54,14.81,10,Late
9009163,503055,2022-12-13,1711.37,1699.95,1691.28,8.67,0,Paid
9009164,503055,2023-03-13,1566.29,1269.6,1261.66,7.94,10,Late
9009165,503055,2023-06-11,1570.34,1589.74,1581.79,7.96,0,Paid
9009166,503056,2024-01-19,1709.05,1660.28,1652.55,7.73,0,Paid
9009167,503056,2024-04-18,1567.25,1216.41,1209.32,7.09,90,Late
9009168,503056,2024-07-17,1676.13,1642.44,1634.86,7.58,0,Paid
9009169,503057,2020-01-14,1211.94,1237.69,1228.46,9.22,0,Paid
9009170,503057,2020-04-13,1213.51,1215.57,1206.34,9.23,0,Paid
9009171,503057,2020-07-12,1238.78,1132.84,1123.41,9.43,10,Late
9009172,503058,2020-05-07,2005.75,1834.33,1826.32,8.01,90,Late
9009173,503058,2020-08-05,1978.33,1556.71,1548.81,7.9,45,Late
9009174,503058,2020-11-03,1876.58,1903.77,1896.28,7.49,45,Late
9009175,503059,2020-01-20,516.81,403.22,397.59,5.63,90,Late
9009176,503059,2020-04-19,507.01,494.18,488.65,5.52,0,Paid
9009177,503059,2020-07-18,508.07,501.78,496.25,5.53,5,Late
9009178,503060,2024-05-18,1604.03,1614.32,1603.05,11.27,0,Paid
9009179,503060,2024-08-16,1664.4,1678.97,1667.28,11.69,0,Paid
9009180,503060,2024-11-14,1704.12,1696.03,1684.06,11.97,30,Late
9009181,503061,2024-05-11,5256.05,5069.37,5008.84,60.53,5,Late
9009182,503061,2024-08-09,5243.52,5169.44,5109.05,60.39,0,Paid
9009183,503061,2024-11-07,5230.44,5079.93,5019.69,60.24,0,Paid
9009184,503062,2022-09-14,14413.0,12488.7,12378.92,109.78,30,Late
9009185,503062,2022-12-13,15469.72,14464.19,14346.36,117.83,30,Late
9009186,503062,2023-03-13,15353.48,15532.48,15415.54,116.94,30,Late
9009187,503063,2021-12-01,12079.57,12210.05,12082.0,128.04,15,Late
9009188,503063,2022-03-01,13028.88,13397.69,13259.58,138.11,15,Late
9009189,503063,2022-05-30,12049.92,11818.35,11690.62,127.73,0,Paid
9009190,503064,2022-03-05,6359.88,6292.57,6271.9,20.67,0,Paid
9009191,503064,2022-06-03,6308.23,6240.07,6219.57,20.5,0,Paid
9009192,503064,2022-09-01,6609.45,6673.2,6651.71,21.48,0,Paid
9009193,503065,2019-05-16,14399.43,14415.71,14324.75,90.96,0,Paid
9009194,503065,2019-08-14,14638.32,14470.59,14378.13,92.47,0,Paid
9009195,503065,2019-11-12,15283.87,15449.16,15352.61,96.54,0,Paid
9009196,503066,2020-12-12,1820.39,1616.46,1608.16,8.3,60,Late
9009197,503066,2021-03-12,1823.71,1549.64,1541.33,8.31,10,Late
9009198,503066,2021-06-10,1755.87,1770.91,1762.91,8.0,0,Paid
9009199,503067,2022-09-10,14439.63,14289.51,14176.4,113.11,0,Paid
9009200,503067,2022-12-09,14661.3,12702.75,12587.9,114.85,15,Late
9009201,503067,2023-03-09,14557.48,14614.06,14500.03,114.03,0,Paid
9009202,503068,2019-02-02,13612.28,13504.46,13392.38,112.07,0,Paid
9009203,503068,2019-05-03,14117.71,14392.59,14276.35,116.24,30,Late
9009204,503068,2019-08-01,13274.86,12936.97,12827.67,109.3,0,Paid
9009205,503069,2023-12-22,725.4,707.55,703.47,4.08,0,Paid
9009206,503069,2024-03-21,678.34,686.31,682.49,3.82,30,Late
9009207,503069,2024-06-19,748.15,739.69,735.48,4.21,0,Paid
9009208,503070,2020-06-04,671.76,686.35,679.86,6.49,0,Paid
9009209,503070,2020-09-02,656.43,647.73,641.39,6.34,0,Paid
9009210,503070,2020-12-01,664.49,656.76,650.34,6.42,0,Paid
9009211,503071,2023-06-05,15436.23,15866.5,15753.82,112.68,0,Paid
9009212,503071,2023-09-03,15409.56,15077.86,14965.37,112.49,0,Paid
9009213,503071,2023-12-02,14994.65,13667.28,13557.82,109.46,5,Late
9009214,503072,2021-06-24,15516.42,15343.54,15213.46,130.08,30,Late
9009215,503072,2021-09-22,15204.38,15138.96,15011.49,127.46,45,Late
9009216,503072,2021-12-21,14794.34,14966.29,14842.27,124.03,0,Paid
9009217,503073,2021-01-22,620.24,516.82,514.49,2.34,15,Late
9009218,503073,2021-04-22,657.0,551.78,549.31,2.47,45,Late
9009219,503073,2021-07-21,646.69,557.43,555.0,2.44,45,Late
9009220,503074,2024-04-15,946.76,770.69,767.48,3.21,45,Late
9009221,503074,2024-07-14,983.22,938.46,935.12,3.33,45,Late
9009222,503074,2024-10-12,955.53,776.85,773.61,3.24,60,Late
9009223,503075,2020-09-23,697.45,678.16,670.22,7.94,45,Late
9009224,503075,2020-12-22,714.38,723.16,715.02,8.13,60,Late
9009225,503075,2021-03-22,738.22,735.1,726.7,8.4,30,Late
9009226,503076,2022-05-03,14641.99,13553.09,13411.8,141.3,15,Late
9009227,503076,2022-08-01,15067.89,12220.5,12075.09,145.41,10,Late
9009228,503076,2022-10-30,15545.1,15761.86,15611.85,150.01,0,Paid
9009229,503077,2025-12-23,10458.29,10168.01,10081.47,86.54,0,Paid
9009230,503077,2026-03-23,10216.5,9610.82,9526.28,84.54,5,Late
9009231,503077,2026-06-21,10421.67,8617.66,8531.42,86.24,45,Late
9009232,503078,2023-10-24,15037.85,15202.22,15123.14,79.07,0,Paid
9009233,503078,2024-01-22,14271.42,14546.68,14471.64,75.04,0,Paid
9009234,503078,2024-04-21,14639.07,14295.27,14218.29,76.98,30,Late
9009235,503079,2021-05-10,2168.15,2212.58,2205.75,6.83,0,Paid
9009236,503079,2021-08-08,2140.01,2086.75,2080.01,6.74,0,Paid
9009237,503079,2021-11-06,2234.31,2287.12,2280.08,7.04,0,Paid
9009238,503080,2025-11-29,14895.04,14165.31,14038.58,126.73,60,Late
9009239,503080,2026-02-27,14905.4,15133.47,15006.65,126.82,0,Paid
9009240,503080,2026-05-28,15346.18,15263.8,15133.23,130.57,0,Paid
9009241,503081,2024-02-01,13341.46,12976.05,12886.22,89.83,0,Paid
9009242,503081,2024-05-01,14357.89,11646.11,11549.44,96.68,10,Late
9009243,503081,2024-07-30,14106.48,13891.46,13796.48,94.98,0,Paid
9009244,503082,2025-06-18,1855.31,1843.79,1831.43,12.35,0,Paid
9009245,503082,2025-09-16,1930.88,1805.78,1792.92,12.86,60,Late
9009246,503082,2025-12-15,1953.22,1929.93,1916.92,13.01,0,Paid
9009247,503083,2020-02-27,1664.18,1691.37,1683.43,7.95,0,Paid
9009248,503083,2020-05-27,1814.63,1834.88,1826.22,8.66,0,Paid
9009249,503083,2020-08-25,1794.77,1804.37,1795.8,8.57,0,Paid
9009250,503084,2024-07-02,7646.18,7712.44,7633.94,78.5,0,Paid
9009251,503084,2024-09-30,7219.32,7021.95,6947.83,74.12,0,Paid
9009252,503084,2024-12-29,7365.09,6884.17,6808.55,75.61,5,Late
9009253,503085,2019-02-20,15030.63,14943.93,14808.4,135.53,0,Paid
9009254,503085,2019-05-21,14924.18,14879.37,14744.8,134.57,0,Paid
9009255,503085,2019-08-19,15104.57,15542.92,15406.72,136.19,10,Late
9009256,503086,2021-04-14,15453.22,14718.98,14623.04,95.94,60,Late
9009257,503086,2021-07-13,14776.15,15146.79,15055.06,91.74,0,Paid
9009258,503086,2021-10-11,15395.52,15787.64,15692.06,95.58,0,Paid
9009259,503087,2021-12-28,2093.59,1989.24,1982.56,6.68,30,Late
9009260,503087,2022-03-28,2116.73,1815.12,1808.37,6.76,60,Late
9009261,503087,2022-06-26,1978.35,2024.95,2018.64,6.31,15,Late
9009262,503088,2020-08-22,293.9,298.84,297.07,1.77,0,Paid
9009263,503088,2020-11-20,308.09,307.01,305.16,1.86,0,Paid
9009264,503088,2021-02-18,315.51,286.88,284.98,1.9,90,Late
9009265,503089,2022-07-27,14605.7,11563.33,11421.53,141.8,5,Late
9009266,503089,2022-10-25,14798.4,12858.66,12715.0,143.67,5,Late
9009267,503089,2023-01-23,14202.56,13713.39,13575.5,137.88,5,Late
9009268,503090,2022-04-11,8394.44,7073.97,7022.21,51.77,10,Late
9009269,503090,2022-07-10,8262.91,8357.74,8306.79,50.95,0,Paid
9009270,503090,2022-10-08,8238.23,8342.73,8291.93,50.8,0,Paid
9009271,503091,2019-12-17,11773.7,8847.77,8781.74,66.03,15,Late
9009272,503091,2020-03-16,11892.73,11623.74,11557.04,66.7,45,Late
9009273,503091,2020-06-14,11608.25,11463.74,11398.64,65.1,45,Late
9009274,503092,2020-09-19,13264.07,11387.05,11287.79,99.26,60,Late
9009275,503092,2020-12-18,14140.71,12291.54,12185.72,105.82,45,Late
9009276,503092,2021-03-18,13328.78,12027.05,11927.31,99.74,90,Late
9009277,503093,2025-04-15,8271.11,8374.74,8314.08,60.65,0,Paid
9009278,503093,2025-07-14,8248.57,8409.27,8348.78,60.49,0,Paid
9009279,503093,2025-10-12,8062.45,7924.96,7865.84,59.12,0,Paid
9009280,503094,2020-08-01,1588.87,1560.11,1541.05,19.07,0,Paid
9009281,503094,2020-10-30,1567.39,1398.36,1379.55,18.81,15,Late
9009282,503094,2021-01-28,1535.98,1513.92,1495.49,18.43,0,Paid
9009283,503095,2019-10-22,359.88,298.14,295.92,2.21,15,Late
9009284,503095,2020-01-20,366.54,297.83,295.58,2.25,10,Late
9009285,503095,2020-04-19,372.2,333.96,331.67,2.29,45,Late
9009286,503096,2020-12-28,4527.05,4211.15,4195.04,16.11,45,Late
9009287,503096,2021-03-28,4755.4,3971.17,3954.25,16.92,90,Late
9009288,503096,2021-06-26,4534.66,3405.45,3389.32,16.14,45,Late
9009289,503097,2025-03-05,12877.29,10505.33,10410.89,94.43,30,Late
9009290,503097,2025-06-03,12613.63,12243.85,12151.35,92.5,0,Paid
9009291,503097,2025-09-01,12637.26,12708.82,12616.15,92.67,0,Paid
9009292,503098,2022-05-11,7050.66,7132.23,7105.32,26.91,0,Paid
9009293,503098,2022-08-09,7317.58,7272.74,7244.81,27.93,0,Paid
9009294,503098,2022-11-07,7037.6,7187.99,7161.13,26.86,0,Paid
9009295,503099,2020-06-27,1543.59,1559.57,1546.0,13.57,0,Paid
9009296,503099,2020-09-25,1625.42,1654.11,1639.82,14.29,0,Paid
9009297,503099,2020-12-24,1600.71,1572.04,1557.97,14.07,0,Paid
9009298,503100,2025-03-10,1959.46,1985.38,1964.04,21.34,0,Paid
9009299,503100,2025-06-08,2013.39,1997.79,1975.86,21.93,0,Paid
9009300,503100,2025-09-06,1961.71,1651.53,1630.17,21.37,30,Late
9009301,503101,2020-09-29,2116.4,1686.41,1673.87,12.54,120,Late
9009302,503101,2020-12-28,2076.79,1695.24,1682.94,12.3,60,Late
9009303,503101,2021-03-28,2221.25,1896.97,1883.81,13.16,90,Late
9009304,503102,2022-08-05,14601.53,14624.13,14576.67,47.45,0,Paid
9009305,503102,2022-11-03,15634.12,15752.66,15701.85,50.81,0,Paid
9009306,503102,2023-02-01,15201.88,14878.76,14829.36,49.41,0,Paid
9009307,503103,2024-09-18,4327.68,4411.47,4385.22,26.25,0,Paid
9009308,503103,2024-12-17,4196.08,4250.71,4225.26,25.46,0,Paid
9009309,503103,2025-03-17,4342.8,3606.28,3579.93,26.35,5,Late
9009310,503104,2022-05-10,4227.53,4260.91,4241.4,19.52,0,Paid
9009311,503104,2022-08-08,4136.03,4245.5,4226.41,19.09,0,Paid
9009312,503104,2022-11-06,4323.69,4253.23,4233.27,19.96,0,Paid
9009313,503105,2022-01-13,15578.3,13209.86,13113.01,96.85,30,Late
9009314,503105,2022-04-13,15000.51,13494.77,13401.52,93.25,60,Late
9009315,503105,2022-07-12,15070.67,13008.78,12915.09,93.69,60,Late
9009316,503106,2024-04-28,559.25,548.6,543.5,5.09,0,Paid
9009317,503106,2024-07-27,512.82,467.27,462.6,4.67,30,Late
9009318,503106,2024-10-25,564.05,572.94,567.81,5.14,0,Paid
9009319,503107,2022-01-06,939.12,937.01,928.21,8.8,0,Paid
9009320,503107,2022-04-06,912.94,901.01,892.45,8.56,90,Late
9009321,503107,2022-07-05,936.15,962.79,954.02,8.78,0,Paid
9009322,503108,2021-03-09,2261.38,2221.21,2201.29,19.92,0,Paid
9009323,503108,2021-06-07,2439.42,2499.32,2477.83,21.49,0,Paid
9009324,503108,2021-09-05,2415.38,2395.2,2373.92,21.28,0,Paid
9009325,503109,2024-05-21,1181.54,1092.28,1084.29,8.0,10,Late
9009326,503109,2024-08-19,1131.14,1127.46,1119.81,7.65,0,Paid
9009327,503109,2024-11-17,1149.48,1156.58,1148.8,7.78,0,Paid
9009328,503110,2019-12-11,1503.64,1464.09,1457.64,6.45,30,Late
9009329,503110,2020-03-10,1602.54,1635.35,1628.47,6.88,0,Paid
9009330,503110,2020-06-08,1525.14,1163.15,1156.61,6.55,10,Late
9009331,503111,2025-02-28,1211.06,1120.24,1110.54,9.71,45,Late
9009332,503111,2025-05-29,1196.77,958.21,948.62,9.59,30,Late
9009333,503111,2025-08-27,1147.35,974.91,965.71,9.2,5,Late
9009334,503112,2025-02-16,15170.46,14836.1,14670.36,165.74,0,Paid
9009335,503112,2025-05-17,13785.5,11247.45,11096.84,150.61,30,Late
9009336,503112,2025-08-15,14162.18,14437.36,14282.64,154.72,0,Paid
9009337,503113,2022-07-22,14828.2,15045.08,14963.53,81.56,0,Paid
9009338,503113,2022-10-20,15490.12,15129.77,15044.57,85.2,0,Paid
9009339,503113,2023-01-18,15126.7,14859.42,14776.22,83.2,0,Paid
9009340,503114,2025-11-01,4117.63,3414.64,3397.96,16.68,60,Late
9009341,503114,2026-01-30,3960.39,4072.27,4056.23,16.04,15,Late
9009342,503114,2026-04-30,4114.79,4021.01,4004.35,16.66,60,Late
9009343,503115,2024-01-30,628.77,575.24,569.2,6.05,5,Late
9009344,503115,2024-04-29,650.44,647.4,641.15,6.26,0,Paid
9009345,503115,2024-07-28,686.59,693.72,687.12,6.6,0,Paid
9009346,503116,2024-01-29,3645.2,3571.82,3542.09,29.74,0,Paid
9009347,503116,2024-04-28,3750.66,3789.7,3759.11,30.6,0,Paid
9009348,503116,2024-07-27,3715.14,3643.61,3613.3,30.31,0,Paid
9009349,503117,2025-09-15,12459.36,12389.99,12244.73,145.26,0,Paid
9009350,503117,2025-12-14,13327.36,13672.71,13517.33,155.37,0,Paid
9009351,503117,2026-03-14,13015.61,12860.27,12708.53,151.74,0,Paid
9009352,503118,2020-07-13,14572.74,14492.76,14442.36,50.4,120,Late
9009353,503118,2020-10-11,15655.17,14667.44,14613.3,54.14,45,Late
9009354,503118,2021-01-09,15467.79,11805.84,11752.35,53.49,90,Late
9009355,503119,2025-09-18,10915.66,10975.5,10849.97,125.53,0,Paid
9009356,503119,2025-12-17,10937.03,11182.04,11056.26,125.78,15,Late
9009357,503119,2026-03-17,11703.88,11932.84,11798.24,134.59,0,Paid
9009358,503120,2022-04-20,954.66,940.37,929.5,10.87,0,Paid
9009359,503120,2022-07-19,970.92,897.2,886.15,11.05,5,Late
9009360,503120,2022-10-17,940.58,920.12,909.42,10.71,0,Paid
9009361,503121,2021-09-03,14821.13,14591.39,14486.03,105.35,0,Paid
9009362,503121,2021-12-02,14815.33,14584.08,14478.77,105.31,0,Paid
9009363,503121,2022-03-02,15410.22,15587.91,15478.37,109.54,15,Late
9009364,503122,2024-09-02,1420.49,1363.27,1352.75,10.52,60,Late
9009365,503122,2024-12-01,1484.79,1523.54,1512.54,11.0,30,Late
9009366,503122,2025-03-01,1379.88,1230.67,1220.45,10.22,60,Late
9009367,503123,2020-02-23,15707.28,12787.87,12623.99,163.88,5,Late
9009368,503123,2020-05-23,14966.57,14522.96,14366.81,156.15,0,Paid
9009369,503123,2020-08-21,15141.23,14306.73,14148.76,157.97,10,Late
9009370,503124,2023-08-31,1069.28,806.58,798.15,8.43,45,Late
9009371,503124,2023-11-29,1020.3,807.51,799.47,8.04,45,Late
9009372,503124,2024-02-27,1073.2,911.58,903.12,8.46,90,Late
9009373,503125,2021-05-18,1039.18,955.59,949.61,5.98,90,Late
9009374,503125,2021-08-16,1053.68,1022.23,1016.16,6.07,0,Paid
9009375,503125,2021-11-14,1068.8,1066.44,1060.29,6.15,0,Paid
9009376,503126,2020-08-18,7277.67,5597.75,5519.03,78.72,120,Late
9009377,503126,2020-11-16,7210.96,5706.14,5628.15,78.0,90,Late
9009378,503126,2021-02-14,7386.65,6887.93,6808.03,79.9,45,Late
9009379,503127,2023-11-06,1198.64,1189.05,1179.19,9.86,0,Paid
9009380,503127,2024-02-04,1184.79,1173.09,1163.35,9.74,0,Paid
9009381,503127,2024-05-04,1123.87,1151.1,1141.85,9.24,0,Paid
9009382,503128,2024-01-13,535.15,454.3,449.19,5.11,45,Late
9009383,503128,2024-04-12,515.08,497.94,493.02,4.92,90,Late
9009384,503128,2024-07-11,545.76,414.52,409.31,5.21,90,Late
9009385,503129,2020-06-14,1475.7,1506.51,1495.75,10.76,0,Paid
9009386,503129,2020-09-12,1485.85,1445.55,1434.72,10.83,0,Paid
9009387,503129,2020-12-11,1464.84,1458.54,1447.86,10.68,0,Paid
9009388,503130,2022-12-25,1532.87,1556.22,1539.42,16.8,0,Paid
9009389,503130,2023-03-25,1504.59,1479.38,1462.9,16.49,0,Paid
9009390,503130,2023-06-23,1592.42,1589.78,1572.33,17.45,0,Paid
9009391,503131,2023-04-21,552.6,454.52,452.45,2.07,30,Late
9009392,503131,2023-07-20,552.59,419.34,417.27,2.07,60,Late
9009393,503131,2023-10-18,526.09,466.09,464.12,1.97,60,Late
9009394,503132,2022-04-21,12773.95,12918.71,12872.94,45.77,0,Paid
9009395,503132,2022-07-20,12624.72,11297.97,11252.73,45.24,60,Late
9009396,503132,2022-10-18,13304.12,13376.87,13329.2,47.67,0,Paid
9009397,503133,2022-12-13,12048.72,12090.92,12030.47,60.44,0,Paid
9009398,503133,2023-03-13,12064.75,11790.87,11730.34,60.52,0,Paid
9009399,503133,2023-06-11,11529.79,11422.75,11364.91,57.84,0,Paid
9009400,503134,2022-11-13,557.54,485.31,482.84,2.48,5,Late
9009401,503134,2023-02-11,579.52,566.16,563.59,2.57,0,Paid
9009402,503134,2023-05-12,594.02,605.04,602.4,2.64,0,Paid
9009403,503135,2022-07-02,4583.88,4515.67,4465.98,49.7,0,Paid
9009404,503135,2022-09-30,4606.3,4501.08,4451.14,49.94,0,Paid
9009405,503135,2022-12-29,4876.96,4625.1,4572.22,52.87,5,Late
9009406,503136,2024-11-27,1030.29,1019.05,1013.0,6.05,0,Paid
9009407,503136,2025-02-25,1086.75,1082.11,1075.73,6.38,0,Paid
9009408,503136,2025-05-26,1089.13,1119.7,1113.31,6.4,0,Paid
9009409,503137,2019-04-30,682.97,670.11,665.01,5.09,0,Paid
9009410,503137,2019-07-29,671.67,679.39,674.38,5.01,0,Paid
9009411,503137,2019-10-27,658.53,650.64,645.72,4.91,0,Paid
9009412,503138,2020-07-15,12755.92,13093.87,12946.33,147.54,0,Paid
9009413,503138,2020-10-13,12873.89,12776.91,12628.0,148.91,0,Paid
9009414,503138,2021-01-11,11736.55,11912.17,11776.42,135.75,0,Paid
9009415,503139,2019-12-13,1105.69,1089.54,1083.43,6.11,0,Paid
9009416,503139,2020-03-12,1187.19,1163.26,1156.7,6.56,0,Paid
9009417,503139,2020-06-10,1135.96,1130.37,1124.09,6.28,0,Paid
9009418,503140,2023-12-30,14655.7,13846.45,13769.14,77.31,45,Late
9009419,503140,2024-03-29,14355.74,12461.41,12385.68,75.73,45,Late
9009420,503140,2024-06-27,14659.51,13068.75,12991.42,77.33,120,Late
9009421,503141,2025-03-28,1428.27,1396.83,1386.05,10.77,0,Paid
9009422,503141,2025-06-26,1436.16,1447.3,1436.47,10.83,0,Paid
9009423,503141,2025-09-24,1517.75,1544.17,1532.72,11.45,0,Paid
9009424,503142,2023-07-07,2556.83,2553.73,2544.91,8.82,30,Late
9009425,503142,2023-10-05,2543.44,2271.11,2262.34,8.77,15,Late
9009426,503142,2024-01-03,2373.59,2009.25,2001.07,8.19,30,Late
9009427,503143,2022-11-22,761.85,669.29,666.84,2.46,45,Late
9009428,503143,2023-02-20,748.6,743.46,741.04,2.41,0,Paid
9009429,503143,2023-05-21,722.19,719.19,716.86,2.33,5,Late
9009430,503144,2025-05-10,1323.6,1327.51,1312.61,14.9,0,Paid
9009431,503144,2025-08-08,1323.61,1305.34,1290.44,14.9,0,Paid
9009432,503144,2025-11-06,1303.36,1298.07,1283.4,14.67,45,Late
9009433,503145,2024-10-18,148.53,127.39,126.0,1.39,15,Late
9009434,503145,2025-01-16,154.36,155.0,153.55,1.44,0,Paid
9009435,503145,2025-04-16,142.69,144.61,143.28,1.33,0,Paid
9009436,503146,2023-01-05,4435.49,4411.2,4377.31,33.89,0,Paid
9009437,503146,2023-04-05,4380.19,3397.26,3363.78,33.47,15,Late
9009438,503146,2023-07-04,4477.69,3718.39,3684.18,34.22,5,Late
9009439,503147,2019-02-09,15303.24,15493.36,15408.3,85.06,0,Paid
9009440,503147,2019-05-10,14976.18,14645.45,14562.2,83.24,0,Paid
9009441,503147,2019-08-08,14781.24,14976.88,14894.72,82.16,0,Paid
9009442,503148,2022-03-18,14583.42,14755.97,14594.09,161.88,0,Paid
9009443,503148,2022-06-16,14311.49,14273.32,14114.46,158.86,0,Paid
9009444,503148,2022-09-14,14320.92,14401.45,14242.49,158.96,0,Paid
9009445,503149,2023-02-25,14441.51,14872.44,14740.42,132.02,0,Paid
9009446,503149,2023-05-26,14628.09,13540.88,13407.15,133.73,5,Late
9009447,503149,2023-08-24,15710.84,15957.3,15813.68,143.62,0,Paid
9009448,503150,2025-05-06,798.03,783.71,779.96,3.76,0,Paid
9009449,503150,2025-08-04,775.92,593.12,589.47,3.65,5,Late
9009450,503150,2025-11-02,807.41,701.4,697.6,3.8,45,Late
9009451,503151,2019-02-27,2502.89,2450.0,2428.95,21.05,0,Paid
9009452,503151,2019-05-28,2409.09,2447.61,2427.35,20.26,0,Paid
9009453,503151,2019-08-26,2346.86,1843.06,1823.33,19.73,5,Late
9009454,503152,2022-01-16,14923.9,14856.77,14704.05,152.72,0,Paid
9009455,503152,2022-04-16,14264.09,14299.26,14153.29,145.97,45,Late
9009456,503152,2022-07-15,14385.94,14299.26,14152.05,147.22,0,Paid
9009457,503153,2021-06-29,4271.78,3341.59,3322.44,19.15,45,Late
9009458,503153,2021-09-27,4622.3,4507.69,4486.96,20.72,0,Paid
9009459,503153,2021-12-26,4590.22,4526.79,4506.21,20.58,0,Paid
9009460,503154,2024-12-12,768.56,790.2,786.29,3.91,0,Paid
9009461,503154,2025-03-12,819.01,825.39,821.22,4.17,0,Paid
9009462,503154,2025-06-10,779.09,801.3,797.33,3.97,0,Paid
9009463,503155,2019-07-12,1792.56,1789.99,1774.85,15.13,0,Paid
9009464,503155,2019-10-10,1798.88,1812.85,1797.67,15.19,0,Paid
9009465,503155,2020-01-08,1785.34,1585.89,1570.82,15.07,30,Late
9009466,503156,2023-03-03,14206.75,14195.42,14136.94,58.48,0,Paid
9009467,503156,2023-06-01,14390.09,14642.91,14583.67,59.24,0,Paid
9009468,503156,2023-08-30,13976.94,14062.26,14004.73,57.54,0,Paid
9009469,503157,2021-12-07,2840.97,2889.31,2866.79,22.51,0,Paid
9009470,503157,2022-03-07,2786.08,2824.19,2802.11,22.08,0,Paid
9009471,503157,2022-06-05,2861.53,2931.36,2908.68,22.68,0,Paid
9009472,503158,2022-08-29,2297.06,2304.79,2282.64,22.15,0,Paid
9009473,503158,2022-11-27,2390.26,2365.29,2342.25,23.05,0,Paid
9009474,503158,2023-02-25,2249.83,2269.56,2247.87,21.69,0,Paid
9009475,503159,2022-05-14,1816.39,1778.23,1767.36,10.87,45,Late
9009476,503159,2022-08-12,1816.6,1686.87,1676.0,10.87,90,Late
9009477,503159,2022-11-10,1861.99,1817.68,1806.54,11.14,45,Late
9009478,503160,2024-03-27,14270.59,14067.2,14009.64,57.56,0,Paid
9009479,503160,2024-06-25,14318.56,14475.41,14417.65,57.75,0,Paid
9009480,503160,2024-09-23,14797.69,13564.5,13504.81,59.68,10,Late
9009481,503161,2022-12-29,15008.94,14808.28,14733.61,74.67,0,Paid
9009482,503161,2023-03-29,14489.93,12325.46,12253.37,72.09,15,Late
9009483,503161,2023-06-27,14481.41,14377.94,14305.89,72.05,0,Paid
9009484,503162,2022-02-28,1788.36,1413.49,1398.5,14.99,30,Late
9009485,503162,2022-05-29,1683.29,1646.96,1632.84,14.11,0,Paid
9009486,503162,2022-08-27,1726.48,1679.13,1664.66,14.47,0,Paid
9009487,503163,2019-05-17,15314.7,14981.79,14888.11,93.67,0,Paid
9009488,503163,2019-08-15,15629.62,15327.9,15232.3,95.6,0,Paid
9009489,503163,2019-11-13,15324.4,15679.82,15586.08,93.73,0,Paid
9009490,503164,2019-07-03,1355.41,1365.16,1355.04,10.12,0,Paid
9009491,503164,2019-10-01,1353.84,1316.76,1306.65,10.11,0,Paid
9009492,503164,2019-12-30,1279.42,1005.84,996.28,9.55,5,Late
9009493,503165,2021-06-01,2045.0,2047.19,2030.81,16.38,0,Paid
9009494,503165,2021-08-30,2121.53,2036.34,2019.35,16.99,90,Late
9009495,503165,2021-11-28,2175.53,2149.59,2132.17,17.42,0,Paid
9009496,503166,2023-07-06,12653.17,12840.83,12790.43,50.4,0,Paid
9009497,503166,2023-10-04,12804.93,13177.36,13126.35,51.01,0,Paid
9009498,503166,2024-01-02,13298.22,13616.05,13563.08,52.97,0,Paid
9009499,503167,2024-04-20,1600.37,1601.02,1586.35,14.67,0,Paid
9009500,503167,2024-07-19,1570.84,1560.35,1545.95,14.4,0,Paid
9009501,503167,2024-10-17,1602.98,1577.12,1562.43,14.69,0,Paid
9009502,503168,2022-12-22,1268.79,1281.27,1271.5,9.77,0,Paid
9009503,503168,2023-03-22,1299.21,1276.79,1266.78,10.0,0,Paid
9009504,503168,2023-06-20,1284.43,1285.14,1275.25,9.89,0,Paid
9009505,503169,2025-03-27,13693.47,13526.54,13380.25,146.29,0,Paid
9009506,503169,2025-06-25,13087.88,11450.69,11310.87,139.82,45,Late
9009507,503169,2025-09-23,13794.43,13058.12,12910.75,147.37,15,Late
9009508,503170,2019-09-13,7550.37,7463.1,7419.99,43.1,0,Paid
9009509,503170,2019-12-12,7727.13,7825.14,7781.03,44.11,0,Paid
9009510,503170,2020-03-11,8234.15,8162.33,8115.32,47.0,0,Paid
9009511,503171,2019-04-10,15729.81,11807.36,11662.65,144.71,120,Late
9009512,503171,2019-07-09,14384.78,11982.58,11850.24,132.34,90,Late
9009513,503171,2019-10-07,15002.15,13064.52,12926.5,138.02,90,Late
9009514,503172,2025-01-27,1845.05,1681.73,1669.29,12.44,5,Late
9009515,503172,2025-04-27,1797.87,1426.47,1414.35,12.12,90,Late
9009516,503172,2025-07-26,1742.77,1744.68,1732.93,11.75,0,Paid
9009517,503173,2020-11-28,14508.43,10948.42,10784.11,164.31,120,Late
9009518,503173,2021-02-26,14530.6,12043.75,11879.19,164.56,60,Late
9009519,503173,2021-05-27,15077.26,12581.56,12410.81,170.75,60,Late
9009520,503174,2024-10-26,6627.21,6336.94,6296.95,39.98,45,Late
9009521,503174,2025-01-24,6428.2,5587.41,5548.63,38.78,15,Late
9009522,503174,2025-04-24,6172.43,5410.89,5373.65,37.24,15,Late
9009523,503175,2024-01-18,2079.35,2050.74,2032.61,18.13,0,Paid
9009524,503175,2024-04-17,1985.99,1954.15,1936.84,17.31,0,Paid
9009525,503175,2024-07-16,2031.02,2091.22,2073.51,17.7,0,Paid
9009526,503176,2023-06-10,2461.03,2254.81,2226.3,28.51,15,Late
9009527,503176,2023-09-08,2321.07,2318.05,2291.16,26.89,45,Late
9009528,503176,2023-12-07,2490.65,2433.3,2404.45,28.85,0,Paid
9009529,503177,2019-07-10,5653.85,4568.85,4508.35,60.5,15,Late
9009530,503177,2019-10-08,5802.19,5123.49,5061.41,62.08,10,Late
9009531,503177,2020-01-06,5991.22,5966.1,5901.99,64.11,90,Late
9009532,503178,2023-08-02,7553.85,6534.26,6454.88,79.38,5,Late
9009533,503178,2023-10-31,7621.19,7827.56,7747.48,80.09,0,Paid
9009534,503178,2024-01-29,7036.69,6781.44,6707.5,73.94,15,Late
9009535,503179,2019-05-31,5675.45,5715.96,5694.06,21.9,0,Paid
9009536,503179,2019-08-29,5863.85,5937.15,5914.52,22.62,0,Paid
9009537,503179,2019-11-27,5957.08,6075.88,6052.9,22.98,0,Paid
9009538,503180,2021-10-02,14099.5,13856.51,13719.27,137.24,0,Paid
9009539,503180,2021-12-31,14531.25,14622.81,14481.37,141.44,0,Paid
9009540,503180,2022-03-31,14104.6,13762.58,13625.29,137.28,0,Paid
9009541,503181,2019-10-15,1407.87,1291.56,1280.53,11.03,5,Late
9009542,503181,2020-01-13,1456.84,1474.67,1463.26,11.41,0,Paid
9009543,503181,2020-04-12,1443.37,1485.14,1473.83,11.31,0,Paid
9009544,503182,2023-03-06,15547.64,13517.47,13375.73,141.74,60,Late
9009545,503182,2023-06-04,15412.63,11916.88,11776.37,140.51,15,Late
9009546,503182,2023-09-02,14867.25,12132.0,11996.46,135.54,30,Late
9009547,503183,2021-07-29,876.78,708.79,701.07,7.72,10,Late
9009548,503183,2021-10-27,898.42,708.67,700.76,7.91,5,Late
9009549,503183,2022-01-25,884.83,770.75,762.95,7.79,90,Late
9009550,503184,2024-03-11,14547.46,14690.21,14588.87,101.35,45,Late
9009551,503184,2024-06-09,15446.31,15553.74,15446.14,107.61,0,Paid
9009552,503184,2024-09-07,14299.47,14141.39,14041.77,99.62,0,Paid
9009553,503185,2019-10-30,461.69,464.78,461.35,3.42,0,Paid
9009554,503185,2020-01-28,420.78,424.87,421.75,3.12,0,Paid
9009555,503185,2020-04-27,456.16,465.78,462.4,3.38,0,Paid
9009556,503186,2019-09-21,14304.11,14727.33,14622.79,104.54,0,Paid
9009557,503186,2019-12-20,14385.91,13809.17,13704.03,105.14,60,Late
9009558,503186,2020-03-19,14500.27,14182.63,14076.65,105.97,0,Paid
9009559,503187,2024-04-11,4457.69,4501.49,4479.05,22.44,90,Late
9009560,503187,2024-07-10,4083.13,4023.67,4003.11,20.55,0,Paid
9009561,503187,2024-10-08,4344.89,4223.54,4201.67,21.87,0,Paid
9009562,503188,2019-03-28,1367.32,1115.9,1104.78,11.12,90,Late
9009563,503188,2019-06-26,1379.76,1128.64,1117.42,11.22,30,Late
9009564,503188,2019-09-24,1389.72,1198.9,1187.59,11.3,30,Late
9009565,503189,2022-08-20,2488.89,2038.83,2017.47,21.36,90,Late
9009566,503189,2022-11-18,2433.18,2279.86,2258.98,20.88,120,Late
9009567,503189,2023-02-16,2431.14,1902.44,1881.58,20.87,90,Late
9009568,503190,2023-10-01,1112.57,1009.86,998.16,11.7,15,Late
9009569,503190,2023-12-30,1079.68,1051.3,1039.95,11.35,0,Paid
9009570,503190,2024-03-29,1017.56,943.31,932.61,10.7,10,Late
9009571,503191,2021-03-28,2307.2,2293.45,2283.4,10.06,0,Paid
9009572,503191,2021-06-26,2367.81,2384.05,2373.73,10.32,5,Late
9009573,503191,2021-09-24,2448.61,2376.61,2365.94,10.67,0,Paid
9009574,503192,2020-10-08,2750.91,2661.29,2651.29,9.99,5,Late
9009575,503192,2021-01-06,2652.76,2699.62,2689.98,9.64,0,Paid
9009576,503192,2021-04-06,2714.72,2710.06,2700.2,9.86,0,Paid
9009577,503193,2020-01-09,8691.7,8919.15,8856.42,62.73,0,Paid
9009578,503193,2020-04-08,8695.47,8368.45,8305.7,62.75,30,Late
9009579,503193,2020-07-07,9035.17,8858.77,8793.56,65.2,0,Paid
9009580,503194,2020-01-06,4013.38,4030.42,4016.71,13.71,0,Paid
9009581,503194,2020-04-05,4065.97,3538.73,3524.83,13.89,45,Late
9009582,503194,2020-07-04,3993.22,3993.08,3979.44,13.64,0,Paid
9009583,503195,2019-01-20,1705.13,1693.79,1683.42,10.37,0,Paid
9009584,503195,2019-04-20,1704.81,1698.33,1687.96,10.37,0,Paid
9009585,503195,2019-07-19,1641.67,1606.74,1596.75,9.99,0,Paid
9009586,503196,2025-09-15,14453.66,14713.46,14626.62,86.84,0,Paid
9009587,503196,2025-12-14,15004.41,15256.7,15166.55,90.15,0,Paid
9009588,503196,2026-03-14,15507.04,15541.17,15448.0,93.17,0,Paid
9009589,503197,2022-06-22,863.55,869.52,865.97,3.55,30,Late
9009590,503197,2022-09-20,857.11,880.23,876.71,3.52,0,Paid
9009591,503197,2022-12-19,842.28,819.47,816.01,3.46,0,Paid
9009592,503198,2019-12-09,10899.28,10763.76,10643.33,120.44,0,Paid
9009593,503198,2020-03-08,11251.31,11043.07,10918.74,124.33,0,Paid
9009594,503198,2020-06-06,10883.79,11113.86,10993.59,120.27,0,Paid
9009595,503199,2019-07-27,734.72,751.45,748.19,3.26,0,Paid
9009596,503199,2019-10-25,702.74,544.43,541.31,3.12,5,Late
9009597,503199,2020-01-23,719.04,643.38,640.19,3.19,10,Late
9009598,503200,2025-12-29,14278.32,12996.74,12891.43,105.3,5,Late
9009599,503200,2026-03-29,13690.79,13370.63,13269.66,100.97,0,Paid
9009600,503200,2026-06-27,14635.98,14954.03,14846.09,107.94,0,Paid
9009601,503201,2023-10-29,14552.14,14026.7,13973.82,52.87,30,Late
9009602,503201,2024-01-27,14421.28,13293.92,13241.52,52.4,45,Late
9009603,503201,2024-04-26,14365.31,14361.14,14308.95,52.19,90,Late
9009604,503202,2023-07-23,9689.13,7998.22,7935.72,62.49,60,Late
9009605,503202,2023-10-21,9769.56,10001.74,9938.72,63.01,30,Late
9009606,503202,2024-01-19,10052.89,8921.58,8856.74,64.84,60,Late
9009607,503203,2022-09-14,4028.59,4095.83,4050.57,45.25,0,Paid
9009608,503203,2022-12-13,4146.81,4051.54,4004.95,46.58,0,Paid
9009609,503203,2023-03-13,4060.66,3957.71,3912.1,45.61,0,Paid
9009610,503204,2020-11-29,1534.16,1368.16,1357.05,11.11,60,Late
9009611,503204,2021-02-27,1518.3,1493.74,1482.75,11.0,0,Paid
9009612,503204,2021-05-28,1466.61,1447.2,1436.58,10.62,0,Paid
9009613,503205,2024-06-03,9071.45,8541.86,8446.23,95.63,90,Late
9009614,503205,2024-09-01,8892.4,7690.58,7596.84,93.74,120,Late
9009615,503205,2024-11-30,9135.46,8957.51,8861.21,96.3,45,Late
9009616,503206,2025-10-10,243.0,244.28,243.27,1.01,0,Paid
9009617,503206,2026-01-08,253.8,251.94,250.89,1.05,0,Paid
9009618,503206,2026-04-08,254.13,248.95,247.9,1.05,0,Paid
9009619,503207,2021-03-30,15321.05,13447.62,13304.49,143.12,90,Late
9009620,503207,2021-06-28,15711.26,12596.58,12449.81,146.77,45,Late
9009621,503207,2021-09-26,15608.57,13386.74,13240.93,145.81,60,Late
9009622,503208,2023-07-18,604.53,465.22,459.41,5.8,10,Late
9009623,503208,2023-10-16,603.92,609.71,603.91,5.8,0,Paid
9009624,503208,2024-01-14,640.08,642.45,636.31,6.14,0,Paid
9009625,503209,2019-11-13,1185.24,1105.46,1096.96,8.49,45,Late
9009626,503209,2020-02-11,1098.29,916.42,908.55,7.87,15,Late
9009627,503209,2020-05-11,1092.49,1098.33,1090.5,7.83,45,Late
9009628,503210,2019-04-06,1898.0,1597.53,1576.54,20.99,90,Late
9009629,503210,2019-07-05,1949.17,1557.87,1536.31,21.55,15,Late
9009630,503210,2019-10-03,1933.93,1810.67,1789.29,21.39,30,Late
9009631,503211,2025-05-17,5992.21,5490.12,5469.9,20.22,45,Late
9009632,503211,2025-08-15,6273.0,5521.38,5500.21,21.17,45,Late
9009633,503211,2025-11-13,5904.36,5515.01,5495.08,19.93,90,Late
9009634,503212,2020-04-20,596.83,594.59,592.69,1.89,0,Paid
9009635,503212,2020-07-19,587.71,591.03,589.16,1.87,0,Paid
9009636,503212,2020-10-17,607.91,466.0,464.07,1.93,30,Late
9009637,503213,2024-08-03,802.05,612.28,602.71,9.57,30,Late
9009638,503213,2024-11-01,793.11,722.8,713.34,9.46,15,Late
9009639,503213,2025-01-30,814.81,658.36,648.64,9.72,5,Late
9009640,503214,2023-12-29,14336.5,14166.88,14092.45,74.43,0,Paid
9009641,503214,2024-03-28,14685.62,14567.79,14491.55,76.24,0,Paid
9009642,503214,2024-06-26,15256.05,13886.26,13807.06,79.2,90,Late
9009643,503215,2022-04-18,14005.45,11919.41,11759.28,160.13,5,Late
9009644,503215,2022-07-17,14456.94,14756.14,14590.85,165.29,0,Paid
9009645,503215,2022-10-15,15245.32,15475.52,15301.21,174.3,0,Paid
9009646,503216,2020-10-20,7515.85,7513.03,7464.3,48.73,0,Paid
9009647,503216,2021-01-18,7869.97,7642.22,7591.2,51.02,0,Paid
9009648,503216,2021-04-18,7901.54,8049.01,7997.78,51.23,0,Paid
9009649,503217,2019-08-20,792.0,786.38,782.87,3.52,0,Paid
9009650,503217,2019-11-18,816.98,753.77,750.15,3.63,15,Late
9009651,503217,2020-02-16,772.82,760.55,757.12,3.43,0,Paid
9009652,503218,2019-10-08,1341.77,1316.05,1305.2,10.85,90,Late
9009653,503218,2020-01-06,1285.43,1178.44,1168.05,10.39,120,Late
9009654,503218,2020-04-05,1359.69,1108.04,1097.05,10.99,60,Late
9009655,503219,2020-10-04,9542.89,7496.7,7436.58,60.12,5,Late
9009656,503219,2021-01-02,9417.49,9188.51,9129.18,59.33,0,Paid
9009657,503219,2021-04-02,9433.5,9610.65,9551.22,59.43,0,Paid
9009658,503220,2024-01-14,8987.35,8809.2,8736.1,73.1,0,Paid
9009659,503220,2024-04-13,8958.53,8775.05,8702.19,72.86,15,Late
9009660,503220,2024-07-12,9508.99,7817.21,7739.87,77.34,5,Late
9009661,503221,2019-07-31,8265.99,8096.25,8049.55,46.7,0,Paid
9009662,503221,2019-10-29,7794.31,7680.11,7636.07,44.04,30,Late
9009663,503221,2020-01-27,8157.33,8042.35,7996.26,46.09,0,Paid
9009664,503222,2020-11-25,1150.47,1180.9,1173.56,7.34,0,Paid
9009665,503222,2021-02-23,1073.46,1065.1,1058.25,6.85,0,Paid
9009666,503222,2021-05-24,1172.18,1174.69,1167.2,7.48,0,Paid
9009667,503223,2022-10-10,6010.0,4754.62,4714.1,40.52,5,Late
9009668,503223,2023-01-08,5824.35,5938.4,5899.13,39.27,90,Late
9009669,503223,2023-04-08,6064.21,6162.52,6121.63,40.88,0,Paid
9009670,503224,2020-05-07,2370.88,2371.77,2358.82,12.94,10,Late
9009671,503224,2020-08-05,2245.25,2272.93,2260.67,12.26,0,Paid
9009672,503224,2020-11-03,2314.64,2309.53,2296.9,12.63,0,Paid
9009673,503225,2021-12-13,1393.52,1407.85,1393.19,14.66,45,Late
9009674,503225,2022-03-13,1446.38,1411.78,1396.57,15.21,0,Paid
9009675,503225,2022-06-11,1452.22,1487.3,1472.03,15.27,0,Paid
9009676,503226,2024-05-25,11736.7,11389.04,11290.16,98.88,0,Paid
9009677,503226,2024-08-23,11943.99,11744.57,11643.94,100.63,90,Late
9009678,503226,2024-11-21,12560.73,12189.69,12083.87,105.82,0,Paid
9009679,503227,2019-12-10,1712.22,1679.66,1673.84,5.82,5,Late
9009680,503227,2020-03-09,1678.67,1652.44,1646.73,5.71,0,Paid
9009681,503227,2020-06-07,1763.7,1793.13,1787.14,6.0,0,Paid
9009682,503228,2019-03-17,1290.08,1267.87,1262.83,5.04,0,Paid
9009683,503228,2019-06-15,1232.69,1209.4,1204.58,4.82,0,Paid
9009684,503228,2019-09-13,1303.54,1335.76,1330.66,5.09,0,Paid
9009685,503229,2023-04-08,4825.24,4833.34,4797.51,35.83,0,Paid
9009686,503229,2023-07-07,4733.97,4770.92,4735.77,35.15,0,Paid
9009687,503229,2023-10-05,5098.86,5100.29,5062.43,37.86,0,Paid
9009688,503230,2021-03-01,2474.26,2469.64,2442.03,27.61,0,Paid
9009689,503230,2021-05-30,2592.69,2586.99,2558.06,28.93,0,Paid
9009690,503230,2021-08-28,2585.39,2585.57,2556.72,28.85,0,Paid
9009691,503231,2021-12-23,14763.43,14787.16,14616.15,171.01,0,Paid
9009692,503231,2022-03-23,15683.18,15228.2,15046.54,181.66,0,Paid
9009693,503231,2022-06-21,14658.91,14148.11,13978.31,169.8,5,Late
9009694,503232,2023-12-30,1786.01,1837.93,1825.77,12.16,0,Paid
9009695,503232,2024-03-29,1724.89,1693.64,1681.89,11.74,0,Paid
9009696,503232,2024-06-27,1711.41,1716.55,1704.9,11.65,0,Paid
9009697,503233,2020-01-21,1315.29,1252.51,1248.65,3.86,10,Late
9009698,503233,2020-04-20,1371.19,1085.65,1081.63,4.02,10,Late
9009699,503233,2020-07-19,1423.75,1349.3,1345.13,4.18,15,Late
9009700,503234,2025-09-07,1992.64,1843.33,1831.16,12.17,15,Late
9009701,503234,2025-12-06,1828.8,1858.91,1847.74,11.17,0,Paid
9009702,503234,2026-03-06,1905.21,1952.08,1940.45,11.64,0,Paid
9009703,503235,2022-08-21,11317.06,11162.41,11103.19,59.23,0,Paid
9009704,503235,2022-11-19,11922.24,11733.12,11670.73,62.39,0,Paid
9009705,503235,2023-02-17,11949.12,11859.55,11797.02,62.53,0,Paid
9009706,503236,2022-04-02,865.84,881.09,871.37,9.71,0,Paid
9009707,503236,2022-07-01,929.16,925.99,915.57,10.42,15,Late
9009708,503236,2022-09-29,903.81,895.34,885.2,10.14,0,Paid
9009709,503237,2019-06-13,2676.01,2600.44,2576.45,23.99,0,Paid
9009710,503237,2019-09-11,2696.76,2637.47,2613.29,24.18,0,Paid
9009711,503237,2019-12-10,2587.74,2228.28,2205.08,23.2,5,Late
9009712,503238,2024-08-02,3693.94,3632.9,3605.54,27.37,0,Paid
9009713,503238,2024-10-31,3815.12,3804.07,3775.81,28.26,0,Paid
9009714,503238,2025-01-29,3902.51,3793.36,3764.45,28.91,0,Paid
9009715,503239,2020-11-25,847.3,861.6,858.54,3.06,0,Paid
9009716,503239,2021-02-23,879.98,758.38,755.19,3.18,90,Late
9009717,503239,2021-05-24,895.59,880.8,877.56,3.24,0,Paid
9009718,503240,2019-11-22,5955.04,6117.37,6063.72,53.65,0,Paid
9009719,503240,2020-02-20,6149.7,6253.26,6197.86,55.4,30,Late
9009720,503240,2020-05-20,6093.9,6033.31,5978.42,54.9,0,Paid
9009721,503241,2025-06-20,429.92,428.46,425.6,2.87,0,Paid
9009722,503241,2025-09-18,429.55,424.64,421.77,2.86,0,Paid
9009723,503241,2025-12-17,430.17,433.71,430.84,2.87,0,Paid
9009724,503242,2022-06-16,2510.67,2205.25,2182.98,22.26,5,Late
9009725,503242,2022-09-14,2635.17,2654.17,2630.81,23.37,0,Paid
9009726,503242,2022-12-13,2560.07,2634.39,2611.69,22.7,0,Paid
9009727,503243,2019-01-02,12051.73,12251.97,12140.6,111.38,0,Paid
9009728,503243,2019-04-02,11886.92,10817.61,10707.76,109.85,90,Late
9009729,503243,2019-07-01,11511.83,11285.52,11179.14,106.39,0,Paid
9009730,503244,2025-05-25,1828.72,1430.67,1423.42,7.25,5,Late
9009731,503244,2025-08-23,1711.93,1615.52,1608.73,6.79,5,Late
9009732,503244,2025-11-21,1731.54,1698.38,1691.51,6.87,0,Paid
9009733,503245,2019-03-05,12082.96,12094.91,12013.65,81.26,0,Paid
9009734,503245,2019-06-03,11933.46,11645.84,11565.59,80.25,0,Paid
9009735,503245,2019-09-01,11959.48,11957.85,11877.42,80.43,10,Late
9009736,503246,2023-10-18,5119.33,5243.53,5216.39,27.13,0,Paid
9009737,503246,2024-01-16,5067.84,3876.45,3849.59,26.86,45,Late
9009738,503246,2024-04-15,5288.24,5216.22,5188.19,28.03,0,Paid
9009739,503247,2025-07-03,11075.81,10892.15,10823.85,68.3,0,Paid
9009740,503247,2025-10-01,11020.2,9572.4,9504.44,67.96,10,Late
9009741,503247,2025-12-30,11626.72,11798.53,11726.83,71.7,0,Paid
9009742,503248,2019-03-14,1616.68,1281.92,1271.76,10.16,45,Late
9009743,503248,2019-06-12,1665.54,1678.84,1668.37,10.47,0,Paid
9009744,503248,2019-09-10,1682.49,1446.99,1436.42,10.57,45,Late
9009745,503249,2020-01-02,4475.26,4432.55,4418.6,13.95,60,Late
9009746,503249,2020-04-01,4199.59,3859.23,3846.14,13.09,30,Late
9009747,503249,2020-06-30,4439.31,4431.09,4417.25,13.84,30,Late
9009748,503250,2019-08-31,3761.82,3691.04,3667.34,23.7,0,Paid
9009749,503250,2019-11-29,3828.16,3776.68,3752.56,24.12,0,Paid
9009750,503250,2020-02-27,3618.35,3659.62,3636.82,22.8,10,Late
9009751,503251,2023-04-18,8861.1,8772.72,8738.9,33.82,0,Paid
9009752,503251,2023-07-17,8665.59,7885.69,7852.61,33.07,60,Late
9009753,503251,2023-10-15,9291.73,7089.97,7054.51,35.46,45,Late
9009754,503252,2021-03-24,6887.71,6963.59,6882.66,80.93,0,Paid
9009755,503252,2021-06-22,6649.22,6759.52,6681.39,78.13,0,Paid
9009756,503252,2021-09-20,7112.61,6852.64,6769.06,83.57,5,Late
9009757,503253,2019-12-21,12322.02,11975.31,11892.75,82.56,30,Late
9009758,503253,2020-03-20,13199.74,13005.34,12916.9,88.44,0,Paid
9009759,503253,2020-06-18,12178.42,12481.91,12400.31,81.6,0,Paid
9009760,503254,2019-02-10,4480.03,4513.14,4471.93,41.22,10,Late
9009761,503254,2019-05-11,4563.67,4669.44,4627.46,41.99,45,Late
9009762,503254,2019-08-09,4754.56,4856.38,4812.63,43.74,0,Paid
9009763,503255,2021-02-08,1607.38,1637.96,1620.91,17.05,0,Paid
9009764,503255,2021-05-09,1603.58,1636.1,1619.09,17.01,0,Paid
9009765,503255,2021-08-07,1690.36,1725.32,1707.39,17.93,5,Late
9009766,503256,2024-02-12,1455.73,1455.9,1444.18,11.72,0,Paid
9009767,503256,2024-05-12,1402.5,1380.91,1369.62,11.29,0,Paid
9009768,503256,2024-08-10,1498.81,1520.19,1508.12,12.07,0,Paid
9009769,503257,2020-09-23,163.89,163.49,161.85,1.64,0,Paid
9009770,503257,2020-12-22,167.88,164.27,162.59,1.68,0,Paid
9009771,503257,2021-03-22,163.75,163.08,161.44,1.64,10,Late
9009772,503258,2022-04-01,7359.12,7501.26,7443.55,57.71,0,Paid
9009773,503258,2022-06-30,6893.89,6928.94,6874.88,54.06,0,Paid
9009774,503258,2022-09-28,7598.75,7549.09,7489.5,59.59,0,Paid
9009775,503259,2023-06-02,1049.17,1048.18,1036.53,11.65,15,Late
9009776,503259,2023-08-31,1006.47,889.97,878.8,11.17,45,Late
9009777,503259,2023-11-29,1027.7,1045.38,1033.97,11.41,0,Paid
9009778,503260,2025-07-15,1684.64,1674.51,1666.73,7.78,0,Paid
9009779,503260,2025-10-13,1736.24,1314.63,1306.61,8.02,90,Late
9009780,503260,2026-01-11,1722.65,1702.1,1694.15,7.95,0,Paid
9009781,503261,2019-12-14,1099.88,859.23,854.4,4.83,10,Late
9009782,503261,2020-03-13,1016.84,1037.14,1032.68,4.47,0,Paid
9009783,503261,2020-06-11,1008.45,989.62,985.19,4.43,0,Paid
9009784,503262,2022-04-23,1975.88,1536.24,1529.62,6.62,60,Late
9009785,503262,2022-07-22,2039.48,1716.84,1710.01,6.83,5,Late
9009786,503262,2022-10-20,1922.74,1608.21,1601.77,6.44,5,Late
9009787,503263,2020-08-13,2325.03,2272.63,2258.47,14.16,0,Paid
9009788,503263,2020-11-11,2520.52,2560.38,2545.02,15.35,0,Paid
9009789,503263,2021-02-09,2442.96,2419.6,2404.72,14.88,0,Paid
9009790,503264,2022-07-30,1751.33,1799.57,1778.47,21.1,0,Paid
9009791,503264,2022-10-28,1713.14,1710.88,1690.24,20.64,0,Paid
9009792,503264,2023-01-26,1707.61,1347.07,1326.5,20.58,45,Late
9009793,503265,2019-04-05,1664.42,1705.98,1685.95,20.03,60,Late
9009794,503265,2019-07-04,1698.56,1304.14,1283.7,20.44,30,Late
9009795,503265,2019-10-02,1656.45,1332.54,1312.61,19.93,60,Late
9009796,503266,2024-02-08,1174.49,1143.78,1139.95,3.84,0,Paid
9009797,503266,2024-05-08,1268.75,1191.01,1186.87,4.14,45,Late
9009798,503266,2024-08-06,1264.96,1201.49,1197.36,4.13,10,Late
9009799,503267,2020-10-26,323.88,317.21,315.13,2.09,0,Paid
9009800,503267,2021-01-24,315.9,321.41,319.38,2.03,0,Paid
9009801,503267,2021-04-24,307.93,301.8,299.81,1.98,0,Paid
9009802,503268,2019-08-16,14811.09,15029.49,14879.28,150.21,0,Paid
9009803,503268,2019-11-14,14779.53,14385.71,14235.82,149.89,0,Paid
9009804,503268,2020-02-12,14630.35,12459.53,12311.15,148.38,15,Late
9009805,503269,2023-02-05,10935.31,10488.74,10378.75,109.99,90,Late
9009806,503269,2023-05-06,11370.89,8899.03,8784.66,114.37,60,Late
9009807,503269,2023-08-04,10773.29,10407.07,10298.71,108.36,120,Late
9009808,503270,2019-03-13,9802.61,7581.81,7506.33,75.48,10,Late
9009809,503270,2019-06-11,9445.48,7566.92,7494.19,72.73,15,Late
9009810,503270,2019-09-09,9974.1,9905.23,9828.43,76.8,0,Paid
9009811,503271,2020-05-08,595.83,604.66,602.12,2.53,0,Paid
9009812,503271,2020-08-06,551.24,566.49,564.15,2.34,0,Paid
9009813,503271,2020-11-04,573.39,558.78,556.35,2.44,0,Paid
9009814,503272,2019-06-04,3492.58,3418.66,3404.1,14.55,0,Paid
9009815,503272,2019-09-02,3417.2,2673.35,2659.11,14.24,15,Late
9009816,503272,2019-12-01,3378.26,3468.16,3454.09,14.08,0,Paid
9009817,503273,2025-10-16,1489.16,1498.12,1482.72,15.4,0,Paid
9009818,503273,2026-01-14,1414.38,1441.64,1427.01,14.63,0,Paid
9009819,503273,2026-04-14,1501.12,1488.12,1472.59,15.52,0,Paid
9009820,503274,2025-06-12,1198.6,1206.8,1194.18,12.62,0,Paid
9009821,503274,2025-09-10,1158.71,1128.39,1116.19,12.2,0,Paid
9009822,503274,2025-12-09,1119.7,1114.89,1103.1,11.78,0,Paid
9009823,503275,2024-12-16,5060.34,4516.55,4466.5,50.06,45,Late
9009824,503275,2025-03-16,4962.59,3861.4,3812.31,49.09,60,Late
9009825,503275,2025-06-14,5299.29,5357.45,5305.03,52.42,60,Late
9009826,503276,2023-02-12,466.75,464.23,462.17,2.05,0,Paid
9009827,503276,2023-05-13,480.58,477.79,475.67,2.11,0,Paid
9009828,503276,2023-08-11,492.6,386.73,384.56,2.17,30,Late
9009829,503277,2021-01-27,5223.49,4879.78,4862.81,16.98,10,Late
9009830,503277,2021-04-27,4946.99,5041.11,5025.04,16.08,0,Paid
9009831,503277,2021-07-26,4982.41,4771.96,4755.77,16.19,15,Late
9009832,503278,2019-05-31,1593.98,1553.55,1539.1,14.45,0,Paid
9009833,503278,2019-08-29,1573.75,1539.49,1525.23,14.27,0,Paid
9009834,503278,2019-11-27,1586.88,1599.4,1585.01,14.39,0,Paid
9009835,503279,2019-05-14,7181.26,6974.51,6904.85,69.66,45,Late
9009836,503279,2019-08-12,7440.7,7318.15,7245.97,72.17,0,Paid
9009837,503279,2019-11-10,7009.88,7193.06,7125.06,68.0,45,Late
9009838,503280,2022-08-18,1972.91,1929.38,1920.3,9.08,0,Paid
9009839,503280,2022-11-16,1948.14,1981.18,1972.22,8.96,0,Paid
9009840,503280,2023-02-14,1895.57,1619.09,1610.37,8.72,15,Late
9009841,503281,2024-06-16,591.1,471.09,465.43,5.66,30,Late
9009842,503281,2024-09-14,573.98,486.76,481.27,5.5,30,Late
9009843,503281,2024-12-13,571.15,459.72,454.25,5.47,15,Late
9009844,503282,2023-01-09,4433.32,4204.49,4170.76,33.73,10,Late
9009845,503282,2023-04-09,4660.4,4749.47,4714.01,35.46,15,Late
9009846,503282,2023-07-08,4546.44,4623.17,4588.58,34.59,0,Paid
9009847,503283,2023-01-26,1724.06,1738.78,1724.35,14.42,0,Paid
9009848,503283,2023-04-26,1613.26,1626.54,1613.05,13.5,0,Paid
9009849,503283,2023-07-25,1655.9,1633.68,1619.83,13.85,0,Paid
9009850,503284,2020-10-05,8656.38,6692.79,6647.13,45.66,45,Late
9009851,503284,2021-01-03,8503.68,6468.47,6423.61,44.86,90,Late
9009852,503284,2021-04-03,8178.41,7479.65,7436.51,43.14,120,Late
9009853,503285,2021-10-12,678.51,690.89,686.79,4.1,0,Paid
9009854,503285,2022-01-10,671.05,686.49,682.43,4.05,0,Paid
9009855,503285,2022-04-10,703.56,687.07,682.82,4.25,0,Paid
9009856,503286,2024-06-25,5805.97,4890.18,4841.36,48.82,45,Late
9009857,503286,2024-09-23,5976.33,5455.86,5405.61,50.25,15,Late
9009858,503286,2024-12-22,5914.62,4684.93,4635.19,49.73,5,Late
9009859,503287,2020-08-17,2418.9,2450.54,2422.38,28.16,0,Paid
9009860,503287,2020-11-15,2380.39,1788.43,1760.72,27.71,45,Late
9009861,503287,2021-02-13,2440.24,1949.21,1920.8,28.41,90,Late
9009862,503288,2019-08-15,4979.91,5022.27,5006.17,16.1,0,Paid
9009863,503288,2019-11-13,4993.47,5137.58,5121.44,16.15,0,Paid
9009864,503288,2020-02-11,5161.67,5247.38,5230.69,16.69,0,Paid
9009865,503289,2020-11-02,8408.09,8274.71,8238.07,36.65,0,Paid
9009866,503289,2021-01-31,8312.97,8135.06,8098.83,36.23,0,Paid
9009867,503289,2021-05-01,7758.98,7108.61,7074.8,33.82,5,Late
9009868,503290,2020-05-20,1716.55,1719.07,1713.41,5.66,0,Paid
9009869,503290,2020-08-18,1719.79,1726.06,1720.38,5.68,0,Paid
9009870,503290,2020-11-16,1675.66,1661.11,1655.58,5.53,0,Paid
9009871,503291,2019-07-30,15268.21,14489.93,14306.96,182.96,15,Late
9009872,503291,2019-10-28,14283.09,12606.47,12435.31,171.16,30,Late
9009873,503291,2020-01-26,15669.64,14819.45,14631.68,187.77,60,Late
9009874,503292,2021-11-06,576.68,588.5,585.62,2.88,0,Paid
9009875,503292,2022-02-04,571.36,555.76,552.9,2.86,0,Paid
9009876,503292,2022-05-05,602.7,495.13,492.12,3.01,15,Late
9009877,503293,2023-02-15,6736.34,6842.15,6803.19,38.96,0,Paid
9009878,503293,2023-05-16,6525.78,5384.64,5346.9,37.74,45,Late
9009879,503293,2023-08-14,6927.51,6845.71,6805.65,40.06,0,Paid
9009880,503294,2025-02-04,7251.54,7001.78,6927.69,74.09,45,Late
9009881,503294,2025-05-05,7088.67,5762.23,5689.81,72.42,60,Late
9009882,503294,2025-08-03,6910.59,5923.95,5853.35,70.6,60,Late
9009883,503295,2019-01-21,5641.82,5696.84,5658.1,38.74,0,Paid
9009884,503295,2019-04-21,5389.55,5375.81,5338.8,37.01,0,Paid
9009885,503295,2019-07-20,5559.5,5695.5,5657.33,38.18,0,Paid
9009886,503296,2021-03-11,12767.19,12972.46,12881.49,90.97,0,Paid
9009887,503296,2021-06-09,13489.35,13049.15,12953.03,96.11,5,Late
9009888,503296,2021-09-07,13656.31,13698.29,13600.99,97.3,0,Paid
9009889,503297,2024-10-28,739.98,659.08,652.97,6.12,45,Late
9009890,503297,2025-01-26,745.0,749.99,743.83,6.16,0,Paid
9009891,503297,2025-04-26,716.4,729.74,723.81,5.92,30,Late
9009892,503298,2025-08-12,4209.33,3619.33,3577.38,41.95,30,Late
9009893,503298,2025-11-10,4414.8,4391.17,4347.17,44.0,0,Paid
9009894,503298,2026-02-08,4405.15,4400.93,4357.03,43.9,0,Paid
9009895,503299,2023-11-26,860.34,844.59,838.54,6.05,60,Late
9009896,503299,2024-02-24,883.81,863.79,857.58,6.22,0,Paid
9009897,503299,2024-05-24,874.65,856.62,850.47,6.15,30,Late
9009898,503300,2025-02-23,2075.89,2048.74,2039.3,9.45,0,Paid
9009899,503300,2025-05-24,2117.2,1926.13,1916.5,9.63,15,Late
9009900,503300,2025-08-22,2069.38,1841.27,1831.86,9.42,90,Late
9009901,503301,2020-04-23,2131.71,2165.36,2153.33,12.03,0,Paid
9009902,503301,2020-07-22,1974.38,1994.26,1983.13,11.14,0,Paid
9009903,503301,2020-10-20,2142.61,2129.78,2117.7,12.09,0,Paid
9009904,503302,2020-10-08,1159.81,878.22,869.26,8.96,45,Late
9009905,503302,2021-01-06,1170.87,1114.17,1105.12,9.04,120,Late
9009906,503302,2021-04-06,1119.38,1023.34,1014.69,8.65,45,Late
9009907,503303,2021-10-21,11409.92,11218.22,11129.12,89.09,30,Late
9009908,503303,2022-01-19,11565.17,10969.84,10879.53,90.3,15,Late
9009909,503303,2022-04-19,11888.56,11804.34,11711.51,92.83,0,Paid
9009910,503304,2021-06-19,1327.14,1089.35,1081.32,8.03,5,Late
9009911,503304,2021-09-17,1269.98,1234.5,1226.82,7.68,0,Paid
9009912,503304,2021-12-16,1249.81,1155.43,1147.87,7.56,10,Late
9009913,503305,2024-05-31,10520.21,10694.39,10629.16,65.23,60,Late
9009914,503305,2024-08-29,10439.79,8102.01,8037.28,64.73,5,Late
9009915,503305,2024-11-27,10483.8,10191.18,10126.18,65.0,0,Paid
9009916,503306,2021-08-22,5943.06,5673.73,5610.49,63.24,5,Late
9009917,503306,2021-11-20,5694.18,4349.73,4289.14,60.6,30,Late
9009918,503306,2022-02-18,5857.16,5699.55,5637.22,62.33,5,Late
9009919,503307,2025-12-11,522.03,530.65,528.14,2.5,0,Paid
9009920,503307,2026-03-11,521.58,514.78,512.28,2.5,0,Paid
9009921,503307,2026-06-09,502.83,501.44,499.04,2.41,0,Paid
9009922,503308,2024-10-28,1949.98,2004.39,1991.95,12.43,0,Paid
9009923,503308,2025-01-26,1920.15,1530.59,1518.35,12.24,45,Late
9009924,503308,2025-04-26,1823.58,1833.62,1822.0,11.63,0,Paid
9009925,503309,2023-10-17,1036.77,999.39,992.73,6.66,5,Late
9009926,503309,2024-01-15,1113.67,1083.69,1076.53,7.16,0,Paid
9009927,503309,2024-04-14,1098.82,868.22,861.16,7.06,10,Late
9009928,503310,2021-01-06,12449.72,11627.8,11582.35,45.44,30,Late
9009929,503310,2021-04-06,12886.88,11215.07,11168.04,47.04,45,Late
9009930,503310,2021-07-05,12854.86,10781.57,10734.65,46.92,30,Late
9009931,503311,2025-09-13,653.96,641.8,639.55,2.25,45,Late
9009932,503311,2025-12-12,620.19,618.11,615.98,2.13,45,Late
9009933,503311,2026-03-12,626.79,584.11,581.96,2.15,90,Late
9009934,503312,2024-08-11,6023.64,5946.12,5877.25,68.87,0,Paid
9009935,503312,2024-11-09,5989.52,6166.76,6098.28,68.48,0,Paid
9009936,503312,2025-02-07,6063.97,6166.1,6096.77,69.33,0,Paid
9009937,503313,2023-06-13,1577.83,1280.52,1264.13,16.4,90,Late
9009938,503313,2023-09-11,1552.29,1507.25,1491.11,16.13,0,Paid
9009939,503313,2023-12-10,1626.16,1607.63,1590.73,16.9,0,Paid
9009940,503314,2023-11-21,14372.39,13647.94,13492.24,155.7,5,Late
9009941,503314,2024-02-19,15596.24,15354.14,15185.19,168.96,90,Late
9009942,503314,2024-05-19,15491.96,13022.81,12854.98,167.83,5,Late
9009943,503315,2025-12-06,15493.57,12032.99,11870.44,162.55,30,Late
9009944,503315,2026-03-06,15040.64,13684.83,13527.03,157.8,10,Late
9009945,503315,2026-06-04,14989.04,14842.5,14685.24,157.26,0,Paid
9009946,503316,2019-03-03,1458.23,1258.69,1241.48,17.21,15,Late
9009947,503316,2019-06-01,1409.83,1244.42,1227.79,16.64,60,Late
9009948,503316,2019-08-30,1408.95,1261.42,1244.79,16.63,60,Late
9009949,503317,2020-02-03,1071.75,1066.39,1059.67,6.72,0,Paid
9009950,503317,2020-05-03,1133.11,869.34,862.23,7.1,5,Late
9009951,503317,2020-08-01,1118.62,1107.74,1100.73,7.01,15,Late
9009952,503318,2019-10-30,3321.36,3352.71,3339.76,12.95,0,Paid
9009953,503318,2020-01-28,3508.24,3573.32,3559.63,13.68,0,Paid
9009954,503318,2020-04-27,3292.56,3350.4,3337.56,12.84,0,Paid
9009955,503319,2022-12-15,9521.85,9737.08,9674.56,62.53,0,Paid
9009956,503319,2023-03-15,9365.69,7294.59,7233.09,61.5,60,Late
9009957,503319,2023-06-13,9527.85,9140.99,9078.42,62.57,10,Late
9009958,503320,2020-03-26,1542.08,1582.19,1570.01,12.18,0,Paid
9009959,503320,2020-06-24,1667.11,1668.91,1655.74,13.17,0,Paid
9009960,503320,2020-09-22,1567.01,1579.73,1567.35,12.38,0,Paid
9009961,503321,2022-06-16,9782.75,9863.59,9764.21,99.38,0,Paid
9009962,503321,2022-09-14,9936.33,9362.03,9261.09,100.94,5,Late
9009963,503321,2022-12-13,9656.05,9794.78,9696.69,98.09,0,Paid
9009964,503322,2025-05-07,1004.53,1014.41,1009.38,5.03,0,Paid
9009965,503322,2025-08-05,1022.41,1021.71,1016.59,5.12,60,Late
9009966,503322,2025-11-03,961.59,946.97,942.15,4.82,0,Paid
9009967,503323,2020-06-17,875.83,865.67,855.22,10.45,0,Paid
9009968,503323,2020-09-15,919.33,932.3,921.32,10.97,0,Paid
9009969,503323,2020-12-14,891.23,685.43,674.79,10.64,30,Late
9009970,503324,2019-10-09,952.18,944.06,937.43,6.63,5,Late
9009971,503324,2020-01-07,917.35,763.86,757.48,6.38,10,Late
9009972,503324,2020-04-06,969.67,923.61,916.86,6.75,10,Late
9009973,503325,2025-07-04,6394.91,6405.56,6347.79,57.77,60,Late
9009974,503325,2025-10-02,6397.46,6224.96,6167.17,57.79,0,Paid
9009975,503325,2025-12-31,6988.49,6698.85,6635.72,63.13,10,Late
9009976,503326,2019-06-22,12889.31,12830.98,12746.56,84.42,0,Paid
9009977,503326,2019-09-20,12671.5,11616.81,11533.81,83.0,90,Late
9009978,503326,2019-12-19,12864.82,12784.45,12700.19,84.26,0,Paid
9009979,503327,2019-11-16,1965.62,1626.47,1610.8,15.68,90,Late
9009980,503327,2020-02-14,2013.11,1782.83,1766.78,16.05,45,Late
9009981,503327,2020-05-14,1901.58,1656.99,1641.82,15.17,120,Late
9009982,503328,2025-06-14,7127.26,7139.62,7106.3,33.32,0,Paid
9009983,503328,2025-09-12,7127.64,7016.5,6983.18,33.32,0,Paid
9009984,503328,2025-12-11,7598.68,7639.94,7604.42,35.52,0,Paid
9009985,503329,2025-08-16,6599.24,6493.76,6469.39,24.36,0,Paid
9009986,503329,2025-11-14,6885.64,5388.61,5363.19,25.42,90,Late
9009987,503329,2026-02-12,6596.77,5061.47,5037.12,24.35,5,Late
9009988,503330,2024-02-07,984.54,962.87,955.61,7.26,0,Paid
9009989,503330,2024-05-07,942.55,944.34,937.39,6.95,0,Paid
9009990,503330,2024-08-05,944.83,926.42,919.45,6.97,0,Paid
9009991,503331,2024-01-29,967.54,844.96,836.75,8.21,15,Late
9009992,503331,2024-04-28,926.7,856.22,848.36,7.86,45,Late
9009993,503331,2024-07-27,937.46,881.78,873.83,7.95,60,Late
9009994,503332,2023-09-09,2074.62,1682.56,1674.82,7.75,15,Late
9009995,503332,2023-12-08,2019.98,1823.79,1816.25,7.54,5,Late
9009996,503332,2024-03-07,2029.73,2018.15,2010.57,7.58,0,Paid
9009997,503333,2020-07-30,2583.58,2635.48,2616.3,19.18,90,Late
9009998,503333,2020-10-28,2673.49,2702.25,2682.4,19.85,0,Paid
9009999,503333,2021-01-26,2790.94,2869.96,2849.24,20.72,0,Paid
9010000,503334,2023-10-16,471.55,392.34,388.3,4.04,45,Late
9010001,503334,2024-01-14,456.36,451.19,447.29,3.91,60,Late
9010002,503334,2024-04-13,466.04,398.19,394.2,3.99,120,Late
9010003,503335,2019-04-15,10271.81,8108.97,8023.8,85.17,90,Late
9010004,503335,2019-07-14,10227.73,10312.82,10228.01,84.8,45,Late
9010005,503335,2019-10-12,10304.05,10306.49,10221.06,85.44,90,Late
9010006,503336,2024-03-27,1443.06,1263.43,1255.48,7.95,10,Late
9010007,503336,2024-06-25,1371.6,1395.44,1387.88,7.56,0,Paid
9010008,503336,2024-09-23,1421.84,1451.32,1443.49,7.83,0,Paid
9010009,503337,2022-01-30,15225.48,14781.96,14705.2,76.76,0,Paid
9010010,503337,2022-04-30,15209.89,15522.29,15445.6,76.68,5,Late
9010011,503337,2022-07-29,15575.44,13147.57,13069.04,78.53,90,Late
9010012,503338,2020-04-22,1963.7,2014.34,1999.89,14.45,0,Paid
9010013,503338,2020-07-21,2116.76,1700.22,1684.64,15.58,10,Late
9010014,503338,2020-10-19,2080.89,2027.99,2012.68,15.31,0,Paid
9010015,503339,2023-01-13,2020.06,2013.07,2003.49,9.58,0,Paid
9010016,503339,2023-04-13,1880.92,1862.71,1853.79,8.92,0,Paid
9010017,503339,2023-07-12,2044.97,1988.84,1979.15,9.7,15,Late
9010018,503340,2022-10-27,11662.17,11836.94,11769.1,67.83,0,Paid
9010019,503340,2023-01-25,11804.35,11642.26,11573.59,68.66,0,Paid
9010020,503340,2023-04-25,12182.83,12469.8,12398.94,70.86,0,Paid
9010021,503341,2024-11-21,7146.0,7065.8,6990.17,75.63,0,Paid
9010022,503341,2025-02-19,7782.48,7747.97,7665.61,82.36,0,Paid
9010023,503341,2025-05-20,7090.69,6081.04,6006.0,75.04,60,Late
9010024,503342,2021-05-26,1921.01,1703.26,1686.98,16.28,60,Late
9010025,503342,2021-08-24,1812.02,1388.22,1372.87,15.36,15,Late
9010026,503342,2021-11-22,1740.64,1489.9,1475.15,14.75,60,Late
9010027,503343,2025-08-30,4755.5,4577.13,4528.5,48.62,30,Late
9010028,503343,2025-11-28,4751.27,4695.48,4646.9,48.58,0,Paid
9010029,503343,2026-02-26,4875.65,4857.87,4808.02,49.85,0,Paid
9010030,503344,2025-05-26,10628.37,8744.83,8620.12,124.71,45,Late
9010031,503344,2025-08-24,10465.47,8531.87,8409.08,122.79,60,Late
9010032,503344,2025-11-22,10834.44,9122.74,8995.62,127.12,120,Late
9010033,503345,2019-07-22,1126.04,1131.89,1125.76,6.13,0,Paid
9010034,503345,2019-10-20,1024.67,1025.14,1019.57,5.58,0,Paid
9010035,503345,2020-01-18,1052.57,808.32,802.59,5.73,60,Late
9010036,503346,2022-12-15,14299.19,14228.88,14125.8,103.07,0,Paid
9010037,503346,2023-03-15,15669.91,15375.66,15262.71,112.95,0,Paid
9010038,503346,2023-06-13,14525.84,14510.67,14405.96,104.71,45,Late
9010039,503347,2021-02-14,7316.89,7306.03,7284.63,21.4,15,Late
9010040,503347,2021-05-15,6947.48,6530.47,6510.15,20.32,15,Late
9010041,503347,2021-08-13,6902.1,5196.89,5176.7,20.19,30,Late
9010042,503348,2019-12-11,9512.22,9561.56,9512.49,49.07,0,Paid
9010043,503348,2020-03-10,8855.44,9036.29,8990.61,45.68,0,Paid
9010044,503348,2020-06-08,9146.13,9263.2,9216.02,47.18,0,Paid
9010045,503349,2021-05-09,742.56,602.69,596.68,6.0,5,Late
9010046,503349,2021-08-07,751.12,768.78,762.71,6.07,0,Paid
9010047,503349,2021-11-05,761.69,781.83,775.67,6.16,0,Paid
9010048,503350,2022-01-03,4249.77,4344.29,4325.27,19.02,5,Late
9010049,503350,2022-04-03,4223.92,4176.19,4157.29,18.9,0,Paid
9010050,503350,2022-07-02,4332.97,4244.96,4225.57,19.39,0,Paid
9010051,503351,2021-06-06,6187.89,5293.15,5254.83,38.31,30,Late
9010052,503351,2021-09-04,6423.59,6303.81,6264.04,39.77,0,Paid
9010053,503351,2021-12-03,6508.0,5718.67,5678.37,40.3,10,Late
9010054,503352,2023-10-02,4150.68,4193.67,4151.37,42.3,0,Paid
9010055,503352,2023-12-31,4138.18,4159.81,4117.63,42.17,0,Paid
9010056,503352,2024-03-30,3889.73,3879.1,3839.46,39.64,0,Paid
9010057,503353,2022-11-27,15427.07,15252.35,15100.13,152.21,0,Paid
9010058,503353,2023-02-25,15408.13,12148.59,11996.57,152.03,10,Late
9010059,503353,2023-05-26,14716.01,11214.47,11069.28,145.2,5,Late
9010060,503354,2019-09-09,15687.89,15583.7,15401.72,181.98,0,Paid
9010061,503354,2019-12-08,15138.21,11466.83,11291.23,175.6,30,Late
9010062,503354,2020-03-07,14691.43,14771.84,14601.42,170.42,0,Paid
9010063,503355,2024-10-19,14331.94,11464.53,11393.59,70.94,15,Late
9010064,503355,2025-01-17,15178.94,14770.84,14695.7,75.14,0,Paid
9010065,503355,2025-04-17,14515.93,14272.95,14201.1,71.85,0,Paid
9010066,503356,2022-11-17,5828.68,5877.4,5808.53,68.88,0,Paid
9010067,503356,2023-02-15,5726.94,5664.58,5596.9,67.67,0,Paid
9010068,503356,2023-05-16,5870.2,5701.12,5631.75,69.37,0,Paid
9010069,503357,2019-09-05,5740.57,5707.02,5673.0,34.01,0,Paid
9010070,503357,2019-12-04,5899.02,5905.3,5870.35,34.95,0,Paid
9010071,503357,2020-03-03,5696.68,5675.83,5642.08,33.75,30,Late
9010072,503358,2025-07-25,915.62,892.67,886.89,5.78,15,Late
9010073,503358,2025-10-23,927.93,724.03,718.18,5.85,15,Late
9010074,503358,2026-01-21,967.17,744.56,738.46,6.1,60,Late
9010075,503359,2020-07-02,1855.01,1393.42,1377.85,15.57,15,Late
9010076,503359,2020-09-30,1852.38,1859.79,1844.25,15.54,0,Paid
9010077,503359,2020-12-29,1738.04,1689.54,1674.95,14.59,0,Paid
9010078,503360,2021-04-11,946.75,880.77,873.39,7.38,5,Late
9010079,503360,2021-07-10,942.47,916.28,908.93,7.34,0,Paid
9010080,503360,2021-10-08,908.01,915.71,908.64,7.07,0,Paid
9010081,503361,2022-10-22,8997.28,8856.07,8767.14,88.92,0,Paid
9010082,503361,2023-01-20,9201.64,7987.35,7896.41,90.94,5,Late
9010083,503361,2023-04-20,9150.76,8151.25,8060.81,90.44,30,Late
9010084,503362,2024-07-19,14272.7,14525.58,14422.22,103.36,0,Paid
9010085,503362,2024-10-17,14320.47,14128.3,14024.6,103.7,0,Paid
9010086,503362,2025-01-15,15102.29,12431.74,12322.37,109.37,15,Late
9010087,503363,2021-03-26,576.83,515.89,510.58,5.31,15,Late
9010088,503363,2021-06-24,583.54,544.75,539.38,5.37,45,Late
9010089,503363,2021-09-22,531.28,437.09,432.2,4.89,30,Late
9010090,503364,2020-11-09,14648.99,14503.04,14379.62,123.42,10,Late
9010091,503364,2021-02-07,15098.94,14874.44,14747.24,127.21,0,Paid
9010092,503364,2021-05-08,14791.83,14553.88,14429.26,124.62,0,Paid
9010093,503365,2023-01-14,2368.8,2262.68,2247.53,15.14,30,Late
9010094,503365,2023-04-14,2272.73,2266.29,2251.76,14.53,0,Paid
9010095,503365,2023-07-13,2246.23,2297.85,2283.5,14.36,0,Paid
9010096,503366,2020-09-05,1994.67,1950.13,1935.02,15.11,0,Paid
9010097,503366,2020-12-04,1905.61,1856.85,1842.42,14.43,0,Paid
9010098,503366,2021-03-04,1980.68,2035.9,2020.9,15.0,0,Paid
9010099,503367,2024-05-09,15442.9,15334.83,15175.38,159.45,0,Paid
9010100,503367,2024-08-07,14775.78,14954.97,14802.41,152.56,0,Paid
9010101,503367,2024-11-05,15174.41,15063.69,14907.01,156.68,5,Late
9010102,503368,2021-03-06,1387.93,1385.96,1378.84,7.11,0,Paid
9010103,503368,2021-06-04,1441.69,1477.01,1469.62,7.39,5,Late
9010104,503368,2021-09-02,1396.71,1406.19,1399.03,7.16,0,Paid
9010105,503369,2024-07-16,1586.35,1582.47,1565.35,17.12,30,Late
9010106,503369,2024-10-14,1641.17,1621.58,1603.87,17.71,15,Late
9010107,503369,2025-01-12,1617.49,1332.66,1315.21,17.46,5,Late
9010108,503370,2019-12-16,975.78,863.95,858.66,5.29,45,Late
9010109,503370,2020-03-15,897.12,756.98,752.12,4.87,45,Late
9010110,503370,2020-06-13,925.72,914.11,909.08,5.02,90,Late
9010111,503371,2020-08-21,4457.05,4247.93,4225.31,22.62,120,Late
9010112,503371,2020-11-19,4677.95,4623.55,4599.81,23.74,120,Late
9010113,503371,2021-02-17,4363.88,3439.46,3417.32,22.15,45,Late
9010114,503372,2022-12-07,1836.53,1851.39,1840.69,10.7,0,Paid
9010115,503372,2023-03-07,1775.37,1475.17,1464.82,10.34,5,Late
9010116,503372,2023-06-05,1837.33,1733.62,1722.92,10.7,60,Late
9010117,503373,2025-09-03,239.44,246.03,245.08,0.95,0,Paid
9010118,503373,2025-12-02,248.51,227.33,226.34,0.99,45,Late
9010119,503373,2026-03-02,251.08,249.51,248.51,1.0,0,Paid
9010120,503374,2021-06-23,6440.67,6289.47,6237.78,51.69,0,Paid
9010121,503374,2021-09-21,6413.05,6335.39,6283.93,51.46,15,Late
9010122,503374,2021-12-20,6492.46,6465.87,6413.77,52.1,0,Paid
9010123,503375,2022-04-18,981.25,988.29,976.68,11.62,15,Late
9010124,503375,2022-07-17,978.82,749.18,737.59,11.59,45,Late
9010125,503375,2022-10-15,996.34,973.78,961.98,11.8,45,Late
9010126,503376,2020-03-28,1957.56,1916.66,1898.8,17.86,0,Paid
9010127,503376,2020-06-26,2058.07,2037.87,2019.09,18.78,10,Late
9010128,503376,2020-09-24,2076.82,1637.22,1618.27,18.95,90,Late
9010129,503377,2020-01-01,1011.27,953.95,950.31,3.63,30,Late
9010130,503377,2020-03-31,950.97,933.26,929.84,3.42,0,Paid
9010131,503377,2020-06-29,954.29,865.22,861.79,3.43,5,Late
9010132,503378,2024-08-02,1512.29,1165.25,1153.95,11.29,60,Late
9010133,503378,2024-10-31,1486.8,1490.59,1479.49,11.1,30,Late
9010134,503378,2025-01-29,1425.34,1294.46,1283.82,10.64,15,Late
9010135,503379,2024-12-07,7691.95,6602.95,6569.36,33.59,60,Late
9010136,503379,2025-03-07,7975.15,7760.56,7725.73,34.82,0,Paid
9010137,503379,2025-06-05,7723.56,7886.25,7852.52,33.73,0,Paid
9010138,503380,2025-10-20,282.49,284.63,283.76,0.87,0,Paid
9010139,503380,2026-01-18,299.03,233.02,232.09,0.92,10,Late
9010140,503380,2026-04-18,288.45,247.51,246.62,0.89,5,Late
9010141,503381,2025-05-27,626.94,622.63,616.88,5.75,0,Paid
9010142,503381,2025-08-25,618.21,633.42,627.75,5.67,30,Late
9010143,503381,2025-11-23,578.72,559.24,553.93,5.3,5,Late
9010144,503382,2019-08-11,14588.95,14234.35,14135.88,98.48,0,Paid
9010145,503382,2019-11-09,15117.44,15375.37,15273.33,102.04,0,Paid
9010146,503382,2020-02-07,15231.84,14231.53,14128.72,102.81,45,Late
9010147,503383,2023-04-09,1199.19,999.14,989.34,9.79,5,Late
9010148,503383,2023-07-08,1271.84,1076.49,1066.11,10.39,45,Late
9010149,503383,2023-10-06,1218.23,1235.9,1225.95,9.95,0,Paid
9010150,503384,2025-10-01,15023.55,14955.22,14849.68,105.54,15,Late
9010151,503384,2025-12-30,15274.64,14823.99,14716.68,107.3,0,Paid
9010152,503384,2026-03-30,15152.6,15102.28,14995.83,106.45,0,Paid
9010153,503385,2019-05-20,6103.31,6112.29,6040.58,71.71,0,Paid
9010154,503385,2019-08-18,6031.05,6066.79,5995.93,70.86,0,Paid
9010155,503385,2019-11-16,5810.61,5052.52,4984.24,68.27,5,Late
9010156,503386,2025-02-11,15199.99,12262.45,12162.89,99.56,5,Late
9010157,503386,2025-05-12,15707.95,16002.06,15899.18,102.89,0,Paid
9010158,503386,2025-08-10,15337.45,15438.0,15337.54,100.46,0,Paid
9010159,503387,2021-10-23,8256.71,8037.66,7950.07,87.59,0,Paid
9010160,503387,2022-01-21,8589.24,8842.13,8751.02,91.12,0,Paid
9010161,503387,2022-04-21,8289.22,8457.83,8369.89,87.93,0,Paid
9010162,503388,2019-10-30,338.11,281.48,280.29,1.19,45,Late
9010163,503388,2020-01-28,319.24,316.7,315.58,1.13,0,Paid
9010164,503388,2020-04-27,329.84,337.5,336.33,1.16,15,Late
9010165,503389,2022-01-02,855.32,831.07,822.8,8.27,0,Paid
9010166,503389,2022-04-02,868.65,880.02,871.63,8.4,0,Paid
9010167,503389,2022-07-01,863.54,849.56,841.21,8.35,30,Late
9010168,503390,2022-01-25,11533.86,11343.17,11244.94,98.23,0,Paid
9010169,503390,2022-04-25,11487.55,11250.31,11152.48,97.84,5,Late
9010170,503390,2022-07-24,11412.37,11090.31,10993.12,97.2,0,Paid
9010171,503391,2023-11-28,11400.21,11471.48,11372.49,98.99,0,Paid
9010172,503391,2024-02-26,10851.4,9679.56,9585.33,94.23,60,Late
9010173,503391,2024-05-26,10835.73,10737.57,10643.48,94.09,0,Paid
9010174,503392,2023-12-11,13613.02,13250.04,13180.84,69.2,0,Paid
9010175,503392,2024-03-10,13549.44,13148.58,13079.71,68.88,0,Paid
9010176,503392,2024-06-08,12528.14,12651.21,12587.53,63.68,0,Paid
9010177,503393,2024-07-11,1209.1,1206.22,1199.99,6.23,0,Paid
9010178,503393,2024-10-09,1184.78,1183.4,1177.3,6.1,30,Late
9010179,503393,2025-01-07,1263.61,1039.15,1032.65,6.51,30,Late
9010180,503394,2020-05-24,845.97,815.9,808.01,7.88,45,Late
9010181,503394,2020-08-22,799.61,698.93,691.48,7.45,60,Late
9010182,503394,2020-11-20,867.33,679.08,671.0,8.08,120,Late
9010183,503395,2020-06-30,9633.49,8436.49,8369.86,66.63,15,Late
9010184,503395,2020-09-28,9675.16,9506.56,9439.64,66.92,0,Paid
9010185,503395,2020-12-27,9716.92,9724.68,9657.47,67.21,0,Paid
9010186,503396,2022-07-16,10615.38,8918.24,8846.15,72.1,90,Late
9010187,503396,2022-10-14,10913.59,10860.77,10786.65,74.12,0,Paid
9010188,503396,2023-01-12,10274.75,10159.7,10089.92,69.78,0,Paid
9010189,503397,2024-05-11,15039.18,15034.6,14957.53,77.08,0,Paid
9010190,503397,2024-08-09,14280.69,11769.0,11695.81,73.19,5,Late
9010191,503397,2024-11-07,14267.98,14064.83,13991.71,73.12,0,Paid
9010192,503398,2025-07-03,7878.38,7706.75,7645.89,60.86,0,Paid
9010193,503398,2025-10-01,7770.35,7933.25,7873.22,60.03,0,Paid
9010194,503398,2025-12-30,7958.93,7733.35,7671.87,61.48,0,Paid
9010195,503399,2023-01-28,8250.09,8365.17,8306.74,58.44,0,Paid
9010196,503399,2023-04-28,8656.95,8567.58,8506.26,61.32,0,Paid
9010197,503399,2023-07-27,8432.15,8588.85,8529.12,59.73,0,Paid
9010198,503400,2022-05-23,695.56,693.59,690.91,2.68,0,Paid
9010199,503400,2022-08-21,692.24,693.17,690.5,2.67,0,Paid
9010200,503400,2022-11-19,690.05,675.16,672.49,2.66,0,Paid
9010201,503401,2024-10-06,534.91,532.4,530.04,2.36,0,Paid
9010202,503401,2025-01-04,519.36,510.82,508.53,2.29,0,Paid
9010203,503401,2025-04-04,539.21,553.26,550.88,2.38,0,Paid
9010204,503402,2023-07-05,3681.5,3616.72,3592.94,23.78,0,Paid
9010205,503402,2023-10-03,3894.86,3932.61,3907.46,25.15,0,Paid
9010206,503402,2024-01-01,3772.59,3870.06,3845.69,24.36,0,Paid
9010207,503403,2021-09-05,650.11,661.44,654.5,6.94,30,Late
9010208,503403,2021-12-04,663.78,601.72,594.63,7.09,90,Late
9010209,503403,2022-03-04,635.31,642.18,635.39,6.78,0,Paid
9010210,503404,2022-07-04,2040.91,2089.98,2078.5,11.48,0,Paid
9010211,503404,2022-10-02,1988.01,1667.98,1656.8,11.18,10,Late
9010212,503404,2022-12-31,2110.72,1743.26,1731.39,11.87,5,Late
9010213,503405,2022-01-02,1171.24,1073.51,1061.59,11.92,15,Late
9010214,503405,2022-04-02,1176.59,1198.62,1186.65,11.97,0,Paid
9010215,503405,2022-07-01,1213.23,1069.8,1057.45,12.34,30,Late
9010216,503406,2019-04-25,4932.94,4987.28,4941.41,45.88,0,Paid
9010217,503406,2019-07-24,4883.27,4865.87,4820.46,45.41,0,Paid
9010218,503406,2019-10-22,5099.45,5105.94,5058.52,47.42,0,Paid
9010219,503407,2019-11-24,9836.72,9846.56,9741.39,105.17,0,Paid
9010220,503407,2020-02-22,9739.52,9740.74,9636.61,104.13,0,Paid
9010221,503407,2020-05-22,9593.28,9476.11,9373.55,102.57,0,Paid
9010222,503408,2025-12-23,6692.23,6874.88,6794.91,79.97,0,Paid
9010223,503408,2026-03-23,6344.96,6337.44,6261.61,75.82,0,Paid
9010224,503408,2026-06-21,6242.55,4916.76,4842.16,74.6,30,Late
9010225,503409,2023-11-18,513.31,404.71,399.45,5.25,90,Late
9010226,503409,2024-02-16,484.52,455.47,450.51,4.96,5,Late
9010227,503409,2024-05-16,487.87,497.19,492.2,4.99,0,Paid
9010228,503410,2019-03-13,1482.55,1451.39,1440.52,10.87,0,Paid
9010229,503410,2019-06-11,1539.38,1166.62,1155.33,11.29,45,Late
9010230,503410,2019-09-09,1446.9,1439.95,1429.34,10.61,0,Paid
9010231,503411,2022-08-23,9324.24,7840.68,7775.49,65.19,30,Late
9010232,503411,2022-11-21,9881.89,10014.64,9945.55,69.09,0,Paid
9010233,503411,2023-02-19,9485.86,9260.84,9194.52,66.32,0,Paid
9010234,503412,2019-04-28,1546.4,1395.04,1384.2,10.84,10,Late
9010235,503412,2019-07-27,1561.15,1598.71,1587.77,10.94,0,Paid
9010236,503412,2019-10-25,1637.62,1619.14,1607.67,11.48,0,Paid
9010237,503413,2021-10-01,2006.41,1926.75,1918.79,7.96,5,Late
9010238,503413,2021-12-30,2075.88,1904.88,1896.64,8.23,45,Late
9010239,503413,2022-03-30,1941.58,1998.74,1991.04,7.7,0,Paid
9010240,503414,2019-04-03,6053.0,6085.3,6020.53,64.77,0,Paid
9010241,503414,2019-07-02,6499.9,6440.05,6370.5,69.55,0,Paid
9010242,503414,2019-09-30,6529.07,5534.72,5464.86,69.86,45,Late
9010243,503415,2020-10-22,1798.58,1520.87,1510.49,10.39,30,Late
9010244,503415,2021-01-20,1771.15,1728.73,1718.5,10.23,0,Paid
9010245,503415,2021-04-20,1782.54,1736.37,1726.07,10.29,0,Paid
9010246,503416,2020-10-02,14868.19,12081.43,11999.66,81.78,60,Late
9010247,503416,2020-12-31,13878.85,11796.75,11720.42,76.33,60,Late
9010248,503416,2021-03-31,14316.17,14236.71,14157.97,78.74,60,Late
9010249,503417,2020-11-13,6140.31,5184.89,5149.53,35.36,60,Late
9010250,503417,2021-02-11,6267.21,6293.76,6257.67,36.09,0,Paid
9010251,503417,2021-05-12,6454.06,5994.84,5957.68,37.16,60,Late
9010252,503418,2023-06-09,6875.05,6888.32,6843.92,44.4,30,Late
9010253,503418,2023-09-07,6808.27,6586.6,6542.63,43.97,60,Late
9010254,503418,2023-12-06,6600.3,6439.58,6396.95,42.63,60,Late
9010255,503419,2020-07-09,14290.38,12446.76,12384.6,62.16,15,Late
9010256,503419,2020-10-07,14051.34,11300.1,11238.97,61.12,15,Late
9010257,503419,2021-01-05,14549.5,12041.3,11978.01,63.29,60,Late
9010258,503420,2023-08-24,1764.96,1626.01,1607.9,18.11,30,Late
9010259,503420,2023-11-22,1771.02,1713.96,1695.79,18.17,90,Late
9010260,503420,2024-02-20,1752.11,1708.56,1690.59,17.97,0,Paid
9010261,503421,2022-07-23,7728.19,7755.03,7677.69,77.35,0,Paid
9010262,503421,2022-10-21,7995.79,7774.82,7694.8,80.02,0,Paid
9010263,503421,2023-01-19,8344.8,7816.98,7733.46,83.52,15,Late
9010264,503422,2022-12-05,10949.32,11177.38,11078.56,98.82,0,Paid
9010265,503422,2023-03-05,10361.52,10477.26,10383.75,93.51,0,Paid
9010266,503422,2023-06-03,11333.02,11144.48,11042.2,102.28,0,Paid
9010267,503423,2025-10-19,9567.07,7890.25,7819.45,70.8,10,Late
9010268,503423,2026-01-17,10006.44,10249.88,10175.83,74.05,0,Paid
9010269,503423,2026-04-17,9928.94,9948.98,9875.5,73.47,0,Paid
9010270,503424,2021-06-20,12681.78,12943.94,12905.26,38.68,0,Paid
9010271,503424,2021-09-18,13361.42,13454.7,13413.94,40.75,10,Late
9010272,503424,2021-12-17,13210.67,13489.93,13449.64,40.29,0,Paid
9010273,503425,2025-09-17,970.29,737.71,729.38,8.33,45,Late
9010274,503425,2025-12-16,908.06,908.36,900.57,7.79,10,Late
9010275,503425,2026-03-16,926.05,925.6,917.65,7.95,0,Paid
9010276,503426,2022-05-14,2107.89,2155.25,2141.72,13.53,0,Paid
9010277,503426,2022-08-12,2204.71,2244.77,2230.63,14.15,0,Paid
9010278,503426,2022-11-10,2247.53,2253.3,2238.88,14.42,10,Late
9010279,503427,2023-04-24,2297.01,2305.88,2297.19,8.69,0,Paid
9010280,503427,2023-07-23,2317.84,2289.92,2281.15,8.77,0,Paid
9010281,503427,2023-10-21,2233.04,1989.5,1981.05,8.45,30,Late
9010282,503428,2021-03-12,1187.42,1156.07,1142.94,13.13,0,Paid
9010283,503428,2021-06-10,1197.47,1230.57,1217.33,13.24,5,Late
9010284,503428,2021-09-08,1253.43,1056.89,1043.03,13.86,15,Late
9010285,503429,2025-05-17,10923.24,10820.66,10780.7,39.96,5,Late
9010286,503429,2025-08-15,10887.7,8817.91,8778.08,39.83,5,Late
9010287,503429,2025-11-13,10516.19,8953.8,8915.33,38.47,45,Late
9010288,503430,2019-12-16,1702.09,1554.98,1545.07,9.91,45,Late
9010289,503430,2020-03-15,1690.83,1615.97,1606.12,9.85,60,Late
9010290,503430,2020-06-13,1641.27,1242.22,1232.66,9.56,15,Late
9010291,503431,2023-03-25,1552.56,1569.5,1563.44,6.05,0,Paid
9010292,503431,2023-06-23,1544.52,1505.36,1499.34,6.02,0,Paid
9010293,503431,2023-09-21,1619.52,1641.13,1634.81,6.32,60,Late
9010294,503432,2025-12-26,9947.54,9689.76,9570.06,119.7,0,Paid
9010295,503432,2026-03-26,9942.82,7959.52,7839.87,119.65,60,Late
9010296,503432,2026-06-24,10414.66,10248.89,10123.57,125.32,0,Paid
9010297,503433,2025-12-24,14667.41,12007.03,11911.81,95.22,5,Late
9010298,503433,2026-03-24,15108.0,15085.95,14987.88,98.08,0,Paid
9010299,503433,2026-06-22,14252.72,13469.46,13376.93,92.52,15,Late
9010300,503434,2020-08-14,1983.05,1650.87,1641.2,9.67,90,Late
9010301,503434,2020-11-12,1915.87,1936.0,1926.66,9.34,60,Late
9010302,503434,2021-02-10,1974.17,1764.99,1755.36,9.62,60,Late
9010303,503435,2025-02-04,520.53,521.67,518.12,3.55,0,Paid
9010304,503435,2025-05-05,515.98,526.68,523.16,3.52,0,Paid
9010305,503435,2025-08-03,510.76,525.51,522.03,3.48,0,Paid
9010306,503436,2023-08-22,10363.69,10410.14,10341.13,69.0,0,Paid
9010307,503436,2023-11-20,10581.89,10389.0,10318.54,70.46,0,Paid
9010308,503436,2024-02-18,10536.31,10263.07,10192.91,70.15,0,Paid
9010309,503437,2025-08-24,2055.17,2090.67,2075.72,14.95,0,Paid
9010310,503437,2025-11-22,2063.22,2034.94,2019.93,15.01,0,Paid
9010311,503437,2026-02-20,2124.67,2165.15,2149.69,15.46,0,Paid
9010312,503438,2020-09-22,10922.87,9440.75,9330.24,110.5,10,Late
9010313,503438,2020-12-21,11540.85,11576.86,11460.1,116.75,0,Paid
9010314,503438,2021-03-21,10748.34,10626.38,10517.64,108.74,5,Late
9010315,503439,2021-01-10,1557.21,1548.72,1535.82,12.9,0,Paid
9010316,503439,2021-04-10,1645.94,1362.37,1348.74,13.63,5,Late
9010317,503439,2021-07-09,1508.7,1511.2,1498.7,12.5,0,Paid
9010318,503440,2023-02-08,9901.04,10048.84,9995.3,53.55,0,Paid
9010319,503440,2023-05-09,9552.45,9489.83,9438.17,51.66,0,Paid
9010320,503440,2023-08-07,9126.13,8958.13,8908.77,49.36,0,Paid
9010321,503441,2019-01-25,10582.28,10337.19,10245.3,91.89,0,Paid
9010322,503441,2019-04-25,10887.49,9833.32,9738.78,94.54,5,Late
9010323,503441,2019-07-24,10515.42,8085.96,7994.66,91.31,5,Late
9010324,503442,2020-06-07,15474.38,15597.32,15522.14,75.18,0,Paid
9010325,503442,2020-09-05,15031.88,14646.36,14573.33,73.03,0,Paid
9010326,503442,2020-12-04,14889.38,15142.61,15070.27,72.34,0,Paid
9010327,503443,2020-10-27,747.03,749.69,742.21,7.48,0,Paid
9010328,503443,2021-01-25,715.73,703.06,695.89,7.16,0,Paid
9010329,503443,2021-04-25,760.96,771.67,764.06,7.62,0,Paid
9010330,503444,2019-04-28,5353.8,4436.27,4394.91,41.36,60,Late
9010331,503444,2019-07-27,5488.8,5440.42,5398.02,42.4,120,Late
9010332,503444,2019-10-25,5514.35,4514.97,4472.37,42.6,120,Late
9010333,503445,2024-06-10,6795.79,6923.43,6878.98,44.46,0,Paid
9010334,503445,2024-09-08,6429.07,6546.85,6504.8,42.06,0,Paid
9010335,503445,2024-12-07,6519.25,6507.12,6464.48,42.65,30,Late
9010336,503446,2025-07-21,1206.18,1204.06,1193.41,10.64,0,Paid
9010337,503446,2025-10-19,1228.43,1213.43,1202.59,10.84,0,Paid
9010338,503446,2026-01-17,1263.58,1283.51,1272.36,11.15,30,Late
9010339,503447,2025-08-08,9579.09,9564.73,9484.75,79.99,0,Paid
9010340,503447,2025-11-06,9003.24,8929.86,8854.68,75.18,0,Paid
9010341,503447,2026-02-04,9224.44,9385.72,9308.7,77.02,0,Paid
9010342,503448,2023-03-11,14724.95,14408.04,14320.43,87.61,0,Paid
9010343,503448,2023-06-09,15454.06,15180.84,15088.89,91.95,0,Paid
9010344,503448,2023-09-07,15726.58,15531.06,15437.49,93.57,5,Late
9010345,503449,2021-07-29,320.28,327.83,325.28,2.55,15,Late
9010346,503449,2021-10-27,317.1,323.73,321.21,2.52,0,Paid
9010347,503449,2022-01-25,317.65,242.72,240.19,2.53,5,Late
9010348,503450,2021-05-08,720.96,713.04,707.93,5.12,0,Paid
9010349,503450,2021-08-06,754.12,776.69,771.34,5.35,0,Paid
9010350,503450,2021-11-04,718.77,560.44,555.34,5.1,5,Late
9010351,503451,2023-12-26,15404.23,15019.03,14937.77,81.26,0,Paid
9010352,503451,2024-03-25,15283.13,15269.06,15188.44,80.62,0,Paid
9010353,503451,2024-06-23,14524.71,14630.35,14553.73,76.62,0,Paid
9010354,503452,2022-04-13,15605.26,15740.86,15577.27,163.6,0,Paid
9010355,503452,2022-07-12,14365.15,13676.13,13525.53,150.59,5,Late
9010356,503452,2022-10-10,14712.2,11463.0,11308.77,154.23,30,Late
9010357,503453,2019-05-03,2105.07,2043.53,2020.19,23.33,0,Paid
9010358,503453,2019-08-01,2072.74,2119.67,2096.7,22.97,0,Paid
9010359,503453,2019-10-30,2203.22,1842.15,1817.73,24.42,5,Late
9010360,503454,2021-05-08,10237.41,10461.84,10370.21,91.62,10,Late
9010361,503454,2021-08-06,9698.32,9695.18,9608.38,86.8,0,Paid
9010362,503454,2021-11-04,9809.39,9709.23,9621.43,87.79,0,Paid
9010363,503455,2023-11-17,1766.19,1818.65,1811.79,6.86,0,Paid
9010364,503455,2024-02-15,1721.78,1727.9,1721.22,6.69,0,Paid
9010365,503455,2024-05-15,1844.16,1897.01,1889.84,7.16,10,Late
9010366,503456,2019-06-02,1816.8,1818.41,1800.58,17.83,0,Paid
9010367,503456,2019-08-31,1839.09,1802.29,1784.23,18.05,0,Paid
9010368,503456,2019-11-29,1872.01,1866.17,1847.79,18.38,0,Paid
9010369,503457,2022-07-23,15743.68,15948.13,15894.08,54.05,0,Paid
9010370,503457,2022-10-21,15659.07,15235.76,15182.0,53.76,0,Paid
9010371,503457,2023-01-19,14916.3,13805.27,13754.06,51.21,10,Late
9010372,503458,2025-07-01,4864.94,4904.46,4858.69,45.77,0,Paid
9010373,503458,2025-09-29,5023.13,4916.33,4869.07,47.26,0,Paid
9010374,503458,2025-12-28,5032.85,5180.78,5133.43,47.35,0,Paid
9010375,503459,2023-09-25,14613.32,14186.72,14060.8,125.92,0,Paid
9010376,503459,2023-12-24,15238.97,12153.58,12022.27,131.31,10,Late
9010377,503459,2024-03-23,14065.6,13841.73,13720.53,121.2,0,Paid
9010378,503460,2022-04-21,15200.85,15229.13,15071.55,157.58,0,Paid
9010379,503460,2022-07-20,15523.19,11740.18,11579.26,160.92,5,Late
9010380,503460,2022-10-18,14323.3,14438.06,14289.57,148.48,0,Paid
9010381,503461,2023-04-16,9759.97,10042.64,9966.76,75.88,45,Late
9010382,503461,2023-07-15,10063.29,9029.69,8951.45,78.24,60,Late
9010383,503461,2023-10-13,9967.54,10104.12,10026.62,77.5,120,Late
9010384,503462,2024-06-29,9825.04,8591.78,8510.39,81.38,30,Late
9010385,503462,2024-09-27,10323.96,7798.88,7713.36,85.52,10,Late
9010386,503462,2024-12-26,10366.48,10130.95,10045.08,85.87,0,Paid
9010387,503463,2021-08-01,2071.46,2076.34,2054.47,21.87,0,Paid
9010388,503463,2021-10-30,2127.36,2188.69,2166.23,22.46,0,Paid
9010389,503463,2022-01-28,2098.15,2096.04,2073.89,22.15,0,Paid
9010390,503464,2023-05-27,15320.93,15450.34,15356.88,93.46,0,Paid
9010391,503464,2023-08-25,14409.61,14513.51,14425.61,87.9,0,Paid
9010392,503464,2023-11-23,15471.34,14659.56,14565.18,94.38,5,Late
9010393,503465,2019-10-14,614.11,616.01,613.45,2.56,0,Paid
9010394,503465,2020-01-12,662.14,670.48,667.72,2.76,0,Paid
9010395,503465,2020-04-11,621.53,635.33,632.74,2.59,60,Late
9010396,503466,2024-10-23,8662.42,7073.54,6970.6,102.94,45,Late
9010397,503466,2025-01-21,9217.18,9267.04,9157.51,109.53,0,Paid
9010398,503466,2025-04-21,9027.92,8923.56,8816.28,107.28,0,Paid
9010399,503467,2024-11-14,14491.32,13936.09,13769.56,166.53,5,Late
9010400,503467,2025-02-12,14667.03,14602.04,14433.49,168.55,30,Late
9010401,503467,2025-05-13,14395.68,10949.24,10783.81,165.43,15,Late
9010402,503468,2021-05-21,3277.06,3246.79,3226.66,20.13,0,Paid
9010403,503468,2021-08-19,3364.54,3442.02,3421.36,20.66,0,Paid
9010404,503468,2021-11-17,3146.5,3062.99,3043.67,19.32,0,Paid
9010405,503469,2023-03-10,1167.95,930.56,924.64,5.92,5,Late
9010406,503469,2023-06-08,1135.52,1132.93,1127.18,5.75,30,Late
9010407,503469,2023-09-06,1136.45,1104.19,1098.44,5.76,0,Paid
9010408,503470,2023-02-03,12697.23,12632.7,12497.16,135.54,0,Paid
9010409,503470,2023-05-04,12772.73,13084.79,12948.44,136.35,0,Paid
9010410,503470,2023-08-02,13339.26,13678.92,13536.53,142.4,0,Paid
9010411,503471,2019-07-31,1757.3,1655.14,1639.51,15.63,30,Late
9010412,503471,2019-10-29,1822.3,1657.73,1641.53,16.2,90,Late
9010413,503471,2020-01-27,1713.92,1330.26,1315.02,15.24,45,Late
9010414,503472,2024-11-02,1785.56,1796.57,1780.02,16.55,30,Late
9010415,503472,2025-01-31,1677.31,1693.81,1678.27,15.54,0,Paid
9010416,503472,2025-05-01,1708.19,1678.07,1662.24,15.83,0,Paid
9010417,503473,2025-03-03,692.13,704.68,699.6,5.08,45,Late
9010418,503473,2025-06-01,696.37,540.32,535.21,5.11,15,Late
9010419,503473,2025-08-30,691.59,580.14,575.07,5.08,45,Late
9010420,503474,2020-03-06,5422.23,4161.83,4117.05,44.78,30,Late
9010421,503474,2020-06-04,5498.08,5427.33,5381.93,45.4,0,Paid
9010422,503474,2020-09-02,5331.12,5196.63,5152.61,44.03,0,Paid
9010423,503475,2022-10-09,10353.43,10518.35,10416.8,101.55,60,Late
9010424,503475,2023-01-07,9468.52,9706.23,9613.36,92.87,0,Paid
9010425,503475,2023-04-07,10060.11,9850.04,9751.37,98.67,0,Paid
9010426,503476,2023-02-03,411.84,423.7,420.88,2.82,0,Paid
9010427,503476,2023-05-04,410.58,413.12,410.3,2.81,0,Paid
9010428,503476,2023-08-02,427.28,422.28,419.36,2.93,0,Paid
9010429,503477,2024-10-23,14325.69,12130.3,12036.35,93.95,45,Late
9010430,503477,2025-01-21,15223.18,12630.08,12530.24,99.84,90,Late
9010431,503477,2025-04-21,14696.0,13082.41,12986.03,96.38,120,Late
9010432,503478,2021-08-10,1430.94,1193.36,1186.31,7.05,10,Late
9010433,503478,2021-11-08,1450.41,1493.71,1486.57,7.14,0,Paid
9010434,503478,2022-02-06,1448.9,1449.34,1442.21,7.14,0,Paid
9010435,503479,2020-12-24,8987.62,7114.28,7024.63,89.65,15,Late
9010436,503479,2021-03-24,9635.18,9722.41,9626.3,96.11,0,Paid
9010437,503479,2021-06-22,9102.36,7757.34,7666.54,90.8,15,Late
9010438,503480,2023-12-30,2087.96,2037.64,2026.12,11.52,0,Paid
9010439,503480,2024-03-29,2119.49,2173.91,2162.22,11.69,0,Paid
9010440,503480,2024-06-27,2109.03,2135.95,2124.31,11.63,0,Paid
9010441,503481,2022-04-28,1839.7,1406.91,1400.49,6.42,90,Late
9010442,503481,2022-07-27,1994.29,1959.13,1952.17,6.96,0,Paid
9010443,503481,2022-10-25,1853.32,1848.39,1841.92,6.47,0,Paid
9010444,503482,2022-12-18,8595.8,8452.11,8348.67,103.44,0,Paid
9010445,503482,2023-03-18,8814.1,8509.53,8403.47,106.06,10,Late
9010446,503482,2023-06-16,8703.52,8725.58,8620.84,104.73,45,Late
9010447,503483,2025-05-04,672.42,666.48,660.41,6.07,0,Paid
9010448,503483,2025-08-02,733.18,722.94,716.32,6.62,0,Paid
9010449,503483,2025-10-31,686.75,683.25,677.05,6.2,0,Paid
9010450,503484,2022-04-21,966.96,970.23,966.78,3.46,0,Paid
9010451,503484,2022-07-20,1030.44,1053.11,1049.42,3.68,0,Paid
9010452,503484,2022-10-18,1008.55,817.93,814.33,3.61,10,Late
9010453,503485,2021-12-25,15183.32,15355.36,15306.78,48.59,0,Paid
9010454,503485,2022-03-25,15727.08,15377.89,15327.56,50.33,0,Paid
9010455,503485,2022-06-23,15102.65,15357.42,15309.09,48.33,15,Late
9010456,503486,2023-09-15,1536.32,1481.1,1476.45,4.65,10,Late
9010457,503486,2023-12-14,1622.93,1644.19,1639.28,4.91,0,Paid
9010458,503486,2024-03-13,1484.75,1455.15,1450.66,4.49,0,Paid
9010459,503487,2023-02-25,6987.95,6847.07,6787.15,59.92,0,Paid
9010460,503487,2023-05-26,7339.01,6445.17,6382.24,62.93,15,Late
9010461,503487,2023-08-24,7571.01,7672.34,7607.42,64.92,0,Paid
9010462,503488,2020-08-11,11487.83,9350.6,9284.83,65.77,45,Late
9010463,503488,2020-11-09,11943.11,9173.98,9105.61,68.37,5,Late
9010464,503488,2021-02-07,12343.78,10789.16,10718.49,70.67,15,Late
9010465,503489,2019-02-19,984.28,929.3,919.21,10.09,15,Late
9010466,503489,2019-05-20,1076.51,1088.61,1077.57,11.03,0,Paid
9010467,503489,2019-08-18,1072.38,1095.78,1084.79,10.99,0,Paid
9010468,503490,2019-12-30,4911.24,4051.73,3992.63,59.1,30,Late
9010469,503490,2020-03-29,4888.73,4849.14,4790.31,58.83,0,Paid
9010470,503490,2020-06-27,4989.95,4739.44,4679.4,60.05,5,Late
9010471,503491,2021-01-15,14443.5,14118.85,14074.19,44.65,0,Paid
9010472,503491,2021-04-15,13807.48,13428.14,13385.45,42.69,0,Paid
9010473,503491,2021-07-14,14019.53,14298.58,14255.24,43.34,0,Paid
9010474,503492,2023-04-11,2408.26,2387.42,2380.15,7.26,0,Paid
9010475,503492,2023-07-10,2383.2,2097.24,2090.05,7.19,90,Late
9010476,503492,2023-10-08,2329.44,2329.84,2322.82,7.03,0,Paid
9010477,503493,2023-06-03,7694.71,7866.87,7837.31,29.56,0,Paid
9010478,503493,2023-09-01,7710.97,7820.53,7790.91,29.62,0,Paid
9010479,503493,2023-11-30,7699.61,7872.24,7842.66,29.58,0,Paid
9010480,503494,2022-02-14,5369.35,4541.48,4518.58,22.91,30,Late
9010481,503494,2022-05-15,5588.76,4865.73,4841.88,23.85,15,Late
9010482,503494,2022-08-13,5236.71,5327.45,5305.11,22.34,30,Late
9010483,503495,2023-05-03,574.89,564.85,561.52,3.33,0,Paid
9010484,503495,2023-08-01,573.96,575.95,572.63,3.32,0,Paid
9010485,503495,2023-10-30,588.62,595.75,592.34,3.41,0,Paid
9010486,503496,2022-01-23,439.67,433.17,431.54,1.63,30,Late
9010487,503496,2022-04-23,421.33,430.15,428.58,1.57,0,Paid
9010488,503496,2022-07-22,424.14,419.15,417.58,1.58,0,Paid
9010489,503497,2019-08-21,9756.68,9777.63,9721.04,56.59,0,Paid
9010490,503497,2019-11-19,9663.64,9892.49,9836.44,56.05,0,Paid
9010491,503497,2020-02-17,9787.43,9171.26,9114.49,56.77,60,Late
9010492,503498,2020-01-15,1992.65,1516.8,1508.46,8.34,120,Late
9010493,503498,2020-04-14,1961.24,1977.21,1969.01,8.2,60,Late
9010494,503498,2020-07-13,2013.02,2072.04,2063.61,8.42,45,Late
9010495,503499,2023-02-16,14260.93,13988.69,13863.31,125.38,0,Paid
9010496,503499,2023-05-17,15220.07,14880.14,14746.33,133.81,10,Late
9010497,503499,2023-08-15,15591.97,14478.72,14341.64,137.08,5,Late
9010498,503500,2022-06-20,966.75,989.49,982.4,7.09,0,Paid
9010499,503500,2022-09-18,955.18,955.31,948.3,7.0,0,Paid
9010500,503500,2022-12-17,956.11,951.03,944.02,7.01,0,Paid
9010501,503501,2025-04-14,14508.0,14677.62,14522.63,154.99,0,Paid
9010502,503501,2025-07-13,15654.0,15685.72,15518.48,167.24,0,Paid
9010503,503501,2025-10-11,14866.11,14448.54,14289.72,158.82,0,Paid
9010504,503502,2025-07-02,896.19,787.43,778.24,9.19,45,Late
9010505,503502,2025-09-30,889.96,876.16,867.03,9.13,45,Late
9010506,503502,2025-12-29,950.41,891.08,881.33,9.75,45,Late
9010507,503503,2019-11-05,1613.2,1636.97,1628.0,8.97,0,Paid
9010508,503503,2020-02-03,1588.86,1573.25,1564.42,8.83,0,Paid
9010509,503503,2020-05-03,1588.41,1547.64,1538.81,8.83,15,Late
9010510,503504,2022-02-26,15665.71,12404.34,12339.2,65.14,10,Late
9010511,503504,2022-05-27,14459.66,14738.47,14678.34,60.13,0,Paid
9010512,503504,2022-08-25,14486.73,11290.34,11230.1,60.24,10,Late
9010513,503505,2023-05-13,1421.7,1351.56,1338.45,13.1,10,Late
9010514,503505,2023-08-11,1471.34,1456.97,1443.41,13.56,0,Paid
9010515,503505,2023-11-09,1419.66,1403.71,1390.62,13.08,0,Paid
9010516,503506,2023-12-10,9985.35,9939.28,9909.07,30.21,0,Paid
9010517,503506,2024-03-09,10010.84,10164.51,10134.23,30.28,0,Paid
9010518,503506,2024-06-07,10004.86,8849.62,8819.36,30.26,60,Late
9010519,503507,2020-07-09,1715.47,1698.52,1692.82,5.7,0,Paid
9010520,503507,2020-10-07,1669.63,1452.67,1447.12,5.55,90,Late
9010521,503507,2021-01-05,1669.45,1644.68,1639.13,5.55,0,Paid
9010522,503508,2019-03-22,966.65,863.5,855.59,7.91,45,Late
9010523,503508,2019-06-20,1009.67,1013.16,1004.9,8.26,0,Paid
9010524,503508,2019-09-18,988.8,999.93,991.84,8.09,0,Paid
9010525,503509,2022-06-04,13860.31,13939.46,13884.94,54.52,0,Paid
9010526,503509,2022-09-02,14558.72,14591.93,14534.67,57.26,0,Paid
9010527,503509,2022-12-01,14942.44,12883.3,12824.52,58.77,60,Late
9010528,503510,2020-11-28,663.0,669.29,665.07,4.23,0,Paid
9010529,503510,2021-02-26,667.18,675.2,670.95,4.25,0,Paid
9010530,503510,2021-05-27,700.05,720.72,716.26,4.46,0,Paid
9010531,503511,2019-10-20,4069.43,4028.2,3981.06,47.14,45,Late
9010532,503511,2020-01-18,4126.3,4151.97,4104.17,47.8,0,Paid
9010533,503511,2020-04-17,4077.69,4033.24,3986.01,47.23,0,Paid
9010534,503512,2024-04-10,14621.58,14974.17,14877.42,96.75,0,Paid
9010535,503512,2024-07-09,15313.81,15295.47,15194.14,101.33,0,Paid
9010536,503512,2024-10-07,15076.08,12982.14,12882.39,99.75,15,Late
9010537,503513,2022-01-02,1820.81,1813.45,1794.44,19.01,0,Paid
9010538,503513,2022-04-02,1850.1,1845.7,1826.38,19.32,0,Paid
9010539,503513,2022-07-01,1825.82,1459.14,1440.08,19.06,60,Late
9010540,503514,2019-07-11,6497.55,6601.97,6580.69,21.28,0,Paid
9010541,503514,2019-10-09,6246.72,6153.18,6132.72,20.46,0,Paid
9010542,503514,2020-01-07,6508.63,6496.94,6475.62,21.32,0,Paid
9010543,503515,2023-12-16,14523.86,14796.59,14694.68,101.91,0,Paid
9010544,503515,2024-03-15,15360.11,15261.5,15153.72,107.78,0,Paid
9010545,503515,2024-06-13,14500.66,11036.58,10934.83,101.75,60,Late
9010546,503516,2020-04-26,1741.7,1603.63,1593.79,9.84,15,Late
9010547,503516,2020-07-25,1705.77,1543.18,1533.54,9.64,30,Late
9010548,503516,2020-10-23,1818.75,1768.42,1758.15,10.28,30,Late
9010549,503517,2021-08-06,1794.29,1748.85,1734.81,14.04,0,Paid
9010550,503517,2021-11-04,1902.55,1845.8,1830.91,14.89,0,Paid
9010551,503517,2022-02-02,1871.01,1776.84,1762.2,14.64,5,Late
9010552,503518,2022-10-22,1706.53,1655.37,1645.16,10.21,0,Paid
9010553,503518,2023-01-20,1567.67,1281.23,1271.85,9.38,5,Late
9010554,503518,2023-04-20,1688.7,1656.69,1646.59,10.1,0,Paid
9010555,503519,2020-11-16,2251.8,2283.28,2267.85,15.42,45,Late
9010556,503519,2021-02-14,2089.59,2138.95,2124.64,14.31,0,Paid
9010557,503519,2021-05-15,2127.35,2087.98,2073.41,14.57,0,Paid
9010558,503520,2019-10-03,1476.09,1482.9,1477.61,5.29,45,Late
9010559,503520,2020-01-01,1527.42,1568.51,1563.04,5.47,45,Late
9010560,503520,2020-03-31,1451.37,1279.11,1273.91,5.2,45,Late
9010561,503521,2024-03-04,7445.15,7332.05,7309.65,22.4,0,Paid
9010562,503521,2024-06-02,7616.29,7514.16,7491.24,22.91,0,Paid
9010563,503521,2024-08-31,7191.55,5506.44,5484.8,21.63,15,Late
9010564,503522,2022-04-06,13019.39,11248.41,11130.58,117.83,90,Late
9010565,503522,2022-07-05,13520.02,10191.5,10069.15,122.36,120,Late
9010566,503522,2022-10-03,12821.52,12394.46,12278.43,116.03,120,Late
9010567,503523,2023-08-04,15597.49,15549.41,15470.9,78.51,0,Paid
9010568,503523,2023-11-02,14283.53,13684.59,13612.7,71.89,90,Late
9010569,503523,2024-01-31,14579.78,14527.96,14454.58,73.38,0,Paid
9010570,503524,2021-02-11,577.87,583.64,579.66,3.98,0,Paid
9010571,503524,2021-05-12,584.03,599.52,595.5,4.02,0,Paid
9010572,503524,2021-08-10,614.31,626.22,621.99,4.23,60,Late
9010573,503525,2024-04-27,1774.21,1647.89,1636.92,10.97,60,Late
9010574,503525,2024-07-26,1764.04,1709.47,1698.56,10.91,45,Late
9010575,503525,2024-10-24,1760.56,1514.03,1503.14,10.89,60,Late
9010576,503526,2021-12-23,15678.82,15684.77,15612.39,72.38,0,Paid
9010577,503526,2022-03-23,14329.62,14078.79,14012.63,66.16,5,Late
9010578,503526,2022-06-21,14927.28,14651.6,14582.69,68.91,0,Paid
9010579,503527,2020-10-02,14470.19,14762.67,14615.32,147.35,0,Paid
9010580,503527,2020-12-31,15744.27,12732.12,12571.79,160.33,15,Late
9010581,503527,2021-03-31,15165.05,11937.4,11782.97,154.43,30,Late
9010582,503528,2020-02-07,1291.7,1326.16,1311.6,14.56,0,Paid
9010583,503528,2020-05-07,1348.71,1322.98,1307.77,15.21,0,Paid
9010584,503528,2020-08-05,1250.4,1260.18,1246.08,14.1,0,Paid
9010585,503529,2025-01-11,1311.27,1307.47,1297.77,9.69,0,Paid
9010586,503529,2025-04-11,1212.27,1234.35,1225.39,8.96,0,Paid
9010587,503529,2025-07-10,1273.33,1245.07,1235.65,9.41,0,Paid
9010588,503530,2024-03-08,14640.17,14503.72,14451.51,52.22,0,Paid
9010589,503530,2024-06-06,14560.0,14700.75,14648.82,51.93,0,Paid
9010590,503530,2024-09-04,14140.41,11140.27,11089.83,50.43,10,Late
9010591,503531,2024-12-21,10770.99,10846.41,10777.65,68.75,0,Paid
9010592,503531,2025-03-21,11704.48,10927.97,10853.26,74.71,15,Late
9010593,503531,2025-06-19,11657.87,9559.65,9485.23,74.42,15,Late
9010594,503532,2022-11-14,346.5,356.15,354.2,1.95,0,Paid
9010595,503532,2023-02-12,340.74,349.35,347.44,1.91,0,Paid
9010596,503532,2023-05-13,344.87,300.01,298.07,1.94,15,Late
9010597,503533,2020-12-03,1701.3,1534.71,1529.14,5.57,15,Late
9010598,503533,2021-03-03,1689.76,1644.02,1638.48,5.53,0,Paid
9010599,503533,2021-06-01,1742.81,1779.85,1774.14,5.71,0,Paid
9010600,503534,2021-05-30,2040.01,2092.99,2068.8,24.19,0,Paid
9010601,503534,2021-08-28,1982.01,2021.14,1997.63,23.5,0,Paid
9010602,503534,2021-11-26,2031.94,1997.74,1973.64,24.1,5,Late
9010603,503535,2024-06-30,4972.23,5038.81,5019.88,18.94,0,Paid
9010604,503535,2024-09-28,5024.07,3948.74,3929.6,19.13,5,Late
9010605,503535,2024-12-27,4845.58,4873.49,4855.04,18.45,0,Paid
9010606,503536,2025-11-04,3051.86,3069.38,3049.59,19.79,0,Paid
9010607,503536,2026-02-02,3168.75,3247.17,3226.62,20.54,0,Paid
9010608,503536,2026-05-03,3145.44,3159.61,3139.22,20.39,0,Paid
9010609,503537,2024-05-03,12860.92,12377.73,12335.18,42.55,60,Late
9010610,503537,2024-08-01,12566.34,12080.67,12039.09,41.57,30,Late
9010611,503537,2024-10-30,13697.2,11226.82,11181.5,45.31,30,Late
9010612,503538,2025-06-10,14745.09,14554.42,14463.74,90.68,0,Paid
9010613,503538,2025-09-08,15302.71,15247.79,15153.68,94.11,0,Paid
9010614,503538,2025-12-07,14632.29,14601.53,14511.54,89.99,0,Paid
9010615,503539,2024-06-17,14841.64,14422.65,14366.49,56.15,0,Paid
9010616,503539,2024-09-15,15000.6,11340.58,11283.83,56.75,90,Late
9010617,503539,2024-12-14,14888.23,15091.33,15035.0,56.33,0,Paid
9010618,503540,2022-05-25,2534.64,2178.1,2165.42,12.67,45,Late
9010619,503540,2022-08-23,2432.67,2150.84,2138.67,12.16,120,Late
9010620,503540,2022-11-21,2536.95,2481.44,2468.76,12.68,60,Late
9010621,503541,2019-08-04,7493.83,7358.36,7268.12,90.24,0,Paid
9010622,503541,2019-11-02,7438.33,7285.38,7195.81,89.57,0,Paid
9010623,503541,2020-01-31,7581.15,6397.74,6306.45,91.29,90,Late
9010624,503542,2019-03-17,5749.6,5751.3,5723.03,28.27,0,Paid
9010625,503542,2019-06-15,5476.14,5454.8,5427.88,26.92,0,Paid
9010626,503542,2019-09-13,5356.47,5333.41,5307.08,26.34,45,Late
9010627,503543,2022-01-17,1689.72,1408.58,1392.11,16.47,15,Late
9010628,503543,2022-04-17,1626.26,1420.98,1405.13,15.86,15,Late
9010629,503543,2022-07-16,1628.98,1291.54,1275.66,15.88,30,Late
9010630,503544,2019-10-21,1407.26,1093.18,1081.78,11.4,60,Late
9010631,503544,2020-01-19,1365.4,1124.63,1113.57,11.06,15,Late
9010632,503544,2020-04-18,1392.84,1136.0,1124.72,11.28,30,Late
9010633,503545,2023-01-14,11824.2,12117.81,12054.35,63.46,15,Late
9010634,503545,2023-04-14,11943.55,12074.23,12010.13,64.1,0,Paid
9010635,503545,2023-07-13,12103.53,11997.25,11932.3,64.96,0,Paid
9010636,503546,2020-11-26,14803.08,13790.52,13655.81,134.71,15,Late
9010637,503546,2021-02-24,15080.66,15112.86,14975.62,137.23,0,Paid
9010638,503546,2021-05-25,15258.37,14952.41,14813.56,138.85,0,Paid
9010639,503547,2023-04-19,12927.01,11701.34,11578.1,123.24,5,Late
9010640,503547,2023-07-18,14063.92,13765.63,13631.55,134.08,0,Paid
9010641,503547,2023-10-16,13580.4,10992.09,10862.63,129.47,15,Late
9010642,503548,2022-07-18,13235.27,13290.4,13137.54,152.87,0,Paid
9010643,503548,2022-10-16,14192.15,13017.47,12853.55,163.92,10,Late
9010644,503548,2023-01-14,13085.53,11066.54,10915.4,151.14,10,Late
9010645,503549,2024-07-18,601.09,461.91,455.13,6.79,120,Late
9010646,503549,2024-10-16,655.73,653.72,646.32,7.4,60,Late
9010647,503549,2025-01-14,627.76,556.32,549.23,7.09,60,Late
9010648,503550,2023-10-01,348.69,347.78,344.05,3.73,0,Paid
9010649,503550,2023-12-30,338.16,270.36,266.74,3.62,45,Late
9010650,503550,2024-03-29,322.64,313.86,310.41,3.45,0,Paid
9010651,503551,2019-03-30,674.68,688.05,680.13,7.92,0,Paid
9010652,503551,2019-06-28,640.97,650.98,643.46,7.53,0,Paid
9010653,503551,2019-09-26,656.05,661.27,653.57,7.7,30,Late
9010654,503552,2021-03-07,1313.77,1107.09,1096.21,10.88,45,Late
9010655,503552,2021-06-05,1262.94,1166.83,1156.37,10.46,45,Late
9010656,503552,2021-09-03,1249.29,1169.67,1159.32,10.35,45,Late
9010657,503553,2023-03-11,860.74,865.56,861.2,4.36,0,Paid
9010658,503553,2023-06-09,812.83,803.71,799.59,4.12,0,Paid
9010659,503553,2023-09-07,807.69,637.64,633.55,4.09,15,Late
9010660,503554,2025-11-12,7048.38,6966.13,6931.71,34.42,0,Paid
9010661,503554,2026-02-10,6779.08,6821.53,6788.43,33.1,0,Paid
9010662,503554,2026-05-11,6747.74,6064.78,6031.83,32.95,5,Late
9010663,503555,2023-03-05,517.77,530.55,527.35,3.2,30,Late
9010664,503555,2023-06-03,491.43,445.28,442.24,3.03,60,Late
9010665,503555,2023-09-01,523.71,520.12,516.88,3.23,15,Late
9010666,503556,2019-02-11,3704.8,3777.72,3758.18,19.54,0,Paid
9010667,503556,2019-05-12,3807.55,3788.64,3768.56,20.08,0,Paid
9010668,503556,2019-08-10,3902.66,3197.4,3176.81,20.59,90,Late
9010669,503557,2025-02-03,1796.39,1701.16,1685.71,15.45,60,Late
9010670,503557,2025-05-04,1766.97,1806.43,1791.23,15.2,0,Paid
9010671,503557,2025-08-02,1892.97,1510.28,1494.0,16.28,45,Late
9010672,503558,2020-05-21,2039.81,2088.52,2079.8,8.72,0,Paid
9010673,503558,2020-08-19,1990.92,1963.17,1954.66,8.51,0,Paid
9010674,503558,2020-11-17,2024.31,2000.77,1992.12,8.65,0,Paid
9010675,503559,2020-04-26,937.69,928.64,918.98,9.66,0,Paid
9010676,503559,2020-07-25,922.57,914.03,904.53,9.5,0,Paid
9010677,503559,2020-10-23,916.84,937.45,928.0,9.44,0,Paid
9010678,503560,2020-05-19,5979.08,5979.53,5960.45,19.08,0,Paid
9010679,503560,2020-08-17,5951.11,5931.57,5912.58,18.99,0,Paid
9010680,503560,2020-11-15,5759.08,5830.89,5812.51,18.38,0,Paid
9010681,503561,2020-10-04,11885.46,11987.93,11925.03,62.89,0,Paid
9010682,503561,2021-01-02,12463.01,12730.05,12664.1,65.95,0,Paid
9010683,503561,2021-04-02,12375.89,12554.58,12489.09,65.49,0,Paid
9010684,503562,2023-03-21,3976.19,3879.37,3832.28,47.08,0,Paid
9010685,503562,2023-06-19,4123.95,4223.94,4175.1,48.83,0,Paid
9010686,503562,2023-09-17,4329.97,4285.4,4234.12,51.27,0,Paid
9010687,503563,2025-07-19,941.72,952.22,945.96,6.26,0,Paid
9010688,503563,2025-10-17,895.09,716.9,710.94,5.95,15,Late
9010689,503563,2026-01-15,932.82,944.49,938.29,6.2,0,Paid
9010690,503564,2019-04-19,8041.94,6310.88,6261.22,49.66,45,Late
9010691,503564,2019-07-18,8144.56,8151.56,8101.27,50.29,45,Late
9010692,503564,2019-10-16,8077.68,6421.24,6371.36,49.88,45,Late
9010693,503565,2023-06-07,13311.83,11341.54,11214.53,127.02,5,Late
9010694,503565,2023-09-05,13660.82,13287.8,13157.45,130.35,0,Paid
9010695,503565,2023-12-04,13837.36,14007.79,13875.76,132.03,60,Late
9010696,503566,2021-08-15,3341.86,2666.17,2649.83,16.35,60,Late
9010697,503566,2021-11-13,3291.9,3382.19,3366.09,16.1,0,Paid
9010698,503566,2022-02-11,3457.65,3501.88,3484.96,16.91,0,Paid
9010699,503567,2025-11-04,531.8,523.91,522.22,1.7,0,Paid
9010700,503567,2026-02-02,527.55,533.07,531.38,1.68,0,Paid
9010701,503567,2026-05-03,566.17,579.11,577.3,1.81,0,Paid
9010702,503568,2025-05-09,2164.86,2169.3,2162.23,7.07,0,Paid
9010703,503568,2025-08-07,2066.59,2104.88,2098.13,6.75,0,Paid
9010704,503568,2025-11-05,2141.64,2179.75,2172.75,7.0,0,Paid
9010705,503569,2022-01-22,1444.43,1482.61,1469.16,13.46,0,Paid
9010706,503569,2022-04-22,1415.33,1113.6,1100.41,13.19,10,Late
9010707,503569,2022-07-21,1497.02,1516.41,1502.47,13.95,0,Paid
9010708,503570,2022-04-16,8720.61,8613.09,8513.31,99.78,0,Paid
9010709,503570,2022-07-15,9251.83,9417.58,9311.72,105.86,10,Late
9010710,503570,2022-10-13,8957.04,9193.13,9090.64,102.48,0,Paid
9010711,503571,2023-07-11,954.31,950.27,943.49,6.78,0,Paid
9010712,503571,2023-10-09,903.63,716.36,709.94,6.42,45,Late
9010713,503571,2024-01-07,919.18,913.79,907.26,6.53,0,Paid
9010714,503572,2025-08-03,11357.89,10712.66,10634.0,78.65,60,Late
9010715,503572,2025-11-01,11392.67,10743.94,10665.05,78.89,5,Late
9010716,503572,2026-01-30,10928.45,9242.55,9166.87,75.68,10,Late
9010717,503573,2024-03-13,1531.83,1559.72,1543.11,16.61,45,Late
9010718,503573,2024-06-11,1544.77,1264.58,1247.83,16.75,45,Late
9010719,503573,2024-09-09,1447.93,1228.72,1213.02,15.7,90,Late
9010720,503574,2022-04-03,3210.51,3229.75,3208.64,21.11,0,Paid
9010721,503574,2022-07-02,2960.14,2871.73,2852.26,19.46,0,Paid
9010722,503574,2022-09-30,3147.35,2982.83,2962.14,20.69,10,Late
9010723,503575,2023-08-26,1943.83,1657.6,1645.34,12.26,5,Late
9010724,503575,2023-11-24,1955.31,1899.0,1886.66,12.33,0,Paid
9010725,503575,2024-02-22,2094.8,2139.3,2126.08,13.21,0,Paid
9010726,503576,2020-04-23,1933.91,1770.11,1747.64,22.47,15,Late
9010727,503576,2020-07-22,1974.34,1866.03,1843.1,22.94,15,Late
9010728,503576,2020-10-20,1812.3,1864.17,1843.11,21.05,45,Late
9010729,503577,2019-10-03,15171.11,14812.84,14724.97,87.87,0,Paid
9010730,503577,2020-01-01,15552.62,15833.08,15743.0,90.08,0,Paid
9010731,503577,2020-03-31,14772.21,11263.73,11178.17,85.56,15,Late
9010732,503578,2020-09-06,1991.76,1999.82,1991.48,8.33,0,Paid
9010733,503578,2020-12-05,1862.59,1821.1,1813.31,7.79,0,Paid
9010734,503578,2021-03-05,1979.09,2027.19,2018.91,8.28,0,Paid
9010735,503579,2022-03-22,1619.56,1565.09,1545.74,19.35,30,Late
9010736,503579,2022-06-20,1614.32,1624.21,1604.92,19.29,0,Paid
9010737,503579,2022-09-18,1613.53,1306.05,1286.76,19.28,90,Late
9010738,503580,2025-12-30,9103.47,9308.85,9241.86,66.99,0,Paid
9010739,503580,2026-03-30,9065.83,9320.77,9254.06,66.71,0,Paid
9010740,503580,2026-06-28,8894.07,7173.56,7108.11,65.45,30,Late
9010741,503581,2021-08-01,11769.78,11995.82,11866.64,129.17,0,Paid
9010742,503581,2021-10-30,11612.53,11689.62,11562.17,127.45,0,Paid
9010743,503581,2022-01-28,12098.41,9378.51,9245.73,132.78,45,Late
9010744,503582,2019-05-22,1370.62,1364.18,1351.95,12.23,0,Paid
9010745,503582,2019-08-20,1365.11,1224.35,1212.17,12.18,15,Late
9010746,503582,2019-11-18,1417.86,1418.2,1405.54,12.65,0,Paid
9010747,503583,2019-05-29,432.56,442.66,438.99,3.67,0,Paid
9010748,503583,2019-08-27,435.5,439.16,435.47,3.69,0,Paid
9010749,503583,2019-11-25,431.49,350.47,346.82,3.66,15,Late
9010750,503584,2020-03-31,2460.96,2457.64,2428.23,29.41,0,Paid
9010751,503584,2020-06-29,2515.69,2468.58,2438.52,30.06,0,Paid
9010752,503584,2020-09-27,2331.43,2334.56,2306.7,27.86,0,Paid
9010753,503585,2019-07-14,2294.77,2325.58,2303.46,22.13,0,Paid
9010754,503585,2019-10-12,2343.83,2295.81,2273.22,22.6,0,Paid
9010755,503585,2020-01-10,2227.5,1719.87,1698.4,21.48,30,Late
9010756,503586,2020-05-05,13851.6,13658.83,13500.69,158.14,10,Late
9010757,503586,2020-08-03,14854.01,14634.66,14465.08,169.58,0,Paid
9010758,503586,2020-11-01,14966.1,14945.24,14774.37,170.86,0,Paid
9010759,503587,2025-02-12,9909.75,9698.18,9600.81,97.36,0,Paid
9010760,503587,2025-05-13,9908.65,9773.84,9676.49,97.35,0,Paid
9010761,503587,2025-08-11,9811.62,10004.9,9908.5,96.4,0,Paid
9010762,503588,2023-02-24,987.97,1006.11,996.07,10.04,10,Late
9010763,503588,2023-05-25,1029.23,1053.59,1043.12,10.46,0,Paid
9010764,503588,2023-08-23,1009.1,1033.29,1023.03,10.26,0,Paid
9010765,503589,2025-12-19,6530.19,5718.61,5667.24,51.37,15,Late
9010766,503589,2026-03-19,6196.96,4683.14,4634.39,48.75,15,Late
9010767,503589,2026-06-17,6237.51,6291.32,6242.25,49.07,30,Late
9010768,503590,2023-12-30,11234.16,11399.17,11274.19,124.98,0,Paid
9010769,503590,2024-03-29,10775.19,10717.64,10597.77,119.87,0,Paid
9010770,503590,2024-06-27,11349.71,11642.92,11516.66,126.27,0,Paid
9010771,503591,2021-11-10,1465.32,1434.07,1422.45,11.62,5,Late
9010772,503591,2022-02-08,1404.39,1394.62,1383.48,11.14,0,Paid
9010773,503591,2022-05-09,1348.99,1310.55,1299.85,10.7,0,Paid
9010774,503592,2019-08-31,425.96,390.13,387.72,2.4,30,Late
9010775,503592,2019-11-29,405.32,357.26,354.98,2.29,60,Late
9010776,503592,2020-02-27,409.14,332.62,330.31,2.31,30,Late
9010777,503593,2022-03-01,6672.05,6383.89,6306.0,77.9,5,Late
9010778,503593,2022-05-30,6884.92,6805.42,6725.04,80.38,0,Paid
9010779,503593,2022-08-28,7090.57,7047.79,6965.01,82.78,30,Late
9010780,503594,2020-04-22,10437.41,10427.84,10385.74,42.1,0,Paid
9010781,503594,2020-07-21,10391.56,10594.16,10552.25,41.91,0,Paid
9010782,503594,2020-10-19,10699.74,10796.05,10752.9,43.16,15,Late
9010783,503595,2023-08-24,469.56,480.93,475.48,5.45,0,Paid
9010784,503595,2023-11-22,490.7,497.54,491.84,5.7,0,Paid
9010785,503595,2024-02-20,464.07,475.06,469.67,5.39,0,Paid
9010786,503596,2021-04-02,14414.3,12750.49,12653.32,97.18,45,Late
9010787,503596,2021-07-01,15721.56,12401.48,12295.49,105.99,120,Late
9010788,503596,2021-09-29,15658.32,14086.06,13980.5,105.56,45,Late
9010789,503597,2025-07-01,881.23,899.19,895.75,3.44,0,Paid
9010790,503597,2025-09-29,878.06,881.1,877.67,3.43,0,Paid
9010791,503597,2025-12-28,927.75,920.71,917.09,3.63,0,Paid
9010792,503598,2025-10-07,6212.38,6278.94,6206.78,72.17,0,Paid
9010793,503598,2026-01-05,6420.29,6295.55,6220.97,74.58,0,Paid
9010794,503598,2026-04-05,6581.15,6036.8,5960.35,76.45,5,Late
9010795,503599,2020-07-07,438.62,439.54,434.8,4.74,30,Late
9010796,503599,2020-10-05,452.97,371.09,366.2,4.9,15,Late
9010797,503599,2021-01-03,431.55,360.5,355.84,4.66,60,Late
9010798,503600,2022-10-22,1827.48,1673.66,1655.48,18.18,10,Late
9010799,503600,2023-01-20,1868.56,1840.94,1822.35,18.59,0,Paid
9010800,503600,2023-04-20,1917.65,1887.1,1868.02,19.08,0,Paid
9010801,503601,2021-02-11,513.91,501.09,495.17,5.92,0,Paid
9010802,503601,2021-05-12,543.0,549.1,542.84,6.26,0,Paid
9010803,503601,2021-08-10,531.25,525.44,519.32,6.12,0,Paid
9010804,503602,2022-07-03,1188.03,1215.49,1209.29,6.2,0,Paid
9010805,503602,2022-10-01,1140.76,1138.99,1133.04,5.95,90,Late
9010806,503602,2022-12-30,1160.0,1159.7,1153.65,6.05,0,Paid
9010807,503603,2025-07-11,682.13,597.83,590.5,7.33,5,Late
9010808,503603,2025-10-09,683.61,697.27,689.92,7.35,0,Paid
9010809,503603,2026-01-07,686.75,694.46,687.08,7.38,0,Paid
9010810,503604,2022-09-21,2928.63,2267.17,2245.28,21.89,90,Late
9010811,503604,2022-12-20,3095.98,2999.27,2976.12,23.14,45,Late
9010812,503604,2023-03-20,3113.74,3151.7,3128.42,23.28,0,Paid
9010813,503605,2020-06-22,1958.73,1532.13,1508.57,23.55,30,Late
9010814,503605,2020-09-20,1853.61,1699.91,1677.62,22.29,60,Late
9010815,503605,2020-12-19,1917.1,1942.85,1919.8,23.05,0,Paid
9010816,503606,2023-10-16,15314.53,13927.37,13747.94,179.44,90,Late
9010817,503606,2024-01-14,14742.58,11245.37,11072.63,172.73,45,Late
9010818,503606,2024-04-13,14344.34,11640.83,11472.77,168.07,45,Late
9010819,503607,2022-09-09,14785.19,15034.26,14920.66,113.6,0,Paid
9010820,503607,2022-12-08,15094.39,15508.68,15392.71,115.98,0,Paid
9010821,503607,2023-03-08,15533.17,15234.34,15115.0,119.35,0,Paid
9010822,503608,2023-04-12,7424.36,7536.9,7508.81,28.09,0,Paid
9010823,503608,2023-07-11,7506.52,7326.2,7297.8,28.4,0,Paid
9010824,503608,2023-10-09,7674.0,7449.84,7420.81,29.03,45,Late
9010825,503609,2021-02-02,5161.09,5119.63,5081.99,37.63,0,Paid
9010826,503609,2021-05-03,5218.44,4163.42,4125.36,38.05,90,Late
9010827,503609,2021-08-01,4874.58,4855.02,4819.48,35.54,0,Paid
9010828,503610,2020-02-12,1200.77,1234.74,1225.4,9.35,0,Paid
9010829,503610,2020-05-12,1235.05,1235.69,1226.08,9.61,0,Paid
9010830,503610,2020-08-10,1246.58,1279.84,1270.14,9.7,0,Paid
9010831,503611,2020-12-03,1579.15,1618.76,1608.32,10.45,0,Paid
9010832,503611,2021-03-03,1621.94,1659.72,1648.99,10.73,0,Paid
9010833,503611,2021-06-01,1523.83,1538.66,1528.57,10.08,0,Paid
9010834,503612,2025-04-04,1739.43,1727.53,1714.93,12.6,0,Paid
9010835,503612,2025-07-03,1701.47,1743.71,1731.39,12.32,0,Paid
9010836,503612,2025-10-01,1643.63,1648.43,1636.53,11.9,0,Paid
9010837,503613,2019-08-05,15003.62,15134.04,15017.26,116.78,0,Paid
9010838,503613,2019-11-03,15202.49,12836.3,12717.98,118.33,5,Late
9010839,503613,2020-02-01,14752.91,15127.57,15012.75,114.83,0,Paid
9010840,503614,2022-07-24,15188.33,13330.23,13274.16,56.07,45,Late
9010841,503614,2022-10-22,15214.51,12053.31,11997.14,56.17,45,Late
9010842,503614,2023-01-20,14939.25,13144.14,13088.99,55.15,90,Late
9010843,503615,2025-08-23,14402.21,14333.94,14226.28,107.66,0,Paid
9010844,503615,2025-11-21,14898.88,14633.11,14521.74,111.37,0,Paid
9010845,503615,2026-02-19,15144.4,15248.66,15135.46,113.2,0,Paid
9010846,503616,2024-10-26,4652.6,3858.92,3837.75,21.17,60,Late
9010847,503616,2025-01-24,4660.76,4563.97,4542.76,21.21,0,Paid
9010848,503616,2025-04-24,5071.28,5084.71,5061.64,23.07,0,Paid
9010849,503617,2021-08-15,753.43,735.53,733.08,2.45,0,Paid
9010850,503617,2021-11-13,813.26,820.52,817.87,2.65,90,Late
9010851,503617,2022-02-11,749.36,760.21,757.76,2.44,0,Paid
9010852,503618,2022-07-21,8825.62,8916.62,8886.98,29.64,0,Paid
9010853,503618,2022-10-19,8859.45,6964.56,6934.81,29.75,45,Late
9010854,503618,2023-01-17,8989.36,9012.74,8982.55,30.19,10,Late
9010855,503619,2021-02-07,1357.06,1310.33,1299.95,10.38,5,Late
9010856,503619,2021-05-08,1272.61,1310.75,1301.02,9.74,0,Paid
9010857,503619,2021-08-06,1274.5,1268.47,1258.72,9.75,0,Paid
9010858,503620,2020-06-07,4299.12,4113.62,4088.5,25.11,90,Late
9010859,503620,2020-09-05,4450.54,3521.59,3495.6,26.0,10,Late
9010860,503620,2020-12-04,4375.41,4269.82,4244.26,25.56,0,Paid
9010861,503621,2019-04-07,5750.07,5641.27,5610.7,30.57,0,Paid
9010862,503621,2019-07-06,5830.04,5669.2,5638.21,31.0,0,Paid
9010863,503621,2019-10-04,5777.2,5647.59,5616.88,30.72,0,Paid
9010864,503622,2025-02-02,14823.49,13790.75,13687.6,103.15,60,Late
9010865,503622,2025-05-03,14589.57,11841.98,11740.46,101.52,45,Late
9010866,503622,2025-08-01,14435.59,14786.43,14685.98,100.45,60,Late
9010867,503623,2019-06-03,1374.0,1095.82,1088.23,7.59,45,Late
9010868,503623,2019-09-01,1294.07,1279.1,1271.95,7.15,0,Paid
9010869,503623,2019-11-30,1311.22,1345.16,1337.91,7.24,0,Paid
9010870,503624,2019-04-02,1966.95,1929.69,1910.62,19.06,0,Paid
9010871,503624,2019-07-01,1956.37,1873.66,1854.7,18.96,45,Late
9010872,503624,2019-09-29,1968.68,1928.67,1909.59,19.08,0,Paid
9010873,503625,2024-04-25,2115.07,1705.46,1680.69,24.76,10,Late
9010874,503625,2024-07-24,2019.78,1993.08,1969.43,23.65,0,Paid
9010875,503625,2024-10-22,1993.39,1957.48,1934.14,23.34,0,Paid
9010876,503626,2020-01-11,1617.55,1661.56,1656.39,5.18,0,Paid
9010877,503626,2020-04-10,1584.14,1404.72,1399.65,5.07,5,Late
9010878,503626,2020-07-09,1616.45,1664.29,1659.11,5.17,0,Paid
9010879,503627,2021-06-07,2351.93,2395.19,2381.75,13.45,60,Late
9010880,503627,2021-09-05,2334.91,2238.75,2225.4,13.35,45,Late
9010881,503627,2021-12-04,2349.84,2179.35,2165.91,13.43,10,Late
9010882,503628,2019-11-21,12758.64,13014.17,12915.61,98.56,0,Paid
9010883,503628,2020-02-19,12504.22,12822.64,12726.04,96.6,0,Paid
9010884,503628,2020-05-19,12714.16,12638.34,12540.12,98.22,0,Paid
9010885,503629,2023-07-07,14552.32,14151.62,14036.89,114.72,0,Paid
9010886,503629,2023-10-05,15702.49,11847.7,11723.91,123.79,45,Late
9010887,503629,2024-01-03,15494.29,15906.74,15784.59,122.15,0,Paid
9010888,503630,2020-12-10,798.91,811.72,808.05,3.67,0,Paid
9010889,503630,2021-03-10,772.43,760.71,757.16,3.55,0,Paid
9010890,503630,2021-06-08,803.45,798.35,794.66,3.69,10,Late
9010891,503631,2025-09-07,14063.99,13666.21,13619.91,46.29,0,Paid
9010892,503631,2025-12-06,14821.54,11599.74,11550.95,48.79,45,Late
9010893,503631,2026-03-06,14810.72,12681.02,12632.27,48.75,10,Late
9010894,503632,2024-09-25,1065.24,1058.45,1045.87,12.58,0,Paid
9010895,503632,2024-12-24,1059.38,1047.03,1034.52,12.51,0,Paid
9010896,503632,2025-03-24,1040.16,1065.37,1053.08,12.28,0,Paid
9010897,503633,2021-12-19,13641.94,11135.57,11020.06,115.5,5,Late
9010898,503633,2022-03-19,12606.76,12756.86,12650.13,106.74,0,Paid
9010899,503633,2022-06-17,13194.28,12987.7,12875.99,111.71,90,Late
9010900,503634,2025-11-03,5411.18,5480.34,5434.3,46.04,0,Paid
9010901,503634,2026-02-01,5116.69,4022.92,3979.38,43.53,30,Late
9010902,503634,2026-05-02,5455.5,5085.29,5038.87,46.42,5,Late
9010903,503635,2020-09-01,659.63,651.78,644.8,6.98,0,Paid
9010904,503635,2020-11-30,629.9,643.26,636.59,6.67,0,Paid
9010905,503635,2021-02-28,640.52,624.02,617.24,6.78,0,Paid
9010906,503636,2025-03-06,6253.5,5447.41,5382.53,64.88,60,Late
9010907,503636,2025-06-04,6385.14,6029.49,5963.25,66.25,15,Late
9010908,503636,2025-09-02,6690.48,6208.88,6139.46,69.41,60,Late
9010909,503637,2025-07-25,14388.71,14376.31,14283.5,92.81,0,Paid
9010910,503637,2025-10-23,14666.32,15087.93,14993.34,94.6,0,Paid
9010911,503637,2026-01-21,14742.79,14903.97,14808.88,95.09,0,Paid
9010912,503638,2021-09-22,972.24,995.0,985.74,9.26,0,Paid
9010913,503638,2021-12-21,981.36,864.16,854.82,9.35,45,Late
9010914,503638,2022-03-21,905.1,925.81,917.19,8.62,0,Paid
9010915,503639,2025-09-14,1069.35,1073.6,1064.8,8.8,0,Paid
9010916,503639,2025-12-13,1090.94,1071.38,1062.4,8.98,0,Paid
9010917,503639,2026-03-13,1150.22,1126.68,1117.21,9.47,0,Paid
9010918,503640,2024-11-20,1188.02,1217.44,1212.84,4.6,90,Late
9010919,503640,2025-02-18,1189.94,1015.97,1011.36,4.61,15,Late
9010920,503640,2025-05-19,1217.03,930.31,925.59,4.72,10,Late
9010921,503641,2025-10-29,1397.36,1361.53,1355.3,6.23,0,Paid
9010922,503641,2026-01-27,1320.35,1203.0,1197.11,5.89,10,Late
9010923,503641,2026-04-27,1394.2,1404.45,1398.23,6.22,0,Paid
9010924,503642,2024-07-24,1347.75,1092.68,1087.35,5.33,5,Late
9010925,503642,2024-10-22,1263.78,1274.55,1269.54,5.0,0,Paid
9010926,503642,2025-01-20,1343.83,1338.8,1333.48,5.32,0,Paid
9010927,503643,2021-03-16,15309.33,14899.51,14730.73,168.79,0,Paid
9010928,503643,2021-06-14,15029.91,14782.94,14617.24,165.7,0,Paid
9010929,503643,2021-09-12,15088.49,12742.79,12576.44,166.35,45,Late
9010930,503644,2021-04-18,1078.18,1090.68,1085.68,5.0,60,Late
9010931,503644,2021-07-17,1061.63,846.83,841.9,4.93,60,Late
9010932,503644,2021-10-15,1064.8,818.3,813.36,4.94,45,Late
9010933,503645,2019-01-15,14763.6,14578.56,14522.7,55.86,0,Paid
9010934,503645,2019-04-15,15523.09,15190.62,15131.89,58.73,0,Paid
9010935,503645,2019-07-14,15316.01,12672.88,12614.94,57.95,45,Late
9010936,503646,2025-12-16,1618.47,1641.97,1623.42,18.55,0,Paid
9010937,503646,2026-03-16,1679.78,1707.68,1688.43,19.25,0,Paid
9010938,503646,2026-06-14,1650.22,1385.7,1366.79,18.91,15,Late
9010939,503647,2022-04-06,950.68,937.98,930.88,7.1,0,Paid
9010940,503647,2022-07-05,911.04,900.25,893.44,6.8,0,Paid
9010941,503647,2022-10-03,921.7,919.37,912.49,6.88,0,Paid
9010942,503648,2023-10-11,1778.24,1756.63,1736.13,20.49,0,Paid
9010943,503648,2024-01-09,1662.28,1637.2,1618.04,19.16,0,Paid
9010944,503648,2024-04-08,1712.81,1756.65,1736.91,19.74,0,Paid
9010945,503649,2019-12-25,1616.49,1555.21,1539.29,15.92,60,Late
9010946,503649,2020-03-24,1574.24,1585.46,1569.95,15.51,0,Paid
9010947,503649,2020-06-22,1537.11,1536.21,1521.07,15.14,0,Paid
9010948,503650,2020-02-14,622.2,564.03,561.95,2.09,45,Late
9010949,503650,2020-05-14,579.83,574.13,572.18,1.95,0,Paid
9010950,503650,2020-08-12,612.97,624.08,622.02,2.06,5,Late
9010951,503651,2019-08-31,1965.4,1993.94,1978.05,15.89,0,Paid
9010952,503651,2019-11-29,1888.9,1861.9,1846.63,15.27,0,Paid
9010953,503651,2020-02-27,1921.78,1600.45,1584.92,15.53,45,Late
9010954,503652,2021-01-22,14886.58,15076.65,14948.26,128.4,90,Late
9010955,503652,2021-04-22,14368.11,14754.94,14631.02,123.92,0,Paid
9010956,503652,2021-07-21,15106.68,15194.48,15064.19,130.3,0,Paid
9010957,503653,2022-07-18,15497.9,12116.66,11975.12,141.55,15,Late
9010958,503653,2022-10-16,15484.9,12492.47,12351.04,141.43,45,Late
9010959,503653,2023-01-14,15397.37,13365.17,13224.54,140.63,45,Late
9010960,503654,2023-04-06,6277.96,6144.11,6104.97,39.13,0,Paid
9010961,503654,2023-07-05,5890.48,6007.95,5971.24,36.72,0,Paid
9010962,503654,2023-10-03,6082.33,6017.05,5979.14,37.91,0,Paid
9010963,503655,2019-04-26,8811.25,8587.98,8487.09,100.89,0,Paid
9010964,503655,2019-07-25,8733.46,7897.05,7797.05,100.0,45,Late
9010965,503655,2019-10-23,8299.0,8090.32,7995.3,95.02,0,Paid
9010966,503656,2020-06-29,14329.9,14731.94,14558.79,173.15,45,Late
9010967,503656,2020-09-27,15634.36,14496.38,14307.47,188.92,30,Late
9010968,503656,2020-12-26,15075.2,14909.45,14727.29,182.16,60,Late
9010969,503657,2023-10-21,4765.03,4709.13,4663.66,45.47,0,Paid
9010970,503657,2024-01-19,4676.55,4266.4,4221.78,44.62,60,Late
9010971,503657,2024-04-18,4948.22,4945.89,4898.67,47.21,0,Paid
9010972,503658,2025-11-11,3130.7,2666.66,2651.11,15.55,45,Late
9010973,503658,2026-02-09,3057.98,3129.65,3114.46,15.19,45,Late
9010974,503658,2026-05-10,3134.12,2620.27,2604.71,15.57,60,Late
9010975,503659,2022-09-15,2365.27,2396.37,2382.63,13.74,0,Paid
9010976,503659,2022-12-14,2460.79,2167.35,2153.06,14.29,30,Late
9010977,503659,2023-03-14,2423.98,2452.93,2438.85,14.08,0,Paid
9010978,503660,2023-08-21,14620.43,14384.35,14260.81,123.54,0,Paid
9010979,503660,2023-11-19,14339.25,14120.85,13999.69,121.17,0,Paid
9010980,503660,2024-02-17,14422.11,11870.05,11748.19,121.87,60,Late
9010981,503661,2025-03-31,1090.09,1085.91,1079.46,6.45,0,Paid
9010982,503661,2025-06-29,1178.12,1199.66,1192.69,6.97,0,Paid
9010983,503661,2025-09-27,1184.59,1127.92,1120.92,7.01,5,Late
9010984,503662,2019-03-19,687.29,706.48,701.23,5.25,0,Paid
9010985,503662,2019-06-17,680.02,529.15,523.96,5.19,10,Late
9010986,503662,2019-09-15,702.86,698.56,693.19,5.37,0,Paid
9010987,503663,2025-03-24,13303.51,13234.16,13143.47,90.69,0,Paid
9010988,503663,2025-06-22,13223.36,10225.69,10135.55,90.14,10,Late
9010989,503663,2025-09-20,13095.35,11033.4,10944.13,89.27,15,Late
9010990,503664,2021-12-09,12641.26,12393.88,12324.46,69.42,5,Late
9010991,503664,2022-03-09,12313.29,12101.37,12033.75,67.62,0,Paid
9010992,503664,2022-06-07,12686.69,11559.18,11489.5,69.67,15,Late
9010993,503665,2019-11-15,13287.88,13066.44,13011.41,55.03,0,Paid
9010994,503665,2020-02-13,12812.91,12985.09,12932.02,53.07,0,Paid
9010995,503665,2020-05-13,13079.48,13332.43,13278.26,54.17,0,Paid
9010996,503666,2025-05-23,15340.23,15281.33,15111.05,170.28,0,Paid
9010997,503666,2025-08-21,14843.06,15286.02,15121.27,164.76,0,Paid
9010998,503666,2025-11-19,14635.03,14589.77,14427.32,162.45,0,Paid
9010999,503667,2024-09-06,948.42,972.4,966.09,6.31,0,Paid
9011000,503667,2024-12-05,892.78,868.07,862.13,5.94,0,Paid
9011001,503667,2025-03-05,946.82,954.59,948.29,6.3,0,Paid
9011002,503668,2020-05-21,4547.17,3543.12,3528.19,14.93,15,Late
9011003,503668,2020-08-19,4504.12,4482.1,4467.32,14.79,0,Paid
9011004,503668,2020-11-17,4218.31,4240.18,4226.33,13.85,0,Paid
9011005,503669,2021-01-11,15586.12,14173.95,14060.44,113.52,45,Late
9011006,503669,2021-04-11,14297.4,12181.64,12077.51,104.13,60,Late
9011007,503669,2021-07-10,15683.79,12975.49,12861.26,114.23,90,Late
9011008,503670,2021-07-03,15724.18,15349.96,15254.96,95.0,5,Late
9011009,503670,2021-10-01,15517.5,15376.15,15282.39,93.75,0,Paid
9011010,503670,2021-12-30,15393.94,15590.07,15497.06,93.01,0,Paid
9011011,503671,2022-04-10,15596.68,15781.76,15611.24,170.52,0,Paid
9011012,503671,2022-07-09,14378.63,14655.12,14497.91,157.21,60,Late
9011013,503671,2022-10-07,14422.59,14054.34,13896.65,157.69,0,Paid
9011014,503672,2021-04-24,1125.19,1148.17,1144.72,3.45,0,Paid
9011015,503672,2021-07-23,1230.16,1194.58,1190.81,3.77,0,Paid
9011016,503672,2021-10-21,1196.98,1195.64,1191.97,3.67,0,Paid
9011017,503673,2025-11-01,13124.42,13464.75,13339.3,125.45,15,Late
9011018,503673,2026-01-30,12737.29,11205.75,11084.0,121.75,60,Late
9011019,503673,2026-04-30,13119.84,12690.89,12565.49,125.4,45,Late
9011020,503674,2022-05-20,4874.69,4870.28,4846.96,23.32,0,Paid
9011021,503674,2022-08-18,4820.46,4809.84,4786.78,23.06,0,Paid
9011022,503674,2022-11-16,4990.92,4554.61,4530.73,23.87,30,Late
9011023,503675,2021-08-05,1965.73,1940.26,1923.07,17.18,0,Paid
9011024,503675,2021-11-03,2009.17,2027.66,2010.1,17.56,0,Paid
9011025,503675,2022-02-01,1923.6,1457.3,1440.49,16.82,45,Late
9011026,503676,2025-09-28,7674.43,7605.67,7565.57,40.1,0,Paid
9011027,503676,2025-12-27,7921.88,6818.26,6776.87,41.39,5,Late
9011028,503676,2026-03-27,7580.12,7578.48,7538.88,39.61,0,Paid
9011029,503677,2022-06-19,712.56,610.8,603.51,7.29,30,Late
9011030,503677,2022-09-17,659.01,664.49,657.75,6.74,0,Paid
9011031,503677,2022-12-16,694.0,709.04,701.93,7.1,0,Paid
9011032,503678,2019-07-12,952.47,963.7,953.68,10.02,0,Paid
9011033,503678,2019-10-10,899.07,733.27,723.81,9.46,15,Late
9011034,503678,2020-01-08,927.92,910.8,901.03,9.77,0,Paid
9011035,503679,2022-04-13,8483.73,8373.22,8281.6,91.62,0,Paid
9011036,503679,2022-07-12,9166.18,9291.96,9192.97,98.99,0,Paid
9011037,503679,2022-10-10,8614.57,8381.3,8288.27,93.04,60,Late
9011038,503680,2020-07-26,1284.71,1299.59,1286.16,13.43,0,Paid
9011039,503680,2020-10-24,1320.39,1179.49,1165.69,13.8,10,Late
9011040,503680,2021-01-22,1282.58,1247.33,1233.92,13.4,0,Paid
9011041,503681,2019-08-06,864.48,872.01,867.65,4.36,0,Paid
9011042,503681,2019-11-04,812.77,836.72,832.62,4.1,0,Paid
9011043,503681,2020-02-02,844.73,653.6,649.35,4.26,30,Late
9011044,503682,2024-02-04,13169.0,13249.89,13123.14,126.75,45,Late
9011045,503682,2024-05-04,13625.67,13618.07,13486.93,131.15,90,Late
9011046,503682,2024-08-02,13449.45,13412.92,13283.47,129.45,90,Late
9011047,503683,2020-07-30,626.21,518.37,515.03,3.34,120,Late
9011048,503683,2020-10-28,638.64,657.21,653.8,3.41,90,Late
9011049,503683,2021-01-26,637.96,581.57,578.17,3.4,90,Late
9011050,503684,2023-04-28,669.2,664.14,656.16,7.97,30,Late
9011051,503684,2023-07-27,698.46,643.05,634.73,8.32,60,Late
9011052,503684,2023-10-25,732.82,712.41,703.68,8.73,60,Late
9011053,503685,2020-06-06,14783.54,15196.7,15051.21,145.49,0,Paid
9011054,503685,2020-09-04,14762.02,12475.51,12330.23,145.28,45,Late
9011055,503685,2020-12-03,15095.97,15485.47,15336.9,148.57,0,Paid
9011056,503686,2019-11-02,14819.0,13982.47,13919.49,62.98,90,Late
9011057,503686,2020-01-31,14351.46,13953.07,13892.08,60.99,0,Paid
9011058,503686,2020-04-30,14960.3,14838.86,14775.28,63.58,0,Paid
9011059,503687,2025-12-07,8512.37,8618.27,8533.14,85.12,0,Paid
9011060,503687,2026-03-07,8546.57,8405.61,8320.14,85.47,15,Late
9011061,503687,2026-06-05,9057.2,9240.18,9149.6,90.57,5,Late
9011062,503688,2023-03-27,10561.41,10383.51,10275.08,108.43,0,Paid
9011063,503688,2023-06-25,10982.63,9910.89,9798.13,112.76,10,Late
9011064,503688,2023-09-23,10942.29,10505.87,10393.53,112.34,5,Late
9011065,503689,2019-05-19,853.7,853.17,850.26,2.91,0,Paid
9011066,503689,2019-08-17,816.75,819.05,816.27,2.78,0,Paid
9011067,503689,2019-11-15,880.42,885.74,882.74,3.0,0,Paid
9011068,503690,2023-12-03,11276.89,11226.34,11111.04,115.31,0,Paid
9011069,503690,2024-03-02,10845.74,9821.09,9710.19,110.9,45,Late
9011070,503690,2024-05-31,11292.58,11021.51,10906.04,115.47,0,Paid
9011071,503691,2025-01-23,11134.65,11303.07,11263.45,39.62,0,Paid
9011072,503691,2025-04-23,10993.5,11037.81,10998.69,39.12,0,Paid
9011073,503691,2025-07-22,11416.27,11751.14,11710.52,40.62,0,Paid
9011074,503692,2019-09-28,1706.34,1676.31,1658.32,17.99,0,Paid
9011075,503692,2019-12-27,1805.66,1852.32,1833.29,19.03,0,Paid
9011076,503692,2020-03-26,1830.33,1818.5,1799.2,19.29,0,Paid
9011077,503693,2022-09-08,596.51,610.43,605.89,4.55,0,Paid
9011078,503693,2022-12-07,580.07,585.39,580.96,4.42,0,Paid
9011079,503693,2023-03-07,598.41,585.73,581.16,4.56,0,Paid
9011080,503694,2019-01-09,6382.29,6274.76,6205.51,69.25,0,Paid
9011081,503694,2019-04-09,6185.21,6198.96,6131.85,67.11,0,Paid
9011082,503694,2019-07-08,6389.8,6224.05,6154.72,69.33,0,Paid
9011083,503695,2023-12-09,1123.8,1114.14,1109.82,4.33,0,Paid
9011084,503695,2024-03-08,1172.93,1200.07,1195.56,4.52,0,Paid
9011085,503695,2024-06-06,1099.58,1076.89,1072.66,4.23,15,Late
9011086,503696,2025-12-16,3775.66,3714.66,3684.73,29.92,0,Paid
9011087,503696,2026-03-16,3655.56,3697.99,3669.02,28.97,0,Paid
9011088,503696,2026-06-14,3894.35,3943.98,3913.11,30.86,15,Late
9011089,503697,2022-11-09,1807.72,1855.6,1846.85,8.75,0,Paid
9011090,503697,2023-02-07,1768.64,1774.82,1766.26,8.56,0,Paid
9011091,503697,2023-05-08,1762.62,1766.21,1757.68,8.53,0,Paid
9011092,503698,2020-09-05,1996.61,2014.92,1994.37,20.55,0,Paid
9011093,503698,2020-12-04,2012.34,1989.45,1968.74,20.71,0,Paid
9011094,503698,2021-03-04,2003.95,1974.11,1953.49,20.62,0,Paid
9011095,503699,2023-09-19,1015.09,920.6,908.83,11.77,30,Late
9011096,503699,2023-12-18,1001.02,881.49,869.88,11.6,45,Late
9011097,503699,2024-03-17,974.87,835.98,824.68,11.3,45,Late
9011098,503700,2019-08-25,2388.11,2309.44,2282.15,27.28,30,Late
9011099,503700,2019-11-23,2560.47,2152.04,2122.79,29.25,10,Late
9011100,503700,2020-02-21,2501.3,2548.37,2519.79,28.58,0,Paid
9011101,503701,2020-02-12,10746.4,8611.46,8548.15,63.31,10,Late
9011102,503701,2020-05-12,10775.64,10670.63,10607.15,63.49,10,Late
9011103,503701,2020-08-10,10339.64,10335.85,10274.93,60.92,0,Paid
9011104,503702,2022-05-13,885.8,885.16,875.38,9.78,45,Late
9011105,503702,2022-08-11,881.65,889.3,879.56,9.73,0,Paid
9011106,503702,2022-11-09,848.0,840.06,830.7,9.36,0,Paid
9011107,503703,2019-03-24,4253.74,4134.13,4120.2,13.93,0,Paid
9011108,503703,2019-06-22,4399.26,3760.6,3746.2,14.41,5,Late
9011109,503703,2019-09-20,4580.6,4629.75,4614.75,15.0,5,Late
9011110,503704,2023-09-25,14233.97,13815.77,13718.75,97.03,0,Paid
9011111,503704,2023-12-24,14229.77,14061.31,13964.31,97.0,0,Paid
9011112,503704,2024-03-23,14210.59,11756.86,11659.99,96.87,10,Late
9011113,503705,2019-06-16,4875.38,4799.7,4782.68,17.02,0,Paid
9011114,503705,2019-09-14,4617.62,4722.88,4706.75,16.12,0,Paid
9011115,503705,2019-12-13,4712.58,4666.03,4649.58,16.45,0,Paid
9011116,503706,2021-08-07,1469.73,1176.38,1169.33,7.05,45,Late
9011117,503706,2021-11-05,1419.99,1457.05,1450.23,6.82,30,Late
9011118,503706,2022-02-03,1527.47,1336.26,1328.93,7.33,60,Late
9011119,503707,2025-06-23,719.98,678.42,672.29,6.13,30,Late
9011120,503707,2025-09-21,765.77,779.76,773.25,6.52,15,Late
9011121,503707,2025-12-20,769.16,586.78,580.23,6.54,45,Late
9011122,503708,2019-11-23,4644.9,4569.67,4543.0,26.67,0,Paid
9011123,503708,2020-02-21,4593.71,4690.19,4663.82,26.38,0,Paid
9011124,503708,2020-05-21,4727.95,4841.1,4813.96,27.15,0,Paid
9011125,503709,2024-10-16,1909.81,1913.23,1899.16,14.07,0,Paid
9011126,503709,2025-01-14,1906.05,1903.26,1889.22,14.04,0,Paid
9011127,503709,2025-04-14,2085.78,2034.18,2018.81,15.37,0,Paid
9011128,503710,2024-03-09,1567.62,1552.81,1541.12,11.69,0,Paid
9011129,503710,2024-06-07,1621.93,1419.92,1407.83,12.1,10,Late
9011130,503710,2024-09-05,1549.21,1469.09,1457.54,11.55,30,Late
9011131,503711,2022-07-28,464.91,472.47,470.51,1.96,0,Paid
9011132,503711,2022-10-26,468.85,471.63,469.65,1.98,0,Paid
9011133,503711,2023-01-24,466.96,480.72,478.74,1.97,0,Paid
9011134,503712,2025-02-20,399.65,393.04,390.51,2.52,0,Paid
9011135,503712,2025-05-21,418.99,409.71,407.07,2.65,45,Late
9011136,503712,2025-08-19,410.79,415.09,412.49,2.59,0,Paid
9011137,503713,2020-04-10,882.32,893.22,883.66,9.55,0,Paid
9011138,503713,2020-07-09,887.48,738.76,729.16,9.61,5,Late
9011139,503713,2020-10-07,864.97,854.26,844.9,9.36,0,Paid
9011140,503714,2025-12-19,1893.65,1932.19,1913.91,18.27,5,Late
9011141,503714,2026-03-19,1971.21,1929.68,1910.65,19.02,0,Paid
9011142,503714,2026-06-17,1884.12,1926.88,1908.7,18.18,0,Paid
9011143,503715,2021-06-05,4509.91,4411.82,4398.1,13.72,45,Late
9011144,503715,2021-09-03,4209.2,3319.47,3306.66,12.8,45,Late
9011145,503715,2021-12-02,4130.67,3886.35,3873.78,12.56,30,Late
9011146,503716,2020-11-15,1598.14,1514.61,1499.09,15.53,5,Late
9011147,503716,2021-02-13,1747.24,1779.96,1762.98,16.98,0,Paid
9011148,503716,2021-05-14,1705.23,1718.93,1702.36,16.57,0,Paid
9011149,503717,2021-08-18,461.51,474.24,469.28,4.97,0,Paid
9011150,503717,2021-11-16,478.34,488.2,483.05,5.15,0,Paid
9011151,503717,2022-02-14,452.89,425.25,420.38,4.87,30,Late
9011152,503718,2025-04-15,549.49,536.5,530.84,5.66,0,Paid
9011153,503718,2025-07-14,578.98,581.32,575.35,5.96,0,Paid
9011154,503718,2025-10-12,595.48,527.77,521.64,6.13,5,Late
9011155,503719,2020-01-09,1518.67,1537.76,1522.89,14.87,0,Paid
9011156,503719,2020-04-08,1580.86,1426.97,1411.49,15.48,30,Late
9011157,503719,2020-07-07,1591.05,1217.52,1201.94,15.58,15,Late
9011158,503720,2024-06-10,3740.3,3812.09,3794.92,17.17,0,Paid
9011159,503720,2024-09-08,3933.76,3821.19,3803.12,18.06,0,Paid
9011160,503720,2024-12-07,3709.02,3664.11,3647.08,17.03,0,Paid
9011161,503721,2020-06-15,1860.06,1865.13,1850.61,14.52,0,Paid
9011162,503721,2020-09-13,1856.08,1535.09,1520.6,14.49,5,Late
9011163,503721,2020-12-12,1946.43,1992.85,1977.65,15.2,0,Paid
9011164,503722,2024-06-03,3201.01,2495.4,2475.26,20.14,60,Late
9011165,503722,2024-09-01,3240.22,3278.81,3258.43,20.39,15,Late
9011166,503722,2024-11-30,3315.19,2763.94,2743.08,20.86,60,Late
9011167,503723,2025-11-07,1314.63,1329.95,1321.97,7.98,45,Late
9011168,503723,2026-02-05,1358.71,1290.39,1282.14,8.24,30,Late
9011169,503723,2026-05-06,1310.51,1283.02,1275.07,7.95,0,Paid
9011170,503724,2022-05-28,5798.04,5852.98,5792.53,60.44,0,Paid
9011171,503724,2022-08-26,5927.16,6062.96,6001.17,61.79,0,Paid
9011172,503724,2022-11-24,6123.26,5930.73,5866.9,63.83,15,Late
9011173,503725,2025-09-24,970.29,957.7,954.47,3.23,0,Paid
9011174,503725,2025-12-23,939.12,925.97,922.84,3.13,0,Paid
9011175,503725,2026-03-23,963.87,989.78,986.57,3.21,0,Paid
9011176,503726,2022-03-16,12952.08,11439.73,11298.99,140.75,60,Late
9011177,503726,2022-06-14,13648.77,11296.65,11148.34,148.32,120,Late
9011178,503726,2022-09-12,13804.94,11810.56,11660.54,150.01,120,Late
9011179,503727,2019-01-27,781.76,798.48,790.22,8.26,0,Paid
9011180,503727,2019-04-27,837.85,860.87,852.02,8.85,0,Paid
9011181,503727,2019-07-26,791.97,785.39,777.02,8.37,0,Paid
9011182,503728,2021-08-31,12548.17,12763.79,12637.26,126.53,0,Paid
9011183,503728,2021-11-29,12164.12,11930.03,11807.37,122.65,0,Paid
9011184,503728,2022-02-27,12291.6,12563.27,12439.33,123.94,0,Paid
9011185,503729,2023-03-10,904.7,912.72,903.52,9.2,0,Paid
9011186,503729,2023-06-08,975.33,948.32,938.41,9.92,0,Paid
9011187,503729,2023-09-06,937.51,912.76,903.23,9.53,0,Paid
9011188,503730,2023-12-08,8249.79,8147.14,8112.7,34.44,0,Paid
9011189,503730,2024-03-07,8117.49,8048.55,8014.66,33.89,0,Paid
9011190,503730,2024-06-05,7998.8,8194.01,8160.61,33.39,0,Paid
9011191,503731,2025-07-10,2043.91,1611.16,1600.33,10.83,60,Late
9011192,503731,2025-10-08,1872.94,1484.71,1474.79,9.93,45,Late
9011193,503731,2026-01-06,1976.56,1732.57,1722.1,10.48,90,Late
9011194,503732,2023-12-31,8445.98,8389.2,8295.02,94.17,10,Late
9011195,503732,2024-03-30,8593.1,8826.8,8730.98,95.81,0,Paid
9011196,503732,2024-06-28,8699.55,8833.38,8736.38,97.0,0,Paid
9011197,503733,2023-04-17,2282.26,1930.6,1918.92,11.68,15,Late
9011198,503733,2023-07-16,2486.39,2554.56,2541.84,12.72,0,Paid
9011199,503733,2023-10-14,2360.8,2344.78,2332.7,12.08,0,Paid
9011200,503734,2019-01-10,4926.87,4951.05,4914.18,36.87,0,Paid
9011201,503734,2019-04-10,4604.86,3824.77,3790.31,34.46,10,Late
9011202,503734,2019-07-09,4889.26,4746.93,4710.35,36.59,0,Paid
9011203,503735,2022-08-27,1822.45,1836.71,1830.59,6.12,0,Paid
9011204,503735,2022-11-25,1908.99,1862.59,1856.18,6.41,0,Paid
9011205,503735,2023-02-23,1894.95,1757.09,1750.72,6.36,5,Late
9011206,503736,2022-01-15,1264.57,1053.79,1039.98,13.82,5,Late
9011207,503736,2022-04-15,1355.94,1342.35,1327.53,14.81,0,Paid
9011208,503736,2022-07-14,1380.5,1404.61,1389.53,15.08,0,Paid
9011209,503737,2025-08-14,10410.94,9956.86,9875.48,81.38,45,Late
9011210,503737,2025-11-12,10421.0,10073.56,9992.1,81.46,45,Late
9011211,503737,2026-02-10,9685.12,8576.54,8500.84,75.71,60,Late
9011212,503738,2025-07-03,4590.72,4203.58,4156.44,47.13,5,Late
9011213,503738,2025-10-01,4520.15,4296.82,4250.41,46.41,45,Late
9011214,503738,2025-12-30,4491.2,4011.05,3964.94,46.11,60,Late
9011215,503739,2021-08-20,4882.13,4088.44,4032.54,55.9,10,Late
9011216,503739,2021-11-18,4785.4,4780.12,4725.32,54.79,0,Paid
9011217,503739,2022-02-16,4553.99,4515.73,4463.59,52.14,0,Paid
9011218,503740,2024-02-04,4089.65,4136.09,4111.92,24.16,0,Paid
9011219,503740,2024-05-04,4003.18,3489.74,3466.09,23.65,5,Late
9011220,503740,2024-08-02,4311.6,3994.38,3968.9,25.47,5,Late
9011221,503741,2024-11-14,1694.13,1698.52,1678.59,19.93,90,Late
9011222,503741,2025-02-12,1716.38,1622.51,1602.31,20.2,120,Late
9011223,503741,2025-05-13,1727.25,1303.59,1283.27,20.32,90,Late
9011224,503742,2023-01-17,1581.74,1522.11,1515.12,6.99,30,Late
9011225,503742,2023-04-17,1533.75,1551.62,1544.85,6.77,0,Paid
9011226,503742,2023-07-16,1460.94,1411.62,1405.17,6.45,30,Late
9011227,503743,2021-12-29,1545.71,1509.62,1499.32,10.3,0,Paid
9011228,503743,2022-03-29,1532.86,1506.9,1496.68,10.22,30,Late
9011229,503743,2022-06-27,1516.19,1544.18,1534.08,10.11,0,Paid
9011230,503744,2019-10-28,2494.93,2235.6,2224.14,11.46,5,Late
9011231,503744,2020-01-26,2499.77,2454.92,2443.44,11.48,0,Paid
9011232,503744,2020-04-25,2559.17,2596.84,2585.09,11.75,0,Paid
9011233,503745,2023-01-25,714.5,665.64,660.04,5.6,10,Late
9011234,503745,2023-04-25,702.33,589.97,584.46,5.51,45,Late
9011235,503745,2023-07-24,684.71,689.94,684.57,5.37,0,Paid
9011236,503746,2019-10-23,792.27,621.73,615.99,5.74,120,Late
9011237,503746,2020-01-21,779.37,725.52,719.88,5.64,120,Late
9011238,503746,2020-04-20,780.22,614.01,608.36,5.65,120,Late
9011239,503747,2022-01-14,2320.77,2364.88,2337.63,27.25,0,Paid
9011240,503747,2022-04-14,2354.15,2381.16,2353.51,27.64,0,Paid
9011241,503747,2022-07-13,2324.39,2249.87,2222.58,27.29,5,Late
9011242,503748,2025-01-24,7331.27,7291.96,7254.39,37.57,0,Paid
9011243,503748,2025-04-24,7107.45,7239.47,7203.04,36.43,0,Paid
9011244,503748,2025-07-23,7113.21,7206.75,7170.3,36.46,0,Paid
9011245,503749,2021-10-28,14259.34,14002.11,13864.98,137.13,0,Paid
9011246,503749,2022-01-26,13517.22,13616.25,13486.26,129.99,0,Paid
9011247,503749,2022-04-26,14260.95,14616.55,14479.41,137.14,0,Paid
9011248,503750,2020-12-17,14936.6,14862.39,14702.19,160.2,0,Paid
9011249,503750,2021-03-17,15142.63,14855.17,14692.76,162.4,0,Paid
9011250,503750,2021-06-15,14555.9,14766.85,14610.73,156.11,0,Paid
9011251,503751,2019-09-18,1954.75,2005.84,1990.19,15.65,0,Paid
9011252,503751,2019-12-17,1942.08,1915.68,1900.13,15.55,0,Paid
9011253,503751,2020-03-16,1942.63,1912.49,1896.93,15.56,0,Paid
9011254,503752,2021-07-02,4468.51,4398.59,4362.25,36.34,0,Paid
9011255,503752,2021-09-30,4833.26,4695.22,4655.9,39.31,30,Late
9011256,503752,2021-12-29,4504.7,4589.94,4553.3,36.64,10,Late
9011257,503753,2025-10-21,458.37,423.13,421.18,1.94,30,Late
9011258,503753,2026-01-19,460.3,464.91,462.95,1.95,0,Paid
9011259,503753,2026-04-19,472.34,481.95,479.95,2.0,90,Late
9011260,503754,2019-08-02,1718.83,1719.32,1700.33,18.99,5,Late
9011261,503754,2019-10-31,1663.68,1628.11,1609.73,18.38,0,Paid
9011262,503754,2020-01-29,1677.2,1727.39,1708.85,18.53,0,Paid
9011263,503755,2023-06-03,8526.88,8154.08,8112.73,41.36,10,Late
9011264,503755,2023-09-01,8640.12,8796.66,8754.75,41.9,0,Paid
9011265,503755,2023-11-30,8845.1,9051.0,9008.1,42.9,0,Paid
9011266,503756,2022-08-20,5814.04,5732.66,5711.87,20.79,0,Paid
9011267,503756,2022-11-18,5702.43,5778.84,5758.45,20.39,0,Paid
9011268,503756,2023-02-16,5848.83,5683.55,5662.64,20.91,0,Paid
9011269,503757,2019-09-17,15626.65,15998.6,15887.13,111.47,0,Paid
9011270,503757,2019-12-16,15595.05,15806.2,15694.95,111.24,0,Paid
9011271,503757,2020-03-15,14958.41,15275.07,15168.37,106.7,0,Paid
9011272,503758,2022-04-21,15108.87,14778.78,14662.32,116.46,0,Paid
9011273,503758,2022-07-20,15206.72,11423.64,11306.42,117.22,30,Late
9011274,503758,2022-10-18,14361.53,14125.0,14014.3,110.7,0,Paid
9011275,503759,2023-02-12,1860.84,1833.82,1817.59,16.24,0,Paid
9011276,503759,2023-05-13,1852.33,1843.78,1827.62,16.16,0,Paid
9011277,503759,2023-08-11,1948.43,1847.19,1830.19,17.0,45,Late
9011278,503760,2021-04-01,1865.6,1585.94,1571.56,14.38,45,Late
9011279,503760,2021-06-30,1963.97,1952.32,1937.18,15.14,0,Paid
9011280,503760,2021-09-28,1832.17,1800.14,1786.01,14.12,0,Paid
9011281,503761,2020-06-07,4797.47,4915.06,4869.12,45.94,0,Paid
9011282,503761,2020-09-05,4731.71,3665.68,3620.38,45.31,45,Late
9011283,503761,2020-12-04,4819.11,4476.38,4430.24,46.14,10,Late
9011284,503762,2019-09-29,14443.14,14544.81,14384.13,160.68,5,Late
9011285,503762,2019-12-28,15543.82,14641.17,14468.24,172.92,5,Late
9011286,503762,2020-03-27,14296.28,13627.46,13468.41,159.05,45,Late
9011287,503763,2025-09-21,13375.56,13003.25,12938.93,64.31,0,Paid
9011288,503763,2025-12-20,12439.29,12595.41,12535.6,59.81,0,Paid
9011289,503763,2026-03-20,12791.43,12840.61,12779.1,61.51,0,Paid
9011290,503764,2024-10-08,493.19,430.73,425.03,5.7,15,Late
9011291,503764,2025-01-06,496.31,488.06,482.33,5.73,0,Paid
9011292,503764,2025-04-06,509.88,497.47,491.58,5.89,0,Paid
9011293,503765,2021-08-20,14406.31,11041.58,10989.84,51.74,45,Late
9011294,503765,2021-11-18,14666.05,14839.57,14786.89,52.68,0,Paid
9011295,503765,2022-02-16,15358.49,14770.32,14715.16,55.16,5,Late
9011296,503766,2020-09-30,12037.25,10884.59,10745.26,139.33,30,Late
9011297,503766,2020-12-29,12342.38,11850.17,11707.31,142.86,15,Late
9011298,503766,2021-03-29,12108.22,10355.29,10215.13,140.15,60,Late
9011299,503767,2020-01-27,1597.89,1583.32,1573.62,9.69,0,Paid
9011300,503767,2020-04-26,1693.35,1726.36,1716.09,10.27,0,Paid
9011301,503767,2020-07-25,1584.96,1586.33,1576.72,9.62,0,Paid
9011302,503768,2024-12-18,5644.46,5575.55,5547.56,27.99,0,Paid
9011303,503768,2025-03-18,5546.48,5667.86,5640.36,27.5,0,Paid
9011304,503768,2025-06-16,5815.41,5554.22,5525.38,28.83,45,Late
9011305,503769,2021-02-08,2343.6,1828.56,1820.3,8.26,45,Late
9011306,503769,2021-05-09,2280.99,2284.29,2276.25,8.04,0,Paid
9011307,503769,2021-08-07,2154.51,2149.61,2142.02,7.59,0,Paid
9011308,503770,2022-09-26,1255.41,1258.17,1249.94,8.23,0,Paid
9011309,503770,2022-12-25,1278.39,1283.12,1274.74,8.38,0,Paid
9011310,503770,2023-03-25,1274.81,1304.17,1295.81,8.36,0,Paid
9011311,503771,2023-06-10,12772.38,11136.68,11047.38,89.3,30,Late
9011312,503771,2023-09-08,12974.19,13118.61,13027.89,90.71,10,Late
9011313,503771,2023-12-07,13214.52,10491.28,10398.89,92.39,10,Late
9011314,503772,2020-03-23,1422.86,1447.73,1435.69,12.04,0,Paid
9011315,503772,2020-06-21,1474.83,1248.35,1235.88,12.47,5,Late
9011316,503772,2020-09-19,1387.24,1371.39,1359.66,11.73,0,Paid
9011317,503773,2025-05-04,822.91,826.06,816.25,9.81,45,Late
9011318,503773,2025-08-02,778.26,615.38,606.11,9.27,45,Late
9011319,503773,2025-10-31,786.22,660.0,650.63,9.37,30,Late
9011320,503774,2025-10-12,7137.1,6330.56,6272.69,57.87,60,Late
9011321,503774,2026-01-10,6772.71,6226.83,6171.91,54.92,45,Late
9011322,503774,2026-04-10,7375.26,6722.2,6662.4,59.8,45,Late
9011323,503775,2024-12-04,2311.44,2214.36,2195.47,18.9,60,Late
9011324,503775,2025-03-04,2450.3,1925.91,1905.88,20.03,5,Late
9011325,503775,2025-06-02,2234.42,1926.92,1908.65,18.27,45,Late
9011326,503776,2020-11-13,1629.3,1470.79,1459.43,11.35,15,Late
9011327,503776,2021-02-11,1551.22,1522.95,1512.15,10.81,0,Paid
9011328,503776,2021-05-12,1581.69,1535.49,1524.47,11.02,0,Paid
9011329,503777,2019-10-06,1030.58,1038.49,1029.1,9.39,15,Late
9011330,503777,2020-01-04,1036.42,1048.3,1038.86,9.44,0,Paid
9011331,503777,2020-04-03,1073.64,1077.98,1068.2,9.78,0,Paid
9011332,503778,2024-04-07,6856.21,6819.59,6762.74,56.85,45,Late
9011333,503778,2024-07-06,6664.76,6506.66,6451.4,55.26,0,Paid
9011334,503778,2024-10-04,7117.43,7098.54,7039.52,59.02,0,Paid
9011335,503779,2023-01-16,4494.37,3433.17,3411.34,21.84,30,Late
9011336,503779,2023-04-16,4835.68,3773.56,3750.07,23.49,45,Late
9011337,503779,2023-07-15,4480.28,3678.28,3656.52,21.77,15,Late
9011338,503780,2019-07-23,925.95,948.42,940.47,7.95,0,Paid
9011339,503780,2019-10-21,920.18,829.54,821.64,7.9,45,Late
9011340,503780,2020-01-19,863.4,871.78,864.37,7.41,0,Paid
9011341,503781,2022-03-11,2683.49,2618.43,2609.39,9.03,0,Paid
9011342,503781,2022-06-09,2597.92,1991.35,1982.6,8.75,45,Late
9011343,503781,2022-09-07,2568.81,2554.38,2545.73,8.65,90,Late
9011344,503782,2019-07-13,14685.81,14887.24,14731.45,155.79,0,Paid
9011345,503782,2019-10-11,15191.41,15471.91,15310.76,161.16,0,Paid
9011346,503782,2020-01-09,15454.29,15521.32,15357.37,163.94,0,Paid
9011347,503783,2024-05-06,14459.45,14556.37,14498.29,58.08,0,Paid
9011348,503783,2024-08-04,15016.63,14928.1,14867.78,60.32,0,Paid
9011349,503783,2024-11-02,15001.32,14646.17,14585.92,60.26,15,Late
9011350,503784,2020-09-05,5954.99,6102.28,6082.63,19.65,60,Late
9011351,503784,2020-12-04,6108.72,5446.64,5426.48,20.16,45,Late
9011352,503784,2021-03-04,6123.2,5905.84,5885.63,20.21,60,Late
9011353,503785,2024-07-24,12076.39,12245.59,12128.75,116.84,0,Paid
9011354,503785,2024-10-22,12211.49,12281.35,12163.21,118.15,0,Paid
9011355,503785,2025-01-20,11580.67,11307.4,11195.35,112.04,0,Paid
9011356,503786,2023-09-01,4032.63,3866.03,3849.94,16.1,45,Late
9011357,503786,2023-11-30,3800.92,3631.12,3615.95,15.17,120,Late
9011358,503786,2024-02-28,4006.3,3634.04,3618.05,15.99,90,Late
9011359,503787,2023-12-28,4324.78,4365.64,4342.64,22.99,0,Paid
9011360,503787,2024-03-27,4074.16,4073.86,4052.2,21.66,0,Paid
9011361,503787,2024-06-25,4293.03,3564.1,3541.27,22.82,10,Late
9011362,503788,2021-11-03,1294.55,1276.11,1265.57,10.54,0,Paid
9011363,503788,2022-02-01,1220.43,1197.9,1187.96,9.94,0,Paid
9011364,503788,2022-05-02,1256.65,1136.0,1125.77,10.23,45,Late
9011365,503789,2023-06-22,5814.6,5937.28,5869.25,68.03,0,Paid
9011366,503789,2023-09-20,6014.39,5958.66,5888.29,70.37,0,Paid
9011367,503789,2023-12-19,5687.9,4829.11,4762.56,66.55,60,Late
9011368,503790,2019-05-02,2278.0,2264.77,2250.06,14.71,0,Paid
9011369,503790,2019-07-31,2352.15,2348.97,2333.78,15.19,0,Paid
9011370,503790,2019-10-29,2244.18,2220.94,2206.44,14.49,0,Paid
9011371,503791,2020-06-17,170.73,171.48,169.99,1.5,15,Late
9011372,503791,2020-09-15,165.84,167.79,166.34,1.45,0,Paid
9011373,503791,2020-12-14,160.85,159.46,158.05,1.41,0,Paid
9011374,503792,2025-07-02,8408.54,8166.68,8133.4,33.28,0,Paid
9011375,503792,2025-09-30,8092.54,6390.05,6358.02,32.03,5,Late
9011376,503792,2025-12-29,8367.19,8614.79,8581.67,33.12,0,Paid
9011377,503793,2022-02-02,6826.17,5178.44,5149.88,28.56,45,Late
9011378,503793,2022-05-03,6377.81,5658.41,5631.73,26.68,90,Late
9011379,503793,2022-08-01,6267.07,5143.34,5117.12,26.22,60,Late
9011380,503794,2025-12-05,1569.36,1594.18,1578.57,15.6,0,Paid
9011381,503794,2026-03-05,1581.04,1392.79,1377.07,15.72,45,Late
9011382,503794,2026-06-03,1526.91,1436.96,1421.78,15.18,15,Late
9011383,503795,2021-07-25,1227.23,1106.1,1100.9,5.2,15,Late
9011384,503795,2021-10-23,1233.4,1221.7,1216.48,5.22,0,Paid
9011385,503795,2022-01-21,1187.87,1221.0,1215.97,5.03,0,Paid
9011386,503796,2025-02-21,5000.37,3884.99,3848.9,36.09,15,Late
9011387,503796,2025-05-22,4777.77,4855.17,4820.69,34.48,0,Paid
9011388,503796,2025-08-20,5038.46,5159.62,5123.26,36.36,0,Paid
9011389,503797,2025-12-04,8290.47,8229.29,8135.4,93.89,15,Late
9011390,503797,2026-03-04,8600.6,7569.84,7472.44,97.4,15,Late
9011391,503797,2026-06-02,7912.83,7925.96,7836.35,89.61,0,Paid
9011392,503798,2021-11-12,6809.08,6780.43,6723.52,56.91,0,Paid
9011393,503798,2022-02-10,7140.52,6392.01,6332.33,59.68,15,Late
9011394,503798,2022-05-11,6743.31,6653.97,6597.61,56.36,0,Paid
9011395,503799,2020-01-02,15064.59,14887.32,14814.88,72.44,0,Paid
9011396,503799,2020-04-01,14336.04,14691.63,14622.7,68.93,0,Paid
9011397,503799,2020-06-30,14941.8,13558.87,13487.03,71.85,10,Late
9011398,503800,2025-12-21,15001.04,15250.79,15117.15,133.63,0,Paid
9011399,503800,2026-03-21,14947.85,14205.98,14072.81,133.16,90,Late
9011400,503800,2026-06-19,15651.18,15696.43,15557.01,139.43,0,Paid
9011401,503801,2020-04-24,2252.51,2064.24,2044.29,19.95,5,Late
9011402,503801,2020-07-23,2320.51,2347.4,2326.84,20.56,0,Paid
9011403,503801,2020-10-21,2246.63,2213.59,2193.68,19.9,0,Paid
9011404,503802,2022-12-04,8898.82,8647.88,8593.67,54.21,0,Paid
9011405,503802,2023-03-04,8956.44,9036.46,8981.9,54.56,0,Paid
9011406,503802,2023-06-02,8284.08,7035.43,6984.97,50.46,60,Late
9011407,503803,2025-01-24,15747.3,13252.84,13121.22,131.62,15,Late
9011408,503803,2025-04-24,14853.51,11238.92,11114.77,124.15,10,Late
9011409,503803,2025-07-23,14778.75,14374.26,14250.73,123.53,0,Paid
9011410,503804,2022-04-23,14903.1,11978.28,11866.76,111.52,10,Late
9011411,503804,2022-07-22,15635.84,14771.93,14654.92,117.01,90,Late
9011412,503804,2022-10-20,15564.74,15339.86,15223.38,116.48,0,Paid
9011413,503805,2023-03-08,2108.46,2127.6,2107.29,20.31,10,Late
9011414,503805,2023-06-06,2115.01,1817.54,1797.16,20.37,15,Late
9011415,503805,2023-09-04,2016.93,2011.66,1992.23,19.43,0,Paid
9011416,503806,2025-04-04,1744.37,1706.93,1694.21,12.72,0,Paid
9011417,503806,2025-07-03,1792.54,1386.18,1373.11,13.07,15,Late
9011418,503806,2025-10-01,1691.49,1651.79,1639.46,12.33,0,Paid
9011419,503807,2025-11-24,1641.92,1664.82,1646.54,18.28,0,Paid
9011420,503807,2026-02-22,1601.39,1607.14,1589.31,17.83,0,Paid
9011421,503807,2026-05-23,1708.74,1682.89,1663.87,19.02,0,Paid
9011422,503808,2025-08-27,14415.58,14705.75,14625.14,80.61,0,Paid
9011423,503808,2025-11-25,14792.0,14404.8,14322.08,82.71,0,Paid
9011424,503808,2026-02-23,15265.93,15228.8,15143.44,85.36,0,Paid
9011425,503809,2020-04-06,14774.28,14413.49,14285.69,127.8,0,Paid
9011426,503809,2020-07-05,14530.4,12122.85,11997.16,125.69,30,Late
9011427,503809,2020-10-03,14818.39,14543.61,14415.43,128.18,0,Paid
9011428,503810,2025-12-11,1922.82,1923.63,1916.5,7.13,0,Paid
9011429,503810,2026-03-11,2079.14,2140.61,2132.9,7.71,0,Paid
9011430,503810,2026-06-09,1914.88,1909.81,1902.71,7.1,0,Paid
9011431,503811,2019-06-07,4479.82,4470.44,4416.8,53.65,0,Paid
9011432,503811,2019-09-05,4784.05,4710.13,4652.84,57.29,0,Paid
9011433,503811,2019-12-04,4744.4,3770.49,3713.68,56.81,10,Late
9011434,503812,2025-07-13,10335.32,10434.14,10365.84,68.3,0,Paid
9011435,503812,2025-10-11,9867.98,10141.04,10075.83,65.21,0,Paid
9011436,503812,2026-01-09,9531.65,8941.71,8878.72,62.99,15,Late
9011437,503813,2022-05-27,5004.21,4908.7,4871.29,37.41,0,Paid
9011438,503813,2022-08-25,5055.27,5069.44,5031.66,37.79,30,Late
9011439,503813,2022-11-23,5307.82,5155.55,5115.87,39.68,0,Paid
9011440,503814,2019-01-15,7148.45,7120.76,7079.48,41.28,45,Late
9011441,503814,2019-04-15,7372.82,6787.76,6745.18,42.58,5,Late
9011442,503814,2019-07-14,7563.32,6420.97,6377.29,43.68,5,Late
9011443,503815,2019-10-02,1969.99,1921.62,1899.33,22.29,0,Paid
9011444,503815,2019-12-31,1975.46,1984.69,1962.33,22.36,0,Paid
9011445,503815,2020-03-30,2024.31,1779.52,1756.62,22.91,60,Late
9011446,503816,2025-05-09,12855.34,12679.42,12606.46,72.95,0,Paid
9011447,503816,2025-08-07,12319.09,12464.78,12394.86,69.91,0,Paid
9011448,503816,2025-11-05,13153.35,13159.36,13084.71,74.65,0,Paid
9011449,503817,2022-06-05,14960.86,15199.23,15071.44,127.79,0,Paid
9011450,503817,2022-09-03,15612.71,15360.83,15227.47,133.36,0,Paid
9011451,503817,2022-12-02,15491.54,12091.29,11958.97,132.32,45,Late
9011452,503818,2024-11-06,9723.04,9677.63,9634.28,43.35,0,Paid
9011453,503818,2025-02-04,9384.67,8170.24,8128.4,41.84,90,Late
9011454,503818,2025-05-05,9330.39,7971.7,7930.1,41.6,5,Late
9011455,503819,2025-11-17,15166.84,13831.45,13665.5,165.95,60,Late
9011456,503819,2026-02-15,14810.7,12316.13,12154.08,162.05,90,Late
9011457,503819,2026-05-16,14358.45,11153.18,10996.07,157.11,45,Late
9011458,503820,2021-06-24,379.04,375.8,374.02,1.78,0,Paid
9011459,503820,2021-09-22,357.11,354.58,352.91,1.68,0,Paid
9011460,503820,2021-12-21,364.51,275.14,273.43,1.71,45,Late
9011461,503821,2022-07-31,2307.23,2346.57,2338.28,8.29,0,Paid
9011462,503821,2022-10-29,2387.08,2458.5,2449.92,8.57,5,Late
9011463,503821,2023-01-27,2265.6,2253.83,2245.7,8.14,0,Paid
9011464,503822,2019-04-03,7542.52,7535.66,7508.32,27.34,10,Late
9011465,503822,2019-07-02,7187.14,6998.81,6972.75,26.05,0,Paid
9011466,503822,2019-09-30,7063.53,7255.0,7229.4,25.61,0,Paid
9011467,503823,2022-04-22,3771.8,3166.8,3141.12,25.68,30,Late
9011468,503823,2022-07-21,3602.02,3605.96,3581.43,24.52,0,Paid
9011469,503823,2022-10-19,3667.3,2815.49,2790.52,24.97,5,Late
9011470,503824,2025-03-05,564.71,505.45,500.89,4.55,60,Late
9011471,503824,2025-06-03,569.64,553.8,549.21,4.59,0,Paid
9011472,503824,2025-09-01,536.89,489.78,485.45,4.33,45,Late
9011473,503825,2025-05-27,851.57,693.37,690.61,2.77,5,Late
9011474,503825,2025-08-25,801.54,685.12,682.51,2.61,5,Late
9011475,503825,2025-11-23,873.96,723.58,720.74,2.84,5,Late
9011476,503826,2023-07-17,204.05,206.31,204.02,2.3,45,Late
9011477,503826,2023-10-15,201.7,200.25,197.98,2.27,60,Late
9011478,503826,2024-01-13,194.43,166.75,164.57,2.19,90,Late
9011479,503827,2022-06-11,696.51,684.4,681.04,3.36,0,Paid
9011480,503827,2022-09-09,662.35,523.08,519.88,3.2,5,Late
9011481,503827,2022-12-08,685.07,624.29,620.98,3.31,15,Late
9011482,503828,2019-03-07,14375.67,14258.68,14214.47,44.21,0,Paid
9011483,503828,2019-06-05,15450.9,15203.32,15155.8,47.51,15,Late
9011484,503828,2019-09-03,15692.95,15358.38,15310.12,48.26,0,Paid
9011485,503829,2025-01-24,4720.44,4677.14,4640.79,36.35,0,Paid
9011486,503829,2025-04-24,4979.78,4941.96,4903.62,38.34,0,Paid
9011487,503829,2025-07-23,4727.31,4601.72,4565.32,36.4,0,Paid
9011488,503830,2023-04-12,928.32,901.57,893.19,8.38,0,Paid
9011489,503830,2023-07-11,972.3,799.29,790.51,8.78,90,Late
9011490,503830,2023-10-09,909.17,891.95,883.75,8.21,5,Late
9011491,503831,2022-11-09,693.56,682.34,678.65,3.68,0,Paid
9011492,503831,2023-02-07,747.04,754.64,750.68,3.97,0,Paid
9011493,503831,2023-05-08,749.69,763.82,759.84,3.98,0,Paid
9011494,503832,2023-02-03,2163.87,2176.21,2167.38,8.84,0,Paid
9011495,503832,2023-05-04,2043.29,2034.17,2025.83,8.34,0,Paid
9011496,503832,2023-08-02,2053.46,1862.03,1853.64,8.38,30,Late
9011497,503833,2024-03-24,934.36,883.28,878.12,5.16,60,Late
9011498,503833,2024-06-22,953.8,952.19,946.92,5.27,0,Paid
9011499,503833,2024-09-20,1010.1,1007.06,1001.48,5.58,0,Paid
9011500,503834,2021-01-05,15398.92,15733.38,15567.07,166.31,0,Paid
9011501,503834,2021-04-05,15668.21,13851.33,13682.11,169.22,15,Late
9011502,503834,2021-07-04,14386.83,14332.15,14176.77,155.38,0,Paid
9011503,503835,2020-11-21,910.02,896.45,887.88,8.57,30,Late
9011504,503835,2021-02-19,927.24,929.2,920.47,8.73,0,Paid
9011505,503835,2021-05-20,911.19,768.93,760.35,8.58,30,Late
9011506,503836,2025-08-08,12199.79,12297.57,12215.52,82.04,0,Paid
9011507,503836,2025-11-06,11955.81,10389.46,10309.06,80.4,15,Late
9011508,503836,2026-02-04,11991.62,9597.87,9517.23,80.64,10,Late
9011509,503837,2021-06-03,15041.24,14894.51,14769.41,125.09,60,Late
9011510,503837,2021-09-01,14541.58,13766.84,13645.9,120.94,5,Late
9011511,503837,2021-11-30,14785.08,15116.11,14993.15,122.96,0,Paid
9011512,503838,2019-03-20,13638.91,14007.96,13854.64,153.32,0,Paid
9011513,503838,2019-06-18,12719.96,12816.68,12673.68,142.99,0,Paid
9011514,503838,2019-09-16,13675.35,13649.24,13495.51,153.73,0,Paid
9011515,503839,2025-05-11,11459.51,10712.44,10657.53,54.91,10,Late
9011516,503839,2025-08-09,11025.43,11103.97,11051.14,52.83,0,Paid
9011517,503839,2025-11-07,11615.74,8934.68,8879.02,55.66,5,Late
9011518,503840,2020-03-18,2233.35,2106.18,2094.01,12.17,5,Late
9011519,503840,2020-06-16,2274.7,2326.52,2314.12,12.4,0,Paid
9011520,503840,2020-09-14,2167.14,2216.27,2204.46,11.81,90,Late
9011521,503841,2024-12-31,1039.98,1068.59,1063.04,5.55,0,Paid
9011522,503841,2025-03-31,1098.47,1104.95,1099.09,5.86,0,Paid
9011523,503841,2025-06-29,1045.3,1022.59,1017.01,5.57,0,Paid
9011524,503842,2019-01-11,475.92,468.51,464.89,3.63,0,Paid
9011525,503842,2019-04-11,447.64,448.03,444.62,3.41,30,Late
9011526,503842,2019-07-10,445.31,441.77,438.37,3.4,0,Paid
9011527,503843,2023-09-07,12666.09,12523.03,12401.55,121.49,0,Paid
9011528,503843,2023-12-06,12058.06,11741.11,11625.46,115.66,0,Paid
9011529,503843,2024-03-05,12756.47,9666.94,9544.58,122.36,10,Late
9011530,503844,2021-01-20,14210.58,13791.8,13682.97,108.83,0,Paid
9011531,503844,2021-04-20,14596.25,14619.23,14507.45,111.78,0,Paid
9011532,503844,2021-07-19,14726.39,14862.33,14749.55,112.78,0,Paid
9011533,503845,2023-03-08,12957.1,13075.63,13034.49,41.14,0,Paid
9011534,503845,2023-06-06,12645.12,12533.79,12493.64,40.15,0,Paid
9011535,503845,2023-09-04,13105.18,13361.75,13320.14,41.61,0,Paid
9011536,503846,2019-07-07,899.15,877.94,869.95,7.99,0,Paid
9011537,503846,2019-10-05,936.54,931.02,922.7,8.32,0,Paid
9011538,503846,2020-01-03,900.19,704.79,696.8,8.0,5,Late
9011539,503847,2019-05-08,1798.23,1714.65,1702.55,12.11,10,Late
9011540,503847,2019-08-06,1846.96,1871.13,1858.69,12.44,0,Paid
9011541,503847,2019-11-04,1810.68,1833.91,1821.71,12.19,0,Paid
9011542,503848,2022-07-26,14260.32,13925.49,13763.76,161.74,0,Paid
9011543,503848,2022-10-24,14578.51,14483.06,14317.71,165.34,0,Paid
9011544,503848,2023-01-22,14833.87,14816.08,14647.84,168.24,0,Paid
9011545,503849,2024-08-30,1370.56,1359.77,1350.64,9.14,0,Paid
9011546,503849,2024-11-28,1456.91,1417.88,1408.17,9.71,0,Paid
9011547,503849,2025-02-26,1473.4,1511.26,1501.44,9.82,0,Paid
9011548,503850,2020-07-12,4133.47,4245.1,4206.41,38.68,0,Paid
9011549,503850,2020-10-10,4270.9,4172.49,4132.52,39.97,0,Paid
9011550,503850,2021-01-08,4077.65,4052.0,4013.84,38.16,0,Paid
9011551,503851,2021-12-23,428.61,433.71,429.34,4.37,0,Paid
9011552,503851,2022-03-23,417.44,408.86,404.6,4.26,0,Paid
9011553,503851,2022-06-21,437.45,431.61,427.15,4.46,0,Paid
9011554,503852,2021-04-16,7681.12,7464.16,7396.5,67.66,0,Paid
9011555,503852,2021-07-15,7184.8,7387.24,7323.95,63.29,0,Paid
9011556,503852,2021-10-13,7747.81,5993.79,5925.54,68.25,5,Late
9011557,503853,2022-12-11,6165.53,4877.89,4819.21,58.68,45,Late
9011558,503853,2023-03-11,6334.65,4879.48,4819.19,60.28,60,Late
9011559,503853,2023-06-09,6402.88,6211.84,6150.91,60.93,45,Late
9011560,503854,2024-11-22,1924.53,1690.41,1676.25,14.16,90,Late
9011561,503854,2025-02-20,1926.01,1514.04,1499.87,14.17,45,Late
9011562,503854,2025-05-21,1903.9,1883.02,1869.01,14.01,45,Late
9011563,503855,2021-03-27,4424.36,4387.86,4346.68,41.18,0,Paid
9011564,503855,2021-06-25,4168.32,3771.39,3732.59,38.8,10,Late
9011565,503855,2021-09-23,4365.66,4344.67,4304.03,40.64,0,Paid
9011566,503856,2023-02-21,14846.97,14932.68,14810.68,121.99,0,Paid
9011567,503856,2023-05-22,15079.59,14856.68,14732.77,123.9,0,Paid
9011568,503856,2023-08-20,15232.61,14927.18,14802.02,125.16,0,Paid
9011569,503857,2023-11-23,5968.21,5968.97,5925.25,43.72,0,Paid
9011570,503857,2024-02-21,5959.97,4590.29,4546.63,43.66,5,Late
9011571,503857,2024-05-21,5545.9,4604.86,4564.24,40.62,45,Late
9011572,503858,2022-04-07,834.52,844.97,836.8,8.17,10,Late
9011573,503858,2022-07-06,807.5,817.76,809.86,7.91,0,Paid
9011574,503858,2022-10-04,823.33,805.35,797.28,8.06,0,Paid
9011575,503859,2021-02-10,15635.52,15582.84,15411.11,171.73,0,Paid
9011576,503859,2021-05-11,14761.79,14518.36,14356.23,162.13,0,Paid
9011577,503859,2021-08-09,14299.64,11571.62,11414.56,157.06,5,Late
9011578,503860,2021-08-31,5474.13,5568.58,5525.56,43.02,0,Paid
9011579,503860,2021-11-29,5215.21,5058.01,5017.03,40.98,15,Late
9011580,503860,2022-02-27,5446.27,5442.27,5399.47,42.8,0,Paid
9011581,503861,2019-07-17,962.58,904.0,892.42,11.58,90,Late
9011582,503861,2019-10-15,968.84,956.79,945.14,11.66,45,Late
9011583,503861,2020-01-13,976.65,735.75,724.0,11.75,120,Late
9011584,503862,2021-09-12,470.97,465.4,463.65,1.75,0,Paid
9011585,503862,2021-12-11,458.53,456.11,454.4,1.7,0,Paid
9011586,503862,2022-03-11,487.1,475.44,473.63,1.81,0,Paid
9011587,503863,2023-09-04,10163.67,8155.93,8120.35,35.57,60,Late
9011588,503863,2023-12-03,9960.66,9755.97,9721.1,34.86,60,Late
9011589,503863,2024-03-02,9461.38,9280.92,9247.81,33.11,30,Late
9011590,503864,2025-08-17,348.81,357.44,355.06,2.38,0,Paid
9011591,503864,2025-11-15,335.62,341.89,339.6,2.29,5,Late
9011592,503864,2026-02-13,341.39,275.41,273.08,2.33,10,Late
9011593,503865,2024-09-13,13331.7,13238.88,13168.44,70.44,0,Paid
9011594,503865,2024-12-12,13809.9,13531.86,13458.9,72.96,0,Paid
9011595,503865,2025-03-12,13827.8,13505.54,13432.49,73.06,0,Paid
9011596,503866,2024-01-03,3463.38,3405.73,3373.03,32.7,0,Paid
9011597,503866,2024-04-02,3355.14,3365.25,3333.57,31.68,0,Paid
9011598,503866,2024-07-01,3184.3,3138.16,3108.1,30.07,60,Late
9011599,503867,2024-01-03,1886.1,1922.74,1906.67,16.06,0,Paid
9011600,503867,2024-04-02,1765.1,1720.66,1705.62,15.03,0,Paid
9011601,503867,2024-07-01,1825.66,1655.71,1640.16,15.55,30,Late
9011602,503868,2023-09-18,9739.75,8534.24,8458.03,76.21,15,Late
9011603,503868,2023-12-17,9603.93,9184.01,9108.86,75.15,60,Late
9011604,503868,2024-03-16,9911.75,8644.11,8566.55,77.56,45,Late
9011605,503869,2020-12-22,11423.52,11304.2,11218.15,86.06,0,Paid
9011606,503869,2021-03-22,12028.09,12045.73,11955.12,90.61,0,Paid
9011607,503869,2021-06-20,11748.62,11794.61,11706.1,88.51,0,Paid
9011608,503870,2024-01-27,13241.81,12374.46,12284.97,89.49,45,Late
9011609,503870,2024-04-26,13119.78,11930.52,11841.85,88.67,60,Late
9011610,503870,2024-07-25,12606.1,11639.1,11553.9,85.2,120,Late
9011611,503871,2022-08-02,7130.94,6718.7,6635.21,83.49,90,Late
9011612,503871,2022-10-31,7264.7,7317.86,7232.81,85.06,0,Paid
9011613,503871,2023-01-29,7315.75,5846.15,5760.49,85.66,5,Late
9011614,503872,2022-04-15,181.93,183.46,182.62,0.84,0,Paid
9011615,503872,2022-07-14,196.47,201.1,200.19,0.91,0,Paid
9011616,503872,2022-10-12,196.12,193.5,192.58,0.91,0,Paid
9011617,503873,2025-01-08,492.94,390.08,384.88,5.2,60,Late
9011618,503873,2025-04-08,503.78,402.24,396.92,5.32,60,Late
9011619,503873,2025-07-07,510.81,424.82,419.42,5.39,60,Late
9011620,503874,2025-05-24,10756.39,10689.32,10600.22,89.1,0,Paid
9011621,503874,2025-08-22,10391.69,9940.73,9854.65,86.08,10,Late
9011622,503874,2025-11-20,10241.9,10212.76,10127.92,84.84,0,Paid
9011623,503875,2019-10-23,2067.99,1606.04,1587.13,18.9,120,Late
9011624,503875,2020-01-21,2161.57,1711.81,1692.05,19.76,90,Late
9011625,503875,2020-04-20,2084.24,1709.27,1690.22,19.05,45,Late
9011626,503876,2019-08-23,1320.71,1307.24,1294.78,12.46,90,Late
9011627,503876,2019-11-21,1295.87,1094.54,1082.32,12.22,90,Late
9011628,503876,2020-02-19,1386.6,1195.61,1182.53,13.08,120,Late
9011629,503877,2025-10-02,6172.33,6345.02,6318.42,26.59,60,Late
9011630,503877,2025-12-31,6376.05,6340.6,6313.13,27.47,0,Paid
9011631,503877,2026-03-31,6084.48,6122.8,6096.59,26.21,0,Paid
9011632,503878,2020-09-01,4966.58,4293.95,4262.13,31.83,60,Late
9011633,503878,2020-11-30,5183.77,3925.26,3892.04,33.22,60,Late
9011634,503878,2021-02-28,4814.48,4116.78,4085.93,30.85,60,Late
9011635,503879,2022-07-19,4506.61,3969.89,3930.84,39.06,90,Late
9011636,503879,2022-10-17,4334.44,4217.41,4179.84,37.57,0,Paid
9011637,503879,2023-01-15,4372.29,4192.76,4154.86,37.89,15,Late
9011638,503880,2023-09-23,7029.3,6837.92,6775.13,62.8,0,Paid
9011639,503880,2023-12-22,7329.33,5716.25,5650.77,65.48,5,Late
9011640,503880,2024-03-21,6888.34,5600.88,5539.35,61.54,45,Late
9011641,503881,2023-01-18,6949.37,6786.44,6754.82,31.62,5,Late
9011642,503881,2023-04-18,7456.69,7453.24,7419.31,33.93,0,Paid
9011643,503881,2023-07-17,7108.11,7076.79,7044.45,32.34,0,Paid
9011644,503882,2020-03-28,10710.09,10397.48,10280.65,116.83,0,Paid
9011645,503882,2020-06-26,10791.1,10999.49,10881.78,117.71,0,Paid
9011646,503882,2020-09-24,10524.68,10749.67,10634.87,114.81,0,Paid
9011647,503883,2020-06-05,8787.15,6691.82,6614.42,77.4,10,Late
9011648,503883,2020-09-03,8986.59,6935.4,6856.25,79.16,45,Late
9011649,503883,2020-12-02,8928.6,8332.56,8253.91,78.65,10,Late
9011650,503884,2021-10-07,6463.8,6475.48,6455.29,20.2,0,Paid
9011651,503884,2022-01-05,6112.29,6266.53,6247.43,19.1,0,Paid
9011652,503884,2022-04-05,6444.37,6376.01,6355.87,20.14,0,Paid
9011653,503885,2020-04-04,15670.81,15626.23,15469.78,156.45,0,Paid
9011654,503885,2020-07-03,15196.33,12985.47,12833.76,151.71,30,Late
9011655,503885,2020-10-01,14861.5,11987.42,11839.05,148.37,60,Late
9011656,503886,2024-06-05,15165.5,15445.9,15336.46,109.44,60,Late
9011657,503886,2024-09-03,15381.56,11555.48,11444.48,111.0,60,Late
9011658,503886,2024-12-02,14426.03,13485.41,13381.3,104.11,15,Late
9011659,503887,2020-08-27,14305.34,14398.74,14356.3,42.44,0,Paid
9011660,503887,2020-11-25,15396.85,15022.38,14976.7,45.68,0,Paid
9011661,503887,2021-02-23,15541.86,15112.08,15065.97,46.11,0,Paid
9011662,503888,2025-08-28,7922.5,6873.95,6822.72,51.23,45,Late
9011663,503888,2025-11-26,7540.0,6698.88,6650.12,48.76,60,Late
9011664,503888,2026-02-24,7607.14,7389.68,7340.48,49.19,15,Late
9011665,503889,2024-01-13,5358.87,5313.58,5276.06,37.51,10,Late
9011666,503889,2024-04-12,5761.68,4563.62,4523.29,40.33,30,Late
9011667,503889,2024-07-11,5705.79,5668.94,5628.99,39.94,0,Paid
9011668,503890,2024-11-08,1830.78,1822.97,1808.11,14.86,0,Paid
9011669,503890,2025-02-06,1862.14,1823.36,1808.25,15.11,0,Paid
9011670,503890,2025-05-07,1775.91,1762.83,1748.41,14.41,0,Paid
9011671,503891,2021-02-14,14668.88,14914.9,14766.13,148.77,0,Paid
9011672,503891,2021-05-15,14487.18,14386.47,14239.55,146.92,0,Paid
9011673,503891,2021-08-13,15149.2,15070.49,14916.85,153.64,0,Paid
9011674,503892,2024-04-22,7809.06,8042.23,7983.27,58.96,0,Paid
9011675,503892,2024-07-21,7759.86,7927.63,7869.04,58.59,0,Paid
9011676,503892,2024-10-19,7780.37,7845.28,7786.54,58.74,0,Paid
9011677,503893,2019-12-31,6824.13,6147.46,6079.44,68.01,15,Late
9011678,503893,2020-03-30,7468.88,6463.09,6388.65,74.44,15,Late
9011679,503893,2020-06-28,7474.3,7118.91,7044.42,74.49,60,Late
9011680,503894,2019-02-09,8274.89,8343.21,8283.08,60.13,0,Paid
9011681,503894,2019-05-10,8609.55,8680.13,8617.57,62.56,60,Late
9011682,503894,2019-08-08,8242.43,7197.11,7137.21,59.9,10,Late
9011683,503895,2022-01-23,412.9,412.82,411.07,1.75,0,Paid
9011684,503895,2022-04-23,439.3,389.52,387.65,1.87,5,Late
9011685,503895,2022-07-22,409.43,414.05,412.31,1.74,0,Paid
9011686,503896,2020-08-30,6449.55,6358.53,6280.92,77.61,0,Paid
9011687,503896,2020-11-28,5945.6,6054.85,5983.31,71.55,0,Paid
9011688,503896,2021-02-26,6242.73,6274.93,6199.81,75.12,0,Paid
9011689,503897,2022-01-24,5984.23,6035.61,5975.91,59.69,0,Paid
9011690,503897,2022-04-24,5668.47,5599.34,5542.79,56.54,5,Late
9011691,503897,2022-07-23,5914.8,5883.2,5824.2,59.0,0,Paid
9011692,503898,2022-10-03,11089.98,10732.5,10616.88,115.61,30,Late
9011693,503898,2023-01-01,11059.95,8488.74,8373.44,115.3,45,Late
9011694,503898,2023-04-01,10960.06,11265.55,11151.29,114.26,0,Paid
9011695,503899,2021-08-03,6802.74,6886.09,6831.05,55.05,0,Paid
9011696,503899,2021-11-01,6854.22,6695.62,6640.16,55.46,0,Paid
9011697,503899,2022-01-30,6329.11,5824.9,5773.69,51.21,10,Late
9011698,503900,2023-11-18,15747.53,16131.56,15987.34,144.22,0,Paid
9011699,503900,2024-02-16,14641.79,14668.23,14534.13,134.09,0,Paid
9011700,503900,2024-05-16,14851.78,15097.3,14961.28,136.02,60,Late
9011701,503901,2021-11-26,7809.8,7907.27,7877.33,29.94,0,Paid
9011702,503901,2022-02-24,7519.73,7163.96,7135.14,28.83,30,Late
9011703,503901,2022-05-25,7637.57,7562.73,7533.46,29.28,0,Paid
9011704,503902,2021-06-14,15023.66,14707.88,14577.67,130.21,0,Paid
9011705,503902,2021-09-12,14656.65,14727.24,14600.21,127.02,0,Paid
9011706,503902,2021-12-11,14511.75,14478.87,14353.1,125.77,0,Paid
9011707,503903,2023-02-24,422.78,421.09,416.46,4.63,0,Paid
9011708,503903,2023-05-25,427.29,418.79,414.11,4.68,5,Late
9011709,503903,2023-08-23,446.38,443.7,438.81,4.89,0,Paid
9011710,503904,2021-06-07,15173.16,15528.42,15356.21,172.22,0,Paid
9011711,503904,2021-09-05,15472.89,15169.97,14994.36,175.62,0,Paid
9011712,503904,2021-12-04,15443.2,15094.13,14918.85,175.28,45,Late
9011713,503905,2020-02-15,10067.25,10271.71,10170.79,100.92,0,Paid
9011714,503905,2020-05-15,10038.37,9145.49,9044.86,100.63,5,Late
9011715,503905,2020-08-13,9928.7,8780.29,8680.75,99.54,30,Late
9011716,503906,2021-09-30,11478.83,8866.73,8823.3,43.43,15,Late
9011717,503906,2021-12-29,11888.48,11591.0,11546.02,44.98,0,Paid
9011718,503906,2022-03-29,11625.37,8749.06,8705.08,43.98,15,Late
9011719,503907,2020-05-14,1186.82,1175.71,1168.34,7.37,0,Paid
9011720,503907,2020-08-12,1253.31,1103.64,1095.86,7.78,45,Late
9011721,503907,2020-11-10,1252.16,1247.32,1239.54,7.77,0,Paid
9011722,503908,2020-08-27,2093.76,2123.99,2099.79,24.2,0,Paid
9011723,503908,2020-11-25,1922.78,1881.73,1859.51,22.22,0,Paid
9011724,503908,2021-02-23,2071.13,2085.47,2061.53,23.94,0,Paid
9011725,503909,2020-12-13,203.63,180.11,179.2,0.91,45,Late
9011726,503909,2021-03-13,202.75,197.86,196.95,0.91,0,Paid
9011727,503909,2021-06-11,208.0,206.91,205.98,0.93,0,Paid
9011728,503910,2021-01-15,1509.03,1468.2,1461.4,6.8,0,Paid
9011729,503910,2021-04-15,1564.99,1592.23,1585.17,7.06,0,Paid
9011730,503910,2021-07-14,1554.4,1532.22,1525.21,7.01,0,Paid
9011731,503911,2022-01-14,1736.51,1754.23,1743.83,10.4,45,Late
9011732,503911,2022-04-14,1613.02,1631.27,1621.6,9.66,0,Paid
9011733,503911,2022-07-13,1708.67,1471.98,1461.74,10.24,15,Late
9011734,503912,2021-04-16,594.95,593.59,590.08,3.51,0,Paid
9011735,503912,2021-07-15,566.11,574.12,570.77,3.34,5,Late
9011736,503912,2021-10-13,603.54,528.98,525.42,3.56,10,Late
9011737,503913,2024-09-25,3713.97,3759.11,3741.59,17.52,5,Late
9011738,503913,2024-12-24,3997.56,3792.77,3773.91,18.86,15,Late
9011739,503913,2025-03-24,3848.15,3929.01,3910.86,18.15,0,Paid
9011740,503914,2022-07-21,3598.75,3596.12,3569.34,26.78,0,Paid
9011741,503914,2022-10-19,3426.16,3335.88,3310.38,25.5,0,Paid
9011742,503914,2023-01-17,3559.29,3505.51,3479.03,26.49,0,Paid
9011743,503915,2020-04-17,1262.45,1251.96,1236.79,15.17,0,Paid
9011744,503915,2020-07-16,1223.31,1067.72,1053.02,14.7,60,Late
9011745,503915,2020-10-14,1299.94,1306.73,1291.11,15.62,0,Paid
9011746,503916,2025-08-16,15138.74,15420.75,15273.27,147.48,0,Paid
9011747,503916,2025-11-14,14181.04,11439.3,11301.16,138.15,45,Late
9011748,503916,2026-02-12,14807.52,14253.53,14109.28,144.25,30,Late
9011749,503917,2025-03-10,11946.64,11718.93,11598.47,120.46,60,Late
9011750,503917,2025-06-08,12388.06,9599.79,9474.88,124.91,60,Late
9011751,503917,2025-09-06,12904.58,10478.37,10348.25,130.12,30,Late
9011752,503918,2025-04-10,1252.36,1149.13,1136.56,12.57,30,Late
9011753,503918,2025-07-09,1208.27,958.53,946.41,12.12,15,Late
9011754,503918,2025-10-07,1245.93,1223.98,1211.48,12.5,45,Late
9011755,503919,2023-04-05,15574.94,13822.01,13697.93,124.08,90,Late
9011756,503919,2023-07-04,14601.79,14862.68,14746.35,116.33,120,Late
9011757,503919,2023-10-02,15019.5,12157.27,12037.62,119.66,60,Late
9011758,503920,2023-09-18,14462.05,14256.01,14116.21,139.8,0,Paid
9011759,503920,2023-12-17,14305.39,12037.15,11898.87,138.29,30,Late
9011760,503920,2024-03-16,15321.03,15274.03,15125.93,148.1,0,Paid
9011761,503921,2019-04-20,422.84,421.72,418.76,2.96,0,Paid
9011762,503921,2019-07-19,416.71,371.53,368.62,2.91,5,Late
9011763,503921,2019-10-17,430.56,338.33,335.32,3.01,5,Late
9011764,503922,2025-04-13,1543.31,1570.29,1554.03,16.26,0,Paid
9011765,503922,2025-07-12,1608.75,1628.3,1611.36,16.95,0,Paid
9011766,503922,2025-10-10,1563.03,1543.64,1527.18,16.46,0,Paid
9011767,503923,2020-02-28,1516.48,1552.5,1540.96,11.54,0,Paid
9011768,503923,2020-05-28,1527.85,1497.24,1485.61,11.62,0,Paid
9011769,503923,2020-08-26,1463.21,1497.11,1485.98,11.13,0,Paid
9011770,503924,2023-03-02,1707.79,1546.44,1531.07,15.37,5,Late
9011771,503924,2023-05-31,1692.56,1505.48,1490.25,15.23,10,Late
9011772,503924,2023-08-29,1648.83,1636.97,1622.13,14.84,0,Paid
9011773,503925,2019-10-11,7165.92,7277.15,7207.16,69.99,0,Paid
9011774,503925,2020-01-09,7524.82,7381.5,7308.01,73.49,0,Paid
9011775,503925,2020-04-08,7369.95,7429.81,7357.83,71.98,10,Late
9011776,503926,2024-07-09,7529.55,7688.77,7605.0,83.77,0,Paid
9011777,503926,2024-10-07,7753.31,7985.52,7899.27,86.26,0,Paid
9011778,503926,2025-01-05,7341.83,7170.22,7088.54,81.68,0,Paid
9011779,503927,2022-08-17,13647.37,12215.04,12070.95,144.09,60,Late
9011780,503927,2022-11-15,14089.55,13244.65,13095.89,148.76,60,Late
9011781,503927,2023-02-13,14781.26,12078.88,11922.81,156.07,60,Late
9011782,503928,2019-09-19,1413.5,1343.6,1327.11,16.49,30,Late
9011783,503928,2019-12-18,1384.02,1388.64,1372.49,16.15,0,Paid
9011784,503928,2020-03-17,1414.14,1449.71,1433.21,16.5,0,Paid
9011785,503929,2022-11-21,543.93,560.17,557.94,2.23,0,Paid
9011786,503929,2023-02-19,547.91,536.1,533.84,2.25,0,Paid
9011787,503929,2023-05-20,548.09,457.44,455.19,2.25,90,Late
9011788,503930,2020-06-21,331.51,332.99,331.26,1.72,0,Paid
9011789,503930,2020-09-19,325.99,283.87,282.17,1.7,60,Late
9011790,503930,2020-12-18,342.6,261.96,260.17,1.78,5,Late
9011791,503931,2023-10-22,9612.1,9792.9,9708.8,84.11,0,Paid
9011792,503931,2024-01-20,9223.01,8366.23,8285.53,80.7,5,Late
9011793,503931,2024-04-19,8987.31,9214.84,9136.2,78.64,0,Paid
9011794,503932,2020-06-16,14413.61,12926.74,12815.16,111.59,15,Late
9011795,503932,2020-09-14,14768.03,12804.47,12690.14,114.33,60,Late
9011796,503932,2020-12-13,14752.3,15193.4,15079.19,114.21,90,Late
9011797,503933,2022-07-14,15687.0,15907.47,15803.41,104.06,0,Paid
9011798,503933,2022-10-12,14601.99,14307.76,14210.9,96.86,0,Paid
9011799,503933,2023-01-10,15114.28,15019.98,14919.72,100.26,0,Paid
9011800,503934,2021-06-14,14862.27,14937.85,14885.71,52.14,0,Paid
9011801,503934,2021-09-12,14322.88,13988.14,13937.89,50.25,0,Paid
9011802,503934,2021-12-11,15157.36,13382.53,13329.36,53.18,45,Late
9011803,503935,2021-01-17,1619.48,1597.58,1578.53,19.04,0,Paid
9011804,503935,2021-04-17,1544.04,1585.49,1567.33,18.16,0,Paid
9011805,503935,2021-07-16,1528.27,1445.34,1427.37,17.97,60,Late
9011806,503936,2025-05-21,605.36,592.04,586.45,5.59,45,Late
9011807,503936,2025-08-19,589.53,446.73,441.29,5.45,15,Late
9011808,503936,2025-11-17,580.55,493.39,488.03,5.37,10,Late
9011809,503937,2023-04-11,614.66,607.71,603.63,4.08,0,Paid
9011810,503937,2023-07-10,594.72,602.46,598.51,3.95,5,Late
9011811,503937,2023-10-08,576.54,564.45,560.62,3.83,0,Paid
9011812,503938,2021-04-15,1890.92,1458.25,1437.51,20.74,15,Late
9011813,503938,2021-07-14,1973.57,1946.11,1924.46,21.64,60,Late
9011814,503938,2021-10-12,1954.56,1996.5,1975.06,21.44,0,Paid
9011815,503939,2020-02-08,4515.2,4469.0,4429.23,39.77,0,Paid
9011816,503939,2020-05-08,4514.42,4461.79,4422.03,39.76,0,Paid
9011817,503939,2020-08-06,4501.09,4542.47,4502.82,39.65,0,Paid
9011818,503940,2021-08-04,5791.89,5299.6,5277.89,21.72,30,Late
9011819,503940,2021-11-02,5539.14,4433.68,4412.91,20.77,15,Late
9011820,503940,2022-01-31,5960.55,5773.24,5750.89,22.35,60,Late
9011821,503941,2021-08-12,2214.8,2163.28,2137.55,25.73,0,Paid
9011822,503941,2021-11-10,2026.57,2024.4,2000.86,23.54,0,Paid
9011823,503941,2022-02-08,2192.71,1771.22,1745.75,25.47,10,Late
9011824,503942,2025-05-17,2497.13,2424.41,2415.38,9.03,0,Paid
9011825,503942,2025-08-15,2480.18,2442.09,2433.12,8.97,0,Paid
9011826,503942,2025-11-13,2381.27,2337.73,2329.12,8.61,0,Paid
9011827,503943,2019-12-12,14546.75,11760.44,11711.22,49.22,5,Late
9011828,503943,2020-03-11,14875.19,14994.88,14944.55,50.33,0,Paid
9011829,503943,2020-06-09,15376.93,15552.78,15500.75,52.03,5,Late
9011830,503944,2025-06-28,5488.64,5590.26,5559.66,30.6,0,Paid
9011831,503944,2025-09-26,5509.56,4264.92,4234.21,30.72,5,Late
9011832,503944,2025-12-25,5344.81,5495.95,5466.16,29.8,0,Paid
9011833,503945,2024-05-26,1992.2,1941.25,1924.66,16.59,0,Paid
9011834,503945,2024-08-24,2065.05,1826.37,1809.18,17.19,5,Late
9011835,503945,2024-11-22,2018.68,2067.0,2050.19,16.81,0,Paid
9011836,503946,2019-08-23,9936.52,10001.54,9912.94,88.6,0,Paid
9011837,503946,2019-11-21,10112.65,10071.85,9981.68,90.17,0,Paid
9011838,503946,2020-02-19,9856.56,10089.6,10001.71,87.89,0,Paid
9011839,503947,2022-01-07,14789.82,12710.89,12594.3,116.59,45,Late
9011840,503947,2022-04-07,15177.41,13332.96,13213.31,119.65,45,Late
9011841,503947,2022-07-06,15058.98,14952.05,14833.33,118.71,120,Late
9011842,503948,2021-10-01,14378.45,14272.35,14140.55,131.8,15,Late
9011843,503948,2021-12-30,13650.73,13953.1,13827.97,125.13,0,Paid
9011844,503948,2022-03-30,14257.62,12583.87,12453.17,130.69,45,Late
9011845,503949,2024-08-17,2545.66,2126.51,2108.78,17.73,15,Late
9011846,503949,2024-11-15,2527.98,2004.08,1986.47,17.61,15,Late
9011847,503949,2025-02-13,2527.52,2585.93,2568.32,17.61,45,Late
9011848,503950,2021-09-01,11262.23,11106.96,10974.82,132.14,0,Paid
9011849,503950,2021-11-30,11113.71,11192.24,11061.84,130.4,0,Paid
9011850,503950,2022-02-28,11064.4,10180.03,10050.21,129.82,15,Late
9011851,503951,2019-01-14,15728.7,13227.77,13168.4,59.38,90,Late
9011852,503951,2019-04-14,14606.37,11810.2,11755.06,55.14,5,Late
9011853,503951,2019-07-13,15182.4,15622.39,15565.07,57.31,0,Paid
9011854,503952,2020-09-26,8251.67,7147.12,7103.45,43.67,5,Late
9011855,503952,2020-12-25,8298.3,8486.98,8443.07,43.91,5,Late
9011856,503952,2021-03-25,8289.61,8466.48,8422.62,43.87,45,Late
9011857,503953,2022-03-02,14113.65,14200.12,14109.09,91.03,0,Paid
9011858,503953,2022-05-31,14527.07,14224.34,14130.64,93.7,0,Paid
9011859,503953,2022-08-29,13895.22,13836.26,13746.63,89.62,0,Paid
9011860,503954,2025-06-13,1212.62,1031.18,1018.35,12.82,30,Late
9011861,503954,2025-09-11,1183.41,1003.68,991.17,12.51,30,Late
9011862,503954,2025-12-10,1176.11,1122.05,1109.61,12.44,5,Late
9011863,503955,2023-04-03,9729.22,9640.08,9562.32,77.75,0,Paid
9011864,503955,2023-07-02,10495.29,10626.07,10542.2,83.87,0,Paid
9011865,503955,2023-09-30,10416.72,10470.77,10387.52,83.25,0,Paid
9011866,503956,2023-12-13,1294.8,1333.44,1328.93,4.51,90,Late
9011867,503956,2024-03-12,1196.56,1170.3,1166.13,4.17,0,Paid
9011868,503956,2024-06-10,1189.96,1222.36,1218.21,4.15,0,Paid
9011869,503957,2020-09-21,1033.34,1027.83,1022.28,5.55,0,Paid
9011870,503957,2020-12-20,1011.39,1039.11,1033.68,5.43,0,Paid
9011871,503957,2021-03-20,1052.37,1062.32,1056.67,5.65,0,Paid
9011872,503958,2025-06-16,714.42,734.2,730.68,3.52,0,Paid
9011873,503958,2025-09-14,710.69,730.98,727.47,3.51,0,Paid
9011874,503958,2025-12-13,770.74,770.38,766.58,3.8,0,Paid
9011875,503959,2019-04-21,15510.4,15746.39,15689.77,56.61,0,Paid
9011876,503959,2019-07-20,14590.69,11812.8,11759.55,53.26,15,Late
9011877,503959,2019-10-18,14618.22,13525.92,13472.56,53.36,5,Late
9011878,503960,2022-12-12,6124.32,6063.54,6038.63,24.91,0,Paid
9011879,503960,2023-03-12,5715.52,5591.43,5568.18,23.24,0,Paid
9011880,503960,2023-06-10,5661.04,5830.85,5807.83,23.02,0,Paid
9011881,503961,2022-02-07,11559.24,9347.11,9214.08,133.03,120,Late
9011882,503961,2022-05-08,12355.16,11218.63,11076.45,142.19,45,Late
9011883,503961,2022-08-06,12176.15,9892.88,9752.75,140.13,45,Late
9011884,503962,2025-10-01,1409.4,1268.56,1256.88,11.69,5,Late
9011885,503962,2025-12-30,1484.01,1451.52,1439.22,12.3,0,Paid
9011886,503962,2026-03-30,1393.76,1374.69,1363.13,11.56,90,Late
9011887,503963,2021-08-28,1128.27,939.34,931.62,7.72,45,Late
9011888,503963,2021-11-26,1126.79,1118.5,1110.79,7.71,0,Paid
9011889,503963,2022-02-24,1101.05,1020.5,1012.97,7.53,15,Late
9011890,503964,2020-03-15,8603.9,8702.54,8620.37,82.17,0,Paid
9011891,503964,2020-06-13,8395.03,8224.73,8144.56,80.17,0,Paid
9011892,503964,2020-09-11,8999.78,8853.79,8767.85,85.95,0,Paid
9011893,503965,2024-03-19,12673.98,12352.67,12216.95,135.72,0,Paid
9011894,503965,2024-06-17,12404.88,12684.78,12551.94,132.84,0,Paid
9011895,503965,2024-09-15,12635.88,12410.82,12275.51,135.31,0,Paid
9011896,503966,2020-10-13,8907.3,8879.52,8779.24,100.28,0,Paid
9011897,503966,2021-01-11,8320.97,8531.3,8437.62,93.68,0,Paid
9011898,503966,2021-04-11,8118.41,8332.79,8241.39,91.4,0,Paid
9011899,503967,2025-03-04,1608.96,1458.08,1445.49,12.59,45,Late
9011900,503967,2025-06-02,1679.21,1548.74,1535.6,13.14,60,Late
9011901,503967,2025-08-31,1615.65,1388.72,1376.08,12.64,60,Late
9011902,503968,2023-11-07,11144.81,9724.58,9682.88,41.7,5,Late
9011903,503968,2024-02-05,10905.19,10243.06,10202.26,40.8,60,Late
9011904,503968,2024-05-05,10850.04,10635.27,10594.68,40.6,0,Paid
9011905,503969,2024-05-26,9640.21,8051.55,7958.36,93.19,45,Late
9011906,503969,2024-08-24,9644.85,8300.43,8207.19,93.23,5,Late
9011907,503969,2024-11-22,10113.4,10065.16,9967.4,97.76,0,Paid
9011908,503970,2022-12-02,3260.44,2960.26,2946.81,13.45,45,Late
9011909,503970,2023-03-02,3499.66,2822.11,2807.67,14.44,90,Late
9011910,503970,2023-05-31,3415.53,2823.02,2808.94,14.09,15,Late
9011911,503971,2020-03-13,970.85,977.19,973.82,3.37,0,Paid
9011912,503971,2020-06-11,906.86,887.42,884.28,3.14,0,Paid
9011913,503971,2020-09-09,963.59,767.74,764.39,3.34,10,Late
9011914,503972,2021-08-10,14379.35,14215.71,14162.27,53.44,0,Paid
9011915,503972,2021-11-08,15395.43,15821.74,15764.52,57.22,0,Paid
9011916,503972,2022-02-06,14521.0,12390.2,12336.23,53.97,5,Late
9011917,503973,2025-07-04,7828.32,7939.06,7854.71,84.35,0,Paid
9011918,503973,2025-10-02,8278.55,8097.91,8008.71,89.2,0,Paid
9011919,503973,2025-12-31,7663.03,7852.88,7770.31,82.57,0,Paid
9011920,503974,2021-09-25,1780.7,1820.32,1803.19,17.12,0,Paid
9011921,503974,2021-12-24,1764.01,1718.04,1701.08,16.96,0,Paid
9011922,503974,2022-03-24,1839.83,1561.92,1544.23,17.69,45,Late
9011923,503975,2021-06-15,822.4,803.04,794.92,8.13,0,Paid
9011924,503975,2021-09-13,821.07,777.73,769.61,8.11,5,Late
9011925,503975,2021-12-12,817.19,829.71,821.63,8.08,0,Paid
9011926,503976,2020-01-20,695.83,687.5,679.26,8.24,0,Paid
9011927,503976,2020-04-19,693.73,538.2,529.98,8.21,30,Late
9011928,503976,2020-07-18,691.69,678.66,670.47,8.19,0,Paid
9011929,503977,2021-07-16,14195.19,12777.19,12609.57,167.62,45,Late
9011930,503977,2021-10-14,13843.64,13362.49,13199.02,163.47,60,Late
9011931,503977,2022-01-12,13930.09,10622.15,10457.66,164.49,120,Late
9011932,503978,2023-02-22,3567.94,3565.16,3546.73,18.43,0,Paid
9011933,503978,2023-05-23,3623.5,3087.16,3068.43,18.72,5,Late
9011934,503978,2023-08-21,3589.79,3548.28,3529.74,18.55,0,Paid
9011935,503979,2021-03-16,9457.14,7907.84,7880.17,27.66,10,Late
9011936,503979,2021-06-14,9443.86,9314.06,9286.43,27.62,0,Paid
9011937,503979,2021-09-12,8733.45,7540.53,7514.99,25.55,5,Late
9011938,503980,2021-04-20,1459.5,1306.99,1297.14,9.85,60,Late
9011939,503980,2021-07-19,1491.71,1500.16,1490.09,10.07,0,Paid
9011940,503980,2021-10-17,1543.06,1546.59,1536.17,10.42,0,Paid
9011941,503981,2020-01-14,484.77,472.34,467.25,5.09,0,Paid
9011942,503981,2020-04-13,451.35,461.62,456.88,4.74,0,Paid
9011943,503981,2020-07-12,453.82,456.79,452.03,4.77,0,Paid
9011944,503982,2022-08-17,2951.51,2933.3,2920.63,12.67,0,Paid
9011945,503982,2022-11-15,3089.27,3164.07,3150.81,13.26,0,Paid
9011946,503982,2023-02-13,3050.17,3063.26,3050.17,13.09,0,Paid
9011947,503983,2024-04-15,6440.77,5189.3,5154.89,34.4,5,Late
9011948,503983,2024-07-14,5834.9,5671.77,5640.6,31.17,0,Paid
9011949,503983,2024-10-12,6284.89,6154.39,6120.82,33.57,5,Late
9011950,503984,2023-01-25,14610.28,14375.51,14276.77,98.74,0,Paid
9011951,503984,2023-04-25,15068.57,14994.33,14892.49,101.84,0,Paid
9011952,503984,2023-07-24,15354.74,15527.15,15423.37,103.77,0,Paid
9011953,503985,2020-03-15,325.33,326.62,325.67,0.96,0,Paid
9011954,503985,2020-06-13,332.62,317.43,316.45,0.98,5,Late
9011955,503985,2020-09-11,329.35,263.14,262.17,0.97,90,Late
9011956,503986,2022-01-31,1536.8,1536.86,1527.65,9.21,0,Paid
9011957,503986,2022-05-01,1567.0,1557.37,1547.98,9.39,0,Paid
9011958,503986,2022-07-30,1539.13,1532.99,1523.77,9.22,0,Paid
9011959,503987,2021-05-15,2154.54,2204.74,2184.65,20.09,0,Paid
9011960,503987,2021-08-13,2166.85,2177.88,2157.67,20.21,0,Paid
9011961,503987,2021-11-11,2175.87,1978.19,1957.9,20.29,15,Late
9011962,503988,2021-12-15,14886.62,15266.36,15104.84,161.52,0,Paid
9011963,503988,2022-03-15,15560.36,12453.99,12285.16,168.83,15,Late
9011964,503988,2022-06-13,15026.05,15143.07,14980.03,163.03,0,Paid
9011965,503989,2021-10-02,12394.37,12642.41,12556.27,86.14,60,Late
9011966,503989,2021-12-31,12952.24,13024.12,12934.11,90.02,0,Paid
9011967,503989,2022-03-31,12875.79,13066.54,12977.06,89.49,0,Paid
9011968,503990,2025-11-22,1378.24,1371.41,1359.41,11.99,5,Late
9011969,503990,2026-02-20,1363.6,1329.19,1317.33,11.86,0,Paid
9011970,503990,2026-05-21,1450.17,1428.5,1415.89,12.62,90,Late
9011971,503991,2020-06-14,13781.1,13745.76,13648.48,97.27,0,Paid
9011972,503991,2020-09-12,13387.2,10672.76,10578.27,94.49,45,Late
9011973,503991,2020-12-11,14561.02,14805.76,14702.98,102.78,0,Paid
9011974,503992,2024-01-19,15212.54,15173.33,15128.46,44.88,45,Late
9011975,503992,2024-04-18,15689.97,16128.66,16082.38,46.29,0,Paid
9011976,503992,2024-07-17,15445.64,15553.9,15508.34,45.56,0,Paid
9011977,503993,2025-05-31,5102.63,4976.17,4918.6,57.57,60,Late
9011978,503993,2025-08-29,5120.34,4002.64,3944.87,57.77,30,Late
9011979,503993,2025-11-27,5013.82,3813.14,3756.56,56.57,60,Late
9011980,503994,2025-11-12,675.18,648.52,640.62,7.9,45,Late
9011981,503994,2026-02-10,657.83,535.76,528.07,7.7,15,Late
9011982,503994,2026-05-11,669.2,616.84,609.01,7.83,30,Late
9011983,503995,2025-11-11,11522.97,11381.87,11315.61,66.26,0,Paid
9011984,503995,2026-02-09,12068.55,11290.55,11221.16,69.39,10,Late
9011985,503995,2026-05-10,11389.51,11113.84,11048.35,65.49,0,Paid
9011986,503996,2022-11-26,428.55,362.32,357.25,5.07,5,Late
9011987,503996,2023-02-24,415.07,406.45,401.54,4.91,0,Paid
9011988,503996,2023-05-25,410.71,361.73,356.87,4.86,10,Late
9011989,503997,2024-05-01,6022.13,5825.11,5796.2,28.91,15,Late
9011990,503997,2024-07-30,6188.9,6293.74,6264.04,29.71,0,Paid
9011991,503997,2024-10-28,5992.28,6033.7,6004.94,28.76,0,Paid
9011992,503998,2024-11-29,5784.04,5618.11,5595.51,22.61,0,Paid
9011993,503998,2025-02-27,5819.65,5738.14,5715.39,22.75,0,Paid
9011994,503998,2025-05-28,5761.37,5630.54,5608.02,22.52,0,Paid
9011995,503999,2021-10-10,3842.74,3367.15,3331.8,35.35,15,Late
9011996,503999,2022-01-08,4140.87,4116.0,4077.9,38.1,0,Paid
9011997,503999,2022-04-08,3894.49,3786.09,3750.26,35.83,0,Paid
9011998,504000,2020-11-25,985.4,920.16,911.55,8.61,90,Late
9011999,504000,2021-02-23,996.73,858.61,849.9,8.7,30,Late
9012000,504000,2021-05-24,958.93,798.12,789.74,8.37,10,Late
9012001,504001,2023-05-02,7089.85,5775.62,5712.93,62.69,5,Late
9012002,504001,2023-07-31,6845.17,5821.66,5761.14,60.52,5,Late
9012003,504001,2023-10-29,6575.48,5494.28,5436.14,58.14,45,Late
9012004,504002,2023-09-08,1023.38,842.17,831.75,10.42,120,Late
9012005,504002,2023-12-07,1072.89,1069.64,1058.71,10.93,120,Late
9012006,504002,2024-03-06,1074.13,940.02,929.09,10.94,120,Late
9012007,504003,2019-03-07,1210.06,1229.24,1219.2,10.04,0,Paid
9012008,504003,2019-06-05,1241.71,1253.88,1243.58,10.31,0,Paid
9012009,504003,2019-09-03,1205.11,1175.51,1165.5,10.0,0,Paid
9012010,504004,2020-08-24,2026.83,2039.01,2026.87,12.14,0,Paid
9012011,504004,2020-11-22,2126.71,2154.55,2141.8,12.74,0,Paid
9012012,504004,2021-02-20,2133.74,2173.68,2160.9,12.78,0,Paid
9012013,504005,2025-02-25,1522.0,1508.56,1502.93,5.63,0,Paid
9012014,504005,2025-05-26,1457.71,1439.81,1434.42,5.39,0,Paid
9012015,504005,2025-08-24,1537.58,1215.32,1209.63,5.69,5,Late
9012016,504006,2020-05-19,1400.22,1436.51,1425.43,11.09,0,Paid
9012017,504006,2020-08-17,1396.6,1424.93,1413.87,11.06,60,Late
9012018,504006,2020-11-15,1473.87,1460.5,1448.83,11.67,0,Paid
9012019,504007,2019-03-11,4926.76,4447.39,4411.06,36.33,60,Late
9012020,504007,2019-06-09,4532.17,3441.17,3407.75,33.42,15,Late
9012021,504007,2019-09-07,4761.2,4698.69,4663.58,35.11,15,Late
9012022,504008,2022-02-09,1674.8,1723.77,1716.71,7.06,45,Late
9012023,504008,2022-05-10,1550.33,1560.06,1553.53,6.54,0,Paid
9012024,504008,2022-08-08,1604.31,1577.55,1570.79,6.76,0,Paid
9012025,504009,2020-11-25,11808.25,12032.01,11953.49,78.52,0,Paid
9012026,504009,2021-02-23,11763.63,10108.03,10029.8,78.23,30,Late
9012027,504009,2021-05-24,11754.04,11894.69,11816.53,78.16,0,Paid
9012028,504010,2020-06-13,1863.83,1918.75,1899.96,18.79,0,Paid
9012029,504010,2020-09-11,1846.9,1522.85,1504.23,18.62,10,Late
9012030,504010,2020-12-10,1853.6,1849.51,1830.82,18.69,0,Paid
9012031,504011,2021-11-10,1101.27,982.98,979.13,3.85,15,Late
9012032,504011,2022-02-08,1011.65,879.38,875.84,3.54,90,Late
9012033,504011,2022-05-09,1064.94,973.63,969.9,3.73,60,Late
9012034,504012,2024-11-27,509.85,508.79,503.26,5.53,0,Paid
9012035,504012,2025-02-25,495.13,498.28,492.92,5.37,0,Paid
9012036,504012,2025-05-26,469.53,470.54,465.45,5.09,0,Paid
9012037,504013,2019-04-30,2190.94,2167.81,2153.82,13.99,0,Paid
9012038,504013,2019-07-29,2052.53,2075.24,2062.14,13.1,0,Paid
9012039,504013,2019-10-27,2124.86,2155.38,2141.82,13.56,0,Paid
9012040,504014,2019-09-21,13369.64,13221.77,13070.8,150.97,0,Paid
9012041,504014,2019-12-20,13460.35,11217.69,11065.7,151.99,90,Late
9012042,504014,2020-03-19,12869.45,9760.18,9614.86,145.32,10,Late
9012043,504015,2025-12-27,943.75,942.24,938.11,4.13,5,Late
9012044,504015,2026-03-27,911.25,718.64,714.65,3.99,15,Late
9012045,504015,2026-06-25,891.75,832.49,828.59,3.9,10,Late
9012046,504016,2024-12-21,15636.61,15251.47,15150.09,101.38,0,Paid
9012047,504016,2025-03-21,15283.63,15010.99,14911.9,99.09,0,Paid
9012048,504016,2025-06-19,15499.61,13124.68,13024.19,100.49,5,Late
9012049,504017,2022-04-15,2298.23,2226.6,2204.37,22.24,5,Late
9012050,504017,2022-07-14,2311.16,1831.33,1808.97,22.36,15,Late
9012051,504017,2022-10-12,2234.5,2046.04,2024.42,21.62,5,Late
9012052,504018,2022-01-05,4144.94,4187.61,4174.42,13.19,0,Paid
9012053,504018,2022-04-05,3958.61,3615.88,3603.27,12.6,10,Late
9012054,504018,2022-07-04,4224.65,4222.07,4208.62,13.45,0,Paid
9012055,504019,2021-06-16,540.07,467.47,463.67,3.8,15,Late
9012056,504019,2021-09-14,549.25,485.73,481.86,3.87,30,Late
9012057,504019,2021-12-13,548.59,505.95,502.09,3.86,45,Late
9012058,504020,2021-12-20,1612.02,1531.44,1524.16,7.28,5,Late
9012059,504020,2022-03-20,1677.25,1662.31,1654.73,7.58,0,Paid
9012060,504020,2022-06-18,1709.9,1732.02,1724.29,7.72,0,Paid
9012061,504021,2019-04-15,1635.08,1597.58,1589.24,8.34,120,Late
9012062,504021,2019-07-14,1587.79,1331.27,1323.17,8.1,60,Late
9012063,504021,2019-10-12,1645.91,1321.92,1313.52,8.39,60,Late
9012064,504022,2021-07-04,14883.31,11221.99,11127.97,94.01,120,Late
9012065,504022,2021-10-02,14589.44,11611.76,11519.6,92.16,45,Late
9012066,504022,2021-12-31,14462.09,13307.56,13216.21,91.35,60,Late
9012067,504023,2023-12-15,14589.05,13090.8,12917.43,173.37,10,Late
9012068,504023,2024-03-14,14924.92,14091.76,13914.4,177.36,90,Late
9012069,504023,2024-06-12,14774.83,14940.72,14765.15,175.57,45,Late
9012070,504024,2025-09-30,8862.25,7863.47,7825.73,37.74,30,Late
9012071,504024,2025-12-29,9079.17,7388.59,7349.93,38.66,60,Late
9012072,504024,2026-03-29,9491.23,7553.77,7513.35,40.42,60,Late
9012073,504025,2022-09-03,14490.54,14679.21,14528.38,150.82,0,Paid
9012074,504025,2022-12-02,15222.75,15605.95,15447.5,158.44,0,Paid
9012075,504025,2023-03-02,14821.17,15232.27,15078.01,154.26,0,Paid
9012076,504026,2024-01-04,15430.78,15200.33,15069.43,130.9,0,Paid
9012077,504026,2024-04-03,14887.17,14527.99,14401.7,126.29,0,Paid
9012078,504026,2024-07-02,15266.89,14881.61,14752.1,129.51,0,Paid
9012079,504027,2024-07-27,1915.35,1885.26,1872.3,12.96,0,Paid
9012080,504027,2024-10-25,1841.88,1831.7,1819.24,12.46,0,Paid
9012081,504027,2025-01-23,1902.61,1492.85,1479.97,12.87,10,Late
9012082,504028,2022-05-04,7915.03,7757.52,7685.1,72.42,0,Paid
9012083,504028,2022-08-02,7430.83,7647.35,7579.36,67.99,0,Paid
9012084,504028,2022-10-31,7635.51,7645.42,7575.55,69.86,0,Paid
9012085,504029,2022-04-27,2546.7,2617.49,2609.66,7.83,0,Paid
9012086,504029,2022-07-26,2538.91,2519.89,2512.08,7.81,0,Paid
9012087,504029,2022-10-24,2357.66,2422.67,2415.42,7.25,0,Paid
9012088,504030,2020-03-12,4690.65,3885.63,3863.59,22.05,90,Late
9012089,504030,2020-06-10,4720.1,4780.4,4758.21,22.18,0,Paid
9012090,504030,2020-09-08,4765.55,4738.7,4716.3,22.4,0,Paid
9012091,504031,2024-10-02,8924.42,8747.51,8698.58,48.94,45,Late
9012092,504031,2024-12-31,8338.06,7972.45,7926.73,45.72,30,Late
9012093,504031,2025-03-31,8280.66,6613.44,6568.03,45.41,15,Late
9012094,504032,2022-03-08,7561.99,7509.22,7426.92,82.3,0,Paid
9012095,504032,2022-06-06,7570.8,7393.72,7311.32,82.4,0,Paid
9012096,504032,2022-09-04,7827.73,7619.66,7534.47,85.19,0,Paid
9012097,504033,2025-08-24,430.98,407.93,404.64,3.29,120,Late
9012098,504033,2025-11-22,425.33,361.21,357.96,3.25,120,Late
9012099,504033,2026-02-20,409.28,380.52,377.4,3.12,120,Late
9012100,504034,2021-06-20,15005.44,11925.21,11750.53,174.69,45,Late
9012101,504034,2021-09-18,14661.57,13453.66,13282.98,170.69,10,Late
9012102,504034,2021-12-17,14756.67,15169.47,14997.67,171.79,0,Paid
9012103,504035,2019-06-25,1279.25,1292.95,1288.57,4.38,0,Paid
9012104,504035,2019-09-23,1338.29,1376.38,1371.8,4.58,0,Paid
9012105,504035,2019-12-22,1309.26,1148.02,1143.54,4.48,90,Late
9012106,504036,2021-07-25,2061.6,1587.71,1581.56,6.15,60,Late
9012107,504036,2021-10-23,1898.14,1655.05,1649.38,5.66,60,Late
9012108,504036,2022-01-21,2010.18,1570.66,1564.66,6.0,60,Late
9012109,504037,2023-01-27,171.51,159.92,158.1,1.81,60,Late
9012110,504037,2023-04-27,164.0,159.86,158.13,1.73,0,Paid
9012111,504037,2023-07-26,162.8,163.54,161.82,1.72,0,Paid
9012112,504038,2023-02-27,7003.69,7060.06,7031.82,28.25,0,Paid
9012113,504038,2023-05-28,6735.71,6829.35,6802.19,27.17,0,Paid
9012114,504038,2023-08-26,7246.13,7413.31,7384.08,29.23,0,Paid
9012115,504039,2020-08-28,15705.35,14235.63,14115.22,120.41,15,Late
9012116,504039,2020-11-26,14802.76,12205.64,12092.15,113.49,60,Late
9012117,504039,2021-02-24,15150.66,13912.3,13796.14,116.16,30,Late
9012118,504040,2023-08-11,6762.54,6584.14,6504.51,79.63,0,Paid
9012119,504040,2023-11-09,6749.51,6568.16,6488.69,79.48,0,Paid
9012120,504040,2024-02-07,7056.61,7225.16,7142.07,83.09,0,Paid
9012121,504041,2023-10-23,12476.87,10186.03,10111.16,74.86,90,Late
9012122,504041,2024-01-21,12301.37,11969.23,11895.42,73.81,0,Paid
9012123,504041,2024-04-20,12324.26,12385.16,12311.21,73.95,0,Paid
9012124,504042,2020-04-17,1056.39,1044.27,1036.12,8.15,0,Paid
9012125,504042,2020-07-16,1070.17,1068.56,1060.3,8.26,0,Paid
9012126,504042,2020-10-14,1004.61,966.43,958.68,7.75,45,Late
9012127,504043,2020-09-24,6125.61,6175.77,6132.94,42.83,0,Paid
9012128,504043,2020-12-23,5819.23,5738.61,5697.92,40.69,0,Paid
9012129,504043,2021-03-23,5749.86,5792.11,5751.9,40.2,0,Paid
9012130,504044,2023-06-19,6441.35,6579.28,6522.49,56.79,0,Paid
9012131,504044,2023-09-17,6069.98,4611.69,4558.18,53.52,5,Late
9012132,504044,2023-12-16,6066.36,6036.8,5983.32,53.49,0,Paid
9012133,504045,2022-02-16,10996.14,8992.96,8919.66,73.31,10,Late
9012134,504045,2022-05-17,10302.71,10109.66,10040.97,68.68,5,Late
9012135,504045,2022-08-15,10664.24,10134.45,10063.36,71.09,30,Late
9012136,504046,2019-01-09,488.05,493.41,488.54,4.88,0,Paid
9012137,504046,2019-04-09,504.9,505.51,500.47,5.04,0,Paid
9012138,504046,2019-07-08,513.62,506.66,501.53,5.13,0,Paid
9012139,504047,2022-06-30,1376.75,1367.93,1354.34,13.6,5,Late
9012140,504047,2022-09-28,1370.44,1350.18,1336.64,13.53,0,Paid
9012141,504047,2022-12-27,1446.35,1471.0,1456.71,14.28,0,Paid
9012142,504048,2024-08-31,10702.49,10439.03,10326.48,112.55,30,Late
9012143,504048,2024-11-29,10460.39,10563.42,10453.41,110.01,10,Late
9012144,504048,2025-02-27,9864.34,10098.03,9994.29,103.74,0,Paid
9012145,504049,2025-12-08,12193.21,12451.25,12385.5,65.74,60,Late
9012146,504049,2026-03-08,11910.49,9323.43,9259.21,64.22,45,Late
9012147,504049,2026-06-06,12282.77,10199.0,10132.78,66.22,60,Late
9012148,504050,2025-06-06,6712.52,6705.6,6649.39,56.22,0,Paid
9012149,504050,2025-09-04,6279.93,6427.44,6374.85,52.59,0,Paid
9012150,504050,2025-12-03,6157.26,5710.46,5658.89,51.57,5,Late
9012151,504051,2023-02-14,14893.43,14866.24,14717.93,148.31,0,Paid
9012152,504051,2023-05-15,14588.63,14386.38,14241.1,145.28,0,Paid
9012153,504051,2023-08-13,15057.57,15363.98,15214.03,149.95,0,Paid
9012154,504052,2022-07-18,13322.9,12976.65,12849.2,127.46,0,Paid
9012155,504052,2022-10-16,14076.23,14476.42,14341.75,134.66,0,Paid
9012156,504052,2023-01-14,13159.17,12824.08,12698.19,125.89,0,Paid
9012157,504053,2020-12-01,1934.8,1979.67,1973.4,6.27,0,Paid
9012158,504053,2021-03-01,1948.27,1983.05,1976.74,6.32,0,Paid
9012159,504053,2021-05-30,1982.42,1944.5,1938.07,6.43,0,Paid
9012160,504054,2020-03-13,1740.01,1706.93,1693.73,13.2,0,Paid
9012161,504054,2020-06-11,1699.67,1717.09,1704.2,12.89,0,Paid
9012162,504054,2020-09-09,1767.49,1788.29,1774.89,13.4,5,Late
9012163,504055,2023-05-11,15574.18,15108.25,15007.66,100.58,0,Paid
9012164,504055,2023-08-09,15573.84,15767.02,15666.44,100.58,0,Paid
9012165,504055,2023-11-07,14401.35,14543.47,14450.46,93.01,5,Late
9012166,504056,2020-03-11,8867.7,8917.01,8825.53,91.49,0,Paid
9012167,504056,2020-06-09,9125.9,9008.76,8914.61,94.15,0,Paid
9012168,504056,2020-09-07,8702.12,8865.53,8775.75,89.78,0,Paid
9012169,504057,2022-03-13,1454.97,1099.84,1086.18,13.66,60,Late
9012170,504057,2022-06-11,1482.81,1335.85,1321.93,13.93,45,Late
9012171,504057,2022-09-09,1512.02,1424.19,1409.99,14.2,120,Late
9012172,504058,2019-12-09,443.91,452.98,451.25,1.72,0,Paid
9012173,504058,2020-03-08,460.44,455.59,453.8,1.79,0,Paid
9012174,504058,2020-06-06,456.49,461.39,459.62,1.77,0,Paid
9012175,504059,2021-11-11,2814.25,2828.33,2803.09,25.23,0,Paid
9012176,504059,2022-02-09,2890.6,2974.06,2948.14,25.92,0,Paid
9012177,504059,2022-05-10,2758.2,2624.53,2599.8,24.73,90,Late
9012178,504060,2021-10-06,5995.94,4618.9,4558.49,60.41,5,Late
9012179,504060,2022-01-04,6013.17,6032.97,5972.39,60.58,0,Paid
9012180,504060,2022-04-04,5877.57,5971.97,5912.75,59.22,0,Paid
9012181,504061,2023-06-20,1072.92,972.33,963.96,8.38,30,Late
9012182,504061,2023-09-18,1061.08,1031.74,1023.46,8.29,0,Paid
9012183,504061,2023-12-17,1043.77,1056.84,1048.69,8.15,30,Late
9012184,504062,2023-10-18,7469.41,7502.51,7464.36,38.16,0,Paid
9012185,504062,2024-01-16,8192.34,6927.26,6885.41,41.85,30,Late
9012186,504062,2024-04-15,7969.51,7009.41,6968.7,40.71,5,Late
9012187,504063,2020-05-01,6445.88,6594.92,6558.98,35.94,0,Paid
9012188,504063,2020-07-30,6712.68,5587.01,5549.59,37.42,5,Late
9012189,504063,2020-10-28,6785.16,6852.82,6814.99,37.83,0,Paid
9012190,504064,2023-06-28,9023.53,8885.01,8788.38,96.63,0,Paid
9012191,504064,2023-09-26,9442.25,9701.7,9600.59,101.11,0,Paid
9012192,504064,2023-12-25,8865.52,8872.69,8777.76,94.93,90,Late
9012193,504065,2025-01-15,1038.5,1009.6,1001.54,8.07,0,Paid
9012194,504065,2025-04-15,1052.78,797.84,789.67,8.18,30,Late
9012195,504065,2025-07-14,1041.76,1031.86,1023.77,8.09,0,Paid
9012196,504066,2021-09-23,15126.88,14966.67,14866.58,100.09,0,Paid
9012197,504066,2021-12-22,14200.74,14145.58,14051.62,93.96,0,Paid
9012198,504066,2022-03-22,14987.69,14363.28,14264.11,99.17,45,Late
9012199,504067,2024-06-25,14319.04,14457.81,14382.87,74.94,0,Paid
9012200,504067,2024-09-23,14616.45,14987.22,14910.73,76.49,5,Late
9012201,504067,2024-12-22,14789.75,13503.6,13426.2,77.4,45,Late
9012202,504068,2021-11-21,13947.58,13822.08,13776.17,45.91,0,Paid
9012203,504068,2022-02-19,14055.56,13701.97,13655.7,46.27,0,Paid
9012204,504068,2022-05-20,13981.06,14240.46,14194.44,46.02,0,Paid
9012205,504069,2022-03-28,566.87,520.25,515.08,5.17,15,Late
9012206,504069,2022-06-26,607.94,597.75,592.2,5.55,0,Paid
9012207,504069,2022-09-24,607.6,541.46,535.92,5.54,90,Late
9012208,504070,2021-07-25,4169.29,3779.46,3743.29,36.17,60,Late
9012209,504070,2021-10-23,4344.95,4349.46,4311.77,37.69,0,Paid
9012210,504070,2022-01-21,4014.45,4099.67,4064.85,34.83,0,Paid
9012211,504071,2020-01-31,765.71,788.45,782.52,5.92,0,Paid
9012212,504071,2020-04-30,744.22,564.93,559.17,5.76,45,Late
9012213,504071,2020-07-29,779.67,717.93,711.9,6.03,5,Late
9012214,504072,2023-03-19,2961.86,3010.7,2995.99,14.71,0,Paid
9012215,504072,2023-06-17,3017.32,3063.61,3048.62,14.99,0,Paid
9012216,504072,2023-09-15,3088.28,3109.9,3094.56,15.34,0,Paid
9012217,504073,2023-09-01,1831.15,1835.67,1824.68,10.99,0,Paid
9012218,504073,2023-11-30,1877.69,1916.98,1905.71,11.27,0,Paid
9012219,504073,2024-02-28,1804.93,1785.94,1775.11,10.83,0,Paid
9012220,504074,2024-09-11,2529.92,2163.18,2149.66,13.51,15,Late
9012221,504074,2024-12-10,2406.3,2372.02,2359.17,12.85,0,Paid
9012222,504074,2025-03-10,2428.44,2480.77,2467.8,12.97,0,Paid
9012223,504075,2022-01-11,6928.91,7071.43,7035.92,35.51,5,Late
9012224,504075,2022-04-11,6954.66,5283.86,5248.22,35.64,90,Late
9012225,504075,2022-07-10,6776.53,6801.66,6766.93,34.73,0,Paid
9012226,504076,2021-07-30,14877.2,13502.42,13430.51,71.91,60,Late
9012227,504076,2021-10-28,15356.65,15539.4,15465.18,74.22,0,Paid
9012228,504076,2022-01-26,14902.67,13773.59,13701.56,72.03,60,Late
9012229,504077,2024-01-19,792.71,643.08,639.36,3.72,45,Late
9012230,504077,2024-04-18,825.74,847.61,843.74,3.87,0,Paid
9012231,504077,2024-07-17,823.05,807.22,803.36,3.86,0,Paid
9012232,504078,2025-03-31,683.69,677.78,670.15,7.63,90,Late
9012233,504078,2025-06-29,651.35,635.62,628.35,7.27,0,Paid
9012234,504078,2025-09-27,673.07,653.27,645.76,7.52,0,Paid
9012235,504079,2025-07-25,1508.89,1551.49,1536.59,14.9,0,Paid
9012236,504079,2025-10-23,1398.81,1374.49,1360.68,13.81,5,Late
9012237,504079,2026-01-21,1402.91,1440.4,1426.54,13.85,0,Paid
9012238,504080,2021-07-12,8168.87,7787.83,7698.99,88.84,30,Late
9012239,504080,2021-10-10,8852.69,6769.29,6673.01,96.27,60,Late
9012240,504080,2022-01-08,8729.58,7709.87,7614.93,94.93,30,Late
9012241,504081,2023-08-19,1336.18,1200.66,1188.57,12.09,30,Late
9012242,504081,2023-11-17,1377.84,1418.28,1405.81,12.47,0,Paid
9012243,504081,2024-02-15,1334.52,1362.52,1350.44,12.08,0,Paid
9012244,504082,2019-11-23,2029.17,1717.36,1697.72,19.65,5,Late
9012245,504082,2020-02-21,2096.91,2042.97,2022.67,20.31,0,Paid
9012246,504082,2020-05-21,2076.46,2080.12,2060.01,20.11,5,Late
9012247,504083,2020-07-18,1307.74,989.89,979.7,10.19,5,Late
9012248,504083,2020-10-16,1214.97,1017.1,1007.63,9.47,5,Late
9012249,504083,2021-01-14,1203.36,1097.88,1088.5,9.38,5,Late
9012250,504084,2025-11-21,2079.28,2090.15,2069.69,20.46,0,Paid
9012251,504084,2026-02-19,2026.79,2056.79,2036.85,19.95,90,Late
9012252,504084,2026-05-20,2043.38,1749.94,1729.83,20.11,10,Late
9012253,504085,2021-12-08,439.49,382.25,380.49,1.76,15,Late
9012254,504085,2022-03-08,410.93,314.18,312.54,1.64,30,Late
9012255,504085,2022-06-06,440.1,433.4,431.64,1.76,30,Late
9012256,504086,2023-12-24,1154.27,997.47,992.09,5.38,60,Late
9012257,504086,2024-03-23,1167.79,1087.69,1082.25,5.44,90,Late
9012258,504086,2024-06-21,1174.45,1147.12,1141.65,5.47,0,Paid
9012259,504087,2023-03-27,2595.42,2605.9,2588.21,17.69,0,Paid
9012260,504087,2023-06-25,2584.91,2652.08,2634.46,17.62,0,Paid
9012261,504087,2023-09-23,2384.32,2448.8,2432.55,16.25,5,Late
9012262,504088,2023-08-02,6969.9,5911.24,5885.16,26.08,90,Late
9012263,504088,2023-10-31,6723.14,6697.81,6672.65,25.16,15,Late
9012264,504088,2024-01-29,6649.64,6588.39,6563.51,24.88,30,Late
9012265,504089,2020-05-18,1541.9,1538.83,1522.15,16.68,0,Paid
9012266,504089,2020-08-16,1523.63,1391.25,1374.77,16.48,30,Late
9012267,504089,2020-11-14,1645.97,1597.82,1580.02,17.8,0,Paid
9012268,504090,2022-02-14,15078.5,15165.64,15093.64,72.0,0,Paid
9012269,504090,2022-05-15,15089.22,14744.72,14672.67,72.05,5,Late
9012270,504090,2022-08-13,14302.82,14693.53,14625.24,68.3,0,Paid
9012271,504091,2023-02-10,2045.44,2076.03,2057.15,18.89,0,Paid
9012272,504091,2023-05-11,2098.1,2064.75,2045.38,19.37,0,Paid
9012273,504091,2023-08-09,2055.97,1946.33,1927.35,18.98,45,Late
9012274,504092,2020-10-05,1668.72,1492.5,1482.32,10.18,30,Late
9012275,504092,2021-01-03,1703.71,1356.32,1345.93,10.39,30,Late
9012276,504092,2021-04-03,1760.54,1499.46,1488.72,10.74,15,Late
9012277,504093,2020-12-23,5323.28,5198.16,5165.11,33.05,0,Paid
9012278,504093,2021-03-23,5199.32,5127.23,5094.95,32.28,0,Paid
9012279,504093,2021-06-21,5360.7,5283.34,5250.06,33.28,0,Paid
9012280,504094,2023-06-20,2225.64,2212.61,2186.3,26.32,0,Paid
9012281,504094,2023-09-18,2192.4,2208.94,2183.02,25.93,0,Paid
9012282,504094,2023-12-17,2225.3,1774.18,1747.86,26.31,30,Late
9012283,504095,2020-10-05,917.86,758.41,748.11,10.3,15,Late
9012284,504095,2021-01-03,918.47,929.06,918.75,10.31,60,Late
9012285,504095,2021-04-03,870.58,658.56,648.79,9.77,15,Late
9012286,504096,2025-04-01,9345.02,8652.81,8609.74,43.06,30,Late
9012287,504096,2025-06-30,9059.83,7025.12,6983.37,41.75,15,Late
9012288,504096,2025-09-28,9286.73,8643.67,8600.88,42.8,30,Late
9012289,504097,2019-01-22,4006.92,4027.0,3983.56,43.44,0,Paid
9012290,504097,2019-04-22,4009.11,3891.74,3848.28,43.47,0,Paid
9012291,504097,2019-07-21,4299.19,4370.08,4323.47,46.61,0,Paid
9012292,504098,2025-04-25,4744.94,4737.04,4679.98,57.06,0,Paid
9012293,504098,2025-07-24,4735.8,4850.3,4793.36,56.95,0,Paid
9012294,504098,2025-10-22,4986.88,4785.5,4725.54,59.97,10,Late
9012295,504099,2019-08-05,2218.35,2236.82,2215.11,21.7,0,Paid
9012296,504099,2019-11-03,2052.24,2070.13,2050.05,20.08,0,Paid
9012297,504099,2020-02-01,2084.96,2143.78,2123.38,20.4,0,Paid
9012298,504100,2023-08-16,14467.6,11227.03,11178.45,48.59,60,Late
9012299,504100,2023-11-14,14415.47,13727.03,13678.62,48.41,15,Late
9012300,504100,2024-02-12,14185.7,10753.55,10705.91,47.64,45,Late
9012301,504101,2019-06-09,8579.95,8458.07,8423.9,34.18,0,Paid
9012302,504101,2019-09-07,8517.31,8361.9,8327.97,33.93,0,Paid
9012303,504101,2019-12-06,8681.73,8681.75,8647.17,34.58,0,Paid
9012304,504102,2019-08-03,594.26,568.69,563.59,5.1,10,Late
9012305,504102,2019-11-01,632.36,610.96,605.53,5.43,10,Late
9012306,504102,2020-01-30,598.87,468.96,463.82,5.14,5,Late
9012307,504103,2025-01-10,15645.23,15969.13,15823.63,145.5,0,Paid
9012308,504103,2025-04-10,14803.98,15143.88,15006.21,137.68,0,Paid
9012309,504103,2025-07-09,14515.78,12628.43,12493.43,135.0,5,Late
9012310,504104,2024-11-03,12555.44,9795.4,9681.04,114.36,10,Late
9012311,504104,2025-02-01,13351.21,13183.49,13061.89,121.61,0,Paid
9012312,504104,2025-05-02,12932.73,12754.42,12636.62,117.8,5,Late
9012313,504105,2022-03-21,15576.94,15545.05,15485.86,59.19,0,Paid
9012314,504105,2022-06-19,15411.15,14419.67,14361.1,58.56,5,Late
9012315,504105,2022-09-17,15659.76,15315.1,15255.59,59.51,0,Paid
9012316,504106,2024-06-26,2062.14,1742.91,1719.76,23.15,45,Late
9012317,504106,2024-09-24,2210.48,2124.85,2100.04,24.81,15,Late
9012318,504106,2024-12-23,2091.41,1677.24,1653.76,23.48,30,Late
9012319,504107,2020-12-20,14609.89,13261.52,13126.74,134.78,90,Late
9012320,504107,2021-03-20,13371.01,11548.21,11424.87,123.35,30,Late
9012321,504107,2021-06-18,13436.09,13310.46,13186.51,123.95,0,Paid
9012322,504108,2024-03-22,13755.53,13351.17,13274.94,76.23,0,Paid
9012323,504108,2024-06-20,13727.09,13797.52,13721.45,76.07,0,Paid
9012324,504108,2024-09-18,13606.65,10732.07,10656.66,75.4,60,Late
9012325,504109,2020-11-03,14696.23,14410.0,14345.58,64.42,0,Paid
9012326,504109,2021-02-01,15054.35,13633.48,13567.5,65.99,5,Late
9012327,504109,2021-05-02,14602.22,14479.88,14415.87,64.01,0,Paid
9012328,504110,2024-12-24,2580.22,2654.11,2642.61,11.5,0,Paid
9012329,504110,2025-03-24,2756.72,2700.87,2688.58,12.29,0,Paid
9012330,504110,2025-06-22,2789.1,2752.89,2740.45,12.43,0,Paid
9012331,504111,2019-07-01,1727.82,1596.31,1590.83,5.47,45,Late
9012332,504111,2019-09-29,1786.49,1664.7,1659.04,5.66,10,Late
9012333,504111,2019-12-28,1780.82,1791.2,1785.56,5.64,0,Paid
9012334,504112,2025-12-23,843.46,832.15,827.22,4.93,0,Paid
9012335,504112,2026-03-23,911.3,929.4,924.07,5.33,0,Paid
9012336,504112,2026-06-21,838.05,791.25,786.35,4.9,10,Late
9012337,504113,2023-02-17,832.3,833.8,828.1,5.69,0,Paid
9012338,504113,2023-05-18,862.54,877.54,871.64,5.9,0,Paid
9012339,504113,2023-08-16,859.73,854.73,848.85,5.88,0,Paid
9012340,504114,2024-09-13,6976.18,6929.76,6848.32,81.45,0,Paid
9012341,504114,2024-12-12,6945.0,6790.51,6709.42,81.08,0,Paid
9012342,504114,2025-03-12,7279.68,7266.27,7181.28,84.99,0,Paid
9012343,504115,2025-10-30,15058.2,15047.02,14965.83,81.19,0,Paid
9012344,504115,2026-01-28,15498.64,15296.09,15212.52,83.56,0,Paid
9012345,504115,2026-04-28,15098.22,15363.73,15282.32,81.4,0,Paid
9012346,504116,2025-07-31,15576.15,15627.72,15484.16,143.56,10,Late
9012347,504116,2025-10-29,15350.8,15796.29,15654.81,141.48,0,Paid
9012348,504116,2026-01-27,14881.32,14955.99,14818.84,137.16,0,Paid
9012349,504117,2019-02-12,2066.76,2110.0,2100.56,9.44,0,Paid
9012350,504117,2019-05-13,2025.14,2011.66,2002.41,9.25,0,Paid
9012351,504117,2019-08-11,2064.19,2058.02,2048.6,9.43,0,Paid
9012352,504118,2019-06-16,612.29,611.33,607.88,3.45,0,Paid
9012353,504118,2019-09-14,600.42,538.19,534.81,3.38,30,Late
9012354,504118,2019-12-13,592.05,587.88,584.54,3.34,0,Paid
9012355,504119,2019-02-21,7437.25,7454.23,7401.67,52.56,0,Paid
9012356,504119,2019-05-22,7961.24,6321.08,6264.82,56.26,45,Late
9012357,504119,2019-08-20,7903.17,6450.03,6394.18,55.85,5,Late
9012358,504120,2025-07-26,14306.63,13473.88,13426.07,47.81,5,Late
9012359,504120,2025-10-24,15517.14,12468.31,12416.46,51.85,5,Late
9012360,504120,2026-01-22,15482.87,15226.05,15174.31,51.74,0,Paid
9012361,504121,2021-04-25,7395.55,7179.55,7119.4,60.15,0,Paid
9012362,504121,2021-07-24,7291.72,7359.74,7300.43,59.31,10,Late
9012363,504121,2021-10-22,7505.51,6607.45,6546.4,61.04,90,Late
9012364,504122,2021-09-08,6793.5,5335.93,5257.3,78.63,5,Late
9012365,504122,2021-12-07,6834.09,5463.32,5384.22,79.1,15,Late
9012366,504122,2022-03-07,6438.09,6315.65,6241.13,74.52,0,Paid
9012367,504123,2020-03-12,575.21,580.7,574.51,6.19,0,Paid
9012368,504123,2020-06-10,578.92,586.09,579.86,6.23,0,Paid
9012369,504123,2020-09-08,601.48,608.35,601.87,6.48,0,Paid
9012370,504124,2023-04-13,14525.56,14702.85,14544.76,158.09,0,Paid
9012371,504124,2023-07-12,15367.33,12083.87,11916.62,167.25,30,Late
9012372,504124,2023-10-10,14422.17,14711.69,14554.73,156.96,0,Paid
9012373,504125,2021-05-06,1524.55,1554.43,1544.62,9.81,0,Paid
9012374,504125,2021-08-04,1514.65,1206.85,1197.11,9.74,60,Late
9012375,504125,2021-11-02,1547.33,1567.66,1557.7,9.95,0,Paid
9012376,504126,2019-08-29,656.67,675.27,670.9,4.37,0,Paid
9012377,504126,2019-11-27,634.69,647.58,643.35,4.23,0,Paid
9012378,504126,2020-02-25,635.85,620.36,616.13,4.23,0,Paid
9012379,504127,2025-06-08,5671.08,5047.01,5024.84,22.16,10,Late
9012380,504127,2025-09-06,5462.2,5380.14,5358.79,21.35,0,Paid
9012381,504127,2025-12-05,5563.73,5486.26,5464.51,21.74,5,Late
9012382,504128,2024-04-05,4202.95,4187.64,4136.96,50.68,10,Late
9012383,504128,2024-07-04,4125.3,4080.44,4030.69,49.74,0,Paid
9012384,504128,2024-10-02,4070.14,4039.04,3989.97,49.08,0,Paid
9012385,504129,2025-05-07,15500.84,15355.32,15209.61,145.71,0,Paid
9012386,504129,2025-08-05,15348.13,15536.94,15392.66,144.27,0,Paid
9012387,504129,2025-11-03,15031.2,14706.17,14564.87,141.29,0,Paid
9012388,504130,2023-10-30,1596.22,1611.47,1598.78,12.69,0,Paid
9012389,504130,2024-01-28,1600.12,1624.64,1611.92,12.72,0,Paid
9012390,504130,2024-04-27,1524.92,1485.75,1473.63,12.12,0,Paid
9012391,504131,2021-12-18,1155.54,1155.86,1146.87,8.99,0,Paid
9012392,504131,2022-03-18,1093.57,1085.73,1077.22,8.51,5,Late
9012393,504131,2022-06-16,1094.98,1050.5,1041.98,8.52,45,Late
9012394,504132,2025-10-11,6371.64,6547.93,6494.46,53.47,0,Paid
9012395,504132,2026-01-09,6423.35,6548.96,6495.06,53.9,0,Paid
9012396,504132,2026-04-09,6223.47,6384.65,6332.43,52.23,0,Paid
9012397,504133,2023-10-04,8365.91,6981.27,6912.04,69.23,60,Late
9012398,504133,2024-01-02,8207.93,7522.2,7454.28,67.92,60,Late
9012399,504133,2024-04-01,8500.48,7961.28,7890.94,70.34,45,Late
9012400,504134,2023-01-11,15115.15,14816.15,14702.29,113.87,0,Paid
9012401,504134,2023-04-11,15145.65,15141.13,15027.03,114.1,0,Paid
9012402,504134,2023-07-10,15522.93,15975.03,15858.09,116.94,0,Paid
9012403,504135,2019-08-28,268.71,264.14,262.96,1.17,0,Paid
9012404,504135,2019-11-26,255.26,227.37,226.26,1.11,30,Late
9012405,504135,2020-02-24,271.46,266.22,265.04,1.18,0,Paid
9012406,504136,2023-04-21,15488.52,14563.69,14464.95,98.74,45,Late
9012407,504136,2023-07-20,14969.37,14565.33,14469.9,95.43,0,Paid
9012408,504136,2023-10-18,14431.56,14730.88,14638.88,92.0,0,Paid
9012409,504137,2025-04-14,10562.24,10878.83,10812.73,66.1,0,Paid
9012410,504137,2025-07-13,10525.98,10727.42,10661.54,65.88,0,Paid
9012411,504137,2025-10-11,9806.22,9587.42,9526.05,61.37,0,Paid
9012412,504138,2022-08-18,938.49,802.7,793.16,9.54,5,Late
9012413,504138,2022-11-16,944.48,965.62,956.02,9.6,0,Paid
9012414,504138,2023-02-14,970.48,775.35,765.49,9.87,30,Late
9012415,504139,2024-12-20,9986.09,7774.0,7703.93,70.07,10,Late
9012416,504139,2025-03-20,10112.41,9909.65,9838.69,70.96,0,Paid
9012417,504139,2025-06-18,10226.87,10075.08,10003.32,71.76,0,Paid
9012418,504140,2021-01-24,1897.04,1907.02,1899.72,7.3,0,Paid
9012419,504140,2021-04-24,1851.15,1575.79,1568.66,7.13,90,Late
9012420,504140,2021-07-23,1939.18,1677.93,1670.46,7.47,10,Late
9012421,504141,2025-03-15,1542.12,1534.63,1516.26,18.36,90,Late
9012422,504141,2025-06-13,1465.45,1504.06,1486.6,17.45,0,Paid
9012423,504141,2025-09-11,1458.96,1437.81,1420.43,17.37,0,Paid
9012424,504142,2022-10-14,1696.8,1645.69,1640.3,5.39,5,Late
9012425,504142,2023-01-12,1652.92,1642.31,1637.06,5.25,0,Paid
9012426,504142,2023-04-12,1581.26,1613.0,1607.98,5.02,0,Paid
9012427,504143,2020-08-13,10075.38,9833.78,9776.6,57.18,0,Paid
9012428,504143,2020-11-11,9996.02,9920.65,9863.92,56.73,0,Paid
9012429,504143,2021-02-09,10012.54,9902.66,9845.84,56.82,0,Paid
9012430,504144,2019-11-10,807.13,797.23,791.5,5.73,5,Late
9012431,504144,2020-02-08,757.11,767.9,762.53,5.38,0,Paid
9012432,504144,2020-05-08,768.86,779.64,774.18,5.46,0,Paid
9012433,504145,2019-04-04,8517.84,8586.8,8491.68,95.12,0,Paid
9012434,504145,2019-07-03,8019.06,7560.05,7470.51,89.55,5,Late
9012435,504145,2019-10-01,7927.49,7722.01,7633.49,88.52,0,Paid
9012436,504146,2020-03-17,4161.03,3745.67,3726.84,18.83,120,Late
9012437,504146,2020-06-15,4083.25,3219.7,3201.22,18.48,45,Late
9012438,504146,2020-09-13,4155.93,4180.38,4161.58,18.81,90,Late
9012439,504147,2024-05-11,10722.75,10449.67,10376.22,73.45,0,Paid
9012440,504147,2024-08-09,10266.61,7812.7,7742.38,70.33,5,Late
9012441,504147,2024-11-07,10528.37,10607.73,10535.61,72.12,30,Late
9012442,504148,2019-06-27,13494.65,13707.9,13624.12,83.78,0,Paid
9012443,504148,2019-09-25,13639.32,11688.57,11603.89,84.68,5,Late
9012444,504148,2019-12-24,14256.61,14645.74,14557.23,88.51,0,Paid
9012445,504149,2022-07-16,408.57,418.34,413.85,4.49,0,Paid
9012446,504149,2022-10-14,435.84,435.75,430.96,4.79,0,Paid
9012447,504149,2023-01-12,429.15,331.86,327.14,4.72,15,Late
9012448,504150,2023-06-28,2351.59,2330.63,2317.93,12.7,0,Paid
9012449,504150,2023-09-26,2375.44,1929.2,1916.37,12.83,45,Late
9012450,504150,2023-12-25,2434.52,2454.88,2441.73,13.15,0,Paid
9012451,504151,2022-12-05,15131.53,14910.57,14739.58,170.99,0,Paid
9012452,504151,2023-03-05,15539.09,15297.98,15122.39,175.59,0,Paid
9012453,504151,2023-06-03,15018.83,15122.14,14952.43,169.71,0,Paid
9012454,504152,2022-08-27,11223.34,11344.37,11257.01,87.36,0,Paid
9012455,504152,2022-11-25,11501.37,11384.95,11295.43,89.52,0,Paid
9012456,504152,2023-02-23,11079.06,10771.3,10685.07,86.23,0,Paid
9012457,504153,2023-08-17,15489.4,14812.77,14739.97,72.8,30,Late
9012458,504153,2023-11-15,15673.24,13654.03,13580.37,73.66,45,Late
9012459,504153,2024-02-13,14894.41,11877.72,11807.72,70.0,10,Late
9012460,504154,2025-10-04,602.26,515.81,509.08,6.72,5,Late
9012461,504154,2026-01-02,600.07,597.16,590.46,6.7,0,Paid
9012462,504154,2026-04-02,617.7,631.52,624.62,6.89,0,Paid
9012463,504155,2023-08-29,14021.2,11190.76,11044.71,146.05,10,Late
9012464,504155,2023-11-27,13637.56,13672.88,13530.83,142.06,0,Paid
9012465,504155,2024-02-25,14747.18,14619.89,14466.27,153.62,0,Paid
9012466,504156,2021-07-19,14435.29,12186.6,12069.55,117.05,120,Late
9012467,504156,2021-10-17,14088.42,13969.7,13855.47,114.23,45,Late
9012468,504156,2022-01-15,14602.47,11431.86,11313.46,118.4,90,Late
9012469,504157,2019-10-28,10232.29,7699.3,7579.75,119.55,120,Late
9012470,504157,2020-01-26,10112.67,9048.48,8930.33,118.15,90,Late
9012471,504157,2020-04-25,9722.89,7336.58,7222.98,113.6,60,Late
9012472,504158,2019-04-02,417.57,414.88,413.51,1.37,0,Paid
9012473,504158,2019-07-01,415.0,419.01,417.64,1.36,0,Paid
9012474,504158,2019-09-29,446.8,448.2,446.73,1.47,0,Paid
9012475,504159,2020-09-04,847.08,772.03,765.87,6.16,10,Late
9012476,504159,2020-12-03,868.47,878.2,871.88,6.32,0,Paid
9012477,504159,2021-03-03,866.74,721.97,715.66,6.31,5,Late
9012478,504160,2020-02-19,6136.65,5971.42,5950.71,20.71,0,Paid
9012479,504160,2020-05-19,6347.68,6272.81,6251.39,21.42,0,Paid
9012480,504160,2020-08-17,6359.67,6441.59,6420.12,21.46,0,Paid
9012481,504161,2021-12-23,10197.9,9586.12,9546.35,39.77,45,Late
9012482,504161,2022-03-23,9937.52,7750.56,7711.8,38.76,45,Late
9012483,504161,2022-06-21,10427.83,8370.74,8330.08,40.67,15,Late
9012484,504162,2023-12-29,1482.61,1195.28,1185.99,9.29,10,Late
9012485,504162,2024-03-28,1509.29,1543.47,1534.01,9.46,0,Paid
9012486,504162,2024-06-26,1476.73,1520.15,1510.9,9.25,0,Paid
9012487,504163,2022-09-14,7718.84,7536.27,7466.8,69.47,0,Paid
9012488,504163,2022-12-13,8041.38,7855.97,7783.6,72.37,0,Paid
9012489,504163,2023-03-13,7443.79,7506.02,7439.02,66.99,0,Paid
9012490,504164,2022-02-05,1989.38,1748.07,1736.61,11.46,10,Late
9012491,504164,2022-05-06,2028.33,1986.37,1974.69,11.68,0,Paid
9012492,504164,2022-08-04,1991.85,1980.19,1968.72,11.47,60,Late
9012493,504165,2020-10-13,1184.12,1208.12,1203.68,4.44,0,Paid
9012494,504165,2021-01-11,1258.58,1244.01,1239.29,4.72,0,Paid
9012495,504165,2021-04-11,1228.95,1172.71,1168.1,4.61,60,Late
9012496,504166,2024-09-20,1319.98,1345.48,1331.52,13.96,0,Paid
9012497,504166,2024-12-19,1306.52,1003.79,989.97,13.82,45,Late
9012498,504166,2025-03-19,1329.94,1188.71,1174.64,14.06,60,Late
9012499,504167,2021-10-02,1495.27,1289.79,1275.17,14.62,30,Late
9012500,504167,2021-12-31,1487.12,1431.33,1416.79,14.54,90,Late
9012501,504167,2022-03-31,1524.61,1235.04,1220.14,14.9,5,Late
9012502,504168,2022-03-29,1844.83,1786.5,1778.16,8.33,60,Late
9012503,504168,2022-06-27,1877.49,1513.93,1505.45,8.48,60,Late
9012504,504168,2022-09-25,1869.03,1695.62,1687.17,8.44,60,Late
9012505,504169,2020-11-29,15452.99,15260.45,15080.56,179.9,0,Paid
9012506,504169,2021-02-27,15443.78,15276.37,15096.58,179.79,0,Paid
9012507,504169,2021-05-28,14298.9,14065.16,13898.69,166.46,0,Paid
9012508,504170,2024-12-09,1700.33,1531.76,1517.68,14.08,45,Late
9012509,504170,2025-03-09,1649.71,1367.54,1353.88,13.67,15,Late
9012510,504170,2025-06-07,1668.07,1258.69,1244.88,13.82,45,Late
9012511,504171,2021-07-23,10167.78,8681.73,8621.32,60.41,5,Late
9012512,504171,2021-10-21,11076.31,9549.47,9483.66,65.81,30,Late
9012513,504171,2022-01-19,10406.53,10128.63,10066.79,61.83,0,Paid
9012514,504172,2024-08-21,14762.65,14439.64,14393.01,46.63,0,Paid
9012515,504172,2024-11-19,14608.59,12076.93,12030.79,46.14,10,Late
9012516,504172,2025-02-17,14557.46,14752.01,14706.03,45.98,0,Paid
9012517,504173,2019-06-24,800.34,647.12,640.21,6.9,45,Late
9012518,504173,2019-09-22,815.08,712.15,705.12,7.03,90,Late
9012519,504173,2019-12-21,764.64,618.04,611.44,6.59,45,Late
9012520,504174,2023-05-16,3626.46,2849.24,2834.7,14.54,30,Late
9012521,504174,2023-08-14,3685.22,3750.06,3735.29,14.77,0,Paid
9012522,504174,2023-11-12,3719.92,3280.7,3265.79,14.91,5,Late
9012523,504175,2021-05-15,456.98,463.94,458.6,5.34,0,Paid
9012524,504175,2021-08-13,453.15,444.46,439.16,5.3,0,Paid
9012525,504175,2021-11-11,440.87,444.62,439.46,5.15,0,Paid
9012526,504176,2020-07-18,856.77,858.68,852.33,6.35,0,Paid
9012527,504176,2020-10-16,845.19,860.57,854.3,6.27,10,Late
9012528,504176,2021-01-14,810.46,791.12,785.11,6.01,60,Late
9012529,504177,2021-11-09,13441.22,13784.12,13714.12,70.01,0,Paid
9012530,504177,2022-02-07,13031.27,13259.17,13191.3,67.87,0,Paid
9012531,504177,2022-05-08,14312.33,14640.56,14566.02,74.54,0,Paid
9012532,504178,2023-06-12,1715.63,1664.94,1658.96,5.98,0,Paid
9012533,504178,2023-09-10,1711.21,1753.03,1747.07,5.96,0,Paid
9012534,504178,2023-12-09,1757.17,1389.86,1383.74,6.12,10,Late
9012535,504179,2021-08-11,2353.79,1791.24,1778.06,13.18,5,Late
9012536,504179,2021-11-09,2374.77,2394.04,2380.74,13.3,0,Paid
9012537,504179,2022-02-07,2398.88,2409.57,2396.13,13.43,0,Paid
9012538,504180,2020-03-12,543.07,530.45,526.38,4.07,0,Paid
9012539,504180,2020-06-10,546.59,540.47,536.37,4.1,0,Paid
9012540,504180,2020-09-08,528.36,513.45,509.49,3.96,90,Late
9012541,504181,2025-12-06,2051.85,2016.6,1992.7,23.9,0,Paid
9012542,504181,2026-03-06,2042.53,1584.79,1561.0,23.8,30,Late
9012543,504181,2026-06-04,2063.37,2104.37,2080.33,24.04,0,Paid
9012544,504182,2022-07-27,4026.06,3999.9,3975.31,24.59,0,Paid
9012545,504182,2022-10-25,4047.03,4014.4,3989.68,24.72,0,Paid
9012546,504182,2023-01-23,3776.4,3539.78,3516.71,23.07,45,Late
9012547,504183,2019-11-02,1004.79,942.19,931.73,10.47,90,Late
9012548,504183,2020-01-31,936.71,861.81,852.05,9.76,60,Late
9012549,504183,2020-04-30,1009.55,805.2,794.68,10.52,90,Late
9012550,504184,2021-10-21,9133.01,9073.07,8966.06,107.01,0,Paid
9012551,504184,2022-01-19,9516.11,7472.56,7361.06,111.5,5,Late
9012552,504184,2022-04-19,9792.48,9777.24,9662.5,114.74,0,Paid
9012553,504185,2020-09-09,13188.28,12412.77,12319.9,92.87,45,Late
9012554,504185,2020-12-08,13157.71,13325.22,13232.57,92.65,0,Paid
9012555,504185,2021-03-08,13133.1,13187.45,13094.97,92.48,0,Paid
9012556,504186,2019-01-13,993.56,1020.57,1009.27,11.3,0,Paid
9012557,504186,2019-04-13,1038.11,1055.24,1043.44,11.81,0,Paid
9012558,504186,2019-07-12,1038.96,1069.03,1057.22,11.82,0,Paid
9012559,504187,2021-06-01,14981.24,14492.71,14428.67,64.04,15,Late
9012560,504187,2021-08-30,14796.8,12900.85,12837.59,63.26,15,Late
9012561,504187,2021-11-28,14860.48,11587.64,11524.11,63.53,15,Late
9012562,504188,2023-09-05,722.96,735.39,732.05,3.34,0,Paid
9012563,504188,2023-12-04,764.43,779.23,775.7,3.53,0,Paid
9012564,504188,2024-03-03,744.17,729.43,725.99,3.44,15,Late
9012565,504189,2023-01-23,1850.33,1835.66,1826.74,8.93,0,Paid
9012566,504189,2023-04-23,1830.21,1777.26,1768.43,8.83,0,Paid
9012567,504189,2023-07-22,1873.48,1719.72,1710.68,9.04,15,Late
9012568,504190,2020-05-10,8867.84,8728.52,8629.27,99.25,0,Paid
9012569,504190,2020-08-08,9176.16,7157.72,7055.03,102.7,5,Late
9012570,504190,2020-11-06,9474.69,9242.23,9136.2,106.04,45,Late
9012571,504191,2021-12-31,14369.73,14609.13,14442.56,166.57,120,Late
9012572,504191,2022-03-31,14308.62,14543.85,14377.99,165.86,60,Late
9012573,504191,2022-06-29,14929.3,11708.84,11535.79,173.06,60,Late
9012574,504192,2025-02-17,13838.02,13533.52,13407.02,126.5,0,Paid
9012575,504192,2025-05-18,14500.28,14475.09,14342.54,132.56,45,Late
9012576,504192,2025-08-16,13204.22,13447.6,13326.89,120.71,0,Paid
9012577,504193,2024-05-15,1351.15,1325.24,1309.78,15.46,5,Late
9012578,504193,2024-08-13,1364.25,1387.95,1372.34,15.61,0,Paid
9012579,504193,2024-11-11,1301.4,1303.3,1288.41,14.89,0,Paid
9012580,504194,2020-07-10,7642.95,7420.65,7393.96,26.69,5,Late
9012581,504194,2020-10-08,8307.7,8212.34,8183.34,29.01,0,Paid
9012582,504194,2021-01-06,7873.16,7660.43,7632.94,27.49,0,Paid
9012583,504195,2021-11-13,2103.12,1834.93,1812.57,22.36,10,Late
9012584,504195,2022-02-11,2258.32,2252.7,2228.68,24.01,0,Paid
9012585,504195,2022-05-12,2100.6,2121.79,2099.46,22.34,0,Paid
9012586,504196,2021-10-03,7941.68,7574.94,7529.88,45.07,45,Late
9012587,504196,2022-01-01,7961.22,7814.56,7769.38,45.18,0,Paid
9012588,504196,2022-04-01,7849.8,6854.84,6810.29,44.55,5,Late
9012589,504197,2022-11-24,6705.16,5563.58,5519.66,43.92,60,Late
9012590,504197,2023-02-22,6670.12,5490.22,5446.53,43.69,45,Late
9012591,504197,2023-05-23,6616.13,6768.86,6725.52,43.34,60,Late
9012592,504198,2023-04-20,15270.05,15665.43,15523.54,141.88,0,Paid
9012593,504198,2023-07-19,14384.43,14511.0,14377.34,133.66,0,Paid
9012594,504198,2023-10-17,14541.68,14674.59,14539.48,135.12,0,Paid
9012595,504199,2023-01-16,751.51,695.02,686.73,8.29,45,Late
9012596,504199,2023-04-16,718.95,725.42,717.5,7.93,0,Paid
9012597,504199,2023-07-15,719.15,714.01,706.09,7.93,0,Paid
9012598,504200,2020-02-01,1337.59,1059.17,1052.4,6.77,45,Late
9012599,504200,2020-05-01,1390.54,1407.69,1400.66,7.03,0,Paid
9012600,504200,2020-07-30,1376.59,1342.85,1335.89,6.96,0,Paid
9012601,504201,2024-02-03,9920.29,9963.18,9929.7,33.48,10,Late
9012602,504201,2024-05-03,10099.52,9927.9,9893.81,34.09,0,Paid
9012603,504201,2024-08-01,10083.78,10142.16,10108.12,34.03,0,Paid
9012604,504202,2019-11-23,14479.48,14536.33,14431.12,105.22,15,Late
9012605,504202,2020-02-21,14848.62,14776.37,14668.47,107.9,60,Late
9012606,504202,2020-05-21,15289.76,15488.87,15377.77,111.11,15,Late
9012607,504203,2022-09-02,11012.93,9847.9,9786.23,61.67,60,Late
9012608,504203,2022-12-01,10769.93,8577.35,8517.04,60.31,90,Late
9012609,504203,2023-03-01,10609.69,8228.05,8168.63,59.41,90,Late
9012610,504204,2020-08-04,7746.35,7771.4,7737.45,33.95,0,Paid
9012611,504204,2020-11-02,7362.51,7237.15,7204.88,32.27,0,Paid
9012612,504204,2021-01-31,7848.38,7845.67,7811.27,34.4,0,Paid
9012613,504205,2020-11-01,226.98,178.96,177.1,1.86,15,Late
9012614,504205,2021-01-30,236.61,231.93,230.0,1.94,0,Paid
9012615,504205,2021-04-30,221.12,226.77,224.96,1.81,0,Paid
9012616,504206,2022-09-18,1373.41,1361.23,1346.22,15.0,0,Paid
9012617,504206,2022-12-17,1344.87,1329.64,1314.95,14.69,0,Paid
9012618,504206,2023-03-17,1398.19,1415.23,1399.95,15.28,0,Paid
9012619,504207,2021-03-20,319.99,320.32,317.39,2.93,0,Paid
9012620,504207,2021-06-18,320.45,313.62,310.69,2.93,0,Paid
9012621,504207,2021-09-16,318.17,322.1,319.19,2.91,0,Paid
9012622,504208,2019-06-01,1941.39,1976.43,1966.59,9.84,60,Late
9012623,504208,2019-08-30,2003.55,1595.66,1585.51,10.15,60,Late
9012624,504208,2019-11-28,2055.56,1738.34,1727.93,10.41,60,Late
9012625,504209,2023-09-26,14707.43,13049.86,12922.76,127.1,45,Late
9012626,504209,2023-12-25,15539.3,12447.46,12313.17,134.29,60,Late
9012627,504209,2024-03-24,15483.8,15552.37,15418.56,133.81,120,Late
9012628,504210,2025-09-22,7829.3,6985.0,6906.18,78.81,45,Late
9012629,504210,2025-12-21,8072.91,7957.58,7876.32,81.27,15,Late
9012630,504210,2026-03-21,7983.23,6109.41,6029.04,80.36,15,Late
9012631,504211,2021-05-06,14539.9,13391.09,13271.62,119.47,90,Late
9012632,504211,2021-08-04,14852.82,14914.86,14792.82,122.04,0,Paid
9012633,504211,2021-11-02,15005.32,15293.2,15169.91,123.29,0,Paid
9012634,504212,2022-06-21,593.92,551.65,547.65,4.0,10,Late
9012635,504212,2022-09-19,583.17,458.32,454.39,3.93,5,Late
9012636,504212,2022-12-18,628.84,549.15,544.91,4.24,5,Late
9012637,504213,2019-02-24,6443.54,6359.41,6315.75,43.66,0,Paid
9012638,504213,2019-05-25,6797.72,6947.8,6901.74,46.05,0,Paid
9012639,504213,2019-08-23,6804.98,6771.44,6725.34,46.1,0,Paid
9012640,504214,2023-06-18,13421.22,13233.96,13100.65,133.32,0,Paid
9012641,504214,2023-09-16,13633.92,13838.45,13703.02,135.43,0,Paid
9012642,504214,2023-12-15,14073.73,14248.64,14108.84,139.8,0,Paid
9012643,504215,2021-06-15,822.28,802.14,796.34,5.8,0,Paid
9012644,504215,2021-09-13,800.52,787.64,782.0,5.64,0,Paid
9012645,504215,2021-12-12,809.36,695.77,690.06,5.71,60,Late
9012646,504216,2024-01-26,5312.9,5233.82,5182.33,51.49,60,Late
9012647,504216,2024-04-25,5324.35,5271.49,5219.89,51.6,0,Paid
9012648,504216,2024-07-24,4890.82,4935.46,4888.06,47.4,0,Paid
9012649,504217,2024-02-19,1670.72,1666.57,1647.26,19.31,0,Paid
9012650,504217,2024-05-19,1763.91,1500.09,1479.7,20.39,10,Late
9012651,504217,2024-08-17,1801.56,1837.96,1817.14,20.82,0,Paid
9012652,504218,2020-02-05,981.24,799.24,794.38,4.87,5,Late
9012653,504218,2020-05-05,924.06,728.47,723.89,4.58,60,Late
9012654,504218,2020-08-03,979.42,991.02,986.17,4.86,0,Paid
9012655,504219,2021-05-15,570.49,481.65,474.75,6.89,120,Late
9012656,504219,2021-08-13,581.19,526.93,519.9,7.02,60,Late
9012657,504219,2021-11-11,552.97,450.58,443.9,6.68,45,Late
9012658,504220,2019-09-04,751.65,750.37,742.02,8.35,0,Paid
9012659,504220,2019-12-03,814.03,808.88,799.84,9.04,0,Paid
9012660,504220,2020-03-02,794.57,809.81,800.98,8.83,0,Paid
9012661,504221,2025-05-07,2716.43,2131.27,2115.38,15.89,10,Late
9012662,504221,2025-08-05,2634.8,2536.45,2521.04,15.41,30,Late
9012663,504221,2025-11-03,2630.83,2534.03,2518.64,15.39,45,Late
9012664,504222,2020-01-04,4875.32,4808.85,4781.8,27.06,0,Paid
9012665,504222,2020-04-03,5079.08,5132.8,5104.61,28.19,0,Paid
9012666,504222,2020-07-02,5346.66,5353.92,5324.25,29.67,0,Paid
9012667,504223,2019-06-01,1088.07,837.82,831.89,5.93,90,Late
9012668,504223,2019-08-30,1136.51,974.44,968.25,6.19,5,Late
9012669,504223,2019-11-28,1099.31,1117.22,1111.23,5.99,0,Paid
9012670,504224,2021-01-06,880.08,874.17,870.18,3.99,0,Paid
9012671,504224,2021-04-06,878.06,867.04,863.06,3.98,0,Paid
9012672,504224,2021-07-05,887.95,890.57,886.54,4.03,0,Paid
9012673,504225,2024-10-17,13150.68,10955.26,10832.96,122.3,15,Late
9012674,504225,2025-01-15,13435.33,12649.01,12524.06,124.95,5,Late
9012675,504225,2025-04-15,13103.12,12790.5,12668.64,121.86,0,Paid
9012676,504226,2023-10-21,7710.49,5811.18,5782.4,28.79,15,Late
9012677,504226,2024-01-19,7793.65,5895.83,5866.73,29.1,15,Late
9012678,504226,2024-04-18,7396.13,7270.02,7242.41,27.61,60,Late
9012679,504227,2025-06-09,7681.54,7685.3,7640.17,45.13,0,Paid
9012680,504227,2025-09-07,7724.06,7936.8,7891.42,45.38,0,Paid
9012681,504227,2025-12-06,7793.58,7652.57,7606.79,45.79,0,Paid
9012682,504228,2019-06-27,1358.08,1322.48,1310.61,11.87,0,Paid
9012683,504228,2019-09-25,1373.65,1405.41,1393.41,12.01,0,Paid
9012684,504228,2019-12-24,1342.74,1312.04,1300.3,11.74,0,Paid
9012685,504229,2019-04-08,9335.01,9342.47,9252.47,90.01,0,Paid
9012686,504229,2019-07-07,9303.56,9504.38,9414.68,89.7,60,Late
9012687,504229,2019-10-05,9307.13,7562.34,7472.6,89.74,45,Late
9012688,504230,2019-01-22,12463.69,11830.02,11741.73,88.28,10,Late
9012689,504230,2019-04-22,12747.03,11806.16,11715.87,90.29,45,Late
9012690,504230,2019-07-21,12279.45,9327.07,9240.09,86.98,15,Late
9012691,504231,2019-01-26,428.64,438.63,435.17,3.45,0,Paid
9012692,504231,2019-04-26,416.32,406.26,402.91,3.35,15,Late
9012693,504231,2019-07-25,405.22,414.87,411.61,3.26,0,Paid
9012694,504232,2020-11-18,1769.6,1678.15,1663.65,14.5,10,Late
9012695,504232,2021-02-16,1732.19,1767.81,1753.62,14.19,0,Paid
9012696,504232,2021-05-17,1755.76,1790.86,1776.48,14.38,0,Paid
9012697,504233,2023-06-23,1767.91,1330.43,1309.96,20.48,45,Late
9012698,504233,2023-09-21,1809.9,1857.58,1836.61,20.96,0,Paid
9012699,504233,2023-12-20,1712.09,1372.22,1352.39,19.83,45,Late
9012700,504234,2024-08-23,5424.57,5295.84,5262.21,33.63,0,Paid
9012701,504234,2024-11-21,5451.32,5599.46,5565.67,33.8,0,Paid
9012702,504234,2025-02-19,5318.52,5208.57,5175.59,32.97,0,Paid
9012703,504235,2019-12-08,9228.02,9461.53,9424.39,37.14,0,Paid
9012704,504235,2020-03-07,9259.33,9274.56,9237.29,37.27,0,Paid
9012705,504235,2020-06-05,9741.13,8969.15,8929.94,39.21,30,Late
9012706,504236,2022-02-12,3418.95,3436.77,3426.4,10.37,0,Paid
9012707,504236,2022-05-13,3581.25,3581.38,3570.52,10.86,0,Paid
9012708,504236,2022-08-11,3630.66,3501.8,3490.79,11.01,10,Late
9012709,504237,2025-01-11,686.42,670.48,665.95,4.53,0,Paid
9012710,504237,2025-04-11,684.57,697.62,693.1,4.52,0,Paid
9012711,504237,2025-07-10,624.66,585.57,581.45,4.12,30,Late
9012712,504238,2025-06-08,15617.35,15275.45,15133.86,141.6,0,Paid
9012713,504238,2025-09-06,15116.95,13684.05,13546.99,137.06,10,Late
9012714,504238,2025-12-05,15109.87,13988.26,13851.27,137.0,5,Late
9012715,504239,2025-11-05,727.83,713.44,709.51,3.93,0,Paid
9012716,504239,2026-02-03,717.75,609.28,605.4,3.88,45,Late
9012717,504239,2026-05-04,741.22,725.64,721.63,4.0,0,Paid
9012718,504240,2023-07-09,1415.69,1390.92,1380.64,10.28,0,Paid
9012719,504240,2023-10-07,1363.72,1332.66,1322.76,9.9,0,Paid
9012720,504240,2024-01-05,1423.83,1257.68,1247.35,10.33,60,Late
9012721,504241,2021-06-28,1525.68,1511.77,1498.08,13.69,0,Paid
9012722,504241,2021-09-26,1533.72,1552.16,1538.4,13.77,0,Paid
9012723,504241,2021-12-25,1613.11,1585.19,1570.72,14.48,0,Paid
9012724,504242,2021-01-23,1351.47,1311.48,1302.98,8.5,0,Paid
9012725,504242,2021-04-23,1392.04,1231.26,1222.5,8.76,30,Late
9012726,504242,2021-07-22,1340.21,1377.71,1369.28,8.43,0,Paid
9012727,504243,2025-06-24,10754.71,11000.04,10886.49,113.55,0,Paid
9012728,504243,2025-09-22,11203.68,11386.26,11267.97,118.29,0,Paid
9012729,504243,2025-12-21,11321.34,9812.41,9692.88,119.53,5,Late
9012730,504244,2021-06-11,4624.64,4559.14,4532.82,26.32,0,Paid
9012731,504244,2021-09-09,4496.53,3409.43,3383.84,25.59,15,Late
9012732,504244,2021-12-08,4388.78,4518.43,4493.45,24.98,90,Late
9012733,504245,2020-02-16,549.93,548.05,541.88,6.17,15,Late
9012734,504245,2020-05-16,580.98,566.6,560.08,6.52,0,Paid
9012735,504245,2020-08-14,573.75,573.69,567.26,6.44,0,Paid
9012736,504246,2025-05-30,2123.26,1861.96,1846.72,15.23,120,Late
9012737,504246,2025-08-28,2062.11,2070.73,2055.94,14.8,90,Late
9012738,504246,2025-11-26,2020.93,1756.7,1742.2,14.5,120,Late
9012739,504247,2023-11-23,1249.37,1223.08,1212.64,10.44,0,Paid
9012740,504247,2024-02-21,1299.59,1306.33,1295.46,10.86,0,Paid
9012741,504247,2024-05-21,1351.28,1216.78,1205.48,11.29,10,Late
9012742,504248,2019-09-08,14602.38,14068.62,13947.17,121.44,5,Late
9012743,504248,2019-12-07,15610.85,14315.47,14185.64,129.83,5,Late
9012744,504248,2020-03-06,15639.5,15602.62,15472.55,130.07,0,Paid
9012745,504249,2019-07-24,1861.98,1809.18,1801.06,8.12,0,Paid
9012746,504249,2019-10-22,1761.62,1370.65,1362.97,7.68,10,Late
9012747,504249,2020-01-20,1792.98,1786.6,1778.79,7.81,0,Paid
9012748,504250,2020-03-06,5047.02,5167.38,5131.55,35.83,0,Paid
9012749,504250,2020-06-04,5103.9,5202.81,5166.57,36.24,0,Paid
9012750,504250,2020-09-02,4919.17,4774.27,4739.35,34.93,0,Paid
9012751,504251,2022-09-11,7102.17,7097.0,7016.87,80.14,0,Paid
9012752,504251,2022-12-10,6726.64,5907.25,5831.35,75.9,15,Late
9012753,504251,2023-03-10,6515.49,6400.08,6326.56,73.52,0,Paid
9012754,504252,2021-01-19,1784.04,1780.92,1774.78,6.14,0,Paid
9012755,504252,2021-04-19,1735.43,1761.4,1755.43,5.97,0,Paid
9012756,504252,2021-07-18,1844.05,1864.24,1857.9,6.35,0,Paid
9012757,504253,2020-01-13,685.15,668.88,666.86,2.02,0,Paid
9012758,504253,2020-04-12,746.1,570.95,568.76,2.19,30,Late
9012759,504253,2020-07-11,681.91,663.19,661.19,2.01,0,Paid
9012760,504254,2025-04-28,2238.45,2015.46,1990.02,25.44,30,Late
9012761,504254,2025-07-27,2386.17,2448.38,2421.26,27.12,0,Paid
9012762,504254,2025-10-25,2418.87,2438.96,2411.46,27.49,0,Paid
9012763,504255,2022-02-15,14427.12,14449.97,14320.6,129.36,0,Paid
9012764,504255,2022-05-16,14472.32,13715.18,13585.41,129.77,10,Late
9012765,504255,2022-08-14,13757.3,10528.02,10404.66,123.36,30,Late
9012766,504256,2023-09-09,596.61,581.35,574.34,7.01,0,Paid
9012767,504256,2023-12-08,591.92,574.67,567.71,6.96,45,Late
9012768,504256,2024-03-07,631.91,647.6,640.17,7.42,0,Paid
9012769,504257,2020-07-02,9165.03,7000.53,6946.91,53.62,15,Late
9012770,504257,2020-09-30,8683.24,8422.86,8372.06,50.8,0,Paid
9012771,504257,2020-12-29,9213.58,9093.5,9039.6,53.9,0,Paid
9012772,504258,2023-11-01,1190.3,1196.57,1188.38,8.19,45,Late
9012773,504258,2024-01-30,1223.57,1225.73,1217.31,8.42,0,Paid
9012774,504258,2024-04-29,1142.71,942.26,934.4,7.87,45,Late
9012775,504259,2023-12-13,2171.0,2188.58,2167.81,20.77,0,Paid
9012776,504259,2024-03-12,1981.25,2034.83,2015.87,18.95,0,Paid
9012777,504259,2024-06-10,2133.69,2126.11,2105.69,20.41,0,Paid
9012778,504260,2025-10-21,1554.12,1549.38,1544.62,4.77,0,Paid
9012779,504260,2026-01-19,1429.55,1392.81,1388.43,4.38,0,Paid
9012780,504260,2026-04-19,1546.3,1524.23,1519.48,4.74,0,Paid
9012781,504261,2024-11-03,13688.13,13449.79,13288.5,161.29,0,Paid
9012782,504261,2025-02-01,12771.58,12819.52,12669.02,150.49,0,Paid
9012783,504261,2025-05-02,13476.23,13590.15,13431.35,158.79,5,Late
9012784,504262,2021-01-02,6194.63,6153.45,6101.93,51.52,0,Paid
9012785,504262,2021-04-02,6018.94,5980.4,5930.34,50.06,0,Paid
9012786,504262,2021-07-01,6153.42,6141.6,6090.42,51.18,0,Paid
9012787,504263,2021-03-10,509.53,514.98,509.35,5.63,0,Paid
9012788,504263,2021-06-08,526.94,529.24,523.42,5.82,5,Late
9012789,504263,2021-09-06,541.36,451.21,445.23,5.98,30,Late
9012790,504264,2020-11-17,9640.11,9824.57,9781.83,42.74,0,Paid
9012791,504264,2021-02-15,9315.13,9486.52,9445.22,41.3,0,Paid
9012792,504264,2021-05-16,9657.44,9640.34,9597.53,42.81,0,Paid
9012793,504265,2024-12-17,2156.89,2176.85,2169.86,6.99,0,Paid
9012794,504265,2025-03-17,2138.11,2188.34,2181.41,6.93,0,Paid
9012795,504265,2025-06-15,2216.84,2257.3,2250.12,7.19,0,Paid
9012796,504266,2019-05-13,15181.09,15143.43,15061.45,81.98,0,Paid
9012797,504266,2019-08-11,15566.91,14655.09,14571.03,84.06,10,Late
9012798,504266,2019-11-09,14214.18,13820.97,13744.21,76.76,0,Paid
9012799,504267,2020-10-14,15090.48,14710.66,14551.96,158.7,0,Paid
9012800,504267,2021-01-12,15598.22,15554.03,15389.99,164.04,0,Paid
9012801,504267,2021-04-12,14384.71,14118.81,13967.53,151.28,0,Paid
9012802,504268,2024-03-11,15065.75,14480.67,14317.83,162.84,30,Late
9012803,504268,2024-06-09,14459.89,12325.62,12169.33,156.29,5,Late
9012804,504268,2024-09-07,14982.98,14954.57,14792.63,161.94,0,Paid
9012805,504269,2024-03-08,11835.21,10938.23,10874.22,64.01,90,Late
9012806,504269,2024-06-06,11523.03,10599.64,10537.32,62.32,90,Late
9012807,504269,2024-09-04,11379.74,10528.22,10466.67,61.55,60,Late
9012808,504270,2021-05-01,2033.61,1762.29,1748.09,14.2,45,Late
9012809,504270,2021-07-30,2063.5,2055.77,2041.36,14.41,0,Paid
9012810,504270,2021-10-28,2009.48,1992.52,1978.49,14.03,0,Paid
9012811,504271,2021-07-13,15206.58,15180.33,15083.39,96.94,0,Paid
9012812,504271,2021-10-11,15443.02,15881.38,15782.93,98.45,0,Paid
9012813,504271,2022-01-09,15452.07,15444.04,15345.53,98.51,0,Paid
9012814,504272,2021-06-23,485.51,388.52,384.73,3.79,30,Late
9012815,504272,2021-09-21,485.33,479.99,476.2,3.79,0,Paid
9012816,504272,2021-12-20,480.54,471.46,467.7,3.75,0,Paid
9012817,504273,2019-08-17,14562.62,12179.31,12113.42,65.9,45,Late
9012818,504273,2019-11-15,14524.66,13202.96,13137.24,65.72,60,Late
9012819,504273,2020-02-13,14846.37,11318.35,11251.18,67.18,45,Late
9012820,504274,2022-04-02,2285.51,2221.75,2204.99,16.76,0,Paid
9012821,504274,2022-07-01,2299.87,2210.07,2193.2,16.87,5,Late
9012822,504274,2022-09-29,2315.66,2249.83,2232.85,16.98,0,Paid
9012823,504275,2022-10-21,12162.95,11848.32,11706.42,141.9,0,Paid
9012824,504275,2023-01-19,12008.24,11477.95,11337.86,140.1,5,Late
9012825,504275,2023-04-19,11873.98,12078.98,11940.45,138.53,0,Paid
9012826,504276,2021-11-09,1792.42,1745.52,1735.47,10.05,0,Paid
9012827,504276,2022-02-07,1812.66,1828.31,1818.15,10.17,0,Paid
9012828,504276,2022-05-08,1838.26,1852.63,1842.32,10.31,0,Paid
9012829,504277,2019-12-03,7508.24,7088.41,7066.39,22.02,45,Late
9012830,504277,2020-03-02,7778.22,7635.77,7612.96,22.82,0,Paid
9012831,504277,2020-05-31,7838.56,8006.64,7983.65,22.99,0,Paid
9012832,504278,2019-12-21,14257.37,13816.63,13663.84,152.79,30,Late
9012833,504278,2020-03-20,14471.03,14187.75,14032.67,155.08,0,Paid
9012834,504278,2020-06-18,15182.42,15203.32,15040.62,162.7,60,Late
9012835,504279,2024-06-12,514.99,407.94,406.23,1.71,5,Late
9012836,504279,2024-09-10,501.43,407.62,405.96,1.66,5,Late
9012837,504279,2024-12-09,545.01,560.55,558.75,1.81,0,Paid
9012838,504280,2021-07-20,3410.26,3338.7,3319.2,19.5,0,Paid
9012839,504280,2021-10-18,3649.98,3720.83,3699.96,20.87,0,Paid
9012840,504280,2022-01-16,3593.33,3520.8,3500.25,20.54,60,Late
9012841,504281,2025-04-05,14780.47,11773.32,11632.91,140.41,15,Late
9012842,504281,2025-07-04,14897.54,11387.29,11245.76,141.53,15,Late
9012843,504281,2025-10-02,15230.39,12259.37,12114.68,144.69,45,Late
9012844,504282,2023-11-20,5013.91,4509.54,4485.89,23.65,60,Late
9012845,504282,2024-02-18,5263.69,4124.02,4099.2,24.83,45,Late
9012846,504282,2024-05-18,5206.29,4785.76,4761.2,24.56,15,Late
9012847,504283,2020-11-28,640.96,639.37,634.72,4.64,0,Paid
9012848,504283,2021-02-26,606.73,617.84,613.45,4.39,0,Paid
9012849,504283,2021-05-27,631.23,612.99,608.41,4.57,90,Late
9012850,504284,2021-03-15,15550.09,13741.05,13588.79,152.26,45,Late
9012851,504284,2021-06-13,14377.09,14321.73,14180.96,140.78,45,Late
9012852,504284,2021-09-11,15467.21,14208.06,14056.61,151.45,45,Late
9012853,504285,2022-11-28,2159.49,2048.28,2037.5,10.78,10,Late
9012854,504285,2023-02-26,2129.4,2145.41,2134.78,10.63,0,Paid
9012855,504285,2023-05-27,2165.68,1638.11,1627.3,10.81,15,Late
9012856,504286,2021-10-05,14354.8,14665.37,14509.5,155.87,0,Paid
9012857,504286,2022-01-03,13753.87,13718.35,13569.0,149.34,0,Paid
9012858,504286,2022-04-03,13985.13,10558.85,10407.0,151.86,30,Late
9012859,504287,2025-04-09,1090.33,976.15,970.18,5.98,10,Late
9012860,504287,2025-07-08,1087.95,1096.32,1090.36,5.97,0,Paid
9012861,504287,2025-10-06,1116.28,1125.52,1119.39,6.12,0,Paid
9012862,504288,2024-05-20,11040.36,11357.96,11240.66,117.3,0,Paid
9012863,504288,2024-08-18,11838.91,12158.55,12032.76,125.79,0,Paid
9012864,504288,2024-11-16,11732.52,10722.88,10598.22,124.66,5,Late
9012865,504289,2019-08-15,946.26,924.95,918.01,6.94,0,Paid
9012866,504289,2019-11-13,921.53,929.54,922.78,6.76,0,Paid
9012867,504289,2020-02-11,919.06,943.59,936.85,6.74,0,Paid
9012868,504290,2021-09-25,7981.89,6978.75,6911.24,67.51,10,Late
9012869,504290,2021-12-24,8227.76,8104.31,8034.72,69.59,0,Paid
9012870,504290,2022-03-24,8092.33,7995.32,7926.87,68.45,0,Paid
9012871,504291,2022-10-28,14055.97,14237.1,14086.47,150.63,0,Paid
9012872,504291,2023-01-26,13544.08,13163.68,13018.54,145.15,0,Paid
9012873,504291,2023-04-26,13991.55,14084.9,13934.96,149.94,0,Paid
9012874,504292,2023-04-10,8211.26,8236.76,8162.25,74.52,0,Paid
9012875,504292,2023-07-09,8264.56,8198.1,8123.1,75.0,0,Paid
9012876,504292,2023-10-07,8400.46,6541.34,6465.11,76.23,30,Late
9012877,504293,2019-02-14,14985.3,14702.88,14653.18,49.7,0,Paid
9012878,504293,2019-05-15,15554.38,12511.25,12459.66,51.59,5,Late
9012879,504293,2019-08-13,14558.76,14213.37,14165.08,48.29,0,Paid
9012880,504294,2019-03-04,4607.65,3614.57,3573.29,41.28,60,Late
9012881,504294,2019-06-02,4727.24,4162.22,4119.87,42.35,60,Late
9012882,504294,2019-08-31,4748.55,4553.13,4510.59,42.54,30,Late
9012883,504295,2019-02-18,6630.56,6300.42,6269.76,30.67,10,Late
9012884,504295,2019-05-19,6891.27,7073.59,7041.72,31.87,0,Paid
9012885,504295,2019-08-17,6883.06,6969.82,6937.99,31.83,0,Paid
9012886,504296,2023-04-26,8309.95,8533.67,8469.75,63.92,0,Paid
9012887,504296,2023-07-25,8210.05,7992.35,7929.21,63.15,0,Paid
9012888,504296,2023-10-23,7669.6,5882.38,5823.39,58.99,5,Late
9012889,504297,2022-08-27,1042.4,1062.09,1058.54,3.55,0,Paid
9012890,504297,2022-11-25,1101.06,1084.56,1080.81,3.75,0,Paid
9012891,504297,2023-02-23,1031.11,1041.0,1037.49,3.51,0,Paid
9012892,504298,2022-05-31,2235.61,2243.24,2235.27,7.97,10,Late
9012893,504298,2022-08-29,2229.38,2168.04,2160.09,7.95,0,Paid
9012894,504298,2022-11-27,2401.68,2148.84,2140.28,8.57,45,Late
9012895,504299,2020-03-30,755.08,629.93,622.53,7.4,30,Late
9012896,504299,2020-06-28,800.3,668.97,661.13,7.84,60,Late
9012897,504299,2020-09-26,817.91,698.74,690.72,8.02,90,Late
9012898,504300,2021-03-15,2229.23,2117.76,2110.59,7.17,45,Late
9012899,504300,2021-06-13,2148.04,2187.96,2181.05,6.91,0,Paid
9012900,504300,2021-09-11,2121.83,2169.38,2162.56,6.83,0,Paid
9012901,504301,2022-09-21,2455.59,2080.12,2056.1,24.02,5,Late
9012902,504301,2022-12-20,2543.75,2597.74,2572.85,24.89,5,Late
9012903,504301,2023-03-20,2559.64,2526.58,2501.54,25.04,0,Paid
9012904,504302,2023-02-06,4951.78,5079.83,5031.88,47.95,0,Paid
9012905,504302,2023-05-07,4779.96,4444.27,4397.98,46.29,15,Late
9012906,504302,2023-08-05,4756.38,4792.15,4746.09,46.06,0,Paid
9012907,504303,2024-12-07,15742.99,15421.99,15274.26,147.72,0,Paid
9012908,504303,2025-03-07,15521.86,12677.14,12531.49,145.65,5,Late
9012909,504303,2025-06-05,14483.09,14095.76,13959.86,135.9,10,Late
9012910,504304,2024-10-03,15113.08,14762.77,14694.38,68.39,0,Paid
9012911,504304,2025-01-01,14444.66,14500.88,14435.52,65.36,0,Paid
9012912,504304,2025-04-01,15675.68,15977.35,15906.42,70.93,0,Paid
9012913,504305,2024-08-23,14872.79,13017.01,12866.42,150.59,90,Late
9012914,504305,2024-11-21,15607.87,12961.47,12803.44,158.03,45,Late
9012915,504305,2025-02-19,15535.36,13539.77,13382.48,157.3,5,Late
9012916,504306,2024-09-19,8058.12,6084.48,6047.48,37.0,45,Late
9012917,504306,2024-12-18,7703.04,6652.51,6617.14,35.37,45,Late
9012918,504306,2025-03-18,7699.15,7559.06,7523.71,35.35,120,Late
9012919,504307,2024-11-07,4537.19,4190.9,4176.34,14.56,45,Late
9012920,504307,2025-02-05,4256.32,3681.31,3667.66,13.66,15,Late
9012921,504307,2025-05-06,4644.98,4236.08,4221.18,14.9,45,Late
9012922,504308,2020-05-03,15259.97,14133.91,14041.08,92.83,60,Late
9012923,504308,2020-08-01,15362.75,15775.36,15681.9,93.46,45,Late
9012924,504308,2020-10-30,14917.36,15275.21,15184.47,90.75,90,Late
9012925,504309,2025-10-21,7828.69,7226.64,7152.39,74.24,45,Late
9012926,504309,2026-01-19,7243.9,5789.3,5720.61,68.7,60,Late
9012927,504309,2026-04-19,7722.62,6577.75,6504.51,73.24,15,Late
9012928,504310,2022-10-14,1194.06,1168.44,1157.83,10.61,0,Paid
9012929,504310,2023-01-12,1202.04,918.31,907.63,10.68,60,Late
9012930,504310,2023-04-12,1142.63,1168.47,1158.31,10.15,0,Paid
9012931,504311,2023-11-04,428.19,330.07,327.14,2.92,30,Late
9012932,504311,2024-02-02,409.18,388.93,386.13,2.79,10,Late
9012933,504311,2024-05-02,421.87,341.53,338.65,2.88,45,Late
9012934,504312,2020-08-12,715.58,696.8,693.99,2.81,0,Paid
9012935,504312,2020-11-10,713.52,725.67,722.86,2.81,0,Paid
9012936,504312,2021-02-08,711.23,690.61,687.82,2.8,0,Paid
9012937,504313,2025-06-16,12514.56,12325.98,12248.8,77.17,0,Paid
9012938,504313,2025-09-14,13532.95,10874.62,10791.16,83.45,5,Late
9012939,504313,2025-12-13,13220.94,11619.7,11538.17,81.53,15,Late
9012940,504314,2023-12-18,939.42,962.51,955.58,6.94,60,Late
9012941,504314,2024-03-17,980.69,819.96,812.72,7.24,60,Late
9012942,504314,2024-06-15,933.05,881.22,874.33,6.89,120,Late
9012943,504315,2024-01-18,3855.82,3115.32,3082.55,32.77,45,Late
9012944,504315,2024-04-17,3929.0,3592.43,3559.03,33.4,60,Late
9012945,504315,2024-07-16,3940.54,3266.04,3232.55,33.49,90,Late
9012946,504316,2023-01-07,12751.42,13061.4,13002.64,58.76,0,Paid
9012947,504316,2023-04-07,12952.25,12985.32,12925.63,59.69,0,Paid
9012948,504316,2023-07-06,13255.17,13049.84,12988.75,61.08,0,Paid
9012949,504317,2024-08-03,14557.52,11927.87,11879.96,47.92,10,Late
9012950,504317,2024-11-01,14589.21,14209.74,14161.72,48.02,0,Paid
9012951,504317,2025-01-30,14149.76,14305.49,14258.91,46.58,0,Paid
9012952,504318,2023-08-23,4716.95,3554.9,3529.74,25.16,90,Late
9012953,504318,2023-11-21,4747.77,4517.01,4491.69,25.32,90,Late
9012954,504318,2024-02-19,4830.54,4056.7,4030.94,25.76,30,Late
9012955,504319,2020-01-06,1637.95,1515.85,1504.02,11.83,45,Late
9012956,504319,2020-04-05,1636.69,1280.71,1268.89,11.83,120,Late
9012957,504319,2020-07-04,1737.8,1336.65,1324.09,12.56,120,Late
9012958,504320,2020-04-12,1035.25,1022.62,1011.0,11.62,0,Paid
9012959,504320,2020-07-11,982.23,975.1,964.07,11.03,0,Paid
9012960,504320,2020-10-09,1042.55,1014.48,1002.78,11.7,0,Paid
9012961,504321,2022-11-09,11289.19,11242.46,11150.83,91.63,90,Late
9012962,504321,2023-02-07,11448.19,11352.48,11259.55,92.92,0,Paid
9012963,504321,2023-05-08,11121.17,10840.22,10749.95,90.27,0,Paid
9012964,504322,2024-03-15,11912.19,10485.01,10367.67,117.34,60,Late
9012965,504322,2024-06-13,12624.9,12409.3,12284.95,124.36,0,Paid
9012966,504322,2024-09-11,12169.55,12426.35,12306.48,119.87,0,Paid
9012967,504323,2022-10-28,6980.7,6558.19,6491.7,66.49,45,Late
9012968,504323,2023-01-26,7375.12,5865.72,5795.48,70.25,90,Late
9012969,504323,2023-04-26,7360.67,7254.27,7184.16,70.11,0,Paid
9012970,504324,2021-10-30,1664.37,1467.24,1450.05,17.18,10,Late
9012971,504324,2022-01-28,1687.24,1606.23,1588.81,17.42,5,Late
9012972,504324,2022-04-28,1543.36,1578.7,1562.77,15.94,0,Paid
9012973,504325,2021-08-26,15528.74,15111.23,15064.0,47.23,0,Paid
9012974,504325,2021-11-24,15679.31,16037.23,15989.54,47.69,0,Paid
9012975,504325,2022-02-22,14728.98,14792.6,14747.8,44.8,0,Paid
9012976,504326,2023-11-22,3458.55,3201.64,3172.79,28.85,10,Late
9012977,504326,2024-02-20,3639.75,3741.53,3711.17,30.36,0,Paid
9012978,504326,2024-05-20,3616.8,3564.1,3533.93,30.17,0,Paid
9012979,504327,2023-04-01,8307.0,6686.04,6632.6,53.44,45,Late
9012980,504327,2023-06-30,7922.42,7141.82,7090.85,50.97,120,Late
9012981,504327,2023-09-28,8534.28,7007.16,6952.25,54.9,45,Late
9012982,504328,2019-05-26,2028.19,1740.94,1717.97,22.97,60,Late
9012983,504328,2019-08-24,1901.3,1903.68,1882.15,21.53,0,Paid
9012984,504328,2019-11-22,2070.6,2089.43,2065.98,23.45,0,Paid
9012985,504329,2019-12-20,4059.68,3931.52,3902.42,29.09,10,Late
9012986,504329,2020-03-19,4123.2,4030.06,4000.51,29.55,0,Paid
9012987,504329,2020-06-17,4405.39,3644.8,3613.23,31.57,5,Late
9012988,504330,2021-11-05,1165.82,1123.64,1118.99,4.65,30,Late
9012989,504330,2022-02-03,1127.2,862.56,858.07,4.5,45,Late
9012990,504330,2022-05-04,1098.76,937.78,933.39,4.39,60,Late
9012991,504331,2020-05-22,891.08,668.76,663.58,5.18,90,Late
9012992,504331,2020-08-20,945.84,768.25,762.75,5.5,90,Late
9012993,504331,2020-11-18,927.75,949.21,943.81,5.4,120,Late
9012994,504332,2024-10-30,1579.2,1611.07,1592.21,18.86,0,Paid
9012995,504332,2025-01-28,1668.71,1716.07,1696.15,19.93,0,Paid
9012996,504332,2025-04-28,1636.19,1353.4,1333.86,19.54,45,Late
9012997,504333,2020-07-13,5287.04,4064.11,4016.93,47.19,10,Late
9012998,504333,2020-10-11,5177.06,5226.95,5180.74,46.21,0,Paid
9012999,504333,2021-01-09,5334.91,5433.29,5385.68,47.61,0,Paid
9013000,504334,2020-07-17,14929.65,11729.21,11589.99,139.22,5,Late
9013001,504334,2020-10-15,14697.77,12715.55,12578.5,137.06,90,Late
9013002,504334,2021-01-13,15604.12,14782.54,14637.03,145.51,15,Late
9013003,504335,2024-11-09,497.46,485.61,481.82,3.79,0,Paid
9013004,504335,2025-02-07,493.12,488.08,484.32,3.76,0,Paid
9013005,504335,2025-05-08,512.98,517.25,513.33,3.91,0,Paid
9013006,504336,2022-05-31,1336.0,1323.22,1315.4,7.82,0,Paid
9013007,504336,2022-08-29,1309.37,1287.22,1279.57,7.66,0,Paid
9013008,504336,2022-11-27,1374.84,1356.21,1348.17,8.04,0,Paid
9013009,504337,2022-05-18,12714.13,12315.63,12250.26,65.37,30,Late
9013010,504337,2022-08-16,12782.68,11585.91,11520.19,65.72,15,Late
9013011,504337,2022-11-14,12923.68,12960.63,12894.18,66.45,45,Late
9013012,504338,2023-01-23,1817.79,1839.1,1823.56,15.54,0,Paid
9013013,504338,2023-04-23,1828.98,1823.08,1807.44,15.64,0,Paid
9013014,504338,2023-07-22,1913.78,1873.88,1857.52,16.36,60,Late
9013015,504339,2022-08-25,210.3,215.09,212.99,2.1,0,Paid
9013016,504339,2022-11-23,212.52,217.81,215.68,2.13,0,Paid
9013017,504339,2023-02-21,209.79,212.72,210.63,2.1,0,Paid
9013018,504340,2020-07-23,15515.94,15237.89,15132.25,105.64,0,Paid
9013019,504340,2020-10-21,15485.64,13704.17,13598.74,105.43,15,Late
9013020,504340,2021-01-19,14536.46,12257.31,12158.34,98.97,90,Late
9013021,504341,2021-10-22,1243.47,1205.18,1199.49,5.69,30,Late
9013022,504341,2022-01-20,1211.46,1223.51,1217.96,5.54,90,Late
9013023,504341,2022-04-20,1312.22,1048.38,1042.37,6.0,5,Late
9013024,504342,2021-05-08,902.3,910.58,907.41,3.17,0,Paid
9013025,504342,2021-08-06,921.61,914.4,911.17,3.23,60,Late
9013026,504342,2021-11-04,856.94,856.9,853.89,3.01,0,Paid
9013027,504343,2025-07-12,1167.19,975.34,969.0,6.33,30,Late
9013028,504343,2025-10-10,1142.73,1175.05,1168.85,6.2,0,Paid
9013029,504343,2026-01-08,1223.85,1060.86,1054.23,6.64,10,Late
9013030,504344,2023-05-12,10951.23,11193.41,11151.16,42.25,0,Paid
9013031,504344,2023-08-10,10353.55,10342.6,10302.65,39.95,0,Paid
9013032,504344,2023-11-08,10032.49,9835.49,9796.78,38.71,0,Paid
9013033,504345,2025-05-21,210.03,206.07,205.38,0.69,0,Paid
9013034,504345,2025-08-19,209.55,209.02,208.34,0.69,0,Paid
9013035,504345,2025-11-17,201.16,196.87,196.21,0.66,0,Paid
9013036,504346,2025-08-28,7753.02,7882.71,7846.66,36.05,60,Late
9013037,504346,2025-11-26,7516.3,7266.58,7231.63,34.95,30,Late
9013038,504346,2026-02-24,7591.44,7076.03,7040.73,35.3,45,Late
9013039,504347,2023-02-12,15736.06,13306.76,13152.68,154.08,120,Late
9013040,504347,2023-05-13,15337.45,15523.41,15373.23,150.18,90,Late
9013041,504347,2023-08-11,14426.66,12061.15,11919.89,141.26,45,Late
9013042,504348,2021-09-01,358.72,269.37,266.0,3.36,5,Late
9013043,504348,2021-11-30,377.51,368.72,365.18,3.54,0,Paid
9013044,504348,2022-02-28,367.15,364.76,361.32,3.44,0,Paid
9013045,504349,2020-09-20,1985.18,1942.2,1923.34,18.86,0,Paid
9013046,504349,2020-12-19,2022.28,2033.15,2013.94,19.21,0,Paid
9013047,504349,2021-03-19,2067.58,2023.91,2004.27,19.64,0,Paid
9013048,504350,2023-01-18,13769.23,14145.54,14015.19,130.35,0,Paid
9013049,504350,2023-04-18,14183.8,10813.88,10679.6,134.27,15,Late
9013050,504350,2023-07-17,13667.98,14072.67,13943.28,129.39,0,Paid
9013051,504351,2023-02-03,1981.86,1933.99,1918.51,15.48,0,Paid
9013052,504351,2023-05-04,1974.11,1582.63,1567.21,15.41,10,Late
9013053,504351,2023-08-02,1895.83,1606.81,1592.0,14.8,5,Late
9013054,504352,2024-10-10,14577.18,14255.64,14169.03,86.61,0,Paid
9013055,504352,2025-01-08,14582.3,14746.67,14660.03,86.64,0,Paid
9013056,504352,2025-04-08,14738.03,14391.88,14304.32,87.57,0,Paid
9013057,504353,2021-07-07,14492.85,14741.84,14583.03,158.82,0,Paid
9013058,504353,2021-10-05,15530.54,15414.34,15244.15,170.19,0,Paid
9013059,504353,2022-01-03,14894.74,15124.78,14961.55,163.22,0,Paid
9013060,504354,2022-09-01,2570.57,2524.78,2506.7,18.08,0,Paid
9013061,504354,2022-11-30,2586.41,2462.0,2443.81,18.19,5,Late
9013062,504354,2023-02-28,2349.4,2387.03,2370.5,16.52,0,Paid
9013063,504355,2022-02-25,15693.54,14888.26,14714.85,173.41,15,Late
9013064,504355,2022-05-26,14673.33,12981.02,12818.88,162.14,15,Late
9013065,504355,2022-08-24,15444.53,12062.01,11891.35,170.66,30,Late
9013066,504356,2024-10-23,9138.77,9190.4,9089.49,100.91,0,Paid
9013067,504356,2025-01-21,9718.86,9916.21,9808.9,107.31,0,Paid
9013068,504356,2025-04-21,9569.87,9778.27,9672.6,105.67,0,Paid
9013069,504357,2022-03-01,6766.32,6077.8,6055.19,22.61,5,Late
9013070,504357,2022-05-30,7168.45,5647.13,5623.18,23.95,15,Late
9013071,504357,2022-08-28,7051.04,6935.65,6912.09,23.56,5,Late
9013072,504358,2022-06-05,8024.88,7811.51,7755.14,56.37,0,Paid
9013073,504358,2022-09-03,8199.23,6170.24,6112.64,57.6,15,Late
9013074,504358,2022-12-02,7909.98,7825.28,7769.71,55.57,30,Late
9013075,504359,2020-06-29,8632.48,7368.44,7305.5,62.95,15,Late
9013076,504359,2020-09-27,9171.18,8450.52,8383.65,66.87,45,Late
9013077,504359,2020-12-26,9419.52,7579.41,7510.72,68.68,60,Late
9013078,504360,2019-01-06,14346.42,14266.35,14151.7,114.65,0,Paid
9013079,504360,2019-04-06,15078.61,12035.74,11915.23,120.5,10,Late
9013080,504360,2019-07-05,14469.34,14599.5,14483.86,115.63,0,Paid
9013081,504361,2024-04-14,273.8,275.36,274.36,1.0,0,Paid
9013082,504361,2024-07-13,265.4,263.27,262.3,0.97,0,Paid
9013083,504361,2024-10-11,265.86,245.46,244.49,0.97,5,Late
9013084,504362,2023-09-06,5904.77,5993.06,5930.71,62.34,0,Paid
9013085,504362,2023-12-05,6191.81,5964.53,5899.15,65.38,30,Late
9013086,504362,2024-03-04,6206.29,6384.62,6319.09,65.53,0,Paid
9013087,504363,2019-10-16,1355.62,1347.34,1340.92,6.43,0,Paid
9013088,504363,2020-01-14,1299.34,1321.13,1314.97,6.16,0,Paid
9013089,504363,2020-04-13,1345.28,1348.39,1342.01,6.38,0,Paid
9013090,504364,2021-10-16,6040.82,5400.17,5328.29,71.89,10,Late
9013091,504364,2022-01-14,6107.96,5968.24,5895.56,72.68,0,Paid
9013092,504364,2022-04-14,6526.31,6551.13,6473.47,77.66,0,Paid
9013093,504365,2022-09-19,4671.88,4613.67,4571.94,41.74,0,Paid
9013094,504365,2022-12-18,4564.39,4693.23,4652.46,40.78,0,Paid
9013095,504365,2023-03-18,4654.47,4777.01,4735.43,41.58,0,Paid
9013096,504366,2021-02-02,11602.4,9747.85,9675.63,72.22,90,Late
9013097,504366,2021-05-03,10796.98,10656.36,10589.15,67.21,90,Late
9013098,504366,2021-08-01,11344.74,11663.13,11592.51,70.62,60,Late
9013099,504367,2024-02-13,2580.62,2600.9,2587.46,13.44,0,Paid
9013100,504367,2024-05-13,2581.6,2600.79,2587.34,13.45,0,Paid
9013101,504367,2024-08-11,2434.44,2415.4,2402.72,12.68,5,Late
9013102,504368,2019-05-22,6398.12,5127.0,5055.77,71.23,60,Late
9013103,504368,2019-08-20,6398.57,5529.72,5458.48,71.24,45,Late
9013104,504368,2019-11-18,5963.52,4864.48,4798.09,66.39,120,Late
9013105,504369,2019-03-24,2475.4,2476.41,2455.26,21.14,0,Paid
9013106,504369,2019-06-22,2423.98,2443.2,2422.49,20.7,0,Paid
9013107,504369,2019-09-20,2487.59,2439.55,2418.3,21.25,0,Paid
9013108,504370,2021-10-14,1064.5,1080.27,1070.7,9.57,0,Paid
9013109,504370,2022-01-12,1090.64,1103.61,1093.8,9.81,0,Paid
9013110,504370,2022-04-12,1141.56,1161.3,1151.04,10.26,0,Paid
9013111,504371,2021-10-10,11656.11,11515.1,11474.01,41.09,0,Paid
9013112,504371,2022-01-08,10961.03,9737.67,9699.03,38.64,90,Late
9013113,504371,2022-04-08,11168.04,8820.82,8781.45,39.37,5,Late
9013114,504372,2019-11-11,7419.0,7511.87,7466.98,44.88,0,Paid
9013115,504372,2020-02-09,7897.35,8000.35,7952.57,47.78,45,Late
9013116,504372,2020-05-09,7850.6,7203.95,7156.45,47.5,10,Late
9013117,504373,2024-03-05,10656.04,10937.45,10845.81,91.64,0,Paid
9013118,504373,2024-06-03,10660.24,10501.33,10409.65,91.68,0,Paid
9013119,504373,2024-09-01,10666.54,8104.76,8013.03,91.73,15,Late
9013120,504374,2024-03-27,7775.37,6295.98,6260.61,35.38,90,Late
9013121,504374,2024-06-25,7618.66,6428.03,6393.36,34.66,90,Late
9013122,504374,2024-09-23,8106.02,6444.42,6407.54,36.88,60,Late
9013123,504375,2022-04-10,10795.99,9383.52,9267.1,116.42,5,Late
9013124,504375,2022-07-09,10420.69,8260.34,8147.97,112.37,15,Late
9013125,504375,2022-10-07,10665.55,10889.52,10774.51,115.01,0,Paid
9013126,504376,2021-02-13,1794.33,1382.52,1375.55,6.97,45,Late
9013127,504376,2021-05-14,1786.03,1813.16,1806.23,6.94,0,Paid
9013128,504376,2021-08-12,1701.78,1494.35,1487.74,6.61,90,Late
9013129,504377,2022-08-19,11735.77,11620.64,11539.18,81.47,0,Paid
9013130,504377,2022-11-17,11145.98,11216.5,11139.13,77.37,0,Paid
9013131,504377,2023-02-15,11290.35,10112.3,10033.93,78.37,30,Late
9013132,504378,2023-01-31,1312.73,1284.99,1276.86,8.13,0,Paid
9013133,504378,2023-05-01,1277.35,1264.19,1256.28,7.91,0,Paid
9013134,504378,2023-07-30,1283.83,1246.44,1238.5,7.95,0,Paid
9013135,504379,2020-09-22,3001.53,2372.45,2336.55,35.89,60,Late
9013136,504379,2020-12-21,2800.76,2122.18,2088.69,33.49,30,Late
9013137,504379,2021-03-21,2860.22,2186.7,2152.5,34.2,60,Late
9013138,504380,2023-04-17,14756.73,14665.61,14579.65,85.96,15,Late
9013139,504380,2023-07-16,15266.61,14841.73,14752.8,88.93,0,Paid
9013140,504380,2023-10-14,14720.46,14377.51,14291.76,85.75,0,Paid
9013141,504381,2019-11-14,14890.02,14452.39,14368.88,83.51,0,Paid
9013142,504381,2020-02-12,15417.56,15763.21,15676.74,86.47,0,Paid
9013143,504381,2020-05-12,15311.44,15481.49,15395.62,85.87,0,Paid
9013144,504382,2021-11-03,1013.91,875.39,871.61,3.78,15,Late
9013145,504382,2022-02-01,948.94,878.34,874.81,3.53,5,Late
9013146,504382,2022-05-02,1004.36,1033.54,1029.79,3.74,0,Paid
9013147,504383,2020-02-21,2136.57,2153.17,2129.99,23.18,0,Paid
9013148,504383,2020-05-21,2149.76,2155.73,2132.4,23.32,0,Paid
9013149,504383,2020-08-19,2138.28,1637.31,1614.11,23.2,90,Late
9013150,504384,2024-02-01,3664.87,2988.71,2950.1,38.6,5,Late
9013151,504384,2024-05-01,3505.24,3411.33,3374.41,36.92,0,Paid
9013152,504384,2024-07-30,3440.85,3432.22,3395.97,36.24,0,Paid
9013153,504385,2023-03-30,6167.83,5344.07,5320.01,24.05,10,Late
9013154,504385,2023-06-28,6009.84,6168.25,6144.81,23.44,0,Paid
9013155,504385,2023-09-26,5899.43,5884.58,5861.58,23.01,0,Paid
9013156,504386,2020-04-06,718.3,719.75,717.17,2.57,10,Late
9013157,504386,2020-07-05,691.0,690.12,687.65,2.48,0,Paid
9013158,504386,2020-10-03,712.79,708.29,705.74,2.55,0,Paid
9013159,504387,2023-11-15,14880.75,15035.87,14955.02,80.85,0,Paid
9013160,504387,2024-02-13,14875.23,14685.71,14604.88,80.82,0,Paid
9013161,504387,2024-05-13,14845.98,15266.47,15185.8,80.66,0,Paid
9013162,504388,2024-05-18,1682.06,1490.7,1476.81,13.89,5,Late
9013163,504388,2024-08-16,1542.17,1510.64,1497.9,12.74,0,Paid
9013164,504388,2024-11-14,1564.73,1534.6,1521.68,12.92,0,Paid
9013165,504389,2023-06-22,15298.01,15046.3,14947.25,99.05,90,Late
9013166,504389,2023-09-20,15604.64,15044.73,14943.69,101.04,60,Late
9013167,504389,2023-12-19,14831.47,12408.65,12312.62,96.03,120,Late
9013168,504390,2025-07-01,2820.11,2781.32,2750.25,31.07,0,Paid
9013169,504390,2025-09-29,2628.7,2579.8,2550.84,28.96,0,Paid
9013170,504390,2025-12-28,2776.43,2472.2,2441.61,30.59,90,Late
9013171,504391,2024-08-03,13293.14,13293.35,13148.89,144.45,15,Late
9013172,504391,2024-11-01,12818.46,11556.04,11416.74,139.29,45,Late
9013173,504391,2025-01-30,12829.19,12744.87,12605.46,139.41,0,Paid
9013174,504392,2019-08-30,12151.67,12374.37,12288.9,85.47,0,Paid
9013175,504392,2019-11-28,13058.71,13029.89,12938.04,91.85,0,Paid
9013176,504392,2020-02-26,12777.1,10455.55,10365.69,89.87,45,Late
9013177,504393,2025-08-06,1705.81,1738.66,1721.1,17.56,0,Paid
9013178,504393,2025-11-04,1597.13,1212.22,1195.79,16.44,45,Late
9013179,504393,2026-02-02,1624.4,1636.82,1620.11,16.72,0,Paid
9013180,504394,2024-05-20,898.54,907.0,897.73,9.28,30,Late
9013181,504394,2024-08-18,881.88,711.88,702.78,9.11,5,Late
9013182,504394,2024-11-16,913.93,891.61,882.17,9.44,0,Paid
9013183,504395,2022-02-08,1773.23,1821.12,1803.9,17.22,0,Paid
9013184,504395,2022-05-09,1746.97,1775.1,1758.14,16.96,0,Paid
9013185,504395,2022-08-07,1813.57,1833.79,1816.18,17.61,0,Paid
9013186,504396,2024-03-07,10434.66,10657.89,10596.07,61.83,0,Paid
9013187,504396,2024-06-05,11156.7,10979.03,10912.92,66.1,0,Paid
9013188,504396,2024-09-03,10923.95,10506.97,10442.24,64.72,45,Late
9013189,504397,2023-10-11,1514.32,1472.78,1467.48,5.3,0,Paid
9013190,504397,2024-01-09,1447.57,1406.23,1401.16,5.07,0,Paid
9013191,504397,2024-04-08,1511.21,1418.89,1413.6,5.29,45,Late
9013192,504398,2021-03-25,1615.23,1572.41,1554.42,18.0,90,Late
9013193,504398,2021-06-23,1696.63,1702.1,1683.19,18.9,0,Paid
9013194,504398,2021-09-21,1640.84,1619.96,1601.67,18.28,0,Paid
9013195,504399,2025-12-03,3055.66,3099.12,3080.92,18.21,90,Late
9013196,504399,2026-03-03,3034.57,2578.88,2560.79,18.08,10,Late
9013197,504399,2026-06-01,3130.42,3098.48,3079.83,18.65,0,Paid
9013198,504400,2021-07-30,8191.52,8237.68,8148.11,89.56,0,Paid
9013199,504400,2021-10-28,7828.1,7794.15,7708.56,85.59,0,Paid
9013200,504400,2022-01-26,8292.21,8441.74,8351.08,90.66,0,Paid
9013201,504401,2020-07-22,609.59,591.36,587.87,3.49,0,Paid
9013202,504401,2020-10-20,629.36,554.78,551.18,3.6,5,Late
9013203,504401,2021-01-18,608.64,514.45,510.97,3.48,15,Late
9013204,504402,2024-10-14,7481.45,5852.19,5778.06,74.13,5,Late
9013205,504402,2025-01-12,7798.6,7136.26,7058.99,77.27,10,Late
9013206,504402,2025-04-12,7974.99,8023.36,7944.34,79.02,0,Paid
9013207,504403,2023-07-11,9158.48,9193.69,9123.93,69.76,0,Paid
9013208,504403,2023-10-09,9165.73,9047.74,8977.93,69.81,0,Paid
9013209,504403,2024-01-07,9382.55,9443.42,9371.96,71.46,0,Paid
9013210,504404,2023-10-04,14628.61,13455.26,13408.33,46.93,10,Late
9013211,504404,2024-01-02,13612.1,13247.33,13203.66,43.67,0,Paid
9013212,504404,2024-04-01,14733.7,15139.1,15091.83,47.27,0,Paid
9013213,504405,2025-05-07,2131.85,1964.8,1951.23,13.57,15,Late
9013214,504405,2025-08-05,2149.85,1660.35,1646.67,13.69,5,Late
9013215,504405,2025-11-03,2029.26,1852.96,1840.04,12.92,5,Late
9013216,504406,2019-07-22,14791.94,11631.03,11468.32,162.71,60,Late
9013217,504406,2019-10-20,14261.73,14513.61,14356.73,156.88,60,Late
9013218,504406,2020-01-18,15418.33,13465.15,13295.55,169.6,60,Late
9013219,504407,2024-02-28,280.77,279.55,277.88,1.67,0,Paid
9013220,504407,2024-05-28,271.62,274.92,273.31,1.61,0,Paid
9013221,504407,2024-08-26,265.54,259.55,257.97,1.58,0,Paid
9013222,504408,2020-11-28,1248.33,1154.72,1147.83,6.89,5,Late
9013223,504408,2021-02-26,1196.31,1220.06,1213.46,6.6,0,Paid
9013224,504408,2021-05-27,1226.83,1236.47,1229.7,6.77,0,Paid
9013225,504409,2025-08-06,7361.87,6015.28,5980.12,35.15,90,Late
9013226,504409,2025-11-04,7784.88,7935.87,7898.7,37.17,0,Paid
9013227,504409,2026-02-02,7537.09,6852.56,6816.57,35.99,5,Late
9013228,504410,2021-09-04,13821.43,10917.62,10872.24,45.38,5,Late
9013229,504410,2021-12-03,13226.88,13562.82,13519.39,43.43,0,Paid
9013230,504410,2022-03-03,13820.71,13570.77,13525.4,45.38,0,Paid
9013231,504411,2023-03-01,1694.77,1677.1,1668.77,8.33,10,Late
9013232,504411,2023-05-30,1679.45,1648.8,1640.54,8.26,60,Late
9013233,504411,2023-08-28,1784.5,1785.94,1777.17,8.77,0,Paid
9013234,504412,2019-08-15,474.74,464.7,461.61,3.09,0,Paid
9013235,504412,2019-11-13,454.15,466.4,463.44,2.96,0,Paid
9013236,504412,2020-02-11,459.63,469.33,466.34,3.0,0,Paid
9013237,504413,2023-06-29,5215.82,5296.14,5239.72,56.42,0,Paid
9013238,504413,2023-09-27,5372.91,5435.56,5377.44,58.12,0,Paid
9013239,504413,2023-12-26,5384.31,5517.35,5459.11,58.24,0,Paid
9013240,504414,2022-06-17,12989.6,10989.62,10932.9,56.72,15,Late
9013241,504414,2022-09-15,12542.8,11341.76,11286.99,54.77,30,Late
9013242,504414,2022-12-14,13459.78,13505.42,13446.64,58.77,0,Paid
9013243,504415,2025-05-15,2346.66,2127.2,2118.38,8.82,30,Late
9013244,504415,2025-08-13,2349.35,1963.3,1954.47,8.83,15,Late
9013245,504415,2025-11-11,2391.22,1965.6,1956.61,8.99,30,Late
9013246,504416,2020-02-19,2678.69,2612.99,2601.28,11.72,0,Paid
9013247,504416,2020-05-19,2599.78,2588.73,2577.36,11.37,0,Paid
9013248,504416,2020-08-17,2629.81,2645.98,2634.48,11.51,0,Paid
9013249,504417,2022-05-04,1547.93,1508.11,1500.65,7.46,0,Paid
9013250,504417,2022-08-02,1547.77,1573.62,1566.17,7.46,0,Paid
9013251,504417,2022-10-31,1490.23,1496.39,1489.21,7.18,0,Paid
9013252,504418,2025-08-15,221.68,227.38,226.54,0.84,0,Paid
9013253,504418,2025-11-13,226.28,220.88,220.02,0.86,0,Paid
9013254,504418,2026-02-11,224.75,182.48,181.63,0.85,30,Late
9013255,504419,2025-02-03,14569.02,14824.52,14721.44,103.08,0,Paid
9013256,504419,2025-05-04,14303.81,13959.54,13858.34,101.2,0,Paid
9013257,504419,2025-08-02,15504.18,15837.28,15727.58,109.69,0,Paid
9013258,504420,2024-06-06,2245.47,2308.93,2297.5,11.43,90,Late
9013259,504420,2024-09-04,2085.69,1878.54,1867.92,10.62,60,Late
9013260,504420,2024-12-03,2173.95,1795.35,1784.28,11.07,60,Late
9013261,504421,2021-10-28,1900.97,1878.64,1861.97,16.67,0,Paid
9013262,504421,2022-01-26,1822.9,1419.22,1403.24,15.98,5,Late
9013263,504421,2022-04-26,1987.77,1973.68,1956.26,17.43,0,Paid
9013264,504422,2025-02-10,15637.08,16044.03,15955.03,89.0,0,Paid
9013265,504422,2025-05-11,14538.51,13979.11,13896.37,82.75,5,Late
9013266,504422,2025-08-09,15211.77,15112.79,15026.21,86.58,0,Paid
9013267,504423,2021-09-11,8584.36,8548.04,8514.06,33.98,0,Paid
9013268,504423,2021-12-10,9131.38,7939.62,7903.48,36.15,5,Late
9013269,504423,2022-03-10,8995.13,9263.1,9227.49,35.61,0,Paid
9013270,504424,2024-09-08,1688.26,1641.51,1633.51,8.01,30,Late
9013271,504424,2024-12-07,1608.1,1606.33,1598.7,7.63,0,Paid
9013272,504424,2025-03-07,1585.62,1610.93,1603.41,7.52,0,Paid
9013273,504425,2022-05-03,10096.34,10196.29,10140.42,55.87,0,Paid
9013274,504425,2022-08-01,10002.46,8142.88,8087.54,55.35,10,Late
9013275,504425,2022-10-30,9838.07,9598.29,9543.85,54.44,0,Paid
9013276,504426,2021-03-10,14485.26,14681.01,14575.99,105.02,0,Paid
9013277,504426,2021-06-08,14381.29,14206.93,14102.66,104.26,0,Paid
9013278,504426,2021-09-06,14734.64,11656.84,11550.01,106.83,10,Late
9013279,504427,2023-02-14,1553.19,1591.12,1575.11,16.01,0,Paid
9013280,504427,2023-05-15,1563.1,1565.02,1548.91,16.11,0,Paid
9013281,504427,2023-08-13,1663.15,1676.36,1659.22,17.14,0,Paid
9013282,504428,2023-12-28,272.68,273.99,272.84,1.16,0,Paid
9013283,504428,2024-03-27,250.28,257.22,256.16,1.06,0,Paid
9013284,504428,2024-06-25,261.6,234.75,233.64,1.11,45,Late
9013285,504429,2021-09-06,1525.99,1492.81,1486.98,5.82,0,Paid
9013286,504429,2021-12-05,1473.49,1436.03,1430.4,5.62,10,Late
9013287,504429,2022-03-05,1454.74,1432.84,1427.28,5.55,10,Late
9013288,504430,2025-06-27,1197.94,1222.95,1209.48,13.48,0,Paid
9013289,504430,2025-09-25,1179.59,1183.03,1169.76,13.27,0,Paid
9013290,504430,2025-12-24,1151.69,1140.5,1127.54,12.96,0,Paid
9013291,504431,2020-12-07,1873.03,1552.25,1539.94,12.32,60,Late
9013292,504431,2021-03-07,1786.84,1364.04,1352.29,11.75,60,Late
9013293,504431,2021-06-05,1873.49,1708.2,1695.88,12.32,90,Late
9013294,504432,2019-03-05,4434.98,4517.78,4484.15,33.63,0,Paid
9013295,504432,2019-06-03,4381.41,4500.47,4467.24,33.23,15,Late
9013296,504432,2019-09-01,4086.13,3996.96,3965.98,30.99,0,Paid
9013297,504433,2025-01-27,6854.67,6796.77,6749.36,47.41,0,Paid
9013298,504433,2025-04-27,6781.14,6861.13,6814.22,46.9,0,Paid
9013299,504433,2025-07-26,6901.13,7103.52,7055.79,47.73,0,Paid
9013300,504434,2025-02-18,15260.31,15086.86,15017.55,69.31,0,Paid
9013301,504434,2025-05-19,14711.95,14518.67,14451.86,66.82,0,Paid
9013302,504434,2025-08-17,15579.07,14949.8,14879.05,70.75,5,Late
9013303,504435,2022-05-24,15298.68,14505.35,14400.81,104.54,5,Late
9013304,504435,2022-08-22,14674.81,13046.82,12946.54,100.28,5,Late
9013305,504435,2022-11-20,14489.03,14852.49,14753.48,99.01,0,Paid
9013306,504436,2022-06-27,1353.5,1375.74,1366.14,9.6,45,Late
9013307,504436,2022-09-25,1476.61,1172.76,1162.28,10.47,90,Late
9013308,504436,2022-12-24,1468.4,1406.29,1395.88,10.41,120,Late
9013309,504437,2019-06-08,511.35,503.89,500.2,3.69,0,Paid
9013310,504437,2019-09-06,530.58,520.69,516.86,3.83,0,Paid
9013311,504437,2019-12-05,543.09,538.29,534.37,3.92,0,Paid
9013312,504438,2021-11-19,755.93,603.21,596.59,6.62,30,Late
9013313,504438,2022-02-17,774.09,757.48,750.7,6.78,0,Paid
9013314,504438,2022-05-18,787.38,603.0,596.1,6.9,5,Late
9013315,504439,2023-05-12,9416.1,9132.9,9086.06,46.85,15,Late
9013316,504439,2023-08-10,9268.85,9111.49,9065.38,46.11,60,Late
9013317,504439,2023-11-08,9207.74,8404.48,8358.68,45.81,60,Late
9013318,504440,2019-11-06,2345.5,2291.21,2268.99,22.22,45,Late
9013319,504440,2020-02-04,2187.99,2212.0,2191.27,20.73,0,Paid
9013320,504440,2020-05-04,2307.83,2265.08,2243.22,21.87,0,Paid
9013321,504441,2021-09-24,272.15,271.58,270.02,1.56,10,Late
9013322,504441,2021-12-23,271.39,267.61,266.06,1.55,0,Paid
9013323,504441,2022-03-23,271.27,270.44,268.89,1.55,0,Paid
9013324,504442,2020-05-28,1918.65,1962.72,1950.58,12.14,0,Paid
9013325,504442,2020-08-26,2052.52,2066.96,2053.98,12.98,0,Paid
9013326,504442,2020-11-24,2074.28,1773.75,1760.63,13.12,60,Late
9013327,504443,2019-03-24,1419.15,1443.81,1433.05,10.76,0,Paid
9013328,504443,2019-06-22,1376.96,1374.4,1363.95,10.44,0,Paid
9013329,504443,2019-09-20,1375.05,1362.6,1352.17,10.43,0,Paid
9013330,504444,2021-02-28,6766.95,6595.82,6552.11,43.7,0,Paid
9013331,504444,2021-05-29,6761.29,5742.69,5699.03,43.67,5,Late
9013332,504444,2021-08-27,6831.03,6721.23,6677.12,44.12,0,Paid
9013333,504445,2023-12-15,1323.38,1345.21,1330.85,14.36,0,Paid
9013334,504445,2024-03-14,1315.73,1011.11,996.83,14.28,90,Late
9013335,504445,2024-06-12,1404.93,1437.66,1422.42,15.24,0,Paid
9013336,504446,2022-02-15,12951.99,12601.28,12469.17,132.11,0,Paid
9013337,504446,2022-05-16,12439.08,11330.28,11203.4,126.88,30,Late
9013338,504446,2022-08-14,12943.06,13227.17,13095.15,132.02,0,Paid
9013339,504447,2019-08-26,14996.46,11554.8,11409.21,145.59,45,Late
9013340,504447,2019-11-24,15004.53,12598.78,12453.12,145.67,15,Late
9013341,504447,2020-02-22,13845.82,13436.6,13302.18,134.42,0,Paid
9013342,504448,2022-04-02,747.74,729.38,726.88,2.5,0,Paid
9013343,504448,2022-07-01,809.86,829.16,826.45,2.71,0,Paid
9013344,504448,2022-09-29,762.09,779.98,777.43,2.55,0,Paid
9013345,504449,2021-08-28,425.88,418.42,416.42,2.0,0,Paid
9013346,504449,2021-11-26,434.71,359.83,357.79,2.04,30,Late
9013347,504449,2022-02-24,413.22,380.62,378.69,1.94,45,Late
9013348,504450,2021-02-26,976.32,988.55,977.95,10.6,0,Paid
9013349,504450,2021-05-27,947.58,960.32,950.03,10.29,0,Paid
9013350,504450,2021-08-25,955.86,940.91,930.53,10.38,30,Late
9013351,504451,2020-06-10,382.28,392.94,390.43,2.51,0,Paid
9013352,504451,2020-09-08,357.08,361.34,358.99,2.34,0,Paid
9013353,504451,2020-12-07,369.19,360.8,358.38,2.42,0,Paid
9013354,504452,2022-03-15,12229.79,12103.38,12010.84,92.54,0,Paid
9013355,504452,2022-06-13,12381.11,12188.29,12094.61,93.68,0,Paid
9013356,504452,2022-09-11,12723.08,12373.25,12276.98,96.27,0,Paid
9013357,504453,2022-10-30,10228.97,10487.45,10419.51,67.94,0,Paid
9013358,504453,2023-01-28,10421.63,10421.15,10351.94,69.22,0,Paid
9013359,504453,2023-04-28,10879.35,11154.15,11081.89,72.26,0,Paid
9013360,504454,2024-08-04,8493.24,8351.01,8309.18,41.83,0,Paid
9013361,504454,2024-11-02,9099.8,9279.39,9234.57,44.82,0,Paid
9013362,504454,2025-01-31,8961.96,8929.3,8885.16,44.14,0,Paid
9013363,504455,2022-10-14,664.82,673.6,668.58,5.02,0,Paid
9013364,504455,2023-01-12,690.81,675.54,670.33,5.22,0,Paid
9013365,504455,2023-04-12,677.88,661.12,656.0,5.12,0,Paid
9013366,504456,2022-10-14,3997.54,4062.56,4048.74,13.82,60,Late
9013367,504456,2023-01-12,3718.64,3778.61,3765.75,12.86,120,Late
9013368,504456,2023-04-12,3882.02,3106.44,3093.02,13.43,120,Late
9013369,504457,2019-07-14,855.84,870.91,862.64,8.27,0,Paid
9013370,504457,2019-10-12,906.35,731.53,722.76,8.76,45,Late
9013371,504457,2020-01-10,901.9,926.06,917.34,8.72,0,Paid
9013372,504458,2025-02-16,4813.92,4425.74,4395.33,30.41,10,Late
9013373,504458,2025-05-17,5148.24,4000.11,3967.59,32.52,45,Late
9013374,504458,2025-08-15,4804.66,4695.17,4664.82,30.35,0,Paid
9013375,504459,2019-09-11,6468.31,5716.76,5679.57,37.19,45,Late
9013376,504459,2019-12-10,6611.64,5416.71,5378.69,38.02,10,Late
9013377,504459,2020-03-09,6519.39,6447.42,6409.93,37.49,0,Paid
9013378,504460,2023-03-26,5548.69,5614.06,5548.91,65.15,0,Paid
9013379,504460,2023-06-24,5550.14,5416.47,5351.3,65.17,0,Paid
9013380,504460,2023-09-22,5279.89,5193.55,5131.56,61.99,0,Paid
9013381,504461,2023-07-15,1713.32,1593.32,1578.25,15.08,60,Late
9013382,504461,2023-10-13,1728.51,1589.19,1573.98,15.21,90,Late
9013383,504461,2024-01-11,1790.71,1742.49,1726.73,15.76,90,Late
9013384,504462,2021-01-27,2319.15,2038.77,2014.84,23.93,45,Late
9013385,504462,2021-04-27,2384.97,2434.06,2409.46,24.6,0,Paid
9013386,504462,2021-07-26,2513.15,2402.04,2376.11,25.93,60,Late
9013387,504463,2020-10-28,7944.55,6826.61,6767.82,58.79,30,Late
9013388,504463,2021-01-26,8054.14,8221.2,8161.6,59.6,30,Late
9013389,504463,2021-04-26,7836.97,7857.95,7799.95,57.99,45,Late
9013390,504464,2019-03-07,1160.02,1051.28,1042.36,8.92,90,Late
9013391,504464,2019-06-05,1081.25,854.72,846.41,8.32,45,Late
9013392,504464,2019-09-03,1085.03,973.38,965.04,8.35,45,Late
9013393,504465,2021-04-21,1430.18,1077.61,1072.43,5.17,60,Late
9013394,504465,2021-07-20,1444.36,1120.13,1114.91,5.22,10,Late
9013395,504465,2021-10-18,1408.45,1380.55,1375.46,5.09,0,Paid
9013396,504466,2020-04-03,14296.57,14569.82,14492.14,77.68,0,Paid
9013397,504466,2020-07-02,13747.62,13502.55,13427.86,74.7,60,Late
9013398,504466,2020-09-30,13711.94,13208.9,13134.39,74.5,10,Late
9013399,504467,2021-12-15,3567.58,3359.28,3319.17,40.11,15,Late
9013400,504467,2022-03-15,3567.29,3483.32,3443.22,40.1,60,Late
9013401,504467,2022-06-13,3740.88,3526.74,3484.69,42.05,60,Late
9013402,504468,2025-04-27,15061.29,15132.37,14969.84,162.54,0,Paid
9013403,504468,2025-07-26,14474.28,11072.84,10916.63,156.2,5,Late
9013404,504468,2025-10-24,15176.93,15322.17,15158.39,163.78,0,Paid
9013405,504469,2020-01-17,1917.14,1933.71,1919.43,14.28,0,Paid
9013406,504469,2020-04-16,1858.88,1726.74,1712.89,13.85,10,Late
9013407,504469,2020-07-15,1917.12,1946.79,1932.51,14.28,0,Paid
9013408,504470,2024-09-20,12701.99,13079.38,13001.47,77.91,0,Paid
9013409,504470,2024-12-19,13174.29,10850.01,10769.21,80.8,15,Late
9013410,504470,2025-03-19,13003.66,13222.75,13142.99,79.76,0,Paid
9013411,504471,2024-03-25,2005.92,2042.89,2022.19,20.69,0,Paid
9013412,504471,2024-06-23,1925.69,1913.68,1893.81,19.87,0,Paid
9013413,504471,2024-09-21,1859.66,1898.5,1879.32,19.19,0,Paid
9013414,504472,2019-08-07,2121.98,1689.46,1671.55,17.91,5,Late
9013415,504472,2019-11-05,1982.24,1959.75,1943.02,16.73,0,Paid
9013416,504472,2020-02-03,2067.5,2128.16,2110.7,17.45,0,Paid
9013417,504473,2024-02-13,8436.7,8383.04,8358.3,24.75,0,Paid
9013418,504473,2024-05-13,8537.35,8294.97,8269.93,25.04,60,Late
9013419,504473,2024-08-11,9004.31,8413.61,8387.19,26.41,15,Late
9013420,504474,2020-08-30,14920.05,13680.01,13550.7,129.31,120,Late
9013421,504474,2020-11-28,14798.05,15095.68,14967.43,128.25,60,Late
9013422,504474,2021-02-26,15257.32,13580.54,13448.31,132.23,60,Late
9013423,504475,2023-10-25,13338.01,11520.63,11478.95,41.68,5,Late
9013424,504475,2024-01-23,13753.81,12975.24,12932.26,42.98,5,Late
9013425,504475,2024-04-22,12655.09,12867.83,12828.29,39.55,30,Late
9013426,504476,2024-03-15,5729.8,5622.78,5557.94,64.84,0,Paid
9013427,504476,2024-06-13,5247.48,4451.34,4391.96,59.38,5,Late
9013428,504476,2024-09-11,5259.93,5109.27,5049.74,59.52,0,Paid
9013429,504477,2022-08-01,12198.41,11883.19,11748.3,134.89,0,Paid
9013430,504477,2022-10-30,11848.74,11592.89,11461.86,131.03,0,Paid
9013431,504477,2023-01-28,11100.88,10815.33,10692.58,122.76,0,Paid
9013432,504478,2024-07-15,1097.78,987.71,982.59,5.11,60,Late
9013433,504478,2024-10-13,1161.9,1087.7,1082.29,5.41,60,Late
9013434,504478,2025-01-11,1195.72,992.39,986.82,5.57,30,Late
9013435,504479,2021-09-06,7307.29,7273.94,7200.44,73.5,0,Paid
9013436,504479,2021-12-05,7209.19,6795.01,6722.5,72.51,30,Late
9013437,504479,2022-03-05,7231.5,7335.09,7262.36,72.74,0,Paid
9013438,504480,2019-03-10,1368.96,1318.29,1309.25,9.04,15,Late
9013439,504480,2019-06-08,1402.93,1406.28,1397.02,9.26,0,Paid
9013440,504480,2019-09-06,1449.73,1452.68,1443.11,9.57,0,Paid
9013441,504481,2020-01-17,5846.95,5674.33,5647.14,27.19,0,Paid
9013442,504481,2020-04-16,5705.85,5249.06,5222.53,26.53,30,Late
9013443,504481,2020-07-15,5637.2,5468.18,5441.97,26.21,0,Paid
9013444,504482,2025-02-18,1567.32,1178.28,1162.26,16.03,90,Late
9013445,504482,2025-05-19,1540.34,1526.84,1511.09,15.75,0,Paid
9013446,504482,2025-08-17,1633.5,1653.67,1636.97,16.7,0,Paid
9013447,504483,2021-11-24,15278.18,13539.59,13370.25,169.33,10,Late
9013448,504483,2022-02-22,15446.66,15601.38,15430.18,171.2,0,Paid
9013449,504483,2022-05-23,15294.04,15189.58,15020.07,169.51,0,Paid
9013450,504484,2022-11-18,1932.51,1908.4,1894.98,13.41,0,Paid
9013451,504484,2023-02-16,1898.95,1921.74,1908.56,13.18,0,Paid
9013452,504484,2023-05-17,1844.2,1449.18,1436.37,12.8,90,Late
9013453,504485,2019-09-29,14404.81,14103.2,13956.27,146.93,0,Paid
9013454,504485,2019-12-28,15056.54,14738.49,14584.91,153.58,0,Paid
9013455,504485,2020-03-27,14801.24,14683.83,14532.86,150.97,15,Late
9013456,504486,2019-10-14,14591.91,14650.22,14564.37,85.85,0,Paid
9013457,504486,2020-01-12,15641.79,15344.04,15252.01,92.03,0,Paid
9013458,504486,2020-04-11,14354.04,14139.66,14055.21,84.45,0,Paid
9013459,504487,2022-10-01,9036.03,8686.23,8639.54,46.69,90,Late
9013460,504487,2022-12-30,8668.8,8917.21,8872.42,44.79,0,Paid
9013461,504487,2023-03-30,8843.31,8657.39,8611.7,45.69,0,Paid
9013462,504488,2021-08-23,1591.26,1571.18,1554.48,16.69,0,Paid
9013463,504488,2021-11-21,1593.5,1470.06,1453.34,16.72,15,Late
9013464,504488,2022-02-19,1471.5,1361.2,1345.76,15.44,10,Late
9013465,504489,2023-02-18,7244.53,6144.78,6090.69,54.09,90,Late
9013466,504489,2023-05-19,6874.38,5807.57,5756.24,51.33,45,Late
9013467,504489,2023-08-17,7269.85,6741.39,6687.11,54.28,45,Late
9013468,504490,2025-09-09,14481.92,14262.89,14128.08,134.8,0,Paid
9013469,504490,2025-12-08,14674.86,11832.33,11695.73,136.6,30,Late
9013470,504490,2026-03-08,14954.53,14687.78,14548.58,139.2,15,Late
9013471,504491,2023-11-14,1983.39,1778.82,1759.47,19.35,5,Late
9013472,504491,2024-02-12,2043.4,1654.65,1634.71,19.94,5,Late
9013473,504491,2024-05-12,1890.69,1940.88,1922.43,18.45,0,Paid
9013474,504492,2020-05-24,1633.33,1615.73,1608.04,7.69,0,Paid
9013475,504492,2020-08-22,1640.82,1615.41,1607.68,7.73,0,Paid
9013476,504492,2020-11-20,1532.99,1365.04,1357.82,7.22,30,Late
9013477,504493,2023-02-09,10214.22,9361.61,9267.72,93.89,5,Late
9013478,504493,2023-05-10,10655.79,10690.9,10592.96,97.94,0,Paid
9013479,504493,2023-08-08,10093.15,10278.83,10186.05,92.77,0,Paid
9013480,504494,2025-12-14,7740.85,7869.44,7824.61,44.83,0,Paid
9013481,504494,2026-03-14,7762.71,7455.49,7410.53,44.96,15,Late
9013482,504494,2026-06-12,7754.18,7571.05,7526.14,44.91,0,Paid
9013483,504495,2024-10-09,15422.64,15662.92,15611.64,51.28,10,Late
9013484,504495,2025-01-07,14544.53,12625.37,12577.01,48.36,30,Late
9013485,504495,2025-04-07,15218.41,15176.58,15125.98,50.6,0,Paid
9013486,504496,2024-06-25,619.22,604.32,601.25,3.07,15,Late
9013487,504496,2024-09-23,620.48,584.22,581.15,3.08,5,Late
9013488,504496,2024-12-22,613.7,491.79,488.74,3.04,5,Late
9013489,504497,2025-02-15,381.62,377.44,374.81,2.63,0,Paid
9013490,504497,2025-05-16,370.13,362.77,360.21,2.55,0,Paid
9013491,504497,2025-08-14,366.85,358.15,355.62,2.53,0,Paid
9013492,504498,2020-09-04,14945.06,14986.97,14831.92,155.05,0,Paid
9013493,504498,2020-12-03,15176.81,14912.15,14754.69,157.46,0,Paid
9013494,504498,2021-03-03,14910.73,14953.91,14799.21,154.7,0,Paid
9013495,504499,2024-09-15,2437.27,1849.01,1835.75,13.26,60,Late
9013496,504499,2024-12-14,2454.83,1973.39,1960.04,13.36,30,Late
9013497,504499,2025-03-14,2474.25,1964.79,1951.33,13.46,45,Late
9013498,504500,2020-11-19,1621.1,1464.89,1446.2,18.68,45,Late
9013499,504500,2021-02-17,1730.28,1444.25,1424.3,19.94,60,Late
9013500,504500,2021-05-18,1731.43,1587.69,1567.73,19.95,45,Late
9013501,504501,2023-10-05,890.89,743.62,736.64,6.99,90,Late
9013502,504501,2024-01-03,855.06,846.49,839.79,6.71,0,Paid
9013503,504501,2024-04-02,879.11,862.95,856.05,6.89,0,Paid
9013504,504502,2022-06-22,1067.95,1054.94,1046.4,8.54,0,Paid
9013505,504502,2022-09-20,1082.21,1055.21,1046.55,8.66,0,Paid
9013506,504502,2022-12-19,1094.4,1096.93,1088.17,8.76,0,Paid
9013507,504503,2019-11-04,8223.8,6332.04,6296.47,35.57,45,Late
9013508,504503,2020-02-02,8745.86,8842.23,8804.41,37.83,0,Paid
9013509,504503,2020-05-02,8245.18,8208.83,8173.17,35.66,0,Paid
9013510,504504,2024-03-28,2144.03,2122.7,2112.93,9.77,0,Paid
9013511,504504,2024-06-26,2021.0,2074.02,2064.8,9.21,0,Paid
9013512,504504,2024-09-24,2131.55,2118.69,2108.97,9.72,0,Paid
9013513,504505,2020-09-18,3392.24,3325.11,3299.72,25.39,0,Paid
9013514,504505,2020-12-17,3415.49,3076.48,3050.92,25.56,45,Late
9013515,504505,2021-03-17,3531.49,2997.06,2970.63,26.43,15,Late
9013516,504506,2023-06-06,12780.32,10296.09,10162.64,133.45,15,Late
9013517,504506,2023-09-04,13523.96,10897.11,10755.89,141.21,60,Late
9013518,504506,2023-12-03,12659.24,12974.91,12842.73,132.18,0,Paid
9013519,504507,2021-02-06,10537.6,10589.53,10487.23,102.3,0,Paid
9013520,504507,2021-05-07,10319.57,10188.72,10088.54,100.19,0,Paid
9013521,504507,2021-08-05,10682.76,8687.14,8583.43,103.71,60,Late
9013522,504508,2021-07-22,1721.6,1734.65,1720.92,13.73,0,Paid
9013523,504508,2021-10-20,1728.75,1709.68,1695.89,13.79,0,Paid
9013524,504508,2022-01-18,1779.58,1796.98,1782.79,14.19,0,Paid
9013525,504509,2019-02-20,1471.21,1454.43,1448.26,6.17,0,Paid
9013526,504509,2019-05-21,1517.1,1471.82,1465.46,6.36,60,Late
9013527,504509,2019-08-19,1450.53,1426.4,1420.32,6.08,0,Paid
9013528,504510,2020-03-28,1901.78,1868.68,1854.51,14.17,0,Paid
9013529,504510,2020-06-26,1860.84,1852.32,1838.45,13.86,0,Paid
9013530,504510,2020-09-24,1790.27,1752.97,1739.63,13.34,0,Paid
9013531,504511,2024-11-22,1397.04,1076.29,1063.27,13.03,30,Late
9013532,504511,2025-02-20,1453.46,1303.58,1290.03,13.55,30,Late
9013533,504511,2025-05-21,1399.44,1400.33,1387.28,13.05,60,Late
9013534,504512,2024-02-03,15500.6,15065.35,14937.73,127.62,0,Paid
9013535,504512,2024-05-03,14264.94,14204.78,14087.33,117.45,0,Paid
9013536,504512,2024-08-01,14381.34,13196.97,13078.57,118.41,45,Late
9013537,504513,2021-12-27,8305.49,8499.63,8407.16,92.47,0,Paid
9013538,504513,2022-03-27,8544.8,8571.13,8476.0,95.13,5,Late
9013539,504513,2022-06-25,8323.03,8293.13,8200.47,92.66,0,Paid
9013540,504514,2023-09-29,339.09,332.51,329.06,3.45,15,Late
9013541,504514,2023-12-28,356.68,292.42,288.79,3.63,60,Late
9013542,504514,2024-03-27,364.31,355.05,351.34,3.71,60,Late
9013543,504515,2023-05-28,2056.29,1832.29,1813.27,19.02,45,Late
9013544,504515,2023-08-26,2078.65,1965.89,1946.66,19.23,10,Late
9013545,504515,2023-11-24,2003.96,2021.95,2003.41,18.54,0,Paid
9013546,504516,2023-07-09,7356.16,6477.5,6438.51,38.99,10,Late
9013547,504516,2023-10-07,7378.19,7504.35,7465.24,39.1,0,Paid
9013548,504516,2024-01-05,7289.36,7203.14,7164.5,38.63,0,Paid
9013549,504517,2019-10-24,5552.69,5717.9,5674.22,43.68,0,Paid
9013550,504517,2020-01-22,5739.96,5686.69,5641.54,45.15,0,Paid
9013551,504517,2020-04-21,5619.55,5464.26,5420.06,44.21,0,Paid
9013552,504518,2022-10-21,6967.51,6767.19,6686.59,80.59,10,Late
9013553,504518,2023-01-19,7126.41,6033.38,5950.95,82.43,15,Late
9013554,504518,2023-04-19,7555.52,7389.97,7302.58,87.39,0,Paid
9013555,504519,2019-04-01,525.18,512.18,506.8,5.38,60,Late
9013556,504519,2019-06-30,530.01,430.92,425.49,5.43,60,Late
9013557,504519,2019-09-28,522.19,440.28,434.93,5.35,45,Late
9013558,504520,2023-04-06,641.56,653.58,651.69,1.9,15,Late
9013559,504520,2023-07-05,607.05,617.45,615.65,1.8,0,Paid
9013560,504520,2023-10-03,602.32,558.95,557.17,1.78,60,Late
9013561,504521,2019-06-27,5717.9,5711.15,5669.79,41.36,5,Late
9013562,504521,2019-09-25,5606.55,4527.81,4487.25,40.55,15,Late
9013563,504521,2019-12-24,5372.78,5446.37,5407.51,38.86,0,Paid
9013564,504522,2022-09-09,2280.55,2347.73,2326.39,21.34,0,Paid
9013565,504522,2022-12-08,2440.55,2411.41,2388.58,22.84,0,Paid
9013566,504522,2023-03-08,2277.47,2318.3,2296.98,21.31,0,Paid
9013567,504523,2019-09-17,4479.67,4505.29,4491.74,13.55,0,Paid
9013568,504523,2019-12-16,4503.62,4588.46,4574.84,13.62,0,Paid
9013569,504523,2020-03-15,4282.08,4395.79,4382.84,12.95,15,Late
9013570,504524,2020-05-08,605.91,587.97,585.16,2.82,0,Paid
9013571,504524,2020-08-06,642.71,646.58,643.59,2.99,0,Paid
9013572,504524,2020-11-04,648.44,521.52,518.5,3.02,10,Late
9013573,504525,2020-08-12,15424.22,15497.04,15431.87,65.17,15,Late
9013574,504525,2020-11-10,14478.25,14124.76,14063.59,61.17,0,Paid
9013575,504525,2021-02-08,14894.53,14818.74,14755.81,62.93,0,Paid
9013576,504526,2020-04-29,1967.83,1704.72,1686.0,18.73,90,Late
9013577,504526,2020-07-28,1831.55,1533.61,1516.18,17.43,5,Late
9013578,504526,2020-10-26,1824.59,1818.01,1800.64,17.36,0,Paid
9013579,504527,2019-10-24,474.79,475.67,471.16,4.51,0,Paid
9013580,504527,2020-01-22,464.78,469.53,465.12,4.42,0,Paid
9013581,504527,2020-04-21,476.77,469.52,464.99,4.53,0,Paid
9013582,504528,2021-10-09,5395.33,5510.3,5490.83,19.47,0,Paid
9013583,504528,2022-01-07,5640.17,4754.23,4733.87,20.35,90,Late
9013584,504528,2022-04-07,5647.08,5751.55,5731.17,20.38,0,Paid
9013585,504529,2023-01-19,13704.99,13150.85,13099.46,51.39,30,Late
9013586,504529,2023-04-19,13144.69,12829.9,12780.61,49.29,0,Paid
9013587,504529,2023-07-18,14109.88,12563.69,12510.78,52.91,60,Late
9013588,504530,2022-12-03,14900.44,14557.26,14477.42,79.84,0,Paid
9013589,504530,2023-03-03,14435.14,14570.76,14493.41,77.35,0,Paid
9013590,504530,2023-06-01,15718.78,15738.72,15654.5,84.23,0,Paid
9013591,504531,2025-04-08,5147.1,5176.2,5136.14,40.06,0,Paid
9013592,504531,2025-07-07,5299.02,5431.61,5390.36,41.24,0,Paid
9013593,504531,2025-10-05,5099.98,5080.59,5040.9,39.69,0,Paid
9013594,504532,2019-05-08,14880.56,14624.43,14470.79,153.64,0,Paid
9013595,504532,2019-08-06,15503.04,15595.65,15435.58,160.07,0,Paid
9013596,504532,2019-11-04,14578.92,14662.92,14512.39,150.53,0,Paid
9013597,504533,2023-12-29,639.27,543.68,537.62,6.05,30,Late
9013598,504533,2024-03-28,653.38,644.74,638.55,6.19,0,Paid
9013599,504533,2024-06-26,650.1,661.31,655.15,6.15,0,Paid
9013600,504534,2023-07-16,1886.14,1428.54,1411.6,16.94,5,Late
9013601,504534,2023-10-14,2009.73,2065.99,2047.94,18.05,0,Paid
9013602,504534,2024-01-12,1983.84,1987.53,1969.71,17.82,0,Paid
9013603,504535,2020-05-21,7377.18,7271.64,7208.5,63.14,0,Paid
9013604,504535,2020-08-19,7694.22,7916.73,7850.88,65.85,0,Paid
9013605,504535,2020-11-17,6980.69,7116.65,7056.91,59.74,0,Paid
9013606,504536,2019-12-20,14455.27,14862.33,14713.68,148.65,0,Paid
9013607,504536,2020-03-19,14084.92,13648.04,13503.2,144.84,45,Late
9013608,504536,2020-06-17,14550.62,14456.35,14306.72,149.63,0,Paid
9013609,504537,2022-10-28,1027.16,868.39,860.02,8.36,5,Late
9013610,504537,2023-01-26,1008.89,1023.63,1015.41,8.21,0,Paid
9013611,504537,2023-04-26,1015.05,974.17,965.9,8.26,90,Late
9013612,504538,2020-10-11,2580.0,2580.26,2572.47,7.78,0,Paid
9013613,504538,2021-01-09,2583.56,2650.33,2642.53,7.79,0,Paid
9013614,504538,2021-04-09,2359.57,2323.71,2316.59,7.12,0,Paid
9013615,504539,2023-02-02,15366.95,15233.5,15184.96,48.53,60,Late
9013616,504539,2023-05-03,14427.75,14203.68,14158.11,45.57,0,Paid
9013617,504539,2023-08-01,15308.83,12076.08,12027.73,48.35,30,Late
9013618,504540,2023-03-21,10967.93,10863.18,10769.4,93.78,0,Paid
9013619,504540,2023-06-19,11748.23,11739.35,11638.9,100.45,0,Paid
9013620,504540,2023-09-17,12000.85,11169.79,11067.18,102.61,5,Late
9013621,504541,2022-06-14,1051.9,1068.4,1060.78,7.62,0,Paid
9013622,504541,2022-09-12,1073.61,1050.05,1042.28,7.77,0,Paid
9013623,504541,2022-12-11,1128.02,1140.22,1132.05,8.17,0,Paid
9013624,504542,2024-05-10,14741.78,15053.62,14908.17,145.45,0,Paid
9013625,504542,2024-08-08,15092.37,15231.6,15082.69,148.91,0,Paid
9013626,504542,2024-11-06,14577.42,14482.82,14338.99,143.83,0,Paid
9013627,504543,2022-05-07,11810.23,12057.41,11987.14,70.27,0,Paid
9013628,504543,2022-08-05,11918.0,12032.83,11961.92,70.91,0,Paid
9013629,504543,2022-11-03,12766.58,13055.82,12979.86,75.96,0,Paid
9013630,504544,2019-04-02,3249.72,3147.73,3137.55,10.18,30,Late
9013631,504544,2019-07-01,3025.28,3069.09,3059.61,9.48,0,Paid
9013632,504544,2019-09-29,3114.1,3048.7,3038.95,9.76,0,Paid
9013633,504545,2020-08-30,2549.25,2621.18,2600.28,20.9,0,Paid
9013634,504545,2020-11-28,2699.28,2141.35,2119.22,22.13,5,Late
9013635,504545,2021-02-26,2757.44,2804.73,2782.12,22.61,0,Paid
9013636,504546,2024-12-04,4749.2,4633.83,4595.44,38.39,0,Paid
9013637,504546,2025-03-04,4757.12,4772.46,4734.01,38.45,0,Paid
9013638,504546,2025-06-02,4561.67,4509.12,4472.25,36.87,0,Paid
9013639,504547,2022-07-05,1045.93,892.93,888.19,4.74,15,Late
9013640,504547,2022-10-03,1018.34,1022.92,1018.31,4.62,0,Paid
9013641,504547,2023-01-01,1053.97,891.51,886.73,4.78,60,Late
9013642,504548,2022-10-30,1950.44,1691.91,1669.03,22.89,5,Late
9013643,504548,2023-01-28,2077.26,1845.61,1821.24,24.37,90,Late
9013644,504548,2023-04-28,1998.91,1950.48,1927.03,23.45,0,Paid
9013645,504549,2019-04-03,4304.41,3631.87,3593.99,37.88,30,Late
9013646,504549,2019-07-02,4143.54,4029.19,3992.73,36.46,0,Paid
9013647,504549,2019-09-30,4261.89,4178.99,4141.49,37.5,0,Paid
9013648,504550,2022-02-04,8428.92,8595.31,8528.23,67.08,0,Paid
9013649,504550,2022-05-05,8090.68,8222.07,8157.68,64.39,0,Paid
9013650,504550,2022-08-03,8441.25,8197.21,8130.03,67.18,5,Late
9013651,504551,2023-04-09,2354.96,2353.74,2339.25,14.48,0,Paid
9013652,504551,2023-07-08,2278.94,2240.1,2226.08,14.02,0,Paid
9013653,504551,2023-10-06,2475.26,2241.13,2225.91,15.22,10,Late
9013654,504552,2023-01-07,482.02,487.21,483.48,3.73,0,Paid
9013655,504552,2023-04-07,517.67,506.06,502.06,4.0,0,Paid
9013656,504552,2023-07-06,499.65,506.89,503.02,3.86,0,Paid
9013657,504553,2024-07-26,7580.04,7789.72,7714.81,74.92,0,Paid
9013658,504553,2024-10-24,7166.54,7129.97,7059.14,70.83,0,Paid
9013659,504553,2025-01-22,7013.31,7052.76,6983.45,69.31,0,Paid
9013660,504554,2025-06-15,11673.95,10046.32,9958.18,88.14,30,Late
9013661,504554,2025-09-13,10802.44,10981.76,10900.2,81.56,0,Paid
9013662,504554,2025-12-12,11597.52,11775.82,11688.26,87.56,0,Paid
9013663,504555,2023-11-16,8079.74,8264.98,8189.44,75.55,0,Paid
9013664,504555,2024-02-14,8373.56,8461.93,8383.64,78.29,0,Paid
9013665,504555,2024-05-14,7999.81,6361.48,6286.68,74.8,10,Late
9013666,504556,2022-11-05,797.49,682.04,674.72,7.32,10,Late
9013667,504556,2023-02-03,820.14,837.74,830.22,7.52,0,Paid
9013668,504556,2023-05-04,756.61,766.29,759.34,6.94,0,Paid
9013669,504557,2023-07-10,1467.5,1431.35,1426.28,5.08,0,Paid
9013670,504557,2023-10-08,1542.72,1545.21,1539.87,5.34,0,Paid
9013671,504557,2024-01-06,1466.11,1436.81,1431.74,5.07,0,Paid
9013672,504558,2022-09-20,6755.33,6563.86,6490.96,72.9,0,Paid
9013673,504558,2022-12-19,6653.84,5290.57,5218.77,71.81,60,Late
9013674,504558,2023-03-19,7141.61,5559.03,5481.97,77.07,90,Late
9013675,504559,2020-03-18,1137.92,1168.52,1158.77,9.75,0,Paid
9013676,504559,2020-06-16,1142.63,1024.07,1014.29,9.79,15,Late
9013677,504559,2020-09-14,1100.97,1117.24,1107.8,9.43,0,Paid
9013678,504560,2020-06-29,859.86,841.72,833.0,8.71,0,Paid
9013679,504560,2020-09-27,872.06,883.35,874.51,8.84,0,Paid
9013680,504560,2020-12-26,880.68,704.93,696.01,8.92,60,Late
9013681,504561,2019-02-09,9247.24,9229.1,9151.66,77.45,0,Paid
9013682,504561,2019-05-10,9656.77,9674.15,9593.27,80.88,0,Paid
9013683,504561,2019-08-08,9481.71,7501.18,7421.77,79.41,10,Late
9013684,504562,2019-02-22,15169.19,15210.04,15053.42,156.62,0,Paid
9013685,504562,2019-05-23,14505.74,14151.26,14001.49,149.77,0,Paid
9013686,504562,2019-08-21,14411.58,12420.54,12271.74,148.8,10,Late
9013687,504563,2021-12-28,1792.84,1768.79,1759.2,9.59,0,Paid
9013688,504563,2022-03-28,1705.88,1655.65,1646.53,9.13,0,Paid
9013689,504563,2022-06-26,1819.98,1847.71,1837.97,9.74,0,Paid
9013690,504564,2019-05-14,7055.5,6952.87,6918.01,34.87,5,Late
9013691,504564,2019-08-12,6853.33,6861.74,6827.87,33.87,0,Paid
9013692,504564,2019-11-10,7164.54,6994.47,6959.07,35.4,0,Paid
9013693,504565,2022-04-17,5375.89,5401.46,5353.43,48.02,0,Paid
9013694,504565,2022-07-16,5070.97,5068.8,5023.5,45.3,0,Paid
9013695,504565,2022-10-14,5210.07,5058.44,5011.9,46.54,0,Paid
9013696,504566,2020-07-27,2159.56,1782.59,1770.71,11.88,5,Late
9013697,504566,2020-10-25,2303.09,1820.76,1808.1,12.67,5,Late
9013698,504566,2021-01-23,2279.99,2331.83,2319.29,12.54,0,Paid
9013699,504567,2020-07-30,2300.22,2320.84,2311.53,9.32,0,Paid
9013700,504567,2020-10-28,2289.6,2317.54,2308.26,9.27,0,Paid
9013701,504567,2021-01-26,2425.08,2373.07,2363.25,9.82,0,Paid
9013702,504568,2023-10-24,13950.64,13984.08,13938.63,45.46,0,Paid
9013703,504568,2024-01-22,13229.59,13441.57,13398.47,43.11,0,Paid
9013704,504568,2024-04-21,13824.81,14196.45,14151.4,45.05,0,Paid
9013705,504569,2024-03-17,14790.05,13900.17,13782.1,118.07,45,Late
9013706,504569,2024-06-15,13992.96,13975.31,13863.6,111.71,0,Paid
9013707,504569,2024-09-13,15189.9,13916.84,13795.57,121.27,10,Late
9013708,504570,2021-08-08,812.84,788.97,783.53,5.44,0,Paid
9013709,504570,2021-11-06,811.69,629.56,624.13,5.43,10,Late
9013710,504570,2022-02-04,847.13,861.14,855.47,5.67,0,Paid
9013711,504571,2025-03-18,2115.07,2082.8,2074.13,8.67,0,Paid
9013712,504571,2025-06-16,2199.53,2162.26,2153.24,9.02,0,Paid
9013713,504571,2025-09-14,2216.86,2216.94,2207.85,9.09,0,Paid
9013714,504572,2023-12-03,2112.57,2152.6,2140.27,12.32,0,Paid
9013715,504572,2024-03-02,2065.88,1982.9,1970.85,12.05,90,Late
9013716,504572,2024-05-31,2011.67,1986.52,1974.79,11.73,0,Paid
9013717,504573,2021-05-10,14610.82,14223.88,14056.34,167.54,0,Paid
9013718,504573,2021-08-08,14596.03,14292.0,14124.63,167.37,0,Paid
9013719,504573,2021-11-06,15616.46,15336.39,15157.32,179.07,5,Late
9013720,504574,2019-09-10,14289.92,13885.77,13758.35,127.42,0,Paid
9013721,504574,2019-12-09,15389.3,15299.19,15161.97,137.22,0,Paid
9013722,504574,2020-03-08,14630.03,15065.35,14934.9,130.45,0,Paid
9013723,504575,2022-11-21,802.81,611.76,605.87,5.88,60,Late
9013724,504575,2023-02-19,813.0,768.37,762.41,5.96,5,Late
9013725,504575,2023-05-20,855.0,847.64,841.37,6.26,0,Paid
9013726,504576,2021-04-11,1481.93,1497.62,1483.83,13.79,0,Paid
9013727,504576,2021-07-10,1551.56,1573.24,1558.8,14.44,0,Paid
9013728,504576,2021-10-08,1571.47,1405.85,1391.22,14.63,5,Late
9013729,504577,2021-04-09,10715.67,8472.49,8355.42,117.07,10,Late
9013730,504577,2021-07-08,10709.49,8125.59,8008.59,117.0,60,Late
9013731,504577,2021-10-06,10530.84,10228.73,10113.68,115.05,0,Paid
9013732,504578,2020-06-29,671.05,550.53,545.29,5.24,45,Late
9013733,504578,2020-09-27,687.67,705.57,700.2,5.37,60,Late
9013734,504578,2020-12-26,689.75,582.67,577.28,5.39,60,Late
9013735,504579,2022-06-14,14897.15,15037.41,14897.38,140.03,0,Paid
9013736,504579,2022-09-12,15264.35,15556.49,15413.0,143.48,10,Late
9013737,504579,2022-12-11,15575.12,16000.02,15853.61,146.41,0,Paid
9013738,504580,2025-12-25,908.38,895.31,887.88,7.43,0,Paid
9013739,504580,2026-03-25,871.69,866.63,859.51,7.13,0,Paid
9013740,504580,2026-06-23,913.78,901.69,894.22,7.47,0,Paid
9013741,504581,2024-03-24,13659.18,13316.18,13264.16,52.02,0,Paid
9013742,504581,2024-06-22,13371.44,13511.26,13460.33,50.92,0,Paid
9013743,504581,2024-09-20,12404.86,11440.46,11393.22,47.24,10,Late
9013744,504582,2024-10-30,1634.65,1600.2,1590.07,10.12,0,Paid
9013745,504582,2025-01-28,1753.58,1782.62,1771.77,10.86,0,Paid
9013746,504582,2025-04-28,1697.55,1629.88,1619.37,10.51,5,Late
9013747,504583,2025-08-21,14055.47,13858.06,13760.14,97.92,0,Paid
9013748,504583,2025-11-19,13670.13,10462.23,10367.0,95.24,10,Late
9013749,504583,2026-02-17,13679.02,13349.72,13254.43,95.3,5,Late
9013750,504584,2020-08-22,1492.13,1488.93,1480.33,8.6,15,Late
9013751,504584,2020-11-20,1530.47,1517.1,1508.27,8.83,0,Paid
9013752,504584,2021-02-18,1461.43,1291.27,1282.84,8.43,45,Late
9013753,504585,2025-04-18,3482.21,3522.47,3501.46,21.01,0,Paid
9013754,504585,2025-07-17,3438.74,3390.74,3370.0,20.75,15,Late
9013755,504585,2025-10-15,3552.06,3078.71,3057.28,21.43,45,Late
9013756,504586,2019-04-30,700.26,533.22,530.97,2.25,30,Late
9013757,504586,2019-07-29,683.32,696.33,694.13,2.2,0,Paid
9013758,504586,2019-10-27,700.58,671.72,669.47,2.25,5,Late
9013759,504587,2025-11-19,14632.22,14644.32,14599.2,45.12,0,Paid
9013760,504587,2026-02-17,15323.3,15736.88,15689.63,47.25,0,Paid
9013761,504587,2026-05-18,15501.85,12551.33,12503.53,47.8,5,Late
9013762,504588,2025-05-27,10901.16,9011.28,8898.63,112.65,45,Late
9013763,504588,2025-08-25,10979.84,9594.24,9480.78,113.46,10,Late
9013764,504588,2025-11-23,10398.83,10609.93,10502.47,107.45,0,Paid
9013765,504589,2020-04-07,6103.5,4782.11,4738.22,43.89,60,Late
9013766,504589,2020-07-06,6389.72,6483.04,6437.09,45.95,0,Paid
9013767,504589,2020-10-04,6134.98,6007.34,5963.22,44.12,0,Paid
9013768,504590,2021-01-06,5382.87,4754.68,4732.29,22.38,45,Late
9013769,504590,2021-04-06,5747.73,4422.92,4399.02,23.9,15,Late
9013770,504590,2021-07-05,5794.66,4789.52,4765.42,24.1,45,Late
9013771,504591,2019-09-05,12430.41,12238.41,12182.57,55.83,0,Paid
9013772,504591,2019-12-04,12209.98,12542.69,12487.85,54.84,0,Paid
9013773,504591,2020-03-03,12754.44,12896.1,12838.81,57.29,0,Paid
9013774,504592,2020-04-14,13381.45,13143.34,13065.95,77.39,0,Paid
9013775,504592,2020-07-13,13811.9,13824.15,13744.27,79.88,0,Paid
9013776,504592,2020-10-11,13860.45,11271.73,11191.57,80.16,5,Late
9013777,504593,2023-12-23,15438.88,15749.68,15608.81,140.88,0,Paid
9013778,504593,2024-03-22,14543.92,14246.44,14113.73,132.71,0,Paid
9013779,504593,2024-06-20,15003.29,15307.86,15170.95,136.91,0,Paid
9013780,504594,2019-02-02,10263.53,8949.92,8890.57,59.36,60,Late
9013781,504594,2019-05-03,9785.43,8247.55,8190.95,56.59,90,Late
9013782,504594,2019-08-01,10362.69,7900.41,7840.48,59.93,120,Late
9013783,504595,2019-11-16,551.22,545.62,540.56,5.06,0,Paid
9013784,504595,2020-02-14,521.03,420.01,415.23,4.78,30,Late
9013785,504595,2020-05-14,521.79,535.89,531.1,4.79,0,Paid
9013786,504596,2022-10-06,15479.86,15889.55,15742.75,146.8,0,Paid
9013787,504596,2023-01-04,14874.45,12283.44,12142.38,141.06,15,Late
9013788,504596,2023-04-04,14279.44,14128.95,13993.54,135.42,0,Paid
9013789,504597,2019-09-21,4404.12,4353.13,4319.95,33.18,0,Paid
9013790,504597,2019-12-20,4345.58,3354.21,3321.48,32.74,45,Late
9013791,504597,2020-03-19,4485.04,4406.72,4372.93,33.79,0,Paid
9013792,504598,2019-12-14,569.12,427.23,425.32,1.91,45,Late
9013793,504598,2020-03-13,562.09,558.93,557.05,1.88,0,Paid
9013794,504598,2020-06-11,581.17,550.32,548.37,1.95,30,Late
9013795,504599,2025-02-05,9080.84,8819.87,8712.19,107.68,0,Paid
9013796,504599,2025-05-06,9146.01,8991.58,8883.13,108.46,0,Paid
9013797,504599,2025-08-04,8854.53,7362.52,7257.52,105.0,15,Late
9013798,504600,2024-05-29,5763.07,4399.91,4362.11,37.8,45,Late
9013799,504600,2024-08-27,5928.41,4806.44,4767.56,38.88,15,Late
9013800,504600,2024-11-25,5788.26,4572.16,4534.2,37.96,30,Late
9013801,504601,2022-01-28,975.78,892.36,880.76,11.6,90,Late
9013802,504601,2022-04-28,1043.53,1016.68,1004.27,12.41,0,Paid
9013803,504601,2022-07-27,1030.35,1026.22,1013.97,12.25,0,Paid
9013804,504602,2021-01-25,14561.59,14970.72,14908.96,61.77,0,Paid
9013805,504602,2021-04-25,14275.8,13977.59,13917.04,60.55,0,Paid
9013806,504602,2021-07-24,14388.9,14554.83,14493.8,61.03,0,Paid
9013807,504603,2023-02-10,13383.69,13703.37,13628.98,74.39,0,Paid
9013808,504603,2023-05-11,14572.5,14949.11,14868.11,81.0,0,Paid
9013809,504603,2023-08-09,13813.99,14193.15,14116.37,76.78,0,Paid
9013810,504604,2022-10-17,14848.15,12505.09,12429.98,75.11,60,Late
9013811,504604,2023-01-15,14396.99,13464.26,13391.43,72.82,30,Late
9013812,504604,2023-04-15,14505.87,12387.2,12313.82,73.38,45,Late
9013813,504605,2019-02-07,12515.19,12704.48,12626.16,78.32,0,Paid
9013814,504605,2019-05-08,13318.25,13198.19,13114.84,83.35,0,Paid
9013815,504605,2019-08-06,13324.31,13621.28,13537.89,83.39,0,Paid
9013816,504606,2021-12-30,616.15,598.16,595.26,2.9,0,Paid
9013817,504606,2022-03-30,582.32,576.24,573.5,2.74,0,Paid
9013818,504606,2022-06-28,604.35,548.69,545.85,2.84,10,Late
9013819,504607,2024-01-04,13095.48,10415.29,10283.24,132.05,45,Late
9013820,504607,2024-04-03,13597.84,13194.08,13056.96,137.11,45,Late
9013821,504607,2024-07-02,13205.46,13481.52,13348.37,133.16,0,Paid
9013822,504608,2025-01-12,1452.92,1433.77,1424.9,8.86,0,Paid
9013823,504608,2025-04-12,1520.2,1532.03,1522.76,9.27,0,Paid
9013824,504608,2025-07-11,1429.58,1392.05,1383.33,8.72,0,Paid
9013825,504609,2025-06-29,5207.81,5315.77,5264.99,50.78,0,Paid
9013826,504609,2025-09-27,5261.06,4885.77,4834.47,51.3,15,Late
9013827,504609,2025-12-26,5568.75,5503.09,5448.79,54.3,0,Paid
9013828,504610,2019-10-31,14386.64,13313.66,13217.51,96.15,10,Late
9013829,504610,2020-01-29,14379.59,14207.58,14111.47,96.1,0,Paid
9013830,504610,2020-04-28,14226.41,14489.59,14394.51,95.08,0,Paid
9013831,504611,2022-03-30,1359.12,1336.12,1331.99,4.13,0,Paid
9013832,504611,2022-06-28,1299.26,1062.2,1058.25,3.95,10,Late
9013833,504611,2022-09-26,1336.14,1369.51,1365.45,4.06,0,Paid
9013834,504612,2023-11-29,8431.92,8595.51,8506.69,88.82,0,Paid
9013835,504612,2024-02-27,8348.48,8417.79,8329.85,87.94,15,Late
9013836,504612,2024-05-27,7969.11,7429.33,7345.39,83.94,5,Late
9013837,504613,2019-12-10,960.8,965.98,960.19,5.79,120,Late
9013838,504613,2020-03-09,1003.12,870.66,864.61,6.04,60,Late
9013839,504613,2020-06-07,1005.14,950.38,944.33,6.06,90,Late
9013840,504614,2025-05-27,1249.5,1143.39,1131.97,11.42,60,Late
9013841,504614,2025-08-25,1287.88,1282.88,1271.1,11.77,15,Late
9013842,504614,2025-11-23,1253.34,1139.19,1127.73,11.46,45,Late
9013843,504615,2022-03-16,1734.86,1652.9,1632.15,20.75,10,Late
9013844,504615,2022-06-14,1719.11,1340.13,1319.57,20.56,10,Late
9013845,504615,2022-09-12,1791.59,1805.15,1783.72,21.42,0,Paid
9013846,504616,2025-04-03,1973.15,1951.16,1927.94,23.22,10,Late
9013847,504616,2025-07-02,2075.59,2018.79,1994.36,24.42,0,Paid
9013848,504616,2025-09-30,2166.85,2183.02,2157.52,25.5,0,Paid
9013849,504617,2020-11-23,1336.34,1065.16,1055.53,9.63,30,Late
9013850,504617,2021-02-21,1335.61,1019.62,1009.99,9.63,45,Late
9013851,504617,2021-05-22,1354.53,1045.16,1035.39,9.76,60,Late
9013852,504618,2019-10-22,742.26,753.09,750.48,2.61,5,Late
9013853,504618,2020-01-20,762.19,741.04,738.36,2.68,0,Paid
9013854,504618,2020-04-19,752.03,762.49,759.85,2.64,0,Paid
9013855,504619,2021-05-23,8028.0,7114.16,7028.46,85.7,5,Late
9013856,504619,2021-08-21,7756.66,7912.22,7829.42,82.8,0,Paid
9013857,504619,2021-11-19,7717.66,6066.6,5984.21,82.39,5,Late
9013858,504620,2025-07-28,915.49,906.23,896.59,9.64,0,Paid
9013859,504620,2025-10-26,958.69,936.16,926.07,10.1,0,Paid
9013860,504620,2026-01-24,933.25,946.09,936.26,9.83,0,Paid
9013861,504621,2022-01-19,14663.5,14400.87,14303.11,97.76,0,Paid
9013862,504621,2022-04-19,14441.36,12304.36,12208.09,96.28,15,Late
9013863,504621,2022-07-18,15631.79,14348.35,14244.14,104.21,5,Late
9013864,504622,2022-10-22,780.77,598.43,591.7,6.73,5,Late
9013865,504622,2023-01-20,754.76,768.34,761.84,6.5,0,Paid
9013866,504622,2023-04-20,783.52,771.31,764.56,6.75,0,Paid
9013867,504623,2025-01-30,15435.19,15257.0,15083.61,173.39,0,Paid
9013868,504623,2025-04-30,15233.45,15657.87,15486.74,171.12,0,Paid
9013869,504623,2025-07-29,14667.43,14393.33,14228.57,164.76,90,Late
9013870,504624,2023-11-24,6640.52,6474.09,6408.29,65.8,0,Paid
9013871,504624,2024-02-22,6379.86,6286.21,6222.99,63.21,10,Late
9013872,504624,2024-05-22,6187.67,6219.2,6157.89,61.31,0,Paid
9013873,504625,2024-07-25,2056.82,2026.56,2019.56,6.99,10,Late
9013874,504625,2024-10-23,1974.37,2013.02,2006.31,6.71,45,Late
9013875,504625,2025-01-21,2039.42,2043.37,2036.43,6.93,0,Paid
9013876,504626,2022-04-13,1859.57,1886.05,1864.34,21.71,0,Paid
9013877,504626,2022-07-12,1762.04,1427.64,1407.07,20.57,5,Late
9013878,504626,2022-10-10,1794.97,1826.12,1805.16,20.96,5,Late
9013879,504627,2023-05-20,1464.9,1448.32,1433.28,15.04,0,Paid
9013880,504627,2023-08-18,1447.26,1419.1,1404.24,14.86,0,Paid
9013881,504627,2023-11-16,1406.29,1213.09,1198.66,14.44,10,Late
9013882,504628,2019-12-09,3076.46,3111.55,3091.4,20.15,0,Paid
9013883,504628,2020-03-08,2962.7,3037.9,3018.49,19.41,0,Paid
9013884,504628,2020-06-06,3045.24,3045.34,3025.39,19.95,0,Paid
9013885,504629,2022-06-01,10560.37,10802.17,10735.02,67.15,0,Paid
9013886,504629,2022-08-30,10422.34,10245.15,10178.88,66.27,0,Paid
9013887,504629,2022-11-28,10608.12,10355.06,10287.61,67.45,0,Paid
9013888,504630,2021-12-08,8640.48,8142.36,8061.36,81.0,5,Late
9013889,504630,2022-03-08,8954.89,8723.03,8639.08,83.95,0,Paid
9013890,504630,2022-06-06,9255.58,7851.12,7764.35,86.77,10,Late
9013891,504631,2020-12-15,1784.36,1833.12,1816.0,17.12,0,Paid
9013892,504631,2021-03-15,1848.63,1447.0,1429.27,17.73,30,Late
9013893,504631,2021-06-13,1729.32,1721.36,1704.77,16.59,0,Paid
9013894,504632,2020-07-22,1750.97,1663.95,1656.35,7.6,5,Late
9013895,504632,2020-10-20,1707.82,1741.6,1734.19,7.41,0,Paid
9013896,504632,2021-01-18,1811.38,1822.11,1814.24,7.86,10,Late
9013897,504633,2023-12-11,12399.68,11862.0,11735.31,126.68,60,Late
9013898,504633,2024-03-10,13623.99,12940.61,12801.42,139.19,30,Late
9013899,504633,2024-06-08,13178.02,12995.61,12860.98,134.64,0,Paid
9013900,504634,2024-02-06,541.79,420.93,415.67,5.25,120,Late
9013901,504634,2024-05-06,517.77,478.44,473.42,5.02,45,Late
9013902,504634,2024-08-04,548.13,538.95,533.64,5.31,45,Late
9013903,504635,2025-09-07,3521.73,3583.76,3569.35,14.41,0,Paid
9013904,504635,2025-12-06,3417.26,3417.09,3403.11,13.98,10,Late
9013905,504635,2026-03-06,3401.63,3395.04,3381.13,13.92,0,Paid
9013906,504636,2022-07-11,970.51,965.93,961.87,4.05,60,Late
9013907,504636,2022-10-09,1032.68,1024.36,1020.05,4.31,0,Paid
9013908,504636,2023-01-07,1019.97,1012.5,1008.24,4.26,0,Paid
9013909,504637,2019-10-30,6117.1,5184.18,5152.12,32.06,15,Late
9013910,504637,2020-01-28,6177.4,6076.92,6044.54,32.38,15,Late
9013911,504637,2020-04-27,6249.73,5150.28,5117.52,32.76,45,Late
9013912,504638,2021-06-29,569.13,486.66,482.44,4.21,45,Late
9013913,504638,2021-09-27,548.41,531.72,527.67,4.06,60,Late
9013914,504638,2021-12-26,553.37,546.19,542.09,4.09,60,Late
9013915,504639,2019-10-07,858.89,859.17,856.45,2.71,0,Paid
9013916,504639,2020-01-05,877.49,861.32,858.55,2.77,0,Paid
9013917,504639,2020-04-04,832.76,846.97,844.34,2.63,0,Paid
9013918,504640,2019-11-07,11994.52,11922.84,11818.39,104.45,0,Paid
9013919,504640,2020-02-05,11531.5,11437.45,11337.03,100.42,10,Late
9013920,504640,2020-05-05,11084.79,11403.7,11307.17,96.53,0,Paid
9013921,504641,2019-05-07,8811.96,8633.57,8589.22,44.35,0,Paid
9013922,504641,2019-08-05,8588.28,8760.9,8717.67,43.23,0,Paid
9013923,504641,2019-11-03,8605.35,6603.04,6559.72,43.31,5,Late
9013924,504642,2019-06-14,15594.12,15530.23,15383.65,146.58,0,Paid
9013925,504642,2019-09-12,14430.37,14157.55,14021.91,135.65,0,Paid
9013926,504642,2019-12-11,14782.03,15175.93,15036.98,138.95,0,Paid
9013927,504643,2023-07-25,1251.13,997.13,984.26,12.88,5,Late
9013928,504643,2023-10-23,1268.17,1245.68,1232.63,13.05,0,Paid
9013929,504643,2024-01-21,1306.66,1314.21,1300.76,13.45,45,Late
9013930,504644,2024-09-26,585.03,599.24,593.36,5.88,0,Paid
9013931,504644,2024-12-25,616.12,605.95,599.76,6.19,0,Paid
9013932,504644,2025-03-25,585.58,575.62,569.74,5.89,0,Paid
9013933,504645,2023-11-10,6573.73,5988.72,5960.73,27.99,60,Late
9013934,504645,2024-02-08,6849.31,5677.48,5648.31,29.17,45,Late
9013935,504645,2024-05-08,7124.86,5817.57,5787.23,30.34,15,Late
9013936,504646,2024-12-12,1741.4,1690.54,1672.51,18.02,120,Late
9013937,504646,2025-03-12,1698.26,1447.27,1429.7,17.58,120,Late
9013938,504646,2025-06-10,1810.57,1428.55,1409.81,18.74,60,Late
9013939,504647,2019-10-01,1396.31,1381.45,1368.99,12.46,0,Paid
9013940,504647,2019-12-30,1353.87,1221.03,1208.95,12.08,30,Late
9013941,504647,2020-03-29,1359.27,1328.74,1316.61,12.13,0,Paid
9013942,504648,2024-08-17,5974.2,5077.2,5013.62,63.58,15,Late
9013943,504648,2024-11-15,5765.26,5772.43,5711.08,61.35,0,Paid
9013944,504648,2025-02-13,5511.65,5629.03,5570.38,58.65,0,Paid
9013945,504649,2025-09-23,15596.18,15286.0,15101.7,184.29,0,Paid
9013946,504649,2025-12-22,14378.53,13964.13,13794.23,169.91,0,Paid
9013947,504649,2026-03-22,14900.76,14647.15,14471.07,176.08,0,Paid
9013948,504650,2020-06-06,5560.47,5578.69,5536.98,41.7,0,Paid
9013949,504650,2020-09-04,5592.04,4943.99,4902.05,41.94,45,Late
9013950,504650,2020-12-03,5351.36,5224.68,5184.54,40.14,0,Paid
9013951,504651,2025-03-09,2301.41,2068.92,2042.78,26.14,15,Late
9013952,504651,2025-06-07,2188.92,2158.48,2133.62,24.86,0,Paid
9013953,504651,2025-09-05,2149.56,1648.83,1624.42,24.42,45,Late
9013954,504652,2021-08-14,7146.89,7023.9,6973.33,50.56,0,Paid
9013955,504652,2021-11-12,6980.2,6408.48,6359.09,49.38,60,Late
9013956,504652,2022-02-10,7372.61,6851.3,6799.14,52.16,15,Late
9013957,504653,2020-03-27,135.8,127.29,126.53,0.75,15,Late
9013958,504653,2020-06-25,147.1,118.07,117.26,0.82,15,Late
9013959,504653,2020-09-23,141.49,137.95,137.16,0.79,30,Late
9013960,504654,2019-01-04,1797.16,1786.09,1778.43,7.67,120,Late
9013961,504654,2019-04-04,1844.5,1633.24,1625.37,7.87,90,Late
9013962,504654,2019-07-03,1851.7,1504.87,1496.97,7.9,90,Late
9013963,504655,2024-07-05,2258.79,2225.38,2218.4,6.98,120,Late
9013964,504655,2024-10-03,2370.8,2071.16,2063.83,7.33,60,Late
9013965,504655,2025-01-01,2215.01,2178.67,2171.82,6.85,120,Late
9013966,504656,2019-04-05,452.63,457.33,452.01,5.32,60,Late
9013967,504656,2019-07-04,466.81,373.59,368.1,5.49,30,Late
9013968,504656,2019-10-02,438.05,400.34,395.19,5.15,30,Late
9013969,504657,2020-02-14,11278.7,11448.57,11314.83,133.75,90,Late
9013970,504657,2020-05-14,11574.6,10433.24,10295.98,137.26,60,Late
9013971,504657,2020-08-12,11366.49,10579.23,10444.44,134.79,60,Late
9013972,504658,2024-03-17,6537.65,6583.35,6559.1,24.24,0,Paid
9013973,504658,2024-06-15,6501.64,6425.14,6401.03,24.11,0,Paid
9013974,504658,2024-09-13,6624.78,6559.63,6535.07,24.57,0,Paid
9013975,504659,2020-11-19,178.55,168.13,166.44,1.69,10,Late
9013976,504659,2021-02-17,175.07,173.4,171.75,1.65,0,Paid
9013977,504659,2021-05-18,179.01,176.78,175.09,1.69,0,Paid
9013978,504660,2024-03-18,2235.7,2256.53,2237.81,18.72,0,Paid
9013979,504660,2024-06-16,2333.04,2168.39,2148.85,19.54,45,Late
9013980,504660,2024-09-14,2231.86,1887.59,1868.9,18.69,45,Late
9013981,504661,2025-06-20,558.84,554.26,550.34,3.92,0,Paid
9013982,504661,2025-09-18,534.95,533.58,529.83,3.75,0,Paid
9013983,504661,2025-12-17,528.12,534.54,530.84,3.7,0,Paid
9013984,504662,2019-04-05,1037.9,863.61,851.83,11.78,60,Late
9013985,504662,2019-07-04,1064.42,1066.65,1054.57,12.08,45,Late
9013986,504662,2019-10-02,984.9,879.33,868.15,11.18,60,Late
9013987,504663,2019-10-15,1055.02,952.39,949.11,3.28,15,Late
9013988,504663,2020-01-13,1015.68,1000.31,997.16,3.16,0,Paid
9013989,504663,2020-04-12,1024.57,1018.37,1015.19,3.18,0,Paid
9013990,504664,2022-11-03,1611.39,1637.58,1623.36,14.22,0,Paid
9013991,504664,2023-02-01,1714.83,1765.07,1749.93,15.13,0,Paid
9013992,504664,2023-05-02,1635.3,1601.08,1586.65,14.43,0,Paid
9013993,504665,2024-01-02,1900.05,1863.96,1843.2,20.76,0,Paid
9013994,504665,2024-04-01,1861.53,1895.6,1875.26,20.34,0,Paid
9013995,504665,2024-06-30,1824.65,1789.32,1769.38,19.93,0,Paid
9013996,504666,2022-01-25,323.67,329.24,326.98,2.26,0,Paid
9013997,504666,2022-04-25,317.08,314.01,311.8,2.21,0,Paid
9013998,504666,2022-07-24,305.39,307.03,304.9,2.13,0,Paid
9013999,504667,2020-06-20,14554.55,13546.81,13484.22,62.58,15,Late
9014000,504667,2020-09-18,14746.44,14609.44,14546.03,63.41,60,Late
9014001,504667,2020-12-17,14769.46,13367.38,13303.87,63.51,30,Late
9014002,504668,2025-04-12,1175.55,1207.99,1200.66,7.33,0,Paid
9014003,504668,2025-07-11,1253.32,1221.31,1213.49,7.81,0,Paid
9014004,504668,2025-10-09,1179.7,1214.98,1207.62,7.35,0,Paid
9014005,504669,2025-09-14,1200.38,1162.1,1150.78,11.32,45,Late
9014006,504669,2025-12-13,1187.74,1079.29,1068.09,11.2,15,Late
9014007,504669,2026-03-13,1249.61,1022.89,1011.1,11.79,30,Late
9014008,504670,2025-08-02,15231.83,15061.69,14998.74,62.96,5,Late
9014009,504670,2025-10-31,15021.59,15362.16,15300.07,62.09,0,Paid
9014010,504670,2026-01-29,14647.34,14588.77,14528.23,60.54,0,Paid
9014011,504671,2021-09-20,773.81,773.46,768.83,4.63,0,Paid
9014012,504671,2021-12-19,780.84,775.24,770.57,4.67,0,Paid
9014013,504671,2022-03-19,774.07,688.29,683.66,4.63,15,Late
9014014,504672,2021-01-02,1081.76,1071.76,1060.2,11.56,30,Late
9014015,504672,2021-04-02,1050.19,801.77,790.55,11.22,10,Late
9014016,504672,2021-07-01,1100.1,1076.16,1064.41,11.75,0,Paid
9014017,504673,2019-03-19,14471.49,13183.27,13048.2,135.07,15,Late
9014018,504673,2019-06-17,13836.46,10557.13,10427.99,129.14,15,Late
9014019,504673,2019-09-15,14422.05,14047.19,13912.58,134.61,60,Late
9014020,504674,2024-07-13,4349.04,4360.82,4317.44,43.38,0,Paid
9014021,504674,2024-10-11,4106.54,4189.68,4148.72,40.96,0,Paid
9014022,504674,2025-01-09,4389.31,4488.35,4444.57,43.78,0,Paid
9014023,504675,2022-01-29,2733.57,2636.19,2613.71,22.48,15,Late
9014024,504675,2022-04-29,2714.08,2563.54,2541.21,22.32,5,Late
9014025,504675,2022-07-28,2930.31,2893.04,2868.94,24.1,0,Paid
9014026,504676,2019-12-19,15688.71,12666.76,12600.09,66.68,15,Late
9014027,504676,2020-03-18,14592.14,14444.1,14382.09,62.02,0,Paid
9014028,504676,2020-06-16,15012.28,14571.37,14507.57,63.8,0,Paid
9014029,504677,2024-11-26,649.5,567.65,560.47,7.18,90,Late
9014030,504677,2025-02-24,660.31,512.63,505.33,7.3,60,Late
9014031,504677,2025-05-25,690.61,599.1,591.47,7.63,60,Late
9014032,504678,2025-10-09,1462.84,1428.44,1423.06,5.38,0,Paid
9014033,504678,2026-01-07,1449.35,1446.27,1440.94,5.33,0,Paid
9014034,504678,2026-04-07,1505.33,1359.29,1353.76,5.53,5,Late
9014035,504679,2019-06-24,1068.35,1078.48,1067.27,11.22,0,Paid
9014036,504679,2019-09-22,1079.5,846.79,835.46,11.33,60,Late
9014037,504679,2019-12-21,1077.89,1074.82,1063.51,11.32,0,Paid
9014038,504680,2020-03-23,11066.9,11326.37,11198.92,127.45,0,Paid
9014039,504680,2020-06-21,10945.74,10903.99,10777.93,126.06,0,Paid
9014040,504680,2020-09-19,10702.39,10826.44,10703.18,123.26,0,Paid
9014041,504681,2024-02-17,14803.86,15021.94,14856.5,165.43,0,Paid
9014042,504681,2024-05-17,15690.26,16031.23,15855.9,175.34,0,Paid
9014043,504681,2024-08-15,15458.79,13062.49,12889.73,172.75,10,Late
9014044,504682,2021-04-28,776.88,641.91,632.82,9.09,5,Late
9014045,504682,2021-07-27,817.69,710.85,701.28,9.57,10,Late
9014046,504682,2021-10-25,760.77,606.34,597.44,8.9,90,Late
9014047,504683,2025-02-25,1227.54,1116.86,1105.0,11.86,30,Late
9014048,504683,2025-05-26,1313.64,1033.27,1020.58,12.69,45,Late
9014049,504683,2025-08-24,1284.33,1062.95,1050.54,12.4,30,Late
9014050,504684,2021-06-19,1168.66,1038.81,1025.53,13.28,15,Late
9014051,504684,2021-09-17,1128.11,1126.54,1113.72,12.82,0,Paid
9014052,504684,2021-12-16,1084.05,1084.9,1072.58,12.32,0,Paid
9014053,504685,2023-12-29,10014.42,10033.02,9929.37,103.65,0,Paid
9014054,504685,2024-03-28,10174.92,9666.54,9561.23,105.31,5,Late
9014055,504685,2024-06-26,10575.77,10847.18,10737.72,109.46,0,Paid
9014056,504686,2021-09-29,1174.85,1163.46,1153.92,9.55,0,Paid
9014057,504686,2021-12-28,1210.72,1057.47,1047.63,9.84,90,Late
9014058,504686,2022-03-28,1150.0,1144.46,1135.12,9.34,0,Paid
9014059,504687,2025-10-14,507.49,496.87,493.69,3.18,0,Paid
9014060,504687,2026-01-12,552.04,568.17,564.71,3.46,30,Late
9014061,504687,2026-04-12,552.22,552.94,549.48,3.46,0,Paid
9014062,504688,2020-02-24,830.7,824.34,816.71,7.63,0,Paid
9014063,504688,2020-05-24,850.93,832.32,824.5,7.81,0,Paid
9014064,504688,2020-08-22,796.74,804.19,796.87,7.32,0,Paid
9014065,504689,2023-02-10,2034.67,2032.61,2017.13,15.48,0,Paid
9014066,504689,2023-05-11,1960.06,1687.0,1672.09,14.91,5,Late
9014067,504689,2023-08-09,1944.91,1995.27,1980.47,14.8,0,Paid
9014068,504690,2019-02-20,1744.19,1424.58,1414.07,10.51,15,Late
9014069,504690,2019-05-21,1628.59,1652.24,1642.43,9.81,0,Paid
9014070,504690,2019-08-19,1621.46,1599.92,1590.15,9.77,0,Paid
9014071,504691,2025-08-16,1043.35,1066.98,1061.36,5.63,10,Late
9014072,504691,2025-11-14,1101.49,1069.22,1063.28,5.94,0,Paid
9014073,504691,2026-02-12,1091.64,957.38,951.49,5.89,30,Late
9014074,504692,2019-05-26,1432.5,1445.03,1434.22,10.8,0,Paid
9014075,504692,2019-08-24,1489.57,1532.98,1521.75,11.23,0,Paid
9014076,504692,2019-11-22,1479.43,1494.01,1482.85,11.16,0,Paid
9014077,504693,2024-11-13,1283.1,1253.32,1243.77,9.55,0,Paid
9014078,504693,2025-02-11,1337.96,1354.71,1344.75,9.96,0,Paid
9014079,504693,2025-05-12,1334.92,1203.29,1193.35,9.93,30,Late
9014080,504694,2024-03-02,650.91,664.1,661.75,2.35,0,Paid
9014081,504694,2024-05-31,624.22,509.1,506.84,2.26,30,Late
9014082,504694,2024-08-29,625.81,634.74,632.48,2.26,0,Paid
9014083,504695,2019-06-23,14403.14,14773.62,14665.23,108.38,90,Late
9014084,504695,2019-09-21,15712.11,16011.8,15893.57,118.23,0,Paid
9014085,504695,2019-12-20,14548.56,14901.58,14792.1,109.48,0,Paid
9014086,504696,2020-10-10,9451.9,9466.12,9415.79,50.33,0,Paid
9014087,504696,2021-01-08,8949.77,9072.02,9024.37,47.66,0,Paid
9014088,504696,2021-04-08,8984.48,8172.75,8124.9,47.84,15,Late
9014089,504697,2019-06-23,7972.89,7768.23,7695.94,72.29,0,Paid
9014090,504697,2019-09-21,7885.68,7095.41,7023.91,71.5,10,Late
9014091,504697,2019-12-20,8078.8,8010.32,7937.07,73.25,0,Paid
9014092,504698,2021-12-26,1707.92,1709.74,1701.31,8.43,0,Paid
9014093,504698,2022-03-26,1828.47,1689.56,1680.54,9.02,60,Late
9014094,504698,2022-06-24,1792.6,1809.0,1800.16,8.84,0,Paid
9014095,504699,2025-06-10,7893.59,8114.31,8056.03,58.28,45,Late
9014096,504699,2025-09-08,8090.64,8103.48,8043.74,59.74,60,Late
9014097,504699,2025-12-07,8416.69,6639.71,6577.56,62.14,60,Late
9014098,504700,2019-05-30,14607.25,14913.06,14859.86,53.19,5,Late
9014099,504700,2019-08-28,15508.85,15050.11,14993.64,56.48,0,Paid
9014100,504700,2019-11-26,15239.29,14935.69,14880.19,55.5,0,Paid
9014101,504701,2021-01-29,15708.14,16147.98,16020.09,127.89,0,Paid
9014102,504701,2021-04-29,15074.79,15401.93,15279.19,122.73,0,Paid
9014103,504701,2021-07-28,15087.44,15044.21,14921.37,122.84,0,Paid
9014104,504702,2022-02-22,7029.33,6868.33,6832.48,35.85,0,Paid
9014105,504702,2022-05-23,7217.97,5428.93,5392.12,36.81,5,Late
9014106,504702,2022-08-21,7291.29,7456.65,7419.47,37.19,0,Paid
9014107,504703,2023-03-20,1734.62,1477.63,1459.05,18.59,90,Late
9014108,504703,2023-06-18,1870.69,1869.34,1849.3,20.05,60,Late
9014109,504703,2023-09-16,1784.87,1800.96,1781.83,19.13,45,Late
9014110,504704,2024-06-30,320.35,312.66,309.92,2.75,0,Paid
9014111,504704,2024-09-28,324.11,330.71,327.93,2.78,0,Paid
9014112,504704,2024-12-27,314.47,322.3,319.6,2.7,0,Paid
9014113,504705,2025-06-15,637.48,630.58,626.23,4.35,0,Paid
9014114,504705,2025-09-13,618.05,499.77,495.55,4.22,15,Late
9014115,504705,2025-12-12,613.7,534.02,529.83,4.19,90,Late
9014116,504706,2022-07-24,897.63,912.09,902.95,9.14,0,Paid
9014117,504706,2022-10-22,910.31,915.11,905.84,9.27,0,Paid
9014118,504706,2023-01-20,857.29,839.48,830.75,8.73,0,Paid
9014119,504707,2025-09-23,7443.71,7280.83,7205.95,74.87,0,Paid
9014120,504707,2025-12-22,7521.49,7559.51,7483.85,75.65,0,Paid
9014121,504707,2026-03-22,8092.19,8233.19,8151.79,81.39,0,Paid
9014122,504708,2022-09-08,7447.95,6749.46,6681.5,67.96,60,Late
9014123,504708,2022-12-07,7953.58,6430.01,6357.44,72.58,60,Late
9014124,504708,2023-03-07,7806.8,5979.48,5908.24,71.24,30,Late
9014125,504709,2021-06-23,15415.8,15188.54,15130.99,57.55,0,Paid
9014126,504709,2021-09-21,15506.75,15677.71,15619.82,57.89,5,Late
9014127,504709,2021-12-20,14692.67,14410.31,14355.46,54.85,0,Paid
9014128,504710,2022-01-02,6932.98,6906.91,6876.05,30.85,0,Paid
9014129,504710,2022-04-02,7492.56,7637.13,7603.79,33.34,30,Late
9014130,504710,2022-07-01,7036.89,5284.56,5253.25,31.31,10,Late
9014131,504711,2019-03-16,713.48,698.63,693.72,4.91,5,Late
9014132,504711,2019-06-14,703.67,704.55,699.72,4.84,0,Paid
9014133,504711,2019-09-12,755.03,760.79,755.6,5.19,0,Paid
9014134,504712,2021-01-11,442.88,430.12,428.16,1.96,30,Late
9014135,504712,2021-04-11,458.38,417.78,415.75,2.03,60,Late
9014136,504712,2021-07-10,467.83,473.85,471.78,2.07,45,Late
9014137,504713,2025-01-10,499.07,457.18,455.48,1.7,45,Late
9014138,504713,2025-04-10,518.62,529.93,528.17,1.77,45,Late
9014139,504713,2025-07-09,492.96,380.5,378.82,1.68,45,Late
9014140,504714,2024-02-12,14359.19,14039.18,13904.8,134.38,0,Paid
9014141,504714,2024-05-12,14686.52,14491.1,14353.66,137.44,0,Paid
9014142,504714,2024-08-10,15225.27,15394.89,15252.4,142.48,0,Paid
9014143,504715,2023-12-30,235.25,229.57,226.78,2.79,0,Paid
9014144,504715,2024-03-29,216.9,212.6,210.02,2.58,0,Paid
9014145,504715,2024-06-27,234.94,236.11,233.32,2.79,0,Paid
9014146,504716,2024-11-02,15561.77,15227.42,15168.28,59.13,0,Paid
9014147,504716,2025-01-31,14881.04,14578.87,14522.32,56.55,0,Paid
9014148,504716,2025-05-01,14314.96,14273.71,14219.32,54.4,10,Late
9014149,504717,2019-06-04,14471.84,13133.6,13004.07,129.52,30,Late
9014150,504717,2019-09-02,14557.31,14936.43,14806.14,130.29,0,Paid
9014151,504717,2019-12-01,14579.71,11424.4,11293.92,130.49,10,Late
9014152,504718,2020-12-27,1776.29,1729.57,1711.37,18.19,0,Paid
9014153,504718,2021-03-27,1787.1,1833.5,1815.2,18.3,0,Paid
9014154,504718,2021-06-25,1852.14,1800.63,1781.66,18.97,0,Paid
9014155,504719,2025-06-14,1775.08,1361.08,1345.86,15.22,120,Late
9014156,504719,2025-09-12,1777.28,1594.98,1579.74,15.24,90,Late
9014157,504719,2025-12-11,1805.82,1640.6,1625.11,15.48,120,Late
9014158,504720,2023-03-17,8533.31,8534.12,8452.98,81.14,0,Paid
9014159,504720,2023-06-15,8791.2,8737.91,8654.32,83.59,0,Paid
9014160,504720,2023-09-13,9224.71,9105.22,9017.51,87.71,0,Paid
9014161,504721,2021-10-28,14754.12,14513.46,14363.33,150.12,0,Paid
9014162,504721,2022-01-26,14696.27,12198.16,12048.62,149.53,5,Late
9014163,504721,2022-04-26,15662.56,12653.81,12494.44,159.37,5,Late
9014164,504722,2025-06-15,1757.57,1743.59,1730.1,13.49,0,Paid
9014165,504722,2025-09-13,1795.44,1777.48,1763.7,13.78,0,Paid
9014166,504722,2025-12-12,1756.56,1475.13,1461.65,13.48,15,Late
9014167,504723,2025-06-14,1389.54,1421.56,1405.18,16.37,0,Paid
9014168,504723,2025-09-12,1305.79,1193.21,1177.82,15.39,30,Late
9014169,504723,2025-12-11,1368.39,1208.43,1192.31,16.12,5,Late
9014170,504724,2024-04-29,8259.58,7980.14,7930.72,49.42,30,Late
9014171,504724,2024-07-28,8101.84,8125.21,8076.73,48.48,0,Paid
9014172,504724,2024-10-26,7633.53,7679.33,7633.66,45.67,0,Paid
9014173,504725,2025-01-09,5422.6,5287.33,5231.66,55.67,120,Late
9014174,504725,2025-04-09,5349.52,4049.88,3994.96,54.92,90,Late
9014175,504725,2025-07-08,5153.47,4714.33,4661.42,52.91,120,Late
9014176,504726,2021-05-31,1508.47,1488.22,1481.22,7.0,0,Paid
9014177,504726,2021-08-29,1554.11,1543.71,1536.49,7.21,0,Paid
9014178,504726,2021-11-27,1447.12,1462.7,1455.98,6.72,0,Paid
9014179,504727,2021-06-10,2962.33,2934.56,2912.17,22.39,0,Paid
9014180,504727,2021-09-08,2937.8,2965.54,2943.34,22.2,0,Paid
9014181,504727,2021-12-07,2867.71,2930.39,2908.72,21.68,0,Paid
9014182,504728,2023-12-05,15047.57,14613.37,14538.14,75.24,0,Paid
9014183,504728,2024-03-04,14382.05,12722.88,12650.97,71.91,10,Late
9014184,504728,2024-06-02,14873.63,15243.36,15168.99,74.37,0,Paid
9014185,504729,2019-09-28,1438.4,1458.59,1442.45,16.15,0,Paid
9014186,504729,2019-12-27,1444.0,1431.43,1415.23,16.21,0,Paid
9014187,504729,2020-03-26,1535.78,1508.13,1490.89,17.24,0,Paid
9014188,504730,2019-08-17,7933.37,7803.58,7739.38,64.19,0,Paid
9014189,504730,2019-11-15,7878.4,7705.98,7642.23,63.75,0,Paid
9014190,504730,2020-02-13,7545.79,7428.78,7367.73,61.06,0,Paid
9014191,504731,2020-12-02,1013.54,805.58,798.29,7.3,60,Late
9014192,504731,2021-03-02,1058.42,813.73,806.11,7.62,120,Late
9014193,504731,2021-05-31,1104.15,1129.24,1121.29,7.95,45,Late
9014194,504732,2025-09-18,15386.81,15352.83,15168.58,184.26,0,Paid
9014195,504732,2025-12-17,14444.0,14299.95,14126.98,172.97,0,Paid
9014196,504732,2026-03-17,14794.98,14984.92,14807.75,177.17,0,Paid
9014197,504733,2023-07-09,8819.83,8018.32,7922.63,95.7,5,Late
9014198,504733,2023-10-07,9663.4,9644.9,9540.06,104.85,0,Paid
9014199,504733,2024-01-05,9636.62,9870.01,9765.45,104.56,30,Late
9014200,504734,2020-06-12,1726.12,1701.09,1695.05,6.04,60,Late
9014201,504734,2020-09-10,1737.39,1531.25,1525.16,6.08,45,Late
9014202,504734,2020-12-09,1830.52,1687.11,1680.7,6.41,60,Late
9014203,504735,2025-05-27,2165.99,2222.37,2215.48,6.9,0,Paid
9014204,504735,2025-08-25,2211.65,2133.69,2126.65,7.04,10,Late
9014205,504735,2025-11-23,2325.75,2348.77,2341.36,7.4,0,Paid
9014206,504736,2020-11-19,13319.38,10188.02,10061.6,126.42,120,Late
9014207,504736,2021-02-17,14080.57,14371.34,14237.7,133.65,60,Late
9014208,504736,2021-05-18,14149.47,10965.77,10831.46,134.3,120,Late
9014209,504737,2020-01-17,2372.44,2366.97,2346.25,20.72,0,Paid
9014210,504737,2020-04-16,2307.14,2296.58,2276.43,20.15,0,Paid
9014211,504737,2020-07-15,2162.78,1714.05,1695.16,18.89,5,Late
9014212,504738,2020-08-12,5822.1,5975.63,5955.68,19.94,30,Late
9014213,504738,2020-11-10,6067.59,5851.42,5830.64,20.78,15,Late
9014214,504738,2021-02-08,5720.69,5771.88,5752.29,19.59,45,Late
9014215,504739,2022-02-20,1989.17,1967.94,1945.02,22.93,5,Late
9014216,504739,2022-05-21,1959.84,1951.17,1928.58,22.59,0,Paid
9014217,504739,2022-08-19,1871.85,1881.12,1859.55,21.57,0,Paid
9014218,504740,2019-05-25,699.23,711.83,709.35,2.48,0,Paid
9014219,504740,2019-08-23,709.98,721.75,719.23,2.52,0,Paid
9014220,504740,2019-11-21,698.22,692.72,690.24,2.48,0,Paid
9014221,504741,2024-08-04,11037.34,10801.56,10748.77,52.8,0,Paid
9014222,504741,2024-11-02,10800.25,11108.04,11056.38,51.66,0,Paid
9014223,504741,2025-01-31,11720.43,11939.64,11883.58,56.06,0,Paid
9014224,504742,2024-05-06,1008.45,986.4,978.85,7.55,0,Paid
9014225,504742,2024-08-04,983.6,956.87,949.51,7.36,0,Paid
9014226,504742,2024-11-02,971.04,985.05,977.79,7.27,0,Paid
9014227,504743,2021-08-10,1068.44,916.67,906.15,10.52,10,Late
9014228,504743,2021-11-08,1097.15,1120.91,1110.11,10.8,0,Paid
9014229,504743,2022-02-06,1104.65,1003.64,992.77,10.87,60,Late
9014230,504744,2020-05-03,13154.8,11103.39,11049.89,53.5,60,Late
9014231,504744,2020-08-01,13170.29,12571.9,12518.34,53.56,15,Late
9014232,504744,2020-10-30,14319.57,11860.29,11802.06,58.23,15,Late
9014233,504745,2023-02-16,549.65,428.77,425.63,3.14,30,Late
9014234,504745,2023-05-17,557.16,552.57,549.39,3.18,60,Late
9014235,504745,2023-08-15,595.09,594.29,590.9,3.4,0,Paid
9014236,504746,2022-10-12,9556.3,7507.15,7467.57,39.58,90,Late
9014237,504746,2023-01-10,10197.04,9751.73,9709.49,42.23,90,Late
9014238,504746,2023-04-10,10068.13,8153.97,8112.27,41.7,90,Late
9014239,504747,2020-07-04,258.06,262.26,261.26,1.0,0,Paid
9014240,504747,2020-10-02,265.5,268.28,267.25,1.03,45,Late
9014241,504747,2020-12-31,273.49,274.96,273.91,1.06,0,Paid
9014242,504748,2025-01-25,15512.69,15563.39,15391.85,171.54,0,Paid
9014243,504748,2025-04-25,15051.78,15016.51,14850.07,166.45,0,Paid
9014244,504748,2025-07-24,14867.09,15290.16,15125.76,164.41,0,Paid
9014245,504749,2021-09-08,14843.48,15185.52,15127.63,57.89,0,Paid
9014246,504749,2021-12-07,15499.24,12332.6,12272.15,60.45,15,Late
9014247,504749,2022-03-07,14554.48,14848.33,14791.57,56.76,0,Paid
9014248,504750,2019-04-18,1762.9,1728.16,1707.13,21.02,0,Paid
9014249,504750,2019-07-17,1714.82,1750.49,1730.05,20.45,0,Paid
9014250,504750,2019-10-15,1783.0,1760.65,1739.38,21.26,0,Paid
9014251,504751,2023-05-15,887.86,690.67,687.59,3.08,10,Late
9014252,504751,2023-08-13,955.4,930.48,927.17,3.31,0,Paid
9014253,504751,2023-11-11,950.37,943.53,940.24,3.29,0,Paid
9014254,504752,2020-09-16,1342.08,1329.95,1323.48,6.48,0,Paid
9014255,504752,2020-12-15,1321.59,1328.44,1322.06,6.38,0,Paid
9014256,504752,2021-03-15,1334.94,1369.38,1362.94,6.44,0,Paid
9014257,504753,2020-10-06,1742.5,1719.55,1700.82,18.73,0,Paid
9014258,504753,2021-01-04,1792.97,1833.62,1814.34,19.27,0,Paid
9014259,504753,2021-04-04,1845.31,1670.43,1650.59,19.84,5,Late
9014260,504754,2023-02-18,12171.65,12056.5,12013.5,43.01,0,Paid
9014261,504754,2023-05-19,12273.83,12465.67,12422.3,43.37,0,Paid
9014262,504754,2023-08-17,12415.2,11587.94,11544.08,43.87,5,Late
9014263,504755,2024-04-13,14798.14,14895.81,14726.74,169.07,0,Paid
9014264,504755,2024-07-12,14374.67,14276.53,14112.3,164.23,0,Paid
9014265,504755,2024-10-10,15108.01,15278.68,15106.07,172.61,0,Paid
9014266,504756,2019-11-30,1021.92,1033.57,1021.33,12.24,0,Paid
9014267,504756,2020-02-28,1042.04,863.92,851.44,12.48,10,Late
9014268,504756,2020-05-28,1022.95,1039.04,1026.79,12.25,0,Paid
9014269,504757,2022-06-26,2125.72,2120.77,2100.7,20.07,0,Paid
9014270,504757,2022-09-24,1970.05,1936.17,1917.57,18.6,0,Paid
9014271,504757,2022-12-23,2115.64,1973.28,1953.3,19.98,30,Late
9014272,504758,2020-11-05,5659.6,4290.46,4227.64,62.82,45,Late
9014273,504758,2021-02-03,5719.46,4402.6,4339.12,63.49,60,Late
9014274,504758,2021-05-04,5922.5,5331.67,5265.93,65.74,45,Late
9014275,504759,2022-05-09,14791.19,12886.38,12835.85,50.54,45,Late
9014276,504759,2022-08-07,15509.02,14100.23,14047.24,52.99,60,Late
9014277,504759,2022-11-05,14602.38,11846.73,11796.84,49.89,30,Late
9014278,504760,2019-10-27,9003.64,8900.98,8849.13,51.85,0,Paid
9014279,504760,2020-01-25,8999.24,8836.77,8784.95,51.82,5,Late
9014280,504760,2020-04-24,8714.09,8530.71,8480.53,50.18,0,Paid
9014281,504761,2024-02-17,3703.75,3798.16,3766.49,31.67,0,Paid
9014282,504761,2024-05-17,3806.28,3728.19,3695.65,32.54,0,Paid
9014283,504761,2024-08-15,3885.5,3821.84,3788.61,33.22,0,Paid
9014284,504762,2019-08-16,1734.08,1661.07,1641.73,19.33,90,Late
9014285,504762,2019-11-14,1763.81,1330.16,1310.5,19.67,120,Late
9014286,504762,2020-02-12,1673.7,1366.2,1347.54,18.66,45,Late
9014287,504763,2022-05-12,15130.35,14943.26,14782.63,160.63,0,Paid
9014288,504763,2022-08-10,14572.16,14993.26,14838.55,154.71,0,Paid
9014289,504763,2022-11-08,14599.59,14945.18,14790.18,155.0,0,Paid
9014290,504764,2022-04-27,15351.79,13545.31,13482.5,62.81,60,Late
9014291,504764,2022-07-26,14399.66,14270.1,14211.18,58.92,0,Paid
9014292,504764,2022-10-24,15528.17,15341.24,15277.71,63.54,15,Late
9014293,504765,2025-11-17,7483.23,7489.3,7438.73,50.57,0,Paid
9014294,504765,2026-02-15,7331.85,6130.56,6081.01,49.55,10,Late
9014295,504765,2026-05-16,7376.74,7474.17,7424.32,49.85,0,Paid
9014296,504766,2024-12-14,902.64,889.26,882.76,6.51,0,Paid
9014297,504766,2025-03-14,951.32,962.99,956.13,6.86,0,Paid
9014298,504766,2025-06-12,874.76,866.46,860.16,6.31,0,Paid
9014299,504767,2021-04-05,14659.02,13370.07,13228.24,141.83,60,Late
9014300,504767,2021-07-04,15708.23,13177.45,13025.48,151.98,60,Late
9014301,504767,2021-10-02,14915.46,11649.06,11504.75,144.31,30,Late
9014302,504768,2025-09-03,14963.94,12313.31,12210.05,103.25,5,Late
9014303,504768,2025-12-02,14942.03,14587.22,14484.12,103.1,0,Paid
9014304,504768,2026-03-02,13880.35,14010.6,13914.83,95.77,0,Paid
9014305,504769,2023-08-09,1275.37,1033.25,1019.41,13.84,15,Late
9014306,504769,2023-11-07,1212.82,1246.53,1233.37,13.16,0,Paid
9014307,504769,2024-02-05,1264.4,1206.45,1192.73,13.72,30,Late
9014308,504770,2020-12-21,12323.74,11154.48,11093.27,61.21,45,Late
9014309,504770,2021-03-21,12292.94,12637.95,12576.89,61.05,10,Late
9014310,504770,2021-06-19,13219.86,11335.48,11269.82,65.66,45,Late
9014311,504771,2024-04-03,5252.86,5327.9,5279.09,48.81,15,Late
9014312,504771,2024-07-02,5429.76,5549.76,5499.31,50.45,15,Late
9014313,504771,2024-09-30,5437.93,4368.42,4317.89,50.53,60,Late
9014314,504772,2025-06-12,4093.38,3996.59,3957.43,39.16,60,Late
9014315,504772,2025-09-10,3893.34,3909.72,3872.47,37.25,0,Paid
9014316,504772,2025-12-09,3896.25,3965.99,3928.71,37.27,0,Paid
9014317,504773,2020-09-19,15703.49,15951.34,15853.97,97.36,0,Paid
9014318,504773,2020-12-18,14579.43,11540.05,11449.66,90.39,45,Late
9014319,504773,2021-03-18,14267.13,11584.57,11496.11,88.46,10,Late
9014320,504774,2024-01-31,4897.17,4214.13,4195.03,19.1,15,Late
9014321,504774,2024-04-30,5136.24,5208.12,5188.09,20.03,15,Late
9014322,504774,2024-07-29,5216.59,4913.77,4893.43,20.34,45,Late
9014323,504775,2021-04-10,9005.17,6887.77,6829.08,58.68,60,Late
9014324,504775,2021-07-09,8465.61,8512.98,8457.81,55.17,0,Paid
9014325,504775,2021-10-07,9083.94,8801.78,8742.59,59.2,30,Late
9014326,504776,2024-06-04,1513.89,1541.02,1531.27,9.75,0,Paid
9014327,504776,2024-09-02,1497.02,1425.28,1415.64,9.64,15,Late
9014328,504776,2024-12-01,1591.74,1615.43,1605.18,10.25,0,Paid
9014329,504777,2019-11-28,1769.63,1392.2,1380.42,11.78,5,Late
9014330,504777,2020-02-26,1781.68,1775.76,1763.9,11.86,0,Paid
9014331,504777,2020-05-26,1777.67,1736.15,1724.31,11.84,0,Paid
9014332,504778,2020-02-07,7116.77,6268.82,6245.63,23.19,15,Late
9014333,504778,2020-05-07,7145.21,5765.43,5742.15,23.28,45,Late
9014334,504778,2020-08-05,7031.24,5569.18,5546.27,22.91,15,Late
9014335,504779,2025-04-04,2047.78,1938.41,1924.32,14.1,10,Late
9014336,504779,2025-07-03,2036.83,2028.4,2014.37,14.02,0,Paid
9014337,504779,2025-10-01,2096.95,2117.34,2102.91,14.43,60,Late
9014338,504780,2019-10-21,1904.59,1932.82,1924.04,8.78,0,Paid
9014339,504780,2020-01-19,1932.76,1896.22,1887.31,8.91,0,Paid
9014340,504780,2020-04-18,1772.65,1525.32,1517.15,8.17,10,Late
9014341,504781,2023-05-25,12511.35,12512.93,12472.99,39.93,0,Paid
9014342,504781,2023-08-23,11911.54,12258.23,12220.22,38.02,90,Late
9014343,504781,2023-11-21,12359.98,12322.87,12283.42,39.45,0,Paid
9014344,504782,2020-08-24,14888.06,14705.69,14660.9,44.79,0,Paid
9014345,504782,2020-11-22,14870.95,14482.24,14437.51,44.74,0,Paid
9014346,504782,2021-02-20,14865.0,14489.07,14444.35,44.72,0,Paid
9014347,504783,2021-06-11,1755.74,1801.95,1785.89,16.07,0,Paid
9014348,504783,2021-09-09,1650.95,1613.23,1598.12,15.11,60,Late
9014349,504783,2021-12-08,1757.6,1754.24,1738.16,16.08,0,Paid
9014350,504784,2024-10-10,2113.12,1699.1,1678.92,20.18,15,Late
9014351,504784,2025-01-08,2210.69,1828.23,1807.12,21.11,60,Late
9014352,504784,2025-04-08,2147.47,2187.62,2167.11,20.51,30,Late
9014353,504785,2022-04-28,2105.66,2069.55,2053.51,16.04,0,Paid
9014354,504785,2022-07-27,2110.36,2117.5,2101.42,16.07,0,Paid
9014355,504785,2022-10-25,1944.62,1980.44,1965.63,14.81,0,Paid
9014356,504786,2021-11-04,516.8,517.63,514.13,3.51,0,Paid
9014357,504786,2022-02-02,559.88,559.71,555.92,3.8,60,Late
9014358,504786,2022-05-03,554.98,557.36,553.59,3.76,0,Paid
9014359,504787,2019-12-25,13205.51,11853.19,11742.26,110.93,90,Late
9014360,504787,2020-03-24,12735.97,10113.75,10006.76,106.98,90,Late
9014361,504787,2020-06-22,13140.79,11029.15,10918.77,110.38,120,Late
9014362,504788,2023-11-17,3153.09,3081.62,3071.42,10.19,0,Paid
9014363,504788,2024-02-15,3020.09,3101.93,3092.16,9.76,30,Late
9014364,504788,2024-05-15,3265.26,2471.05,2460.49,10.56,5,Late
9014365,504789,2022-06-26,1337.22,1332.25,1327.5,4.76,0,Paid
9014366,504789,2022-09-24,1439.94,1123.16,1118.04,5.12,5,Late
9014367,504789,2022-12-23,1407.44,1394.18,1389.18,5.01,0,Paid
9014368,504790,2024-03-06,1108.48,999.05,993.04,6.01,90,Late
9014369,504790,2024-06-04,1105.26,1095.36,1089.37,6.0,0,Paid
9014370,504790,2024-09-02,1191.37,1181.24,1174.78,6.46,0,Paid
9014371,504791,2021-11-06,4255.33,3938.82,3896.37,42.45,15,Late
9014372,504791,2022-02-04,3908.01,3963.33,3924.35,38.98,0,Paid
9014373,504791,2022-05-05,3985.71,3950.04,3910.28,39.76,0,Paid
9014374,504792,2023-09-08,1286.97,1235.56,1228.73,6.83,60,Late
9014375,504792,2023-12-07,1213.48,1124.99,1118.55,6.44,60,Late
9014376,504792,2024-03-06,1205.24,948.65,942.25,6.4,90,Late
9014377,504793,2025-04-18,14909.72,14595.86,14471.36,124.5,0,Paid
9014378,504793,2025-07-17,14377.88,14372.65,14252.59,120.06,0,Paid
9014379,504793,2025-10-15,14768.17,14680.7,14557.39,123.31,0,Paid
9014380,504794,2021-01-21,13339.69,13114.17,12992.55,121.61,0,Paid
9014381,504794,2021-04-21,13098.18,12836.38,12716.97,119.41,0,Paid
9014382,504794,2021-07-20,13740.97,13778.46,13653.19,125.27,0,Paid
9014383,504795,2020-06-13,577.69,580.68,576.96,3.72,0,Paid
9014384,504795,2020-09-11,567.32,561.96,558.3,3.65,0,Paid
9014385,504795,2020-12-10,543.45,465.78,462.28,3.5,5,Late
9014386,504796,2021-06-27,6050.44,6193.26,6122.07,71.19,0,Paid
9014387,504796,2021-09-25,6361.42,6430.85,6356.0,74.85,0,Paid
9014388,504796,2021-12-24,5977.51,6105.4,6035.06,70.34,0,Paid
9014389,504797,2024-09-28,12591.66,12815.43,12777.76,37.67,0,Paid
9014390,504797,2024-12-27,12691.28,11809.09,11771.12,37.97,5,Late
9014391,504797,2025-03-27,13075.44,13434.85,13395.73,39.12,0,Paid
9014392,504798,2020-10-26,14804.06,15247.81,15116.42,131.39,0,Paid
9014393,504798,2021-01-24,15345.32,14503.38,14367.19,136.19,5,Late
9014394,504798,2021-04-24,14383.6,14420.75,14293.1,127.65,0,Paid
9014395,504799,2021-08-28,215.92,221.13,219.09,2.03,0,Paid
9014396,504799,2021-11-26,205.49,211.3,209.36,1.94,0,Paid
9014397,504799,2022-02-24,217.56,221.55,219.5,2.05,0,Paid
9014398,504800,2022-05-22,949.04,727.75,723.3,4.45,5,Late
9014399,504800,2022-08-20,1008.34,766.33,761.6,4.73,30,Late
9014400,504800,2022-11-18,975.27,959.9,955.33,4.58,0,Paid
9014401,504801,2020-10-17,10911.15,10629.92,10572.0,57.92,0,Paid
9014402,504801,2021-01-15,11317.42,11408.6,11348.53,60.08,0,Paid
9014403,504801,2021-04-15,11508.64,11818.32,11757.23,61.09,0,Paid
9014404,504802,2019-06-15,1995.82,1947.79,1925.3,22.49,0,Paid
9014405,504802,2019-09-13,1925.47,1529.83,1508.14,21.69,90,Late
9014406,504802,2019-12-12,1995.65,2017.74,1995.26,22.48,0,Paid
9014407,504803,2020-10-10,7157.19,7156.26,7093.04,63.22,0,Paid
9014408,504803,2021-01-08,6680.25,6597.7,6538.69,59.01,0,Paid
9014409,504803,2021-04-08,6932.83,5859.69,5798.45,61.24,15,Late
9014410,504804,2019-11-23,15237.82,14452.28,14333.93,118.35,30,Late
9014411,504804,2020-02-21,15288.83,12034.01,11915.27,118.74,90,Late
9014412,504804,2020-05-21,15021.46,13813.19,13696.52,116.67,45,Late
9014413,504805,2021-11-27,3734.29,3682.32,3658.21,24.12,0,Paid
9014414,504805,2022-02-25,3655.6,3655.38,3631.77,23.61,0,Paid
9014415,504805,2022-05-26,3767.04,2948.33,2924.0,24.33,10,Late
9014416,504806,2025-01-04,1604.29,1582.16,1572.47,9.69,0,Paid
9014417,504806,2025-04-04,1506.43,1530.45,1521.35,9.1,0,Paid
9014418,504806,2025-07-03,1530.41,1394.2,1384.95,9.25,60,Late
9014419,504807,2021-06-25,952.38,877.17,866.39,10.78,5,Late
9014420,504807,2021-09-23,935.23,930.59,920.0,10.58,90,Late
9014421,504807,2021-12-22,885.76,903.57,893.55,10.02,0,Paid
9014422,504808,2025-11-30,370.92,371.05,367.99,3.06,45,Late
9014423,504808,2026-02-28,382.25,372.37,369.21,3.16,60,Late
9014424,504808,2026-05-29,375.53,313.4,310.3,3.1,60,Late
9014425,504809,2023-07-14,5132.96,4778.12,4758.4,19.72,5,Late
9014426,504809,2023-10-12,4975.57,4841.68,4822.56,19.11,0,Paid
9014427,504809,2024-01-10,4993.5,5099.69,5080.5,19.18,0,Paid
9014428,504810,2020-11-01,2787.99,2778.29,2756.41,21.89,0,Paid
9014429,504810,2021-01-30,2612.97,1988.6,1968.08,20.51,5,Late
9014430,504810,2021-04-30,2651.05,2715.99,2695.18,20.81,0,Paid
9014431,504811,2021-01-24,10414.05,8686.61,8619.18,67.43,60,Late
9014432,504811,2021-04-24,9709.27,9101.11,9038.24,62.87,15,Late
9014433,504811,2021-07-23,10411.36,9552.43,9485.01,67.41,30,Late
9014434,504812,2023-07-02,13696.7,13657.9,13615.1,42.8,0,Paid
9014435,504812,2023-09-30,13007.13,12324.59,12283.94,40.65,15,Late
9014436,504812,2023-12-29,12734.01,11067.54,11027.75,39.79,60,Late
9014437,504813,2019-10-15,7518.09,6920.24,6859.78,60.46,90,Late
9014438,504813,2020-01-13,7562.06,7662.24,7601.43,60.81,0,Paid
9014439,504813,2020-04-12,7148.75,7061.14,7003.65,57.49,0,Paid
9014440,504814,2021-04-01,3385.27,3395.08,3373.08,22.0,0,Paid
9014441,504814,2021-06-30,3412.23,3252.63,3230.45,22.18,45,Late
9014442,504814,2021-09-28,3496.46,3525.95,3503.23,22.73,0,Paid
9014443,504815,2023-11-20,14579.32,14825.5,14653.46,172.04,0,Paid
9014444,504815,2024-02-18,14238.91,14271.47,14103.45,168.02,0,Paid
9014445,504815,2024-05-18,13910.42,13667.81,13503.67,164.14,30,Late
9014446,504816,2022-02-24,4443.5,3474.11,3443.63,30.48,5,Late
9014447,504816,2022-05-25,4446.07,4542.88,4512.39,30.49,0,Paid
9014448,504816,2022-08-23,4554.53,4476.17,4444.93,31.24,0,Paid
9014449,504817,2020-09-19,2439.48,2383.46,2364.31,19.15,45,Late
9014450,504817,2020-12-18,2378.59,2446.05,2427.38,18.67,0,Paid
9014451,504817,2021-03-18,2392.23,2458.86,2440.08,18.78,0,Paid
9014452,504818,2020-10-19,13035.63,12650.42,12498.67,151.76,0,Paid
9014453,504818,2021-01-17,12920.49,13070.69,12920.28,150.42,0,Paid
9014454,504818,2021-04-17,12314.56,12068.95,11925.59,143.36,0,Paid
9014455,504819,2021-10-16,7968.76,8135.1,8074.87,60.23,0,Paid
9014456,504819,2022-01-14,7350.98,7172.48,7116.92,55.56,0,Paid
9014457,504819,2022-04-14,7948.21,7688.43,7628.35,60.08,45,Late
9014458,504820,2024-03-15,163.46,144.89,143.77,1.12,60,Late
9014459,504820,2024-06-13,176.05,146.01,144.81,1.2,60,Late
9014460,504820,2024-09-11,165.38,137.64,136.51,1.13,45,Late
9014461,504821,2025-07-14,3432.1,3424.54,3391.59,32.95,0,Paid
9014462,504821,2025-10-12,3415.31,3490.55,3457.76,32.79,0,Paid
9014463,504821,2026-01-10,3478.4,3191.09,3157.69,33.39,15,Late
9014464,504822,2020-03-09,1139.55,962.38,957.32,5.06,15,Late
9014465,504822,2020-06-07,1214.45,1194.88,1189.49,5.39,0,Paid
9014466,504822,2020-09-05,1175.22,1155.9,1150.68,5.22,0,Paid
9014467,504823,2024-09-25,5126.18,4513.3,4473.45,39.86,90,Late
9014468,504823,2024-12-24,5227.42,4029.75,3989.1,40.64,10,Late
9014469,504823,2025-03-24,5153.0,5036.19,4996.13,40.06,0,Paid
9014470,504824,2021-12-09,1727.7,1361.64,1341.31,20.33,60,Late
9014471,504824,2022-03-09,1632.15,1481.48,1462.28,19.2,60,Late
9014472,504824,2022-06-07,1595.0,1612.69,1593.92,18.77,5,Late
9014473,504825,2021-09-21,12758.75,12397.19,12250.47,146.73,30,Late
9014474,504825,2021-12-20,12926.01,12834.33,12685.68,148.65,0,Paid
9014475,504825,2022-03-20,12330.97,12362.82,12221.01,141.81,0,Paid
9014476,504826,2020-03-07,12916.43,10742.67,10686.59,56.08,10,Late
9014477,504826,2020-06-05,12638.52,12846.03,12791.16,54.87,0,Paid
9014478,504826,2020-09-03,13124.68,12696.11,12639.12,56.98,45,Late
9014479,504827,2019-02-16,12216.73,12112.68,11999.67,113.0,0,Paid
9014480,504827,2019-05-17,11227.3,9502.29,9398.43,103.85,5,Late
9014481,504827,2019-08-15,11655.29,11492.54,11384.73,107.81,0,Paid
9014482,504828,2023-06-23,1418.76,1402.21,1394.49,7.72,0,Paid
9014483,504828,2023-09-21,1467.08,1241.91,1233.93,7.98,15,Late
9014484,504828,2023-12-20,1441.9,1182.07,1174.22,7.85,5,Late
9014485,504829,2020-01-16,4434.57,4491.24,4460.53,30.71,0,Paid
9014486,504829,2020-04-15,4408.08,4417.3,4386.77,30.53,0,Paid
9014487,504829,2020-07-14,4224.52,4310.11,4280.86,29.25,15,Late
9014488,504830,2019-12-07,14862.26,12409.46,12330.57,78.89,60,Late
9014489,504830,2020-03-06,15648.44,15441.43,15358.37,83.07,0,Paid
9014490,504830,2020-06-04,15534.34,15390.77,15308.31,82.46,0,Paid
9014491,504831,2022-07-11,7011.91,6936.11,6895.03,41.08,0,Paid
9014492,504831,2022-10-09,7224.97,6155.34,6113.01,42.33,15,Late
9014493,504831,2023-01-07,7542.74,6845.08,6800.89,44.19,60,Late
9014494,504832,2024-11-30,876.55,857.24,849.9,7.34,0,Paid
9014495,504832,2025-02-28,924.58,946.21,938.47,7.74,0,Paid
9014496,504832,2025-05-29,870.82,879.31,872.02,7.29,5,Late
9014497,504833,2022-08-30,14676.45,14496.29,14322.74,173.55,5,Late
9014498,504833,2022-11-28,14960.72,13694.86,13517.95,176.91,60,Late
9014499,504833,2023-02-26,14403.38,14795.86,14625.54,170.32,0,Paid
9014500,504834,2019-07-25,6459.9,6483.03,6426.46,56.58,0,Paid
9014501,504834,2019-10-23,6512.0,6621.58,6564.55,57.03,0,Paid
9014502,504834,2020-01-21,6409.85,6422.65,6366.51,56.14,0,Paid
9014503,504835,2024-05-19,2381.64,1978.22,1970.81,7.4,15,Late
9014504,504835,2024-08-17,2422.94,2091.2,2083.67,7.53,45,Late
9014505,504835,2024-11-15,2367.16,2354.51,2347.16,7.36,0,Paid
9014506,504836,2025-12-27,12178.14,11879.09,11774.96,104.12,0,Paid
9014507,504836,2026-03-27,12548.6,12321.96,12214.67,107.29,0,Paid
9014508,504836,2026-06-25,11632.76,10707.5,10608.04,99.46,60,Late
9014509,504837,2024-01-30,5660.9,5800.6,5762.57,38.02,0,Paid
9014510,504837,2024-04-29,5735.64,5565.99,5527.47,38.52,0,Paid
9014511,504837,2024-07-28,5973.0,6009.45,5969.33,40.12,0,Paid
9014512,504838,2019-06-25,316.04,243.99,241.81,2.18,5,Late
9014513,504838,2019-09-23,315.34,237.68,235.5,2.17,5,Late
9014514,504838,2019-12-22,309.82,311.85,309.72,2.14,0,Paid
9014515,504839,2022-11-18,11720.59,11940.06,11862.6,77.45,0,Paid
9014516,504839,2023-02-16,11642.09,9266.87,9189.93,76.93,5,Late
9014517,504839,2023-05-17,11692.54,11778.17,11700.9,77.27,0,Paid
9014518,504840,2025-02-03,1688.51,1673.64,1657.9,15.75,0,Paid
9014519,504840,2025-05-04,1714.06,1682.4,1666.42,15.98,0,Paid
9014520,504840,2025-08-02,1579.28,1297.74,1283.01,14.73,30,Late
9014521,504841,2023-08-21,7470.86,7311.99,7258.76,53.23,0,Paid
9014522,504841,2023-11-19,7166.1,7049.86,6998.8,51.06,0,Paid
9014523,504841,2024-02-17,7426.14,6183.71,6130.79,52.91,10,Late
9014524,504842,2021-12-04,3739.58,3796.13,3753.94,42.19,0,Paid
9014525,504842,2022-03-04,3803.91,3807.27,3764.35,42.92,0,Paid
9014526,504842,2022-06-02,3616.92,3692.04,3651.23,40.81,15,Late
9014527,504843,2025-03-01,9279.63,9046.22,8961.24,84.99,60,Late
9014528,504843,2025-05-30,9966.41,9032.63,8941.35,91.28,15,Late
9014529,504843,2025-08-28,9379.94,9413.95,9328.05,85.9,45,Late
9014530,504844,2019-01-06,7134.03,6492.33,6408.27,84.06,5,Late
9014531,504844,2019-04-06,6663.62,5911.63,5833.11,78.52,90,Late
9014532,504844,2019-07-05,6670.22,6659.15,6580.55,78.6,0,Paid
9014533,504845,2023-06-22,13945.33,13989.95,13924.63,65.31,0,Paid
9014534,504845,2023-09-20,14456.53,13275.64,13207.93,67.7,15,Late
9014535,504845,2023-12-19,15240.85,15371.77,15300.39,71.38,0,Paid
9014536,504846,2023-12-16,1951.99,1788.63,1768.18,20.45,15,Late
9014537,504846,2024-03-15,2057.85,2095.8,2074.24,21.56,0,Paid
9014538,504846,2024-06-13,2098.42,2084.99,2063.01,21.98,0,Paid
9014539,504847,2024-10-06,15360.19,15448.88,15335.09,113.79,0,Paid
9014540,504847,2025-01-04,15362.21,15194.94,15081.13,113.81,60,Late
9014541,504847,2025-04-04,14494.71,14664.38,14557.0,107.38,10,Late
9014542,504848,2020-12-18,12812.95,10575.45,10492.59,82.86,10,Late
9014543,504848,2021-03-18,12123.24,12391.79,12313.39,78.4,45,Late
9014544,504848,2021-06-16,12235.65,11920.62,11841.5,79.12,10,Late
9014545,504849,2024-05-22,2448.97,2510.61,2497.28,13.33,90,Late
9014546,504849,2024-08-20,2542.5,2321.06,2307.23,13.84,45,Late
9014547,504849,2024-11-18,2549.76,2175.03,2161.15,13.87,60,Late
9014548,504850,2025-03-29,729.65,738.52,736.04,2.49,0,Paid
9014549,504850,2025-06-27,740.97,757.9,755.37,2.53,0,Paid
9014550,504850,2025-09-25,716.7,721.21,718.77,2.44,0,Paid
9014551,504851,2024-02-27,4870.11,4953.24,4926.53,26.7,0,Paid
9014552,504851,2024-05-27,4840.64,4949.41,4922.86,26.54,0,Paid
9014553,504851,2024-08-25,4821.3,4920.45,4894.01,26.44,0,Paid
9014554,504852,2019-04-30,15337.27,13145.74,13092.19,53.55,15,Late
9014555,504852,2019-07-29,15038.12,14885.11,14832.6,52.51,0,Paid
9014556,504852,2019-10-27,15386.18,15400.04,15346.32,53.72,0,Paid
9014557,504853,2025-11-12,903.0,896.29,890.58,5.71,45,Late
9014558,504853,2026-02-10,893.57,900.45,894.8,5.65,0,Paid
9014559,504853,2026-05-11,907.36,696.81,691.07,5.74,45,Late
9014560,504854,2023-07-22,1963.9,1952.85,1937.63,15.22,45,Late
9014561,504854,2023-10-20,1934.41,1901.18,1886.19,14.99,0,Paid
9014562,504854,2024-01-18,1909.16,1886.28,1871.49,14.8,0,Paid
9014563,504855,2021-09-27,1038.5,1052.23,1044.12,8.12,0,Paid
9014564,504855,2021-12-26,1010.19,1021.99,1014.1,7.9,0,Paid
9014565,504855,2022-03-26,946.82,970.44,963.03,7.4,0,Paid
9014566,504856,2021-11-25,621.37,562.2,554.89,7.31,90,Late
9014567,504856,2022-02-23,607.09,610.85,603.71,7.14,30,Late
9014568,504856,2022-05-24,621.11,636.47,629.16,7.31,0,Paid
9014569,504857,2025-01-20,1963.64,1669.31,1648.43,20.88,30,Late
9014570,504857,2025-04-20,2036.42,1977.44,1955.79,21.65,0,Paid
9014571,504857,2025-07-19,2118.61,1909.17,1886.64,22.53,5,Late
9014572,504858,2024-09-21,3214.36,3213.75,3202.37,11.38,0,Paid
9014573,504858,2024-12-20,3240.92,3300.63,3289.15,11.48,0,Paid
9014574,504858,2025-03-20,3459.95,3527.24,3514.99,12.25,0,Paid
9014575,504859,2020-01-15,5604.51,5077.51,5059.39,18.12,5,Late
9014576,504859,2020-04-14,6028.55,6053.06,6033.57,19.49,0,Paid
9014577,504859,2020-07-13,5575.19,5043.96,5025.93,18.03,5,Late
9014578,504860,2025-07-06,12796.41,11965.36,11885.6,79.76,45,Late
9014579,504860,2025-10-04,13988.11,14070.93,13983.74,87.19,0,Paid
9014580,504860,2026-01-02,13952.99,13570.9,13483.92,86.97,0,Paid
9014581,504861,2023-11-25,11277.26,8607.97,8552.8,55.16,5,Late
9014582,504861,2024-02-23,11032.77,10878.75,10824.78,53.97,0,Paid
9014583,504861,2024-05-23,10970.9,11045.58,10991.91,53.67,0,Paid
9014584,504862,2020-08-03,745.24,746.04,737.7,8.34,0,Paid
9014585,504862,2020-11-01,717.08,680.64,672.62,8.03,5,Late
9014586,504862,2021-01-30,766.43,779.56,770.99,8.58,5,Late
9014587,504863,2024-10-29,11809.72,12052.39,11970.81,81.59,5,Late
9014588,504863,2025-01-27,12509.1,10196.0,10109.58,86.42,10,Late
9014589,504863,2025-04-27,11964.46,12209.75,12127.09,82.65,0,Paid
9014590,504864,2024-12-06,1266.83,1302.84,1296.14,6.7,0,Paid
9014591,504864,2025-03-06,1236.29,1200.89,1194.35,6.54,0,Paid
9014592,504864,2025-06-04,1195.18,1091.91,1085.59,6.32,90,Late
9014593,504865,2025-01-30,14364.94,13986.42,13867.07,119.35,0,Paid
9014594,504865,2025-04-30,14927.17,13850.25,13726.23,124.02,10,Late
9014595,504865,2025-07-29,15640.57,15952.72,15822.77,129.95,0,Paid
9014596,504866,2020-10-13,1078.49,1061.23,1050.52,10.7,0,Paid
9014597,504866,2021-01-11,1083.95,1075.11,1064.36,10.76,0,Paid
9014598,504866,2021-04-11,1096.07,1089.0,1078.12,10.88,0,Paid
9014599,504867,2025-01-04,2360.31,2312.41,2285.78,26.63,0,Paid
9014600,504867,2025-04-04,2358.8,2412.7,2386.08,26.62,0,Paid
9014601,504867,2025-07-03,2489.26,2478.89,2450.8,28.09,0,Paid
9014602,504868,2022-06-24,14801.64,15086.97,14910.95,176.02,0,Paid
9014603,504868,2022-09-22,15328.71,15043.3,14861.02,182.28,0,Paid
9014604,504868,2022-12-21,14927.07,11676.11,11498.6,177.51,45,Late
9014605,504869,2020-03-12,15238.48,15634.95,15564.22,70.73,0,Paid
9014606,504869,2020-06-10,14733.14,13140.01,13071.63,68.39,45,Late
9014607,504869,2020-09-08,15647.42,15304.69,15232.06,72.63,0,Paid
9014608,504870,2020-04-10,2321.14,2307.36,2290.95,16.4,0,Paid
9014609,504870,2020-07-09,2408.34,1869.39,1852.37,17.02,30,Late
9014610,504870,2020-10-07,2552.01,2615.62,2597.58,18.03,0,Paid
9014611,504871,2024-12-05,676.66,510.39,503.62,6.77,45,Late
9014612,504871,2025-03-05,682.63,639.26,632.44,6.83,45,Late
9014613,504871,2025-06-03,694.23,663.1,656.16,6.94,120,Late
9014614,504872,2023-10-23,496.82,506.68,504.0,2.68,0,Paid
9014615,504872,2024-01-21,480.89,411.49,408.89,2.6,5,Late
9014616,504872,2024-04-20,504.92,510.02,507.3,2.73,0,Paid
9014617,504873,2020-07-27,15648.52,15469.14,15303.92,165.22,90,Late
9014618,504873,2020-10-25,14459.52,14021.04,13868.37,152.67,60,Late
9014619,504873,2021-01-23,15705.63,12258.45,12092.63,165.83,90,Late
9014620,504874,2025-09-03,14653.8,14220.06,14154.49,65.58,0,Paid
9014621,504874,2025-12-02,15577.13,12133.35,12063.64,69.71,5,Late
9014622,504874,2026-03-02,14452.02,11391.38,11326.71,64.67,60,Late
9014623,504875,2020-05-24,6342.42,6321.86,6290.05,31.82,0,Paid
9014624,504875,2020-08-22,6392.03,6330.98,6298.92,32.07,0,Paid
9014625,504875,2020-11-20,6395.17,6209.41,6177.32,32.08,0,Paid
9014626,504876,2023-07-19,5545.37,5155.35,5117.31,38.03,5,Late
9014627,504876,2023-10-17,5614.41,5698.29,5659.79,38.51,0,Paid
9014628,504876,2024-01-15,5585.25,5427.76,5389.45,38.31,0,Paid
9014629,504877,2020-12-03,11627.52,11628.06,11589.98,38.08,0,Paid
9014630,504877,2021-03-03,11892.94,12163.1,12124.15,38.95,0,Paid
9014631,504877,2021-06-01,11612.44,11276.44,11238.41,38.03,0,Paid
9014632,504878,2021-03-10,6896.14,6123.36,6091.58,31.78,45,Late
9014633,504878,2021-06-08,6597.1,5439.81,5409.4,30.4,10,Late
9014634,504878,2021-09-06,7026.43,6876.44,6844.06,32.38,0,Paid
9014635,504879,2023-02-21,15594.65,15733.04,15546.68,186.36,0,Paid
9014636,504879,2023-05-22,14423.62,12931.94,12759.57,172.36,15,Late
9014637,504879,2023-08-20,14817.22,14957.17,14780.11,177.07,60,Late
9014638,504880,2019-11-13,7699.15,7892.68,7861.37,31.31,0,Paid
9014639,504880,2020-02-11,7249.93,7373.66,7344.18,29.48,0,Paid
9014640,504880,2020-05-11,7342.84,7544.2,7514.34,29.86,0,Paid
9014641,504881,2022-10-15,2383.59,2354.44,2342.31,12.14,0,Paid
9014642,504881,2023-01-13,2409.8,2352.04,2339.77,12.27,0,Paid
9014643,504881,2023-04-13,2549.62,2503.22,2490.24,12.98,0,Paid
9014644,504882,2019-10-15,5238.15,4638.9,4576.65,62.25,90,Late
9014645,504882,2020-01-13,5438.77,4633.22,4568.59,64.63,90,Late
9014646,504882,2020-04-12,5468.22,5616.61,5551.63,64.98,0,Paid
9014647,504883,2020-03-25,782.93,804.32,798.66,5.66,0,Paid
9014648,504883,2020-06-23,749.75,751.16,745.74,5.42,0,Paid
9014649,504883,2020-09-21,740.35,700.77,695.41,5.36,90,Late
9014650,504884,2023-02-13,1852.59,1803.36,1792.57,10.79,15,Late
9014651,504884,2023-05-14,1878.38,1922.21,1911.27,10.94,10,Late
9014652,504884,2023-08-12,1934.45,1947.81,1936.54,11.27,0,Paid
9014653,504885,2022-07-15,7067.7,6951.92,6917.46,34.46,0,Paid
9014654,504885,2022-10-13,7005.53,6541.31,6507.16,34.15,5,Late
9014655,504885,2023-01-11,6676.09,6532.55,6500.0,32.55,0,Paid
9014656,504886,2020-05-13,11035.51,11244.68,11208.63,36.05,30,Late
9014657,504886,2020-08-11,11075.43,11204.01,11167.83,36.18,0,Paid
9014658,504886,2020-11-09,10758.69,10758.35,10723.21,35.15,0,Paid
9014659,504887,2023-09-07,1559.54,1200.73,1186.09,14.63,60,Late
9014660,504887,2023-12-06,1577.23,1243.57,1228.77,14.8,90,Late
9014661,504887,2024-03-05,1553.97,1322.94,1308.36,14.58,90,Late
9014662,504888,2025-09-03,13138.49,11012.94,10949.22,63.72,60,Late
9014663,504888,2025-12-02,12249.26,10180.89,10121.48,59.41,60,Late
9014664,504888,2026-03-02,12201.23,9245.45,9186.27,59.18,120,Late
9014665,504889,2024-01-20,15728.22,16148.8,16031.89,116.91,0,Paid
9014666,504889,2024-04-19,14345.6,13915.35,13808.71,106.64,0,Paid
9014667,504889,2024-07-18,15502.11,15730.01,15614.77,115.23,0,Paid
9014668,504890,2025-06-09,1461.62,1471.74,1463.68,8.06,0,Paid
9014669,504890,2025-09-07,1445.11,1466.58,1458.61,7.97,0,Paid
9014670,504890,2025-12-06,1538.3,1546.14,1537.65,8.49,0,Paid
9014671,504891,2022-06-06,1206.17,1241.35,1226.93,14.41,60,Late
9014672,504891,2022-09-04,1174.7,1055.56,1041.52,14.04,45,Late
9014673,504891,2022-12-03,1182.31,1057.85,1043.72,14.13,15,Late
9014674,504892,2022-09-30,15492.49,15201.84,15137.03,64.81,0,Paid
9014675,504892,2022-12-29,15353.53,13947.12,13882.89,64.23,45,Late
9014676,504892,2023-03-29,14600.14,14395.24,14334.17,61.08,0,Paid
9014677,504893,2022-10-03,1296.48,1264.58,1257.97,6.61,60,Late
9014678,504893,2023-01-01,1349.41,1271.83,1264.95,6.88,15,Late
9014679,504893,2023-04-01,1278.25,1020.22,1013.7,6.52,45,Late
9014680,504894,2025-03-24,2027.52,1623.96,1610.73,13.23,15,Late
9014681,504894,2025-06-22,1984.92,1591.76,1578.81,12.95,10,Late
9014682,504894,2025-09-20,2097.75,2113.82,2100.14,13.69,0,Paid
9014683,504895,2023-03-25,956.0,931.19,921.79,9.4,15,Late
9014684,504895,2023-06-23,995.71,779.08,769.29,9.79,45,Late
9014685,504895,2023-09-21,969.63,891.11,881.57,9.53,45,Late
9014686,504896,2022-11-09,4736.79,4237.02,4199.72,37.3,90,Late
9014687,504896,2023-02-07,4629.19,4425.32,4388.86,36.45,45,Late
9014688,504896,2023-05-08,4905.82,3966.81,3928.17,38.63,45,Late
9014689,504897,2024-12-09,1470.0,1182.24,1169.17,13.07,15,Late
9014690,504897,2025-03-09,1613.15,1596.23,1581.89,14.34,0,Paid
9014691,504897,2025-06-07,1609.84,1571.04,1556.73,14.31,0,Paid
9014692,504898,2025-05-20,691.98,702.55,695.93,6.62,0,Paid
9014693,504898,2025-08-18,677.74,688.79,682.3,6.48,0,Paid
9014694,504898,2025-11-16,716.61,733.11,726.25,6.86,0,Paid
9014695,504899,2019-07-03,9567.66,9767.36,9703.5,63.86,0,Paid
9014696,504899,2019-10-01,9059.94,6818.33,6757.85,60.48,10,Late
9014697,504899,2019-12-30,9331.59,9311.92,9249.63,62.29,0,Paid
9014698,504900,2019-05-07,927.01,835.47,825.14,10.34,10,Late
9014699,504900,2019-08-05,928.31,920.85,910.5,10.35,0,Paid
9014700,504900,2019-11-03,874.72,668.43,658.68,9.75,5,Late
9014701,504901,2019-06-25,14300.53,12705.64,12646.42,59.23,30,Late
9014702,504901,2019-09-23,15618.97,12207.92,12143.23,64.69,15,Late
9014703,504901,2019-12-22,14520.42,14004.12,13943.98,60.14,45,Late
9014704,504902,2023-05-31,2510.66,2540.25,2531.84,8.41,0,Paid
9014705,504902,2023-08-29,2371.64,2395.8,2387.85,7.94,0,Paid
9014706,504902,2023-11-27,2560.99,2608.96,2600.38,8.58,0,Paid
9014707,504903,2023-12-23,1122.21,894.47,884.16,10.32,30,Late
9014708,504903,2024-03-22,1095.72,964.38,954.31,10.07,45,Late
9014709,504903,2024-06-20,1083.5,1008.64,998.68,9.96,60,Late
9014710,504904,2019-06-21,2305.09,2251.28,2232.71,18.58,0,Paid
9014711,504904,2019-09-19,2290.06,2234.9,2216.45,18.45,0,Paid
9014712,504904,2019-12-18,2322.34,2266.26,2247.54,18.71,0,Paid
9014713,504905,2019-01-19,2189.58,2139.7,2118.71,20.98,0,Paid
9014714,504905,2019-04-19,2413.1,2139.35,2116.22,23.13,5,Late
9014715,504905,2019-07-18,2403.61,2142.85,2119.82,23.03,90,Late
9014716,504906,2021-01-09,14503.76,14577.29,14523.74,53.54,0,Paid
9014717,504906,2021-04-09,14506.46,14419.76,14366.21,53.55,0,Paid
9014718,504906,2021-07-08,14740.84,14774.69,14720.27,54.42,0,Paid
9014719,504907,2024-05-23,14353.75,11491.2,11318.24,172.96,45,Late
9014720,504907,2024-08-21,14451.41,12000.32,11826.18,174.14,60,Late
9014721,504907,2024-11-19,14788.32,12332.04,12153.84,178.2,45,Late
9014722,504908,2024-07-23,499.77,507.16,505.59,1.57,0,Paid
9014723,504908,2024-10-21,492.24,487.75,486.2,1.55,0,Paid
9014724,504908,2025-01-19,526.96,527.39,525.73,1.66,0,Paid
9014725,504909,2019-07-15,1806.03,1770.63,1764.51,6.13,0,Paid
9014726,504909,2019-10-13,1928.57,1978.75,1972.21,6.54,0,Paid
9014727,504909,2020-01-11,1787.02,1616.55,1610.48,6.06,10,Late
9014728,504910,2023-05-31,1138.21,1133.44,1126.36,7.09,0,Paid
9014729,504910,2023-08-29,1079.63,1109.24,1102.52,6.72,0,Paid
9014730,504910,2023-11-27,1113.36,1076.3,1069.37,6.93,10,Late
9014731,504911,2025-03-11,4612.49,4712.43,4698.28,14.14,0,Paid
9014732,504911,2025-06-09,4475.55,4149.85,4136.12,13.73,10,Late
9014733,504911,2025-09-07,4495.23,4487.77,4473.99,13.79,30,Late
9014734,504912,2023-03-15,14699.33,12437.17,12332.8,104.37,45,Late
9014735,504912,2023-06-13,14651.55,14977.6,14873.58,104.03,0,Paid
9014736,504912,2023-09-11,15357.0,12001.24,11892.2,109.03,60,Late
9014737,504913,2024-07-17,1362.17,1329.85,1313.66,16.19,0,Paid
9014738,504913,2024-10-15,1341.94,1379.35,1363.4,15.95,0,Paid
9014739,504913,2025-01-13,1311.63,1097.61,1082.02,15.59,60,Late
9014740,504914,2020-01-11,13264.57,13557.74,13481.25,76.49,0,Paid
9014741,504914,2020-04-10,12964.61,12770.36,12695.59,74.76,0,Paid
9014742,504914,2020-07-09,13827.8,12482.75,12403.01,79.74,10,Late
9014743,504915,2022-01-26,4411.73,4415.92,4366.58,49.34,0,Paid
9014744,504915,2022-04-26,4360.24,3458.13,3409.37,48.76,5,Late
9014745,504915,2022-07-25,4649.95,4618.2,4566.2,52.0,0,Paid
9014746,504916,2021-11-04,14612.69,14791.07,14620.47,170.6,0,Paid
9014747,504916,2022-02-02,15100.65,15496.99,15320.69,176.3,0,Paid
9014748,504916,2022-05-03,15243.44,15441.28,15263.32,177.97,0,Paid
9014749,504917,2025-03-12,2014.44,1975.93,1954.08,21.86,0,Paid
9014750,504917,2025-06-10,2081.23,2038.53,2015.95,22.58,0,Paid
9014751,504917,2025-09-08,2009.16,1610.57,1588.77,21.8,5,Late
9014752,504918,2023-03-31,2048.59,2099.07,2093.05,6.03,0,Paid
9014753,504918,2023-06-29,2071.84,2126.23,2120.13,6.09,0,Paid
9014754,504918,2023-09-27,2038.05,2069.88,2063.88,6.0,0,Paid
9014755,504919,2019-05-06,1022.6,916.44,911.22,5.22,60,Late
9014756,504919,2019-08-04,1110.45,844.25,838.58,5.67,30,Late
9014757,504919,2019-11-02,1072.6,981.43,975.95,5.48,60,Late
9014758,504920,2020-02-23,6782.17,6527.94,6467.35,60.59,10,Late
9014759,504920,2020-05-23,6795.87,6281.77,6221.06,60.71,15,Late
9014760,504920,2020-08-21,7053.82,7232.35,7169.34,63.01,0,Paid
9014761,504921,2024-01-09,1344.72,1297.35,1284.34,13.01,30,Late
9014762,504921,2024-04-08,1440.88,1478.84,1464.9,13.94,0,Paid
9014763,504921,2024-07-07,1463.0,1239.63,1225.48,14.15,60,Late
9014764,504922,2023-03-26,13450.18,13245.55,13193.88,51.67,0,Paid
9014765,504922,2023-06-24,13133.99,10189.6,10139.15,50.46,30,Late
9014766,504922,2023-09-22,13265.92,10262.4,10211.43,50.96,10,Late
9014767,504923,2019-04-16,1608.66,1488.65,1472.2,16.45,45,Late
9014768,504923,2019-07-15,1700.18,1661.45,1644.07,17.38,90,Late
9014769,504923,2019-10-13,1643.45,1261.86,1245.05,16.8,90,Late
9014770,504924,2025-04-23,15327.75,15096.95,14922.47,174.48,0,Paid
9014771,504924,2025-07-22,14786.33,14504.76,14336.44,168.32,0,Paid
9014772,504924,2025-10-20,14341.95,14268.24,14104.98,163.26,0,Paid
9014773,504925,2022-01-22,13390.35,13212.7,13058.82,153.88,0,Paid
9014774,504925,2022-04-22,13285.96,13287.73,13135.05,152.68,0,Paid
9014775,504925,2022-07-21,13551.07,13899.61,13743.89,155.72,0,Paid
9014776,504926,2020-02-16,183.05,181.08,179.41,1.67,0,Paid
9014777,504926,2020-05-16,190.46,191.3,189.56,1.74,0,Paid
9014778,504926,2020-08-14,191.05,163.63,161.88,1.75,10,Late
9014779,504927,2025-09-09,3863.01,3403.71,3372.35,31.35,10,Late
9014780,504927,2025-12-08,4040.01,3313.72,3280.93,32.79,15,Late
9014781,504927,2026-03-08,4047.29,3194.81,3161.96,32.85,5,Late
9014782,504928,2025-01-26,11322.31,10434.95,10361.45,73.5,30,Late
9014783,504928,2025-04-26,10782.42,8135.09,8065.1,70.0,15,Late
9014784,504928,2025-07-25,11236.55,10795.34,10722.39,72.94,5,Late
9014785,504929,2025-11-14,13776.05,12718.5,12639.75,78.75,15,Late
9014786,504929,2026-02-12,13622.09,13604.27,13526.4,77.87,0,Paid
9014787,504929,2026-05-13,14153.11,12333.24,12252.33,80.91,5,Late
9014788,504930,2020-08-02,8083.3,8117.18,8053.99,63.18,0,Paid
9014789,504930,2020-10-31,8217.46,8394.9,8330.67,64.23,0,Paid
9014790,504930,2021-01-29,7779.31,7767.09,7706.28,60.81,0,Paid
9014791,504931,2025-04-03,1941.04,1596.01,1576.65,19.36,30,Late
9014792,504931,2025-07-02,1869.91,1850.72,1832.07,18.65,0,Paid
9014793,504931,2025-09-30,2001.84,1976.62,1956.66,19.97,0,Paid
9014794,504932,2021-05-04,10324.23,8514.72,8483.57,31.14,5,Late
9014795,504932,2021-08-02,11024.82,11311.18,11277.92,33.26,0,Paid
9014796,504932,2021-10-31,10844.78,10964.96,10932.24,32.72,0,Paid
9014797,504933,2023-06-15,370.98,340.31,338.27,2.04,5,Late
9014798,504933,2023-09-13,367.52,360.21,358.19,2.02,0,Paid
9014799,504933,2023-12-12,350.51,359.26,357.34,1.93,0,Paid
9014800,504934,2025-02-18,3800.5,3279.24,3245.99,33.25,10,Late
9014801,504934,2025-05-19,3822.82,2884.42,2850.97,33.45,30,Late
9014802,504934,2025-08-17,3941.09,3861.62,3827.13,34.48,0,Paid
9014803,504935,2019-04-13,691.03,696.06,693.99,2.07,0,Paid
9014804,504935,2019-07-12,700.06,702.85,700.75,2.1,0,Paid
9014805,504935,2019-10-10,730.89,722.17,719.98,2.19,0,Paid
9014806,504936,2024-08-25,6784.34,6872.38,6842.92,29.46,0,Paid
9014807,504936,2024-11-23,6456.03,6620.85,6592.82,28.03,0,Paid
9014808,504936,2025-02-21,6659.03,6858.74,6829.83,28.91,0,Paid
9014809,504937,2019-12-12,4170.61,4262.76,4223.39,39.38,0,Paid
9014810,504937,2020-03-11,4215.66,4212.41,4172.61,39.8,0,Paid
9014811,504937,2020-06-09,4124.56,4059.41,4020.47,38.94,0,Paid
9014812,504938,2020-06-19,11896.55,11600.24,11503.68,96.56,15,Late
9014813,504938,2020-09-17,10940.57,10812.5,10723.7,88.8,0,Paid
9014814,504938,2020-12-16,11461.92,11637.67,11544.63,93.03,0,Paid
9014815,504939,2025-05-12,14338.59,14635.09,14473.66,161.43,0,Paid
9014816,504939,2025-08-10,14826.86,15123.76,14956.83,166.93,0,Paid
9014817,504939,2025-11-08,14280.52,14560.72,14399.94,160.77,0,Paid
9014818,504940,2024-10-28,1130.01,1157.1,1149.06,8.04,0,Paid
9014819,504940,2025-01-26,1142.2,1018.99,1010.86,8.13,30,Late
9014820,504940,2025-04-26,1137.13,1014.75,1006.65,8.09,5,Late
9014821,504941,2021-12-04,8211.23,8186.84,8144.42,42.42,5,Late
9014822,504941,2022-03-04,8486.14,7043.59,6999.75,43.85,30,Late
9014823,504941,2022-06-02,8525.77,6599.5,6555.46,44.05,10,Late
9014824,504942,2022-10-02,1885.78,1934.69,1928.25,6.44,0,Paid
9014825,504942,2022-12-31,1865.88,1883.83,1877.45,6.38,0,Paid
9014826,504942,2023-03-31,1897.14,1840.37,1833.88,6.48,0,Paid
9014827,504943,2022-10-18,1567.45,1593.0,1586.35,6.65,0,Paid
9014828,504943,2023-01-16,1447.69,1421.93,1415.79,6.14,0,Paid
9014829,504943,2023-04-16,1439.28,1161.83,1155.73,6.1,10,Late
9014830,504944,2025-04-04,9044.02,9071.6,9000.45,71.15,0,Paid
9014831,504944,2025-07-03,9205.0,9353.04,9280.63,72.41,0,Paid
9014832,504944,2025-10-01,8954.96,8892.12,8821.67,70.45,0,Paid
9014833,504945,2021-10-09,6245.97,6099.57,6063.76,35.81,0,Paid
9014834,504945,2022-01-07,6539.18,6514.0,6476.51,37.49,0,Paid
9014835,504945,2022-04-07,6569.79,6566.6,6528.94,37.67,0,Paid
9014836,504946,2025-05-28,3653.04,3606.76,3573.0,33.76,0,Paid
9014837,504946,2025-08-26,3582.71,3650.58,3617.47,33.11,0,Paid
9014838,504946,2025-11-24,3474.89,3566.91,3534.8,32.11,0,Paid
9014839,504947,2019-12-24,15163.43,15582.09,15434.12,147.97,0,Paid
9014840,504947,2020-03-23,14358.02,12937.46,12797.35,140.11,30,Late
9014841,504947,2020-06-21,14691.03,15035.79,14892.43,143.36,0,Paid
9014842,504948,2023-04-28,4262.24,4181.02,4132.64,48.38,0,Paid
9014843,504948,2023-07-27,4126.07,4108.57,4061.74,46.83,15,Late
9014844,504948,2023-10-25,4465.69,3449.33,3398.64,50.69,90,Late
9014845,504949,2023-06-09,14329.87,14271.92,14146.78,125.15,0,Paid
9014846,504949,2023-09-07,15561.63,16005.15,15869.25,135.9,0,Paid
9014847,504949,2023-12-06,15539.18,15250.64,15114.94,135.71,0,Paid
9014848,504950,2021-06-25,10006.28,7646.26,7535.69,110.57,30,Late
9014849,504950,2021-09-23,10183.18,9487.28,9374.75,112.52,30,Late
9014850,504950,2021-12-22,9783.39,7578.52,7470.41,108.11,45,Late
9014851,504951,2021-12-15,14935.53,14751.65,14581.26,170.39,0,Paid
9014852,504951,2022-03-15,14757.17,13427.01,13258.65,168.35,45,Late
9014853,504951,2022-06-13,15230.66,15227.54,15053.78,173.76,0,Paid
9014854,504952,2019-01-08,14131.55,13944.31,13884.61,59.71,0,Paid
9014855,504952,2019-04-08,14021.1,13622.71,13563.47,59.24,0,Paid
9014856,504952,2019-07-07,13401.09,13214.35,13157.73,56.62,0,Paid
9014857,504953,2020-01-12,14635.02,14925.84,14757.54,168.3,0,Paid
9014858,504953,2020-04-11,15577.31,15711.27,15532.13,179.14,0,Paid
9014859,504953,2020-07-10,14756.62,14648.22,14478.52,169.7,0,Paid
9014860,504954,2020-03-17,1559.1,1556.98,1539.04,17.94,0,Paid
9014861,504954,2020-06-15,1564.17,1559.68,1541.68,18.0,0,Paid
9014862,504954,2020-09-13,1533.11,1489.41,1471.77,17.64,0,Paid
9014863,504955,2025-12-30,1957.91,1915.66,1905.0,10.65,0,Paid
9014864,504955,2026-03-30,2048.25,2095.04,2083.89,11.15,0,Paid
9014865,504955,2026-06-28,2077.25,2104.36,2093.06,11.3,0,Paid
9014866,504956,2022-08-12,9693.23,7299.96,7203.43,96.53,45,Late
9014867,504956,2022-11-10,10145.3,10317.07,10216.04,101.03,0,Paid
9014868,504956,2023-02-08,9660.2,9692.81,9596.61,96.2,0,Paid
9014869,504957,2019-04-11,238.42,228.31,227.62,0.7,90,Late
9014870,504957,2019-07-10,228.87,211.22,210.55,0.67,15,Late
9014871,504957,2019-10-08,223.36,227.67,227.02,0.65,0,Paid
9014872,504958,2019-02-19,15596.53,15037.96,14862.63,175.33,15,Late
9014873,504958,2019-05-20,15314.33,13786.65,13614.49,172.16,5,Late
9014874,504958,2019-08-18,14620.5,14734.38,14570.02,164.36,0,Paid
9014875,504959,2022-03-24,10219.09,8255.03,8144.06,110.96,5,Late
9014876,504959,2022-06-22,11092.72,11344.29,11223.84,120.45,0,Paid
9014877,504959,2022-09-20,11140.93,10902.54,10781.57,120.97,0,Paid
9014878,504960,2021-02-16,15000.7,14575.48,14450.09,125.38,0,Paid
9014879,504960,2021-05-17,14836.31,14753.75,14629.75,124.01,0,Paid
9014880,504960,2021-08-15,15744.56,15543.69,15412.1,131.6,0,Paid
9014881,504961,2023-12-13,7805.11,7811.69,7766.42,45.27,0,Paid
9014882,504961,2024-03-12,7802.74,5912.8,5867.54,45.26,45,Late
9014883,504961,2024-06-10,7621.61,7497.68,7453.48,44.21,0,Paid
9014884,504962,2025-12-03,15077.41,14667.24,14560.57,106.67,0,Paid
9014885,504962,2026-03-03,14897.41,14589.86,14484.46,105.4,0,Paid
9014886,504962,2026-06-01,15545.6,15306.33,15196.35,109.99,90,Late
9014887,504963,2023-03-15,2416.53,2483.07,2459.45,23.62,0,Paid
9014888,504963,2023-06-13,2245.59,2275.72,2253.77,21.95,0,Paid
9014889,504963,2023-09-11,2332.39,2327.47,2304.67,22.8,0,Paid
9014890,504964,2022-02-02,5319.68,5391.9,5359.4,32.49,0,Paid
9014891,504964,2022-05-03,5170.66,4433.82,4402.23,31.58,10,Late
9014892,504964,2022-08-01,5592.81,5668.28,5634.11,34.16,5,Late
9014893,504965,2023-02-03,8359.7,8195.5,8102.43,93.07,0,Paid
9014894,504965,2023-05-04,9085.08,8973.7,8872.55,101.15,0,Paid
9014895,504965,2023-08-02,8324.51,7733.61,7640.93,92.68,10,Late
9014896,504966,2021-05-24,774.44,770.43,763.9,6.52,0,Paid
9014897,504966,2021-08-22,807.37,804.89,798.09,6.8,0,Paid
9014898,504966,2021-11-20,769.42,731.62,725.14,6.48,90,Late
9014899,504967,2024-03-29,1285.91,1087.13,1072.25,14.88,45,Late
9014900,504967,2024-06-27,1365.89,1359.09,1343.28,15.81,0,Paid
9014901,504967,2024-09-25,1286.67,1296.68,1281.79,14.89,0,Paid
9014902,504968,2021-10-03,10107.31,10336.48,10236.5,99.98,0,Paid
9014903,504968,2022-01-01,9513.78,9457.44,9363.33,94.11,0,Paid
9014904,504968,2022-04-01,10277.24,10329.52,10227.86,101.66,0,Paid
9014905,504969,2023-10-23,14426.68,14486.37,14401.25,85.12,0,Paid
9014906,504969,2024-01-21,15340.0,14969.58,14879.08,90.51,0,Paid
9014907,504969,2024-04-20,14829.78,15192.19,15104.69,87.5,0,Paid
9014908,504970,2022-12-22,1070.59,900.19,889.35,10.85,120,Late
9014909,504970,2023-03-22,1124.12,1103.18,1091.79,11.39,60,Late
9014910,504970,2023-06-20,1074.25,809.08,798.19,10.89,60,Late
9014911,504971,2025-01-25,15566.29,15380.38,15194.88,185.5,0,Paid
9014912,504971,2025-04-25,14952.48,15208.23,15030.05,178.18,60,Late
9014913,504971,2025-07-24,15587.53,15779.67,15593.92,185.75,0,Paid
9014914,504972,2024-01-24,9509.49,9442.21,9400.37,41.84,0,Paid
9014915,504972,2024-04-23,9751.09,9903.42,9860.52,42.9,0,Paid
9014916,504972,2024-07-22,9981.55,8557.8,8513.88,43.92,90,Late
9014917,504973,2021-01-05,1551.43,1257.78,1253.18,4.6,5,Late
9014918,504973,2021-04-05,1500.26,1510.94,1506.49,4.45,0,Paid
9014919,504973,2021-07-04,1579.77,1572.38,1567.69,4.69,0,Paid
9014920,504974,2022-04-05,14586.49,14318.43,14210.25,108.18,0,Paid
9014921,504974,2022-07-04,14309.23,14658.77,14552.64,106.13,0,Paid
9014922,504974,2022-10-02,14080.6,11743.8,11639.37,104.43,60,Late
9014923,504975,2020-05-24,1885.69,1891.92,1883.54,8.38,0,Paid
9014924,504975,2020-08-22,2009.1,1969.94,1961.02,8.92,0,Paid
9014925,504975,2020-11-20,1980.13,1957.86,1949.06,8.8,0,Paid
9014926,504976,2020-04-04,1649.96,1244.34,1229.19,15.15,15,Late
9014927,504976,2020-07-03,1625.58,1299.02,1284.09,14.93,45,Late
9014928,504976,2020-10-01,1615.22,1403.25,1388.41,14.83,60,Late
9014929,504977,2021-04-26,9257.92,7739.83,7632.36,107.47,90,Late
9014930,504977,2021-07-25,9634.0,8145.65,8033.81,111.83,15,Late
9014931,504977,2021-10-23,9186.39,9249.69,9143.05,106.64,0,Paid
9014932,504978,2025-05-20,13523.43,11207.82,11084.87,122.95,60,Late
9014933,504978,2025-08-18,12529.9,10830.27,10716.35,113.92,5,Late
9014934,504978,2025-11-16,12902.93,13113.28,12995.97,117.31,0,Paid
9014935,504979,2022-04-18,15312.49,15672.14,15618.93,53.21,0,Paid
9014936,504979,2022-07-17,15055.27,14742.7,14690.39,52.32,0,Paid
9014937,504979,2022-10-15,14424.88,14677.09,14626.96,50.13,0,Paid
9014938,504980,2022-10-05,577.26,583.68,578.69,4.98,0,Paid
9014939,504980,2023-01-03,577.55,545.05,540.06,4.99,15,Late
9014940,504980,2023-04-03,600.13,476.36,471.18,5.18,60,Late
9014941,504981,2021-09-27,2685.74,2717.66,2700.6,17.05,0,Paid
9014942,504981,2021-12-26,2747.98,2718.63,2701.18,17.45,0,Paid
9014943,504981,2022-03-26,2819.46,2869.86,2851.95,17.9,0,Paid
9014944,504982,2024-01-09,11819.67,9163.18,9057.78,105.39,5,Late
9014945,504982,2024-04-08,12349.57,12292.5,12182.39,110.12,90,Late
9014946,504982,2024-07-07,12645.21,12691.0,12578.25,112.75,0,Paid
9014947,504983,2023-05-21,15617.12,11917.44,11848.73,68.72,60,Late
9014948,504983,2023-08-19,14957.8,13060.31,12994.5,65.81,60,Late
9014949,504983,2023-11-17,15266.83,13883.1,13815.93,67.17,15,Late
9014950,504984,2025-02-03,2271.27,2035.63,2026.87,8.76,10,Late
9014951,504984,2025-05-04,2113.15,2149.59,2141.43,8.15,5,Late
9014952,504984,2025-08-02,2183.08,1768.53,1760.11,8.42,45,Late
9014953,504985,2022-10-14,15364.65,14637.24,14540.57,96.67,60,Late
9014954,504985,2023-01-12,15169.99,13083.61,12988.17,95.44,120,Late
9014955,504985,2023-04-12,15196.35,11479.85,11384.24,95.61,60,Late
9014956,504986,2021-11-21,6370.18,6335.73,6287.69,48.04,0,Paid
9014957,504986,2022-02-19,6373.39,6225.61,6177.55,48.07,0,Paid
9014958,504986,2022-05-20,6097.01,6193.56,6147.58,45.98,0,Paid
9014959,504987,2023-02-27,7408.8,7556.56,7534.4,22.16,0,Paid
9014960,504987,2023-05-28,7235.68,7337.48,7315.83,21.65,0,Paid
9014961,504987,2023-08-26,7501.97,7526.56,7504.11,22.44,10,Late
9014962,504988,2021-08-14,14367.61,14216.41,14123.02,93.39,0,Paid
9014963,504988,2021-11-12,15309.85,15510.24,15410.72,99.51,0,Paid
9014964,504988,2022-02-10,15004.62,15239.01,15141.48,97.53,0,Paid
9014965,504989,2022-08-25,14709.73,14322.62,14179.32,143.3,0,Paid
9014966,504989,2022-11-23,15725.44,15644.0,15490.81,153.19,0,Paid
9014967,504989,2023-02-21,14993.98,15403.04,15256.98,146.07,0,Paid
9014968,504990,2021-07-27,6832.78,6143.23,6080.88,62.35,120,Late
9014969,504990,2021-10-25,7153.56,6804.36,6739.08,65.28,60,Late
9014970,504990,2022-01-23,7099.26,6649.23,6584.45,64.78,60,Late
9014971,504991,2020-11-23,1258.73,1281.06,1277.02,4.04,0,Paid
9014972,504991,2021-02-21,1187.02,1198.87,1195.07,3.81,0,Paid
9014973,504991,2021-05-22,1159.94,991.43,987.71,3.72,60,Late
9014974,504992,2021-01-04,12765.52,12504.81,12377.05,127.76,15,Late
9014975,504992,2021-04-04,13779.72,12427.48,12289.57,137.91,15,Late
9014976,504992,2021-07-03,13046.15,11603.15,11472.58,130.57,60,Late
9014977,504993,2020-12-17,15570.06,12275.06,12194.35,80.7,90,Late
9014978,504993,2021-03-17,14262.82,11374.84,11300.91,73.93,90,Late
9014979,504993,2021-06-15,14604.28,12591.49,12515.79,75.7,120,Late
9014980,504994,2025-03-24,4229.6,3463.29,3424.8,38.49,5,Late
9014981,504994,2025-06-22,4041.53,3848.87,3812.09,36.78,5,Late
9014982,504994,2025-09-20,4420.18,4305.32,4265.09,40.22,0,Paid
9014983,504995,2024-10-19,2260.64,1941.63,1916.08,25.55,60,Late
9014984,504995,2025-01-17,2278.39,2068.9,2043.15,25.75,45,Late
9014985,504995,2025-04-17,2385.72,1847.39,1820.43,26.96,30,Late
9014986,504996,2023-06-11,9232.8,9484.19,9430.33,53.86,0,Paid
9014987,504996,2023-09-09,9791.1,10062.94,10005.83,57.11,0,Paid
9014988,504996,2023-12-08,9818.98,9138.31,9081.03,57.28,45,Late
9014989,504997,2025-09-21,1948.25,1990.62,1980.47,10.15,0,Paid
9014990,504997,2025-12-20,1991.28,2009.18,1998.81,10.37,0,Paid
9014991,504997,2026-03-20,1950.39,1979.33,1969.17,10.16,0,Paid
9014992,504998,2023-07-22,14665.31,14704.36,14589.61,114.76,0,Paid
9014993,504998,2023-10-20,14275.21,14091.43,13979.72,111.7,0,Paid
9014994,504998,2024-01-18,15616.06,15724.59,15602.39,122.2,0,Paid
9014995,504999,2024-05-10,1975.45,1555.47,1545.25,10.22,10,Late
9014996,504999,2024-08-08,1978.17,1968.38,1958.14,10.24,30,Late
9014997,504999,2024-11-06,1965.76,1694.73,1684.55,10.17,60,Late
9014998,505000,2020-10-25,1649.47,1589.09,1573.92,15.18,15,Late
9014999,505000,2021-01-23,1636.61,1334.36,1319.3,15.06,15,Late
9015000,505000,2021-04-23,1695.28,1323.28,1307.69,15.6,45,Late
